DBRep_DrawableShape

CASCADE Topology V1, (c) Matra-Datavision
Locations 7
1
              1               0               0               0 
              0               1               0               0 
              0               0               1               0 
1
0.422618261740699 0.90630778703665               0 -11.547634765186 
-0.90630778703665 0.422618261740699               0 -18.126155740733 
              0               0               1               0 
2  2 -1 0
1
              1               0               0             -20 
              0               1               0               0 
              0               0               1             2.3 
2  4 -1 0
1
              1               0               0               4 
              0               1               0               0 
              0               0               1            81.8 
2  6 -1 0
Curve2ds 78
8 0 1
7 0 0  2 3 2  1 -9.2999999999999993e-16  1 0.50000000000000111  1 1 
 0 3 1 3
8 0 1
7 0 0  2 3 2  -1.0000000000000001e-17 -9.2999999999999993e-16  8.0000000000000006e-17 0.50000000000000111  0 1 
 0 3 1 3
8 0 0.13364571648488935
7 0 0  2 3 2  0 1  0.066822858242445216 1.0000000000000013  0.13364571648488935 1 
 0 3 0.13364571648488935 3
8 0 0.13364571648488935
7 0 0  14 15 2  0 0  -6.9278e-13 -2.0195952773093975  1.2147204227192283 -4.0391913000924777  3.6441628210523618 -5.5476870595838133  6.9250194425328182 -6.0340391812071399  10.330743698266492 -5.1703958745632033  12.93063352927614 -2.9964836036648652  13.909440171484661 -8.8265389999999997e-11  12.930633529278936 2.9964836038261957  10.330743698262289 5.1703958744407057  6.925019442536577 6.0340391812831466  3.6441628210500916 5.5476870595465133  1.2147204227201733 4.0391913001060109  -9.2193000000000009e-13 2.0195952773064372  5.3300000000000002e-15 7.1100000000000008e-15 
 0 15 1 15
8 0 1
7 0 0  7 8 2  0.16571003982657326 0.98080537356709019  0.1600927611685421 0.98092650537307691  0.15476130505430774 0.98176201224760007  0.14972588886325866 0.98343187710452185  0.14500197020856831 0.98603247395476501  0.14064713284483332 0.98961020493152319  0.1367482043537791 0.99423574674119664  0.1336457164848891 0.99999999999999956 
 0 8 1 8
8 0 1
7 0 0  5 6 2  1.0000000000000002 0.17341748942623167  0.98868890221933725 0.17340170612526329  0.97737236414178597 0.17326678505961723  0.96608933468604619 0.17292393952213558  0.95485090701829733 0.17215891287663254  0.94367624262031091 0.16955490674130363 
 0 6 1 6
8 0 1
7 0 0  7 14 3  0.24385565616568522 1  0.23745147699111158 0.99827077438055767  0.23114261452781193 0.99648456332579372  0.22494240421701761 0.99465613239590311  0.21886374060204616 0.99280741057737032  0.21292367486580588 0.99097136087766557  0.20713083050432601 0.9891937983184107  0.19586705352379383 0.9858763914319324  0.19039542580718408 0.98433648441532895  0.18509464107509238 0.98297426676166266  0.17997256327409364 0.98186220784802047  0.17503269362995866 0.98108036532989573  0.17027653921648719 0.9807069364854184  0.16571003982657431 0.98080537356709185 
 0 8 0.5 6 1 8
8 0 1
7 0 0  6 7 2  0.090605987406484012 0.16955490674130375  0.075888479042783175 0.17085934327799635  0.06098297265416619 0.17199460731595195  0.045889872619682137 0.17289054796555092  0.03064837902331163 0.17323749272136979  0.015326201171230741 0.1734358362479469  -1.0000000000000001e-17 0.17341748942623181 
 0 7 1 7
8 0.24385565616568564 0.71766085691894688
7 0 0  2 3 2  0.24385565616568525 1  0.48075825654231508 1.0000000000000002  0.71766085691894699 1.0000000000000007 
 0.24385565616568564 3 0.71766085691894688 3
8 0.24385565616568564 0.71766085691894688
7 0 0  14 15 2  0 0  -6.9278e-13 -2.0195952773093975  1.2147204227192283 -4.0391913000924777  3.6441628210523618 -5.5476870595838133  6.9250194425328182 -6.0340391812071399  10.330743698266492 -5.1703958745632033  12.93063352927614 -2.9964836036648652  13.909440171484661 -8.8265389999999997e-11  12.930633529278936 2.9964836038261957  10.330743698262289 5.1703958744407057  6.925019442536577 6.0340391812831466  3.6441628210500916 5.5476870595465133  1.2147204227201733 4.0391913001060109  -9.2193000000000009e-13 2.0195952773064372  5.3300000000000002e-15 7.1100000000000008e-15 
 0 15 1 15
8 0 1
7 0 0  6 12 3  0.80870787739420114 0.99999999999999989  0.80331712704349911 0.99693849732483386  0.7973814732520168 0.99466872929724559  0.79099716867358438 0.99316525135873235  0.78418178930189697 0.99238137106613067  0.77694947567647432 0.99221808436982428  0.76166438176488782 0.99291016806262178  0.75361305565343173 0.99376544570463921  0.74516638064164908 0.99501826386085668  0.73633854099784912 0.99654005066940954  0.72715539919573757 0.9982275520480357  0.71766085691894943 1.0000000000000004 
 0 7 0.5 5 1 7
8 0 1
7 0 0  7 8 2  0.63242952077411396 0.16955490674130361  0.61584879559359251 0.1712496877887304  0.59903186544579512 0.17178699599287484  0.58198462818563712 0.17188788051907977  0.56464008868260862 0.17176588600523246  0.5471037683778377 0.17129428106329669  0.5294130755827382 0.17053625961457897  0.5116869612452114 0.16955490674130355 
 0 8 1 8
8 0.80870787739420125 1
7 0 0  2 3 2  0.80870787739420347 0.99999999999999956  0.90435393869711156 1.0000000000000087  1.0000000000000016 0.99999999999996547 
 0.80870787739420125 3 1 3
8 0.80870787739420125 1
7 0 0  14 15 2  0 0  -6.9278e-13 -2.0195952773093975  1.2147204227192283 -4.0391913000924777  3.6441628210523618 -5.5476870595838133  6.9250194425328182 -6.0340391812071399  10.330743698266492 -5.1703958745632033  12.93063352927614 -2.9964836036648652  13.909440171484661 -8.8265389999999997e-11  12.930633529278936 2.9964836038261957  10.330743698262289 5.1703958744407057  6.925019442536577 6.0340391812831466  3.6441628210500916 5.5476870595465133  1.2147204227201733 4.0391913001060109  -9.2193000000000009e-13 2.0195952773064372  5.3300000000000002e-15 7.1100000000000008e-15 
 0 15 1 15
8 0 1
7 0 0  2 3 2  -1.0000000000000001e-17 -9.2999999999999993e-16  0.49999999999999989 2.5999999999999998e-16  1.0000000000000011 9.8999999999999992e-16 
 0 3 1 3
8 0 1
7 0 0  14 15 2  0 0  -8.5798000000000005e-13 -3.5006318140028192  2.4728237176760537 -7.0012649201608834  7.4184743142913696 -9.615990903276824  14.097361008001528 -10.459001247430074  21.030442528631422 -8.9620195159009377  26.32307539886212 -5.1939049130328527  28.315646063401932 -1.3511147999999999e-10  26.323075398868856 5.1939049132796811  21.030442528621709 8.9620195157137914  14.097361008009802 10.459001247545874  7.4184743142865308 9.615990903220176  2.4728237176780077 7.0012649201813355  -1.34293e-12 3.5006318139983463  3.5500000000000001e-15 -5.3300000000000002e-15 
 0 15 1 15
8 0.053109824047883787 0.37241589136669978
7 0 0  6 137 28  3.0422562766791899 -4.2219567555224433  2.7519348544790816 -4.0865779969751319  2.4756258754351155 -3.9207272654470327  2.217710431301775 -3.7263822859706206  1.98127684058033 -3.5065880509681016  1.7686055328130053 -3.2648278673726754  1.4750817508276359 -2.8581334318347658  1.3770672145674787 -2.7053982187682237  1.2873222407610161 -2.5475320718301013  1.2059856435713847 -2.3851962688187349  1.1331202419479656 -2.2190306950250935  0.99731465647732342 -1.8617415175642318  0.93632915132438477 -1.6698749970826263  0.88578732684020522 -1.4748645302746244  0.84561782758485826 -1.2774820011936789  0.81569516353945382 -1.0784426589134579  0.78263290924146744 -0.74491331992726906  0.77389514732532305 -0.61098180291937254  0.76960473640583871 -0.47679928817428241  0.76971053115033783 -0.34255136254375529  0.77415747987143746 -0.20841449342206353  0.78888560618579717 0.01743489901560125  0.79690727227265867 0.10929407045183659  0.806932743037029 0.20096702644747744  0.81894278685074973 0.29240077410749521  0.83291782020809713 0.3835437867570608  0.88862795409812989 0.70129289634864911  0.9405671040193937 0.92610437017327651  1.0043477232157851 1.1480097416349349  1.0796510870734615 1.3662653265740374  1.1661528900614258 1.5801525277476678  1.360904756256172 1.9977992529639845  1.46914957079807 2.2015475212411948  1.5879389794525132 2.3995252303720607  1.7169309644331676 2.5910220424500974  1.8557607028498477 2.7753157692748234  2.0633608590419463 3.0222373979755552  2.1241974792138638 3.0915284937335912  2.1865198862575781 3.159501201027834  2.2503011964789419 3.2261073973197432  2.3155131768112582 3.2912982871578533  2.479056791879664 3.4477538772988208  2.5789531515746571 3.5373819549770253  2.6817250254210432 3.6237559015818732  2.7872726180830405 3.7067201140437236  2.895486637368311 3.786116119853804  3.172236940669201 3.9751774905702479  3.3439438396908479 4.0801954234980382  3.5209680847631084 4.1762988465765289  3.7028424268304825 4.2629318755237042  3.8890214348963994 4.3395436911842307  4.2500149713067898 4.4651716350790629  4.4241421637191216 4.5161626717372894  4.6007807612083518 4.5582026663943527  4.7794002039289865 4.5909284306700151  4.9594046956020605 4.6140212412196  5.2418489044031027 4.6346677854724456  5.343798495596694 4.6389735111359585  5.4458583223227421 4.6401040655218004  5.5479048387461276 4.6380232042191505  5.6498094587453842 4.6327036397774286  5.9690538107353746 4.6057625188728055  6.1854344040382792 4.5724643741784545  6.3992190216041784 4.5240599995879887  6.6090536030031544 4.4606169538519138  6.813590838072269 4.3824378994519115  7.1497534493643862 4.2256827432751454  7.284783552049646 4.1543271860559114  7.4161653248816108 4.0762828659846599  7.5435032348834845 3.9918072953988926  7.6664429658604618 3.901206264788545  7.8357176481728885 3.7632149964805928  7.8858883367380486 3.7205230358858348  7.9351561114596798 3.6767814179732676  7.9834979639002448 3.6320188531986339  8.0308926742721098 3.5862649738381007  8.1492167911735436 3.4672108598173725  8.2187948410592675 3.3925667420509082  8.2859831096656862 3.3157321270679798  8.350719846827019 3.2368230575874852  8.4129534036407421 3.155957472668117  8.5786888709912787 2.9263213131961736  8.6767034087291535 2.7735861001199895  8.7664483834888713 2.6157199527966526  8.8477849810515536 2.4533841490725177  8.9206503825628403 2.287218574360586  9.0564559666231119 1.9299293960254955  9.1174414705279787 1.7380628756087697  9.167983293712954 1.5430524089254423  9.2081527918452935 1.3456698800873372  9.2380754550873725 1.1466305381654598  9.2711377085801843 0.81310119962355465  9.2798754703145114 0.67916968268918509  9.2841658811757561 0.5449871680279994  9.2840600864815599 0.41073924248172666  9.2796131378934348 0.27660237343798677  9.2648850118803416 0.050752981098428407  9.2568633459386689 -0.041106190312291353  9.2468378753318596 -0.13277914628699605  9.2348278316788566 -0.2242128939302237  9.2208527984774449 -0.31535590656594437  9.1651426650948231 -0.63310501609986147  9.1132035154689355 -0.85791648989981084  9.0494228963962229 -1.0798218612991821  8.9741195325004028 -1.2980774461235658  8.8876177293914935 -1.5119646471437989  8.6928658629060607 -1.9296113722244819  8.5846210481692111 -2.1333596405080151  8.4658316394021718 -2.3313373496831549  8.3368396544531151 -2.5228341618957426  8.1980099162077309 -2.7071278889629955  7.9904097602974637 -2.9540495180892972  7.9295731402151937 -3.0233406139757584  7.8672507332619404 -3.091313321403943  7.8034694231258079 -3.1579195178299688  7.7382574428672513 -3.2231104077956321  7.5747138279173498 -3.3795659982304684  7.4748174682481157 -3.469194076060683  7.3720455943695278 -3.5555680227582478  7.2664980016058216 -3.6385322352293965  7.1582839821473563 -3.717928240947419  6.881533677988795 -3.906989611332687  6.7098267781756959 -4.0120075438753862  6.5328025321958449 -4.1081109662497148  6.3509281891982035 -4.1947439942818132  6.1647491802798484 -4.2713558090279324  5.8037556436326554 -4.3969837512805086  5.6296284518519748 -4.4479747872622895  5.4529898551483313 -4.4900147817471705  5.2743704133353653 -4.5227405465056325  5.0943659226199181 -4.5458333581806922  4.5941464600203652 -4.5823992401597948  4.2722449332402448 -4.5748840171643881  3.951896198258904 -4.5350463897659754  3.6372344548458315 -4.4623942418049989  3.3325774353977273 -4.3573360791083093  3.0422562766792076 -4.2219567555224398 
 0 7 0.069084016215476815 5 0.10816143939369861 5 0.15150930895844039 5 0.18043464657840053 5 0.20031287613801904 5 0.24999562383805876 5 0.29967837151526128 5 0.31955660106678851 5 0.34848193866957722 5 0.39182980813922086 5 0.43090723148147952 5 0.45290212127464513 5 0.49999906605313876 5 0.5328937845289452 5 0.54709740787057959 5 0.56909232053049319 5 0.60816978449918513 5 0.65151769903504086 5 0.68044306670975774 5 0.7003213169274719 5 0.75000411625673546 5 0.79968691560890104 5 0.81956516583470307 5 0.84849053352655301 5 0.89183844815736957 5 0.93091591196200196 5 1 7
8 0.053109824047883787 0.37241589136669978
7 0 0  8 9 2  0.94367624262187277 0.16955490680437996  0.90180102428826103 0.16955490511605831  0.86104551665994222 0.1695549124315221  0.82217971814679913 0.1695549050837144  0.78473014111659722 0.16955489977772231  0.7475795772697893 0.16955491846874793  0.71037789558067743 0.16955489641395616  0.67207813263894423 0.16955490989198552  0.63242952077227998 0.16955490684240368 
 0.053109824047883787 9 0.37241589136669978 9
8 0.17341748942623159 0.77145655126532464
7 0 0  2 3 2  0.99999999999999989 0.17341748942623131  1 0.47243702034577884  0.99999999999999989 0.77145655126532409 
 0.17341748942623159 3 0.77145655126532464 3
8 0.17341748942623159 0.77145655126532464
7 0 0  2 3 2  -1.4000000000000001e-16 0.17341748942623131  1.0000000000000001e-17 0.47243702034577884  -1.6000000000000001e-16 0.77145655126532409 
 0.17341748942623159 3 0.77145655126532464 3
8 0 1
7 0 0  8 49 7  1.0000000000000002 0.77145655126532497  0.98343380684354997 0.7714565537994531  0.96684861693938728 0.77145654427113186  0.9503857920790324 0.7714565566238889  0.93397249870758969 0.77145655796630308  0.91783779673278332 0.77145653190382291  0.9018597248577862 0.77145656344328017  0.8861055581828623 0.77145655180447648  0.87054161172600619 0.7714565514281847  0.84330303663571349 0.77145655972773408  0.81666594480399146 0.7714565462598616  0.79052797950549814 0.771456543914114  0.76471041183999022 0.77145655295568061  0.73899133337617762 0.77145655868367469  0.71313884879557676 0.77145654908941708  0.68694426853636381 0.77145653251471791  0.66025530143722844 0.77145655531015855  0.64023908861283285 0.77145655126899182  0.6199419111957315 0.77145655137343416  0.59931276936569078 0.771456552886016  0.57829802566193056 0.77145655213615771  0.55690767008622133 0.77145654959093279  0.53523828194843648 0.77145654945839892  0.5134526884545626 0.77145655382350187  0.49171632003716603 0.77145655131654856  0.4591118685431711 0.77145654766735761  0.42659820769890189 0.77145656749814862  0.39473355490500239 0.77145652875259429  0.36391681680902366 0.77145655215554143  0.33398502837965793 0.77145657326946093  0.30456525818388513 0.77145653243280776  0.27545472262279752 0.77145655756817555  0.2463028518818686 0.77145655484813058  0.23172779232765348 0.77145654731712265  0.21714505337208487 0.77145655199265062  0.20251835767751375 0.77145655476710673  0.18780979715242491 0.77145655268215396  0.17298286529594872 0.77145654900764793  0.15800548954237234 0.77145654832055732  0.142853063605651 0.77145655158388415  0.12751147982391919 0.77145655122558587  0.11217114720178009 0.77145654965445976  0.096635064441299434 0.77145655398743429  0.080917645685225636 0.7714565479688531  0.064978991498747973 0.77145655220238041  0.048859458887040567 0.77145655472685348  0.032626155486436659 0.77145654663016217  0.016308501131467441 0.77145655321937412  1.2999999999999999e-16 0.77145655126532486 
 0 9 0.125 8 0.34375 8 0.5078125 8 0.75390625 8 0.876953125 8 1 9
8 0 1
7 0 0  6 127 26  4.9200588210075811 -4.9722207878987605  4.5726649762905733 -4.9723895274213099  4.2250668298610758 -4.9360971313776734  3.8824833845770943 -4.8632790487262003  3.5493845287728707 -4.7554716546105817  3.2296721416996892 -4.6150053301634903  2.7579775573327741 -4.3505064387669998  2.5944292481226459 -4.2467713048820608  2.4365392885023969 -4.1344043602525042  2.2847451845264519 -4.01396148977412  2.1394058963112688 -3.8860149413440217  1.8474943520974829 -3.6019134613636474  1.7024328393483632 -3.4442053049851769  1.5660257034056553 -3.2787766851045363  1.4385699003507284 -3.1063876164089179  1.3202860728791581 -2.927774406275903  1.138794232219654 -2.6210199789045783  1.0703902645740637 -2.4959563204231281  1.0061745784399321 -2.3686494561241016  0.94618651203463777 -2.2393001849187417  0.89045721245686771 -2.1081032899825236  0.80369379531601126 -1.884049351188626  0.77039590727089191 -1.7920695955256627  0.73912368289707153 -1.6993693336516102  0.7098837174225725 -1.6060085370984598  0.68268148995762878 -1.5120460870448489  0.59604275715416755 -1.1866138531325967  0.5467583646583023 -0.9524461816430726  0.50973083014740794 -0.71587020500259269  0.4849965830119185 -0.4777025380011431  0.47257130435708206 -0.23874238402758957  0.47229254619061223 0.33700600224097843  0.49657526114511263 0.67376540714803046  0.54530405511388835 1.0083530953879756  0.61842516791484847 1.3385132557706776  0.7157865831720347 1.661895196518832  0.88841278534522061 2.1089656825970908  0.94401485077536229 2.2402165506644698  1.0038774724016708 2.3696239251839692  1.0679696919783925 2.4969929928896919  1.136252365989284 2.6221229168394347  1.3174466923676622 2.9290531737864076  1.4355572805693857 3.1077809875458318  1.5628458746855554 3.2802935561679787  1.6990925461784538 3.4458543586307333  1.8440010762030798 3.6037030925235327  2.1356370183112592 3.8880874768692313  2.280852181891623 4.0161748865648486  2.4325294341036692 4.1367648800063312  2.5903103698936558 4.2492848613536802  2.7537580223304499 4.3531785217356891  3.0173999651522205 4.5013497442690635  3.1140915853461504 4.5518668420548716  3.212322558699034 4.5993831984140332  3.3119901578024251 4.6438112705458687  3.4129833405962469 4.6850697486146027  3.7386259646916091 4.8061951589613887  3.9678630117951581 4.8738097942431304  4.2015950756696281 4.9251264966474837  4.4384209914531159 4.9595882334617949  4.6768397172653113 4.9768733666861751  5.0784861274476665 4.9770681221228212  5.2417456028817089 4.9690956791325238  5.4045068712619031 4.9530714139990479  5.5662798179183941 4.929061568582787  5.7265907759536336 4.8971941763607214  5.957897242638504 4.8394524220055857  6.0304066428258114 4.8196242177299213  6.1024664518859186 4.7981878239519471  6.1740344200766746 4.7751633523210781  6.2450698701660965 4.7505730223481377  6.417769917222218 4.6865264643365707  6.5188030566221276 4.6453659283053765  6.6185136861822382 4.6010345144195925  6.7167906850569334 4.5536134248107993  6.8135312410048652 4.5031901026343535  7.0773167262085916 4.3552745760738025  7.2408650367521741 4.2515394428108539  7.3987549973638078 4.1391724982089118  7.5505491019226501 4.0187296271955466  7.6958883903565276 3.8907830778327939  7.9877999335023144 3.606681596373809  8.1328614450024066 3.4489734394930793  8.2692685796376448 3.2835448191589314  8.3967243815155559 3.1111557502120437  8.5150082080734979 2.932542540086625  8.6965000478043937 2.6257881128122809  8.7649040152634914 2.5007244543274973  8.8291197013242968 2.373417590089018  8.8891077677581638 2.2440683189912218  8.9448370674436131 2.1128714241914222  9.1178966664821335 1.6659685260363672  9.2155715859947147 1.3426811385906228  9.2890127865834007 1.0125920313830346  9.3380659727215463 0.67805174769078536  9.3626751970260731 0.3413160455172744  9.3629546826511163 -0.23443234039837441  9.3507611047827996 -0.47340442955454765  9.326257795826832 -0.71159596684411242  9.2894596619765242 -0.94820773405018444  9.240402340818564 -1.182423081445463  9.1540791867182225 -1.507939167003451  9.1269680777091953 -1.6019279480756028  9.0978186482873209 -1.6953170517139047  9.0666363204692839 -1.788047591454893  9.0334276313317918 -1.8800595894000325  8.9468814969054424 -2.104197548387047  8.8912794315830812 -2.2354484165907405  8.8314168099854466 -2.3648557912177774  8.7673245903354573 -2.4922248589841201  8.6990419161380874 -2.6173547829307102  8.5178475888310512 -2.9242850399756817  8.399736999715989 -3.1030128537433055  8.2724484044224216 -3.275525422115483  8.1362017316214281 -3.4410862241261717  7.9912932003475152 -3.5989349575176641  7.6996572571698376 -3.8833193403857584  7.5544420938072481 -4.0114067491487937  7.402764842177552 -4.1319967420545716  7.2449839073789857 -4.2445167234283963  7.0815362562763173 -4.3484103844313537  6.610098350851727 -4.6133665049489867  6.2905223097276899 -4.7541427554030031  5.9575281401810916 -4.8622730703502661  5.6150154600925486 -4.9354232865072438  5.2674526660385883 -4.9720526954614703  4.9200588210075882 -4.9722207878987472 
 0 7 0.070384939036206143 5 0.10956480246507483 5 0.15290973639406502 5 0.18177180761482409 5 0.20158403160493202 5 0.24999515065160194 5 0.31821980721072279 5 0.34708184020469746 5 0.39042671665330198 5 0.429606528362941 5 0.45169846534603547 5 0.49999906348035322 5 0.53307475642308344 5 0.54830109918903958 5 0.57039305747008406 5 0.60957290695136557 5 0.65291782518699482 5 0.68177988600570438 5 0.75000460833750415 5 0.79841577405547837 5 0.8182280171457712 5 0.84709011619133256 5 0.89043509190747983 5 0.92961499310820661 5 1 7
8 0.48903697760952114 0.91385759108778053
7 0 0  7 14 3  0.51168696124462154 0.16955490676525314  0.47935174852625551 0.16955490699510278  0.4468661673911356 0.16955490574071064  0.41480024869997578 0.16955490829241171  0.38397941299308513 0.16955490603390899  0.35403919036275511 0.16955490656050642  0.32480117118558383 0.16955490634791204  0.26705568959308656 0.1695549062354422  0.23855755971430068 0.16955490755710148  0.21010289206921989 0.16955490665315714  0.18137839189242705 0.16955490626140041  0.15201853185996178 0.16955490693849282  0.1217293284260816 0.16955490630214662  0.090605987406099292 0.16955490671483367 
 0.48903697760952114 8 0.70144728434865078 6 0.91385759108778053 8
8 0.48903697760952114 0.91385759108778053
7 0 0  6 137 28  3.0422562766791899 -4.2219567555224433  2.7519348544790816 -4.0865779969751319  2.4756258754351155 -3.9207272654470327  2.217710431301775 -3.7263822859706206  1.98127684058033 -3.5065880509681016  1.7686055328130053 -3.2648278673726754  1.4750817508276359 -2.8581334318347658  1.3770672145674787 -2.7053982187682237  1.2873222407610161 -2.5475320718301013  1.2059856435713847 -2.3851962688187349  1.1331202419479656 -2.2190306950250935  0.99731465647732342 -1.8617415175642318  0.93632915132438477 -1.6698749970826263  0.88578732684020522 -1.4748645302746244  0.84561782758485826 -1.2774820011936789  0.81569516353945382 -1.0784426589134579  0.78263290924146744 -0.74491331992726906  0.77389514732532305 -0.61098180291937254  0.76960473640583871 -0.47679928817428241  0.76971053115033783 -0.34255136254375529  0.77415747987143746 -0.20841449342206353  0.78888560618579717 0.01743489901560125  0.79690727227265867 0.10929407045183659  0.806932743037029 0.20096702644747744  0.81894278685074973 0.29240077410749521  0.83291782020809713 0.3835437867570608  0.88862795409812989 0.70129289634864911  0.9405671040193937 0.92610437017327651  1.0043477232157851 1.1480097416349349  1.0796510870734615 1.3662653265740374  1.1661528900614258 1.5801525277476678  1.360904756256172 1.9977992529639845  1.46914957079807 2.2015475212411948  1.5879389794525132 2.3995252303720607  1.7169309644331676 2.5910220424500974  1.8557607028498477 2.7753157692748234  2.0633608590419463 3.0222373979755552  2.1241974792138638 3.0915284937335912  2.1865198862575781 3.159501201027834  2.2503011964789419 3.2261073973197432  2.3155131768112582 3.2912982871578533  2.479056791879664 3.4477538772988208  2.5789531515746571 3.5373819549770253  2.6817250254210432 3.6237559015818732  2.7872726180830405 3.7067201140437236  2.895486637368311 3.786116119853804  3.172236940669201 3.9751774905702479  3.3439438396908479 4.0801954234980382  3.5209680847631084 4.1762988465765289  3.7028424268304825 4.2629318755237042  3.8890214348963994 4.3395436911842307  4.2500149713067898 4.4651716350790629  4.4241421637191216 4.5161626717372894  4.6007807612083518 4.5582026663943527  4.7794002039289865 4.5909284306700151  4.9594046956020605 4.6140212412196  5.2418489044031027 4.6346677854724456  5.343798495596694 4.6389735111359585  5.4458583223227421 4.6401040655218004  5.5479048387461276 4.6380232042191505  5.6498094587453842 4.6327036397774286  5.9690538107353746 4.6057625188728055  6.1854344040382792 4.5724643741784545  6.3992190216041784 4.5240599995879887  6.6090536030031544 4.4606169538519138  6.813590838072269 4.3824378994519115  7.1497534493643862 4.2256827432751454  7.284783552049646 4.1543271860559114  7.4161653248816108 4.0762828659846599  7.5435032348834845 3.9918072953988926  7.6664429658604618 3.901206264788545  7.8357176481728885 3.7632149964805928  7.8858883367380486 3.7205230358858348  7.9351561114596798 3.6767814179732676  7.9834979639002448 3.6320188531986339  8.0308926742721098 3.5862649738381007  8.1492167911735436 3.4672108598173725  8.2187948410592675 3.3925667420509082  8.2859831096656862 3.3157321270679798  8.350719846827019 3.2368230575874852  8.4129534036407421 3.155957472668117  8.5786888709912787 2.9263213131961736  8.6767034087291535 2.7735861001199895  8.7664483834888713 2.6157199527966526  8.8477849810515536 2.4533841490725177  8.9206503825628403 2.287218574360586  9.0564559666231119 1.9299293960254955  9.1174414705279787 1.7380628756087697  9.167983293712954 1.5430524089254423  9.2081527918452935 1.3456698800873372  9.2380754550873725 1.1466305381654598  9.2711377085801843 0.81310119962355465  9.2798754703145114 0.67916968268918509  9.2841658811757561 0.5449871680279994  9.2840600864815599 0.41073924248172666  9.2796131378934348 0.27660237343798677  9.2648850118803416 0.050752981098428407  9.2568633459386689 -0.041106190312291353  9.2468378753318596 -0.13277914628699605  9.2348278316788566 -0.2242128939302237  9.2208527984774449 -0.31535590656594437  9.1651426650948231 -0.63310501609986147  9.1132035154689355 -0.85791648989981084  9.0494228963962229 -1.0798218612991821  8.9741195325004028 -1.2980774461235658  8.8876177293914935 -1.5119646471437989  8.6928658629060607 -1.9296113722244819  8.5846210481692111 -2.1333596405080151  8.4658316394021718 -2.3313373496831549  8.3368396544531151 -2.5228341618957426  8.1980099162077309 -2.7071278889629955  7.9904097602974637 -2.9540495180892972  7.9295731402151937 -3.0233406139757584  7.8672507332619404 -3.091313321403943  7.8034694231258079 -3.1579195178299688  7.7382574428672513 -3.2231104077956321  7.5747138279173498 -3.3795659982304684  7.4748174682481157 -3.469194076060683  7.3720455943695278 -3.5555680227582478  7.2664980016058216 -3.6385322352293965  7.1582839821473563 -3.717928240947419  6.881533677988795 -3.906989611332687  6.7098267781756959 -4.0120075438753862  6.5328025321958449 -4.1081109662497148  6.3509281891982035 -4.1947439942818132  6.1647491802798484 -4.2713558090279324  5.8037556436326554 -4.3969837512805086  5.6296284518519748 -4.4479747872622895  5.4529898551483313 -4.4900147817471705  5.2743704133353653 -4.5227405465056325  5.0943659226199181 -4.5458333581806922  4.5941464600203652 -4.5823992401597948  4.2722449332402448 -4.5748840171643881  3.951896198258904 -4.5350463897659754  3.6372344548458315 -4.4623942418049989  3.3325774353977273 -4.3573360791083093  3.0422562766792076 -4.2219567555224398 
 0 7 0.069084016215476815 5 0.10816143939369861 5 0.15150930895844039 5 0.18043464657840053 5 0.20031287613801904 5 0.24999562383805876 5 0.29967837151526128 5 0.31955660106678851 5 0.34848193866957722 5 0.39182980813922086 5 0.43090723148147952 5 0.45290212127464513 5 0.49999906605313876 5 0.5328937845289452 5 0.54709740787057959 5 0.56909232053049319 5 0.60816978449918513 5 0.65151769903504086 5 0.68044306670975774 5 0.7003213169274719 5 0.75000411625673546 5 0.79968691560890104 5 0.81956516583470307 5 0.84849053352655301 5 0.89183844815736957 5 0.93091591196200196 5 1 7
8 0.76699400786186667 5.51619129931772
7 1 0  2 5 3  5.0625168435128902 -0.97400684630651568  1 7.4765721593672971 -8.0066486840307611  0.374165738677394 10.61892336110995 -1.2678547852221005  1 13.761274562852599 5.4709391135865637  0.374165738677394 6.822233516488776 2.7997177370263309  1
 0.76699400786186667 3 3.1415926535897936 2 5.51619129931772 3
8 0.76699400786186667 5.51619129931772
7 0 0  2 5 3  0.76699400786186667 4.7000000000000002  1.954293330725829 4.700000000000002  3.1415926535897936 4.6999999999999984  4.3288919764537566 4.700000000000002  5.5161912993177227 4.6999999999999984 
 0.76699400786186667 3 3.1415926535897936 2 5.51619129931772 3
8 -1.7512643226234572 2.4125800548719365
7 0 0  1 2 2  6.822233516488776 2.7997177370263309  5.0625168435128902 -0.97400684630651568 
 -1.7512643226234572 2 2.4125800548719365 2
8 -1.7512643226234572 2.4125800548719365
7 0 0  1 2 2  5.7000000000000002 -1.9180778112523034  5.7000000000000002 -6.0819221887476971 
 -1.7512643226234572 2 2.4125800548719365 2
8 0 1
7 0 0  3 382 380  0 0  0.01289120514228514 -0.2258776589549481  0.061352667092730677 -0.45244912725203806  0.12300136917095372 -0.67888220730419435  0.12571307872916648 -0.68878173469529591  0.12801586275362276 -0.69715483754915863  0.13034295800214935 -0.7055640873307204  0.18178868684365845 -0.89066779360513681  0.24294945586871108 -1.0821169848703331  0.26595861105565533 -1.2765651123519486  0.26791630927498922 -1.2953004874406133  0.26912077613071617 -1.3078336472603866  0.27020470891558013 -1.3208408543493508  0.28304849695440737 -1.4914606997823219  0.26201333503110646 -1.6766932281242262  0.26188995302705997 -1.8622274504638989  0.26225818857697725 -1.8894012273133407  0.26265842577364573 -1.9081305136047857  0.26348219636551207 -1.930336943766763  0.27155114799666968 -2.0920575973675049  0.30754002316186124 -2.2683200535705779  0.37716636072214804 -2.4235243424484971  0.39191010140800842 -2.4538132949933784  0.40111807309420655 -2.4719999968467423  0.41369561812630629 -2.4951429285053637  0.48834574628703109 -2.6255165981958504  0.60102612234843633 -2.7519179503135232  0.70105138569617687 -2.8794309001757092  0.72437149159593694 -2.9104197577841942  0.73682539079064924 -2.9273130697119223  0.7533678814288276 -2.9506749781001238  0.833916573094589 -3.0687322998630644  0.90354636070163252 -3.2167130894598288  0.95665746280972108 -3.3657320108792854  0.97046993037906937 -3.4063443371288433  0.97699262741093307 -3.4259638065323275  0.98565179839700789 -3.452782206047019  1.0286875825107948 -3.5888494124553256  1.0713346925619565 -3.7516773320881365  1.1356177285210016 -3.8905987876334307  1.1553998626025983 -3.9285960134015543  1.1643552254584293 -3.9448838843114444  1.181323306062545 -3.9734363707469877  1.2548747474188229 -4.087414482021666  1.3764848511927177 -4.1957645931349017  1.5024318266423471 -4.281896842994608  1.539324756519715 -4.3061251702705698  1.5557543860013325 -4.3166907061896325  1.5848674146726296 -4.3350615542403412  1.7085993869927147 -4.4114726948908434  1.8520224909155925 -4.4905281673223554  1.9703988560074048 -4.5782445598958033  2.0011655117740954 -4.6027105906491421  2.0161681183440852 -4.6151826777643672  2.0379886632335324 -4.6341016310551275  2.1438446546861716 -4.7307074605352541  2.2349303106557539 -4.8627678750336676  2.3293131622205525 -4.9875334630597141  2.3511588618007604 -5.0156104769114034  2.3649339190382594 -5.0328766495710315  2.3832146537684924 -5.0553237175792356  2.4845583392767328 -5.1758145851944803  2.6102551281430184 -5.28479617025521  2.7485300173768525 -5.3600325255046624  2.7736480098517813 -5.3725924405293899  2.7953442471336221 -5.3825698048358968  2.8172257540553769 -5.3921594849568173  2.9688468609711567 -5.4532013393371965  3.1318224924834386 -5.4695660642406683  3.2960118612876261 -5.4956918807391473  3.3163134076277618 -5.4990730853696377  3.3411154815425039 -5.5035300631089514  3.3638710209062541 -5.5077500417293797  3.5296810945011838 -5.5412132364281366  3.6928606562580786 -5.6029225987623255  3.8444136142531473 -5.6799523346272265  3.8642907512945808 -5.6903931081133674  3.8783244402545893 -5.6978933674993906  3.8906171127508831 -5.7045252367475099  4.0441522573042992 -5.7888469533057112  4.2038431548757682 -5.8987680499489725  4.3714489493091779 -5.9628897108766701  4.3956263367732848 -5.9711901230323585  4.4017389340370077 -5.9732187789963112  4.4119321370186011 -5.9765103457895528  4.579508408705971 -6.0286169244219545  4.7822028944192017 -6.0276033012879253  4.9824242952811648 -6.0051257954118764  5.0111752122709898 -6.0015800486948905  5.0231455953376472 -6.0000529656153798  5.0319089739030662 -5.9989128375413721  5.2378653593391835 -5.9717637243938375  5.4524344016497697 -5.9265754862996411  5.6678480192427099 -5.9217059513019343  5.6881835718246538 -5.921654976791447  5.7056370162005923 -5.9216850387332931  5.729702951231376 -5.9220600272569479  5.9367839935985511 -5.9299235799633943  6.1440484293307218 -5.9725881971939785  6.3475526349810938 -6.0008139474876225  6.36460858055659 -6.0030787439595237  6.3900571629391703 -6.0064195129789173  6.4336339199064501 -6.0116989102978877  6.6259231589487708 -6.0307206879787394  6.8052309571422871 -6.0286964155544194  6.9572158543688563 -5.9862146880133196  6.9704790685774558 -5.9821765859966334  7.0015178111980791 -5.9724062743280202  7.0523709384608519 -5.9535885882600557  7.2158350361220283 -5.8791228522951098  7.3529580409447899 -5.7893490799005862  7.4762798290050316 -5.7203781161852945  7.4875839504796158 -5.7141617477724429  7.5225590725259845 -5.6951092822049585  7.5821146058498652 -5.6642515651657996  7.7424990231788922 -5.5900967438697986  7.878741217975195 -5.5442567010032633  7.9988518179578971 -5.5180537674012564  8.0124283347014273 -5.5152633061177143  8.0613861652530492 -5.5057347060714283  8.1374028363157489 -5.4932609695032344  8.3087520081586188 -5.4684293141345384  8.4440550476114264 -5.4431003197029977  8.545018699879142 -5.4053894457627676  8.5590363464341177 -5.399800615338453  8.605948737751179 -5.3799031823654477  8.6815144893432308 -5.3412767311862162  8.8203295142974998 -5.2469422386953442  8.9174464595343981 -5.1539333360911082  8.9828531786413617 -5.07868858710978  8.9951401054515916 -5.0641351294967185  9.0308785656774635 -5.0205838581208857  9.0873055635010065 -4.9462874684175215  9.1820066776771174 -4.8150279997928553  9.2608914630130688 -4.715755619123013  9.3231853408277789 -4.6541530901631916  9.3393478044799192 -4.6389568972267581  9.3799233177382622 -4.6025195520144555  9.4550065190855026 -4.5437292495842021  9.5856148439515305 -4.4586543537873924  9.6944946036802886 -4.3949455677528899  9.7681816671500581 -4.3498352842403589  9.7912133984992007 -4.3355318812133499  9.8426758520481865 -4.3030153361445533  9.9284296310757352 -4.2459050343837275  10.050810781184991 -4.1502881043217625  10.13518638565783 -4.0619951153330742  10.18183417474618 -3.997310375905736  10.197535018883658 -3.973471217737961  10.227662109088 -3.9241532924350495  10.271675494078311 -3.8350670179676287  10.323305005794007 -3.6915437337059576  10.360570766941029 -3.563425364735854  10.384981548278068 -3.4828761952802303  10.394467319554016 -3.4525369288787653  10.410843964684824 -3.40095398736569  10.443549922074974 -3.3050672462952573  10.501000295547394 -3.1629946983063739  10.560670497318698 -3.0471624855903063  10.606301608134645 -2.9750548873885712  10.624140100613198 -2.9486370588775825  10.654751353782538 -2.9045468072973839  10.713692199839416 -2.8280078839314378  10.813505771936816 -2.7079014009539  10.898194370343235 -2.6001387833020351  10.947496076912971 -2.5220786520694056  10.963788918208076 -2.4938260625386137  10.988631698827446 -2.4493730324468972  11.027812031048208 -2.3663031683864437  11.079542214373602 -2.213932076302759  11.106973978883138 -2.0690228258762531  11.115438582112942 -1.965753071328193  11.117246426806679 -1.9313951690973894  11.119413280578138 -1.8839815458241123  11.119639537004447 -1.7983137443008386  11.112938577536097 -1.6334629387299993  11.104017071743941 -1.4790057660326825  11.107285825120025 -1.3593428529407037  11.109699022859603 -1.3231423799227924  11.112782514869968 -1.281167782213108  11.120833665956864 -1.2113845677377484  11.151009929395778 -1.0450475873967657  11.196152204596027 -0.88299889128706555  11.235478517970142 -0.7489084553982015  11.247111356985927 -0.70873248027916869  11.258251225578279 -0.6701225981662926  11.275672696459411 -0.60872331228512255  11.325947382883838 -0.42125742824382345  11.366649730320058 -0.22748952301173542  11.378297972728296 -0.051285195331536082  11.379213073471044 -0.00350170072714431  11.379475620217827 0.032184179502313268  11.378574234941782 0.079058804092231136  11.366275019615147 0.27567838003294559  11.32173634339283 0.48609700197295641  11.266963899711753 0.69107023646360655  11.250622509428686 0.75038781397872645  11.243074214418 0.77760910160417118  11.237058037340374 0.79925543280092526  11.195764794200313 0.947544372945335  11.144558717776432 1.1342416618345181  11.115706105248792 1.3297133979430913  11.109876751015479 1.3964541310646252  11.108272789064388 1.4209196101083696  11.107652311424546 1.4312689889731947  11.100980296039536 1.5589454391452142  11.112285166362463 1.7420458148183886  11.118249608040012 1.9345792562654687  11.117034635554267 2.0095265773044417  11.11618775108999 2.0385037850903358  11.115346765805958 2.0583334931739801  11.108858977259038 2.172866143068938  11.082675464832368 2.3472374740680855  11.025367809785669 2.5104072431724207  10.989984970153598 2.5864841984953357  10.97796761023884 2.6111829164726124  10.964918401164466 2.6358013701312286  10.916541831115252 2.7218116545834654  10.820147231837757 2.8529332675763319  10.714051728500005 2.9810612367048339  10.658316810249483 3.0564116251378253  10.645813310779987 3.0737284410585199  10.629353168815099 3.0972001853494944  10.580248706499644 3.169910258693224  10.501828586282306 3.3129173479153828  10.441946379653521 3.4654422643355809  10.411545028984689 3.5553440365220417  10.405250723598401 3.5742988964673401  10.398066899482364 3.5962021984563375  10.370199592971128 3.684057631614384  10.32394670758366 3.8471851167636419  10.27338643215827 3.9899943745238735  10.230187360548522 4.0768989708738426  10.219956816058433 4.0962820402398217  10.200660444811811 4.1296886876634344  10.15397434365728 4.2031691845986625  10.05327923084632 4.3148829429548643  9.936005756170724 4.4051800679169704  9.8525824762941081 4.4623441204002585  9.8237014616693674 4.481392933670139  9.7909236342584212 4.5025072669837005  9.7091798909652436 4.554255199348197  9.5807426941570224 4.6306755086125531  9.458332586759143 4.7133646650394319  9.3864919103728663 4.7701995763930771  9.3571367374629819 4.795595251669436  9.3334724865204262 4.8175115449654999  9.2602808624890809 4.8878889268959895  9.1721779278088089 5.0039860380953529  9.0830282266011917 5.1324024908089081  9.0334616303899171 5.2008632970404047  9.0094806887874892 5.2326783189207262  8.9887080023889521 5.2592634095188879  8.9144822294352419 5.3521071300999674  8.8022559739083253 5.4650412877202186  8.6720788918117879 5.5553188991869575  8.610749360760769 5.5910114056153386  8.5812493535831091 5.6063816516988885  8.5545390462744404 5.6192504863952131  8.4363139396064728 5.6731258498995949  8.2740456866730252 5.7085545282585199  8.1117703792784024 5.7433005559358561  8.0546318650562636 5.7568791576628069  8.0301568887527051 5.7630312473370306  8.0047868030996927 5.7697319808391683  7.8648116580289997 5.808508238324408  7.7021837048893733 5.8787972269850419  7.5507920194600455 5.9659021398980787  7.510158006921019 5.9907000741964973  7.4953194319729501 5.999888050998738  7.4830814107089463 6.0075671154466548  7.3481786014789083 6.0932867122081378  7.1951225598175075 6.2093760635094153  7.0296931948508234 6.2891658947937481  6.9896051391548699 6.3056373442057234  6.977882525049937 6.3102670540423365  6.9657561920905611 6.3148336744116564  6.8129468126371311 6.3701134180808197  6.6143484214977857 6.3849581008774443  6.4182934755995706 6.3730754009205715  6.3739011122187232 6.3695863912750372  6.3593005143172388 6.368359667046084  6.3421090979961487 6.3667983118492621  6.1500133446344361 6.3487260508067314  5.9368523168063465 6.3107972035811422  5.7279290591474474 6.3064777348197545  5.6942388916361732 6.3067537595818806  5.6741333061158112 6.3069952605039452  5.6432931905524892 6.3079720412249491  5.4496526760025592 6.3187408820150104  5.2458046501857343 6.3592678471690975  5.0472038809622308 6.3859291333716053  5.0181285350576434 6.3894490747228305  4.9894974453578325 6.3928871685948119  4.9411509999707928 6.3980243931813101  4.7593362262373464 6.4120792200282946  4.5826697598245065 6.4059074842909514  4.4349152649510106 6.3633978484727791  4.4105321503299724 6.3552102007361002  4.3772192913460071 6.3437124739489725  4.323056441546024 6.3214732298097429  4.1688151878021511 6.2435147957914969  4.0335611318001998 6.1485994553257166  3.9154683966182073 6.073110185589595  3.8946220475552291 6.0601122318677278  3.861794083931839 6.0397881575520671  3.8027144774036383 6.0047491962180413  3.6472645443882623 5.9207256743635854  3.509903987751402 5.8631383673897659  3.391303230806292 5.8277001861139563  3.3669230637852881 5.8207298126462446  3.323161343008918 5.8089868790680024  3.2489407344919439 5.7910178515689159  3.0800278611482366 5.7536644299766309  2.9337038627520204 5.7169394822679731  2.831720814108694 5.6696891548892872  2.8045539215050024 5.6568059395200603  2.769551736937979 5.6383345829534024  2.700464941001167 5.5964405073473289  2.5702792427467518 5.5021713592594601  2.4640243064534264 5.3906366964642354  2.3885064396167 5.2940050474304012  2.3632515916872645 5.260694370052982  2.3404147013038621 5.2288106514452313  2.2995476006186788 5.170423217980785  2.2147433447866174 5.0441972886205546  2.1290029971604358 4.9218741379373396  2.0393225032145086 4.8286227175231966  2.0130291086685776 4.8034370073246384  1.9794250068995911 4.7740005880966683  1.9373539185460213 4.7387191178300503  1.8201995503656914 4.6496372111634203  1.6975248689054983 4.5731046767861994  1.5778795258350939 4.4935007522925536  1.5413517780392922 4.4685993388385326  1.5004935494339353 4.4393701354923767  1.4624410878060203 4.4116501656040983  1.3466315906732014 4.3222529019682447  1.2477044929478485 4.2230577169511889  1.1729835035140965 4.1080072199011282  1.1492199819575326 4.0650467911470418  1.1288118299439684 4.0217406780095679  1.1109854452068255 3.9816749378067628  1.0584200003574651 3.8496318504736475  1.0211406822137015 3.7078448505381605  0.97809786041467817 3.5682133098513544  0.96652175591833078 3.5322775894278209  0.9495610686405378 3.4824644599688983  0.93559541643854338 3.4430162963656015  0.88225808442303233 3.3023040133097119  0.82092024465745794 3.17563732017432  0.74249376055182736 3.0589465520027268  0.72166744570772323 3.0298019557534861  0.69206772057571619 2.9899936212684919  0.6648712735522686 2.9549401976771681  0.56661470253283319 2.8314085819262229  0.47207962212602972 2.7174258584768336  0.40657117164265699 2.5970280786251521  0.39030988197048799 2.5653258190344665  0.3721602513685216 2.5271482393500615  0.35293092250190838 2.480601771406699  0.29588730643810557 2.3250115358916741  0.26843661517473905 2.171392300146155  0.261324676730192 2.0220988768148347  0.26018875189671498 1.9892785139501254  0.25963027496306879 1.9500250743345053  0.25989803071886719 1.9066834329487541  0.26343275439305991 1.7269425299783163  0.2787232728451734 1.5580215898512368  0.26891722588601397 1.3949419831445815  0.26714750698567435 1.3704026657996047  0.26471301080177589 1.344026557650742  0.2613631637861431 1.3135060613299305  0.23701291020256221 1.1200410124281315  0.18317707202991862 0.93285699833794755  0.12984949213196195 0.7495752223197818  0.12517614803423172 0.73351850963150567  0.12085817061579718 0.71865988294927008  0.11601636187873865 0.70196642573643264  0.048016568684881022 0.4669315251834204  -0.01318371998892154 0.23100305786363398  -1.7800000000000001e-15 2.9999999999999999e-16 
 0 4 0.017799462696421482 1 0.018240267135318431 1 0.01834048187584417 1 0.018601434058309371 1 0.018918656661143531 1 0.019021916252817871 1 0.03360287211199374 1 0.034497056574237552 1 0.034609778554113263 1 0.035103225438647183 1 0.035500094989928122 1 0.035649752918976242 1 0.048736606214055088 1 0.050087283592453673 1 0.050156462926200497 1 0.050859986580487543 1 0.051550318778325083 1 0.051890152579053522 1 0.063480993336040598 1 0.065248761319181919 1 0.065251231655279796 1 0.066132373632358701 1 0.066854249168841112 1 0.067328377367985887 1 0.077989364036607792 1 0.08003512593170671 1 0.080085633729866643 1 0.081049732495549059 1 0.081692991409805307 1 0.082350684151019163 1 0.092371911799657508 1 0.094607043736633215 1 0.09466212832023331 1 0.095700192326571037 1 0.096208796118019232 1 0.096841142889375786 1 0.10671917921131176 1 0.10903436267016552 1 0.10904888272580796 1 0.11015739843542061 1 0.11052963567842905 1 0.1117272325516965 1 0.12111080189284512 1 0.12326499127571808 1 0.1234352175788319 1 0.12449120940993219 1 0.12475959558695747 1 0.12606904466283109 1 0.13561950855256807 1 0.13742944008825222 1 0.13783771677052314 1 0.13877253346530563 1 0.13899739480994541 1 0.14016155171420119 1 0.15031375478657513 1 0.15161652011353829 1 0.15232772873148842 1 0.1530757107423267 1 0.15332943534477034 1 0.1545710463062403 1 0.16526075455051639 1 0.16592569929867604 1 0.1669788519380285 1 0.16748032695018891 1 0.16781776168208287 1 0.16887389825531607 1 0.18046438150264654 1 0.18053168505928122 1 0.18187132529542205 1 0.18207445131154404 1 0.18250565348110606 1 0.18368522633715764 1 0.19535070412859248 1 0.19621255546394101 1 0.19696296378012412 1 0.19710174018941837 1 0.19745254596837855 1 0.19805092085165904 1 0.21073386488065779 1 0.212291317237432 1 0.21243135868784777 1 0.21278582874300872 1 0.21280844725510231 1 0.21329154321199892 1 0.22687964577448536 1 0.22833119496992432 1 0.22876993310006991 1 0.22910809431040322 1 0.22926016904592908 1 0.22945062197142466 1 0.24511534875018604 1 0.24641542145086262 1 0.24673103104568306 1 0.24674682580794421 1 0.24781568729699566 1 0.24866186790450567 1 0.26335839380203985 1 0.26439584926223597 1 0.26450083520240236 1 0.26468311051117938 1 0.26637140847315993 1 0.26787311384228152 1 0.27952629336329321 1 0.28021019079673898 1 0.28054429208292647 1 0.2806398708405799 1 0.28282373887356804 1 0.28489237713994825 1 0.29493914178784641 1 0.29543066191750295 1 0.29587746878884014 1 0.29594296843876605 1 0.29853125585341189 1 0.30111118038263662 1 0.30979280881176796 1 0.30985102558454991 1 0.31077021692582313 1 0.31088074255968146 1 0.3137623600403493 1 0.31679205080332423 1 0.32439770679474156 1 0.32460899190927828 1 0.32536593063991393 1 0.32559709618067006 1 0.32865504628718761 1 0.33206298131705786 1 0.33868574088011316 1 0.33894242485521825 1 0.3397677513146285 1 0.34015924526159991 1 0.34330561397351766 1 0.34700998106797132 1 0.35281641988163204 1 0.3534043721099181 1 0.35406283456519055 1 0.35460286908760336 1 0.35779416076765069 1 0.36170422726742341 1 0.36689110687877236 1 0.3675357515035535 1 0.36833100681566955 1 0.36896736072524461 1 0.37219434787109029 1 0.37621293387227173 1 0.38100897491016095 1 0.38191486979832601 1 0.38264805734948287 1 0.38331389095122675 1 0.38657779365615386 1 0.39060455648477616 1 0.39526230940152673 1 0.39683505452310591 1 0.39708730094715461 1 0.3977158302883439 1 0.40101659364428421 1 0.40495182382332984 1 0.40973325671799626 1 0.4113361602376453 1 0.41172145829479651 1 0.41225907808489315 1 0.41558581440361753 1 0.41933437152108988 1 0.42449546992514231 1 0.42634947908805054 1 0.42662686295413804 1 0.42707013832218782 1 0.43036779901389649 1 0.43384274217516527 1 0.43962473123414791 1 0.44176192158281025 1 0.44189355779223799 1 0.44230527881340637 1 0.44546174254864757 1 0.44858712927696665 1 0.45522829104904439 1 0.45765160505810076 1 0.45812018577656088 1 0.45812200649111479 1 0.46100876884007819 1 0.46372086338742069 1 0.4715383729888219 1 0.47416106397051017 1 0.47457330204462439 1 0.47478445135534858 1 0.47727943319097399 1 0.47952427283663923 1 0.48986332022733609 1 0.49277545055284017 1 0.4935850089142913 1 0.4936751796173946 1 0.49562208883834863 1 0.49732373558659204 1 0.50935759077507137 1 0.5124165447507999 1 0.5137828113248083 1 0.51413109304940785 1 0.51460914322348461 1 0.51552708695316907 1 0.52608800516367871 1 0.52972907072897635 1 0.53123532650684713 1 0.53142763547646965 1 0.53168316075752386 1 0.53206158181025032 1 0.5416145586937009 1 0.54615425903929504 1 0.54714215142575218 1 0.54746915817684738 1 0.54841649421240368 1 0.54868936991367212 1 0.55640109041520491 1 0.56198816106237393 1 0.56218455195520534 1 0.56301086121326638 1 0.56415368322153381 1 0.56438422836962099 1 0.57080824734044744 1 0.57696149239258521 1 0.57739657117146881 1 0.57819720214398429 1 0.57864749638464474 1 0.57966245198608946 1 0.58514133415650782 1 0.59158083944279338 1 0.59250266488260639 1 0.59250976864906268 1 0.59312966026612346 1 0.5942887322381385 1 0.59963479684829546 1 0.60613148355715885 1 0.60614100193209108 1 0.6074071351255792 1 0.60789182959968568 1 0.60924975682243732 1 0.61443567969580604 1 0.61991092674163661 1 0.62069245774573878 1 0.62219317717613398 1 0.62255879271380354 1 0.6236765335762503 1 0.6296001611114006 1 0.63408229028455321 1 0.63533709391470194 1 0.63692880237448068 1 0.63720155566769421 1 0.63793319593192632 1 0.64510440199881891 1 0.64880153154347264 1 0.65013566275259616 1 0.65167084426472699 1 0.65189014742429452 1 0.65274832043753794 1 0.66086847514300773 1 0.6640619063027825 1 0.6651583012449146 1 0.66647228299212302 1 0.66669713121373608 1 0.66751157219725776 1 0.67679306434693953 1 0.67972374709962224 1 0.68048003865678897 1 0.68139359857785442 1 0.68170313207395716 1 0.68254042897708012 1 0.69280974929970396 1 0.69564838466963153 1 0.69619144340331907 1 0.6965198381807538 1 0.69700756994417412 1 0.69731577510966536 1 0.70894943551486966 1 0.71174342908214017 1 0.7119914778007651 1 0.71242553587216306 1 0.7127546728756553 1 0.71303129051024294 1 0.72546484801882083 1 0.72809348477869695 1 0.72811867232066629 1 0.72889270241191317 1 0.72922207407100803 1 0.72945009701195596 1 0.74378427327867036 1 0.74616783669271236 1 0.74618847864521809 1 0.74648506856470909 1 0.7477797419912493 1 0.74866186704451498 1 0.76201683763982508 1 0.76411504557457632 1 0.76413945292394403 1 0.76427296759278884 1 0.76633598702919703 1 0.7678736370450685 1 0.77827820177293117 1 0.77996881061260515 1 0.78020290363550926 1 0.7803438124652643 1 0.78279912653208616 1 0.784898198088824 1 0.79409570307889499 1 0.79553742916909476 1 0.79577497561176402 1 0.79600558770603147 1 0.79854057381985732 1 0.80113229042973189 1 0.80985532827989526 1 0.81028532158247613 1 0.81086837330658301 1 0.81184783322391196 1 0.81384021757283465 1 0.81684369506719423 1 0.82535704336273785 1 0.8257060769112573 1 0.8257818283664653 1 0.82774734055247012 1 0.82884474504685546 1 0.83216543244530261 1 0.84033755991223902 1 0.84061297781405764 1 0.84164934546989179 1 0.8435736320975572 1 0.84365555254305802 1 0.84718807102599947 1 0.85542651280968773 1 0.85551054619842082 1 0.857595857010503 1 0.85835417275243209 1 0.85909154555345835 1 0.86198664009783477 1 0.8700368213628058 1 0.87026991156618094 1 0.87301267584450903 1 0.8734204255507898 1 0.87412650668917646 1 0.8766312766374702 1 0.88471676862220494 1 0.88518583644865878 1 0.88769921073867231 1 0.88866760768400632 1 0.8890118427425352 1 0.89119225129122803 1 0.89990548968341777 1 0.90022248880200229 1 0.90248187998425844 1 0.90283066516189103 1 0.90431355839270056 1 0.90574289589704038 1 0.91460290910482323 1 0.91544191989296608 1 0.9168735836183286 1 0.91743246670412115 1 0.91935272537087143 1 0.92036224338519457 1 0.92982071173292125 1 0.93092698042918831 1 0.93118398123277857 1 0.93263160705408543 1 0.93425664127355423 1 0.93513918413380259 1 0.94561617640515516 1 0.94618983205484963 1 0.94679020857450125 1 0.94817882870164849 1 0.9492575609310715 1 0.95018158479814874 1 0.96225798803579632 1 0.96258538724890153 1 0.96319616118315476 1 0.96421806841941082 1 0.96469526047163223 1 0.96564057541035786 1 0.97973036919666145 1 0.97987038896887979 1 0.98044881004241347 1 0.98102743810416615 1 0.98107030047888633 1 0.98179664899031405 1 1 4
8 0 1
7 0 0  2 3 2  0 0  0.49999999999999989 1.6000000000000001e-16  1 -8.0000000000000006e-17 
 0 3 1 3
8 0 4.7491972914558529
7 0 0  2 5 3  0.76699400786186656 0.23999999999999999  1.9542933307258272 0.23999999999999982  3.1415926535897936 0.2399999999999991  4.3288919764537583 0.23999999999999919  5.5161912993177218 0.23999999999999999 
 0 3 2.3745986457279269 2 4.7491972914558529 3
8 0 4.7491972914558529
7 0 0  2 5 3  -1.4000000000000001e-16 -9.9999999999999998e-17  1.1872993228639634 3.9999999999999999e-16  2.3745986457279269 -3.1000000000000001e-16  3.5618979685918912 3.5999999999999998e-16  4.7491972914558538 -2.4399999999999998e-15 
 0 3 2.3745986457279269 2 4.7491972914558529 3
8 0.23999999999999999 4.7000000000000002
7 0 0  2 3 2  0.76699400786186656 0.23999999999999999  0.76699400786186656 2.4700000000000002  0.76699400786186656 4.7000000000000002 
 0.23999999999999999 3 4.7000000000000002 3
8 0.23999999999999999 4.7000000000000002
7 0 0  1 2 2  1.2400000000000002 -6.0819221887476971  5.7000000000000002 -6.0819221887476971 
 0.23999999999999999 2 4.7000000000000002 2
8 0.23999999999999999 4.7000000000000002
7 0 0  2 3 2  5.5161912993177218 0.2399999999999991  5.5161912993177209 2.4700000000000011  5.5161912993177218 4.6999999999999984 
 0.23999999999999999 3 4.7000000000000002 3
8 0.23999999999999999 4.7000000000000002
7 0 0  1 2 2  1.2400000000000002 -1.9180778112523034  5.7000000000000002 -1.9180778112523034 
 0.23999999999999999 2 4.7000000000000002 2
8 4.4e-16 4.1638443774953933
7 0 0  1 2 2  1.2400000000000002 -1.9180778112523034  1.2400000000000002 -6.0819221887476971 
 -4.4e-16 2 4.1638443774953933 2
8 4.4e-16 4.1638443774953933
7 0 0  1 2 2  -4.4e-16 -0.16970562748477391  4.1638443774953933 -0.16970562748477391 
 -4.4e-16 2 4.1638443774953933 2
8 0 1
7 0 0  2 3 2  1 -8.9999999999999996e-17  1.0000000000000002 0.49999999999999922  1 0.99999999999999967 
 0 3 1 3
8 0 1
7 0 0  2 3 2  0 -8.9999999999999996e-17  2.2e-16 0.49999999999999922  0 0.99999999999999967 
 0 3 1 3
8 0 1
7 0 0  2 3 2  -0 0.99999999999999944  0.50000000000000078 1.0000000000000013  1 0.99999999999999978 
 0 3 1 3
8 0 1
7 0 0  3 382 380  0 0  -0.00346807469706079 -0.34832410136049252  0.0085457922505227692 -0.70613459916277566  0.039196761284649988 -1.0642315433163647  0.040561218140721778 -1.0798877374376343  0.041729086627622543 -1.0931300671853781  0.042924234670536521 -1.106429729086905  0.06958870498152514 -1.3991806686462462  0.11012482219980768 -1.7019308465963587  0.16608237237680257 -2.002131244340557  0.17156497338527821 -2.0310081247651359  0.17526917420565979 -2.050306115323191  0.17916906623606721 -2.0703035202147841  0.23077159358090604 -2.3323645639446564  0.29836214222310176 -2.6103658363749469  0.37937908675123566 -2.8828096628120079  0.39143648568894562 -2.9226277760374848  0.3998187141925591 -2.9500403629068273  0.40991098459953079 -2.982474958427765  0.48423897504033775 -3.2183245810903558  0.57569569119966069 -3.4708910238586124  0.67673918149182555 -3.7123912604188165  0.69710056141614984 -3.7601828253830871  0.70952374152905939 -3.7890821441613749  0.7258162996876365 -3.8263763256808092  0.81975368174436802 -4.0388523834816557  0.93384159247319865 -4.2707647015726886  1.0547093168509374 -4.4895616209967919  1.0841146224371521 -4.5418187967171448  1.1001515848010914 -4.5700671122829153  1.1222937683036527 -4.6085285840585399  1.2339098791276157 -4.8002424389702014  1.3699519429433664 -5.0137979425566375  1.5088132398999932 -5.2110497818028367  1.5468099244474693 -5.2640475893002172  1.5652009388328825 -5.289477829771644  1.5904206209346672 -5.3239267111281237  1.7186993739250607 -5.4975818080061538  1.8759791527116629 -5.6937930460070074  2.0339453095578115 -5.8734053306891321  2.0788717204576859 -5.9236011883105348  2.098501585812043 -5.9453493462177684  2.1338769278559155 -5.9841100492557215  2.2794736942005205 -6.1417793317882481  2.4559379118010067 -6.3184102340419175  2.624803263449655 -6.4736767409737883  2.6739369592093993 -6.5180887320666754  2.6957487588295432 -6.5376274618467773  2.734351640491786 -6.5718727563216719  2.8982857281567771 -6.7156251567161762  3.0913553514366274 -6.87189392603789  3.2763131835017258 -7.0095809172572041  3.3261541761639641 -7.0460775189680929  3.351025586977979 -7.0641086171485021  3.3879960482498763 -7.0906806767862429  3.5722549509785395 -7.2217481165217849  3.7794008829653851 -7.357007300330082  3.9839426137733991 -7.4793943457688687  4.0305668018632446 -7.5068584254953867  4.0595664669849612 -7.5237472702001531  4.0976207124021222 -7.5457363390365613  4.3049250034823494 -7.6641253013772861  4.5241226206190497 -7.7778518932698839  4.7438957311785988 -7.8817327171591174  4.7833130737435159 -7.9000951833267177  4.8169923605529839 -7.9155784731641123  4.8507666583971165 -7.9309945204992678  5.0826479094723851 -8.0355759101599222  5.3138403793318645 -8.128726213559025  5.5532868910139737 -8.2153509977323136  5.5829948347970726 -8.2259531318380041  5.619477716595414 -8.2387791591445545  5.6530250041306553 -8.2505000528214598  5.8989828048121584 -8.3350789129868978  6.156287433709938 -8.4124805421808375  6.4079257042808306 -8.4783470102488696  6.4411507224212388 -8.4868789994192095  6.4646940768173993 -8.4928608249223352  6.4853581153677231 -8.498080223479791  6.7444547183364865 -8.5627758867043884  7.0291213438429203 -8.6225109235891395  7.3068303210587189 -8.6699114092233422  7.3464863090693129 -8.6764979157124849  7.3564824372419757 -8.678144832026538  7.3731124929935605 -8.6808678257693686  7.6456488892229828 -8.7251215417895924  7.9475892560629315 -8.7628072190472768  8.2496152465367452 -8.789369776692924  8.2931137558405865 -8.7929961841632611  8.3112495286415609 -8.7944741051878204  8.3245393250624566 -8.7955414147973077  8.6370840517200769 -8.820384256473158  8.9729439548010568 -8.8343073877507603  9.3114628406267457 -8.8387958190360578  9.3434243758184401 -8.8391369339844115  9.3708565619026984 -8.8394152891480626  9.4086839290602811 -8.8397340790701122  9.7341325028263768 -8.8415195926132135  10.058997666087745 -8.8357454346390067  10.368791537049292 -8.8196047424634987  10.394698050085919 -8.8181888466047393  10.433331260670908 -8.8160525295644909  10.499262924044073 -8.8121293332927593  10.789336256469698 -8.7927133699221809  11.059250266369009 -8.7661055054728099  11.305397475410169 -8.7339927209782928  11.327022124578166 -8.7311141730855866  11.377767345965696 -8.7243023159754678  11.462124459688532 -8.7124755703281931  11.739098625746424 -8.6705180552289853  11.98207950046424 -8.6257536232939849  12.192480056812315 -8.5805778280687051  12.211695716644869 -8.5763993124389373  12.271029899783427 -8.5634077998872016  12.371020850033657 -8.5407348818004927  12.634718137019219 -8.4768593198626476  12.848515704540729 -8.4176692158821975  13.029504144202765 -8.3624375035384517  13.049871357546172 -8.356157015991398  13.123025036254953 -8.3333514446821209  13.235335467977714 -8.2972290232737862  13.485939388952847 -8.2116301140963639  13.684735172980233 -8.1363730488840194  13.840308354152022 -8.0730321681998465  13.862044015133314 -8.0641047159309149  13.935272430941254 -8.0337584898609773  14.055953199640488 -7.9822610862395775  14.289667042346265 -7.876724212748119  14.470587749655172 -7.7877858954608579  14.604492996145815 -7.7181041674169988  14.630053596816118 -7.7046854648342817  14.70557834023853 -7.6646438587695611  14.830147980254448 -7.5966969166999325  15.045050463597974 -7.472928582518847  15.21323159077199 -7.3686245177288061  15.329014210666218 -7.2932010875115072  15.358258050849445 -7.2739695710854395  15.42991959356694 -7.2264124296920702  15.553578882689326 -7.1420040469606008  15.748981452729931 -7.00132381263073  15.900204553985885 -6.8848180154564567  16.001370372759023 -6.8034353619631371  16.032934081759102 -6.7777728696610895  16.103456277770025 -6.7198272930206446  16.221399273281524 -6.6201246828686413  16.397511103847268 -6.4630969899093058  16.535505038637325 -6.3317886602571338  16.624994152906989 -6.2429690872605175  16.656853601185222 -6.2109622530174367  16.720970037234739 -6.1458784523364107  16.828752771296863 -6.0332350145379401  16.98596832075512 -5.8597407333547  17.116023213785752 -5.706483786940729  17.19592483765744 -5.6077430449026995  17.225908142811942 -5.5701671981210232  17.276796983238899 -5.505957993943686  17.37072347566242 -5.3837882489164954  17.509122887010456 -5.1932665334395782  17.622536372568582 -5.0258376620634886  17.694271273692678 -4.9142680138243913  17.720724625577866 -4.8724424085949449  17.764988141049628 -4.8019177503276369  17.842449601586651 -4.6744330417004125  17.961485010136307 -4.4662945258220379  18.060040349727153 -4.2798054779015544  18.123496092154912 -4.1517837798906401  18.145542547166407 -4.1064106834060956  18.179762219903797 -4.035504840365336  18.239453086521905 -3.9073300588853654  18.337730098133868 -3.6818094254753566  18.419958230190158 -3.4742104601977366  18.473850252539584 -3.3259586282318137  18.491392403873601 -3.2764552033100816  18.515472247527278 -3.2080812459018979  18.557460290526677 -3.083829365899748  18.633168328974016 -2.8422027938717926  18.696727263712855 -2.6119368309571258  18.740852500239992 -2.4304445879957441  18.75371028120901 -2.3752268606933828  18.768526284186937 -2.3111421213877676  18.792208395513438 -2.2039901734620067  18.844177933723664 -1.9463001274810732  18.886425852338036 -1.6920127273176062  18.914392947865995 -1.4812307711158041  18.92216535242753 -1.4181120230163651  18.929515190113186 -1.357462758762475  18.940380224833223 -1.2610775477057903  18.969226462453189 -0.96710526408536113  18.987399933725513 -0.66406112214576074  18.995387588175792 -0.38869565615154944  18.996958359823594 -0.31402538189403562  18.998026671794609 -0.2582599122179845  18.99911926284172 -0.18501018863932669  19.001511539332675 0.12227507937457205  18.995742284349909 0.45137965491917686  18.977876019336524 0.77326237808769183  18.971585890141551 0.86654562622229092  18.968493819069188 0.90937951478537604  18.965955670442845 0.94344977579033273  18.947641197426094 1.1769358689361238  18.914788823135154 1.4714889781736662  18.8675300297833 1.7756180612207302  18.849819743023595 1.8787250870427143  18.843138316219491 1.9164229056935695  18.840290847173023 1.9323588625818235  18.804794033826955 2.128763976466149  18.745671822072705 2.4061916238926102  18.670779156529441 2.6920228630711951  18.639651610336045 2.8024204426404129  18.627434553297533 2.8450248032149497  18.618953414271058 2.8741274948846232  18.569298665375875 3.0419308308166957  18.486949085863667 3.2948620370904242  18.393583340904446 3.5422849040071274  18.34540089131302 3.6624907435634455  18.329473011855175 3.7018161820440607  18.313016249029353 3.7416486785617926  18.253995095015426 3.882560332262937  18.151594726876539 4.1117314902314321  18.037178804176179 4.3396304688977967  17.969147126024403 4.4674201706704526  17.953492896380656 4.4965092801391382  17.932277105741907 4.5355070904545087  17.866621875340275 4.654674608944724  17.739106203584367 4.8737156117796649  17.603150031971012 5.085475436380464  17.521887755963238 5.2048036617036892  17.504721094227119 5.2298273699476647  17.484858241096898 5.2586384915832642  17.404869242477286 5.3730521114244345  17.253920707467994 5.5783202576352497  17.108286488938784 5.7592856726404476  17.009995360897335 5.8755995157032235  16.987609703644125 5.9018385801739273  16.94777945761798 5.947920386341309  16.857022690988 6.0514945276542234  16.697586077173469 6.2248592413258015  16.539475689602966 6.3838732475051856  16.429878488854005 6.489182166593098  16.392171855832778 6.5248151695797922  16.349406817747152 6.5646829482539051  16.242724620676825 6.6630690646374173  16.072864614657238 6.8118839642281417  15.895499711484497 6.9559347026481566  15.782212145972032 7.0441594675306103  15.733615943165166 7.0812195008663421  15.692967969449112 7.1117951530801751  15.564617910702681 7.2076273487940448  15.378720612025703 7.3384972897464227  15.178149273539479 7.4686449642168107  15.069025891169188 7.5367895408736114  15.017384431805899 7.5683332852049405  14.973542056480632 7.5947525070217123  14.818856338130029 7.6871890312983693  14.610420131941767 7.8032254768482483  14.393660251822975 7.9133968490514155  14.295091257125135 7.961748712087263  14.248559717598411 7.9841170787075475  14.206906990213927 8.0038817755325731  14.023935407000803 8.0899411020273728  13.789431779269595 8.1909284249261507  13.552358760648909 8.2823369964998967  13.467893098582174 8.313788578620283  13.431481761752567 8.3271306983528603  13.393527983300016 8.3408742808428098  13.182964637917063 8.4162737894693525  12.922611906192991 8.4995135998290259  12.664890573481351 8.5709754979410206  12.594660977225351 8.5896990522968153  12.568915203337419 8.596492535548931  12.547604769621795 8.6020612200304285  12.31187448855945 8.6630753289620959  12.02991077395189 8.7256710285174002  11.746983759813146 8.7768602322781959  11.679874455377284 8.7884348650006068  11.660345334575185 8.7917662363514566  11.640257560437039 8.7951505653974404  11.388287519427426 8.8371812293966201  11.090216100225895 8.876541415302567  10.795964252336429 8.9041880152110515  10.729074933266261 8.9100320400691846  10.707048754260429 8.9119127784260801  10.681058593542076 8.9140611974843331  10.390337450265235 8.9376938641441441  10.058660159389216 8.9528055552765107  9.7307698701010352 8.9580784096075714  9.6778600179392882 8.9587194862448065  9.6462817496890523 8.9590855920369954  9.5978244863736855 8.9595213995104395  9.2935251709693496 8.9612164543212902  8.9734535252628742 8.9560236730936698  8.6706864475806746 8.9409744242036755  8.6265644750012296 8.9385686267234217  8.5831315201446614 8.9361848097202543  8.5101256006856829 8.9318122893227034  8.2364546249096762 8.9130758048348362  7.9705580208955427 8.8870605313103432  7.7310193456030536 8.8560296017987064  7.6909146564021427 8.8506290852728817  7.6359701683218759 8.8431753522713539  7.5449051712479003 8.8301906304310105  7.278667052556 8.7889395106525079  7.0332458671058333 8.7432553741173731  6.8250308335135097 8.6979888572730193  6.7885085873330695 8.6898658449615507  6.7310973446349189 8.6770164528213556  6.6288631971666518 8.6532864947274177  6.3655033137767667 8.5880260145288485  6.1440461806887612 8.5252790229336757  5.9620456378538096 8.4682023736002101  5.9248351194833928 8.4564068038050237  5.8585474874387851 8.4350457782569332  5.7474564191306792 8.3981278104624266  5.497607803274045 8.3107965653051963  5.2809757386703602 8.2262109186967329  5.119739422295595 8.1578963905021951  5.0766455886833697 8.1395682792040045  5.0202181932825862 8.1151297588470648  4.9059543679335711 8.0642878004238963  4.6820492731082606 7.9607745063284368  4.4765045128968683 7.8561220484680598  4.3133905807509816 7.7671343429395687  4.2578681019719351 7.7365239327915907  4.2059560104283502 7.7072216108921392  4.1118235004670698 7.6532361920271486  3.9118027959108215 7.5352274098292842  3.7166194856067776 7.4091416176810476  3.5486344751667716 7.2935485278870296  3.5016285431222318 7.2606735943868941  3.4445397606051671 7.2198894195416834  3.374806219424519 7.1695138488019765  3.1909918260232519 7.0331002563655147  3.0202631410849978 6.8957684213318569  2.8560449139478088 6.7554065900245783  2.8061129485173186 6.711793385935044  2.7497742904971982 6.6614402965690793  2.6971032640649604 6.6139815723218334  2.5344077040586921 6.4639172936332878  2.3808466714776593 6.310904630774985  2.2321017268935659 6.153105592094354  2.1796218147339292 6.0961982650635447  2.1295106246365929 6.0404459066971921  2.0840068238178073 5.9893256722513062  1.9391394808134965 5.823503636800587  1.801310358617954 5.6523334236197584  1.6683784396848136 5.4755344585924988  1.634369967772539 5.429399398849128  1.5874296995631365 5.3644249489572378  1.5503627776827784 5.3123817171377219  1.4185735032558267 5.1230828910190409  1.3007985651329701 4.9394541323960812  1.1896242873974394 4.7518339670989853  1.1617578944871099 4.7039059613848853  1.1237246155404801 4.6373869176931217  1.0903328876149967 4.5777433147865398  0.9740236693599833 4.3647030575927142  0.87294420146458229 4.1615621499006972  0.78568914726261063 3.9683170728052568  0.76326851081842939 3.9180137573553209  0.73707074529968963 3.8582662718828726  0.70672508910024412 3.7869595899561772  0.60918094857666638 3.5519974112126955  0.5281961271068667 3.3325046412940358  0.45733704668464981 3.1155082633535929  0.44194338319080195 3.067717664302835  0.42390480130426589 3.0103839282045834  0.40449652294357286 2.9468372527803322  0.32572087719487364 2.6824879604866512  0.26218972622143255 2.4290216236354842  0.20989913909680524 2.1794533664218547  0.20213470277741585 2.1418435876410014  0.19398399924008558 2.1013172259289932  0.18476019848984571 2.0543217491737966  0.12754330217397047 1.7558321003957855  0.085133250058206045 1.4612938004828544  0.056209352859189821 1.1726254690094808  0.053730981075766238 1.1473352198952587  0.051520330763368698 1.1239314687702071  0.049086658555756557 1.097637883060524  0.015692176511521438 0.72744247582714683  0.0035467689174168999 0.35622793734516844  0 -2.5000000000000002e-16 
 0 4 0.017799462696421482 1 0.018240267135318431 1 0.01834048187584417 1 0.018601434058309371 1 0.018918656661143531 1 0.019021916252817871 1 0.03360287211199374 1 0.034497056574237552 1 0.034609778554113263 1 0.035103225438647183 1 0.035500094989928122 1 0.035649752918976242 1 0.048736606214055088 1 0.050087283592453673 1 0.050156462926200497 1 0.050859986580487543 1 0.051550318778325083 1 0.051890152579053522 1 0.063480993336040598 1 0.065248761319181919 1 0.065251231655279796 1 0.066132373632358701 1 0.066854249168841112 1 0.067328377367985887 1 0.077989364036607792 1 0.08003512593170671 1 0.080085633729866643 1 0.081049732495549059 1 0.081692991409805307 1 0.082350684151019163 1 0.092371911799657508 1 0.094607043736633215 1 0.09466212832023331 1 0.095700192326571037 1 0.096208796118019232 1 0.096841142889375786 1 0.10671917921131176 1 0.10903436267016552 1 0.10904888272580796 1 0.11015739843542061 1 0.11052963567842905 1 0.1117272325516965 1 0.12111080189284512 1 0.12326499127571808 1 0.1234352175788319 1 0.12449120940993219 1 0.12475959558695747 1 0.12606904466283109 1 0.13561950855256807 1 0.13742944008825222 1 0.13783771677052314 1 0.13877253346530563 1 0.13899739480994541 1 0.14016155171420119 1 0.15031375478657513 1 0.15161652011353829 1 0.15232772873148842 1 0.1530757107423267 1 0.15332943534477034 1 0.1545710463062403 1 0.16526075455051639 1 0.16592569929867604 1 0.1669788519380285 1 0.16748032695018891 1 0.16781776168208287 1 0.16887389825531607 1 0.18046438150264654 1 0.18053168505928122 1 0.18187132529542205 1 0.18207445131154404 1 0.18250565348110606 1 0.18368522633715764 1 0.19535070412859248 1 0.19621255546394101 1 0.19696296378012412 1 0.19710174018941837 1 0.19745254596837855 1 0.19805092085165904 1 0.21073386488065779 1 0.212291317237432 1 0.21243135868784777 1 0.21278582874300872 1 0.21280844725510231 1 0.21329154321199892 1 0.22687964577448536 1 0.22833119496992432 1 0.22876993310006991 1 0.22910809431040322 1 0.22926016904592908 1 0.22945062197142466 1 0.24511534875018604 1 0.24641542145086262 1 0.24673103104568306 1 0.24674682580794421 1 0.24781568729699566 1 0.24866186790450567 1 0.26335839380203985 1 0.26439584926223597 1 0.26450083520240236 1 0.26468311051117938 1 0.26637140847315993 1 0.26787311384228152 1 0.27952629336329321 1 0.28021019079673898 1 0.28054429208292647 1 0.2806398708405799 1 0.28282373887356804 1 0.28489237713994825 1 0.29493914178784641 1 0.29543066191750295 1 0.29587746878884014 1 0.29594296843876605 1 0.29853125585341189 1 0.30111118038263662 1 0.30979280881176796 1 0.30985102558454991 1 0.31077021692582313 1 0.31088074255968146 1 0.3137623600403493 1 0.31679205080332423 1 0.32439770679474156 1 0.32460899190927828 1 0.32536593063991393 1 0.32559709618067006 1 0.32865504628718761 1 0.33206298131705786 1 0.33868574088011316 1 0.33894242485521825 1 0.3397677513146285 1 0.34015924526159991 1 0.34330561397351766 1 0.34700998106797132 1 0.35281641988163204 1 0.3534043721099181 1 0.35406283456519055 1 0.35460286908760336 1 0.35779416076765069 1 0.36170422726742341 1 0.36689110687877236 1 0.3675357515035535 1 0.36833100681566955 1 0.36896736072524461 1 0.37219434787109029 1 0.37621293387227173 1 0.38100897491016095 1 0.38191486979832601 1 0.38264805734948287 1 0.38331389095122675 1 0.38657779365615386 1 0.39060455648477616 1 0.39526230940152673 1 0.39683505452310591 1 0.39708730094715461 1 0.3977158302883439 1 0.40101659364428421 1 0.40495182382332984 1 0.40973325671799626 1 0.4113361602376453 1 0.41172145829479651 1 0.41225907808489315 1 0.41558581440361753 1 0.41933437152108988 1 0.42449546992514231 1 0.42634947908805054 1 0.42662686295413804 1 0.42707013832218782 1 0.43036779901389649 1 0.43384274217516527 1 0.43962473123414791 1 0.44176192158281025 1 0.44189355779223799 1 0.44230527881340637 1 0.44546174254864757 1 0.44858712927696665 1 0.45522829104904439 1 0.45765160505810076 1 0.45812018577656088 1 0.45812200649111479 1 0.46100876884007819 1 0.46372086338742069 1 0.4715383729888219 1 0.47416106397051017 1 0.47457330204462439 1 0.47478445135534858 1 0.47727943319097399 1 0.47952427283663923 1 0.48986332022733609 1 0.49277545055284017 1 0.4935850089142913 1 0.4936751796173946 1 0.49562208883834863 1 0.49732373558659204 1 0.50935759077507137 1 0.5124165447507999 1 0.5137828113248083 1 0.51413109304940785 1 0.51460914322348461 1 0.51552708695316907 1 0.52608800516367871 1 0.52972907072897635 1 0.53123532650684713 1 0.53142763547646965 1 0.53168316075752386 1 0.53206158181025032 1 0.5416145586937009 1 0.54615425903929504 1 0.54714215142575218 1 0.54746915817684738 1 0.54841649421240368 1 0.54868936991367212 1 0.55640109041520491 1 0.56198816106237393 1 0.56218455195520534 1 0.56301086121326638 1 0.56415368322153381 1 0.56438422836962099 1 0.57080824734044744 1 0.57696149239258521 1 0.57739657117146881 1 0.57819720214398429 1 0.57864749638464474 1 0.57966245198608946 1 0.58514133415650782 1 0.59158083944279338 1 0.59250266488260639 1 0.59250976864906268 1 0.59312966026612346 1 0.5942887322381385 1 0.59963479684829546 1 0.60613148355715885 1 0.60614100193209108 1 0.6074071351255792 1 0.60789182959968568 1 0.60924975682243732 1 0.61443567969580604 1 0.61991092674163661 1 0.62069245774573878 1 0.62219317717613398 1 0.62255879271380354 1 0.6236765335762503 1 0.6296001611114006 1 0.63408229028455321 1 0.63533709391470194 1 0.63692880237448068 1 0.63720155566769421 1 0.63793319593192632 1 0.64510440199881891 1 0.64880153154347264 1 0.65013566275259616 1 0.65167084426472699 1 0.65189014742429452 1 0.65274832043753794 1 0.66086847514300773 1 0.6640619063027825 1 0.6651583012449146 1 0.66647228299212302 1 0.66669713121373608 1 0.66751157219725776 1 0.67679306434693953 1 0.67972374709962224 1 0.68048003865678897 1 0.68139359857785442 1 0.68170313207395716 1 0.68254042897708012 1 0.69280974929970396 1 0.69564838466963153 1 0.69619144340331907 1 0.6965198381807538 1 0.69700756994417412 1 0.69731577510966536 1 0.70894943551486966 1 0.71174342908214017 1 0.7119914778007651 1 0.71242553587216306 1 0.7127546728756553 1 0.71303129051024294 1 0.72546484801882083 1 0.72809348477869695 1 0.72811867232066629 1 0.72889270241191317 1 0.72922207407100803 1 0.72945009701195596 1 0.74378427327867036 1 0.74616783669271236 1 0.74618847864521809 1 0.74648506856470909 1 0.7477797419912493 1 0.74866186704451498 1 0.76201683763982508 1 0.76411504557457632 1 0.76413945292394403 1 0.76427296759278884 1 0.76633598702919703 1 0.7678736370450685 1 0.77827820177293117 1 0.77996881061260515 1 0.78020290363550926 1 0.7803438124652643 1 0.78279912653208616 1 0.784898198088824 1 0.79409570307889499 1 0.79553742916909476 1 0.79577497561176402 1 0.79600558770603147 1 0.79854057381985732 1 0.80113229042973189 1 0.80985532827989526 1 0.81028532158247613 1 0.81086837330658301 1 0.81184783322391196 1 0.81384021757283465 1 0.81684369506719423 1 0.82535704336273785 1 0.8257060769112573 1 0.8257818283664653 1 0.82774734055247012 1 0.82884474504685546 1 0.83216543244530261 1 0.84033755991223902 1 0.84061297781405764 1 0.84164934546989179 1 0.8435736320975572 1 0.84365555254305802 1 0.84718807102599947 1 0.85542651280968773 1 0.85551054619842082 1 0.857595857010503 1 0.85835417275243209 1 0.85909154555345835 1 0.86198664009783477 1 0.8700368213628058 1 0.87026991156618094 1 0.87301267584450903 1 0.8734204255507898 1 0.87412650668917646 1 0.8766312766374702 1 0.88471676862220494 1 0.88518583644865878 1 0.88769921073867231 1 0.88866760768400632 1 0.8890118427425352 1 0.89119225129122803 1 0.89990548968341777 1 0.90022248880200229 1 0.90248187998425844 1 0.90283066516189103 1 0.90431355839270056 1 0.90574289589704038 1 0.91460290910482323 1 0.91544191989296608 1 0.9168735836183286 1 0.91743246670412115 1 0.91935272537087143 1 0.92036224338519457 1 0.92982071173292125 1 0.93092698042918831 1 0.93118398123277857 1 0.93263160705408543 1 0.93425664127355423 1 0.93513918413380259 1 0.94561617640515516 1 0.94618983205484963 1 0.94679020857450125 1 0.94817882870164849 1 0.9492575609310715 1 0.95018158479814874 1 0.96225798803579632 1 0.96258538724890153 1 0.96319616118315476 1 0.96421806841941082 1 0.96469526047163223 1 0.96564057541035786 1 0.97973036919666145 1 0.97987038896887979 1 0.98044881004241347 1 0.98102743810416615 1 0.98107030047888633 1 0.98179664899031405 1 1 4
8 -2.081922188747694 -1.9827253970229959
7 0 0  3 4 2  2.9999999999999999e-16 6.4399999999999997e-15  0.01411135146846376 0.11589816959048282  0.028643009427358309 0.22903525458033624  0.04363495999479703 0.33941125496954117 
 -2.081922188747694 4 -1.9827253970229959 4
8 -2.081922188747694 -1.9827253970229959
7 0 0  2 3 2  4.1638443774953906 -0.16970562748476681  4.1142459816330401 0.00414162690095488  4.0646475857706905 0.16970562748477391 
 -2.081922188747694 3 -1.9827253970229943 3
8 0.034474975409883757 4.7147223160459699
7 0 0  4 9 3  0.043634959994799043 0.33941125496954355  0.61975985982945758 0.33941125496953362  1.2002453692810491 0.33941125496955848  1.7851657280296394 0.33941125496952829  2.3745986457279269 0.33941125496954544  2.9640315634261896 0.33941125496955493  3.5489519221747798 0.33941125496953362  4.1294374316263713 0.33941125496954427  4.7055623314610555 0.33941125496954105 
 0.034474975409883757 5 2.3745986457279269 4 4.7147223160459699 5
8 0.034474975409883757 4.7147223160459699
7 1 0  2 5 3  1.9200000000000017 1.9827253970229963  1 -2.7600000000000016 6.5146691616469887  0.39009474880274692 -2.759999999999998 -6.7000000000000004e-16  1 -2.759999999999998 -6.5146691616469905  0.39009474880274692 1.9200000000000017 -1.9827253970229959  1
 0.034474975409883757 3 2.3745986457279269 2 4.7147223160459699 3
8 -2.0819221887476957 -1.9827253970229963
7 0 0  3 4 2  4.7491972914558556 -3.6099999999999999e-15  4.7350859399873819 0.11589816959048127  4.7205542820285054 0.22903525458032448  4.7055623314610573 0.33941125496953894 
 -2.0819221887476957 4 -1.9827253970229963 4
8 -2.0819221887476957 -1.9827253970229963
7 0 0  2 3 2  -4.4e-16 -0.16970562748477747  0.049598395862349598 0.0041416269009477702  0.099196791724699862 0.16970562748476858 
 -2.0819221887476966 3 -1.9827253970229963 3
8 0.099196791724700306 4.0646475857706923
7 0 0  1 2 2  0.099196791724700306 0.16970562748476858  4.0646475857706923 0.16970562748476858 
 0.099196791724700306 2 4.0646475857706923 2
8 0.099196791724700306 4.0646475857706923
7 0 0  1 2 2  1.9200000000000017 -1.9827253970229959  1.9200000000000017 1.9827253970229961 
 0.099196791724700306 2 4.0646475857706923 2
8 -3.6271709216487942 1.1982617014431485
7 0 0  1 2 2  7.0097562735427177 -2.4423179534058348  7.0301187217069527 2.3830717065806772 
 -3.6271709216487942 2 1.1982617014431485 2
8 -3.6271709216487942 1.1982617014431485
7 0 0  1 2 2  4.8416255317516175 -0.11313708498985164  0.01619290865967438 -0.11313708498985164 
 -3.6271709216487942 2 1.1982617014431485 2
8 1.5386412314412792 6.2785320914620399
7 1 0  2 5 3  7.0301187217069367 2.3830717065806897  1 12.995830565412103 8.4636010667530481  0.37632233139932852 12.959884610999726 -0.054688843223221727  1 12.923938656587348 -8.5729787531994912  0.37632233139932852 7.0097562735427035 -2.442317953405849  1
 1.5386412314412792 3 3.9085866614516598 2 6.2785320914620399 3
8 1.5386412314412792 6.2785320914620399
7 0 0  3 7 3  4.7432491182972871 0.056568542494909342  3.9549345751523397 0.056568542494895117  3.1653863543483851 0.056568542494919487  2.3745986457279264 0.056568542494911653  1.5838109371074713 0.056568542494916441  0.79426271630351053 0.056568542494913832  0.0059481731585665498 0.056568542494908253 
 1.5386412314412792 4 3.9085866614516598 3 6.2785320914620399 4
8 -2.4289092202056413 -2.4127163115459731
7 0 0  2 3 2  -4.4400000000000004e-15 -0.16970562748480233  0.0080964543298343 -0.14132675895428548  0.0161929086596726 -0.11313708498986585 
 -2.4289092202056501 3 -2.4127163115459731 3
8 -2.4289092202056413 -2.4127163115459731
7 0 0  2 3 2  4.7491972914558529 2.701e-14  4.7462356395343086 0.028378868530520341  4.7432491182972871 0.056568542494929451 
 -2.4289092202056413 3 -2.4127163115459731 3
8 -2.4289092202056413 -2.4127163115459731
7 0 0  2 3 2  4.8578184404112914 -0.16970562748478812  4.8497219860814553 -0.14132675895427838  4.8416255317516192 -0.11313708498986585 
 -2.4289092202056457 3 -2.4127163115459731 3
8 -2.4289092202056413 -2.4127163115459731
7 0 0  2 3 2  -1.08e-15 -4.7500000000000003e-15  0.0029616519215426699 0.02837886853053067  0.0059481731585654396 0.056568542494906407 
 -2.4289092202056413 3 -2.4127163115459731 3
8 8.9000000000000007e-16 4.8578184404112923
7 0 0  1 2 2  -4.4e-16 -0.16970562748476681  4.8578184404112923 -0.16970562748476681 
 -4.4e-16 2 4.8578184404112923 2
8 8.9000000000000007e-16 4.8578184404112923
7 0 0  1 2 2  1.2399999999999949 -2.0710907797943539  1.2399999999999949 -6.9289092202056466 
 -4.4e-16 2 4.8578184404112923 2
8 0 4.7491972914558538
7 0 0  2 5 3  1.2e-16 9.8300000000000008e-15  1.1872993228639639 2.7259999999999999e-14  2.3745986457279269 3.0699999999999998e-14  3.5618979685918917 1.1179999999999999e-14  4.7491972914558529 2.0570000000000001e-14 
 0 3 2.3745986457279269 2 4.7491972914558538 3
8 0 4.7491972914558538
7 0 0  2 5 3  0.76699400786186656 0.23999999999999999  1.9542933307258308 0.2399999999999573  3.1415926535897936 0.23999999999998578  4.3288919764537583 0.24000000000000385  5.51619129931772 0.23999999999999999 
 0 3 2.3745986457279269 2 4.7491972914558538 3
8 0.23999999999999999 5.96
7 0 0  1 2 2  1.2399999999999949 -2.0710907797943539  6.9599999999999937 -2.0710907797943539 
 0.23999999999999999 2 5.96 2
8 0.23999999999999999 5.96
7 0 0  2 3 2  5.5161912993177191 0.23999999999999999  5.5161912993177182 3.100000000000001  5.5161912993177191 5.96 
 0.23999999999999999 3 5.96 3
8 8.9000000000000007e-16 4.8578184404112923
7 0 0  1 2 2  6.9599999999999937 -2.0710907797943539  6.9599999999999937 -6.9289092202056466 
 -4.4e-16 2 4.8578184404112923 2
8 8.9000000000000007e-16 4.8578184404112923
7 0 0  1 2 2  -4.4e-16 0.16970562748476681  4.8578184404112923 0.16970562748476681 
 -4.4e-16 2 4.8578184404112923 2
8 0.23999999999999999 5.96
7 0 0  1 2 2  1.2399999999999949 -6.9289092202056466  6.9599999999999937 -6.9289092202056466 
 0.23999999999999999 2 5.96 2
8 0.23999999999999999 5.96
7 0 0  2 3 2  0.76699400786186656 0.23999999999999999  0.76699400786186656 3.100000000000001  0.76699400786186656 5.96 
 0.23999999999999999 3 5.96 3
8 0 4.7491972914558538
7 0 0  2 5 3  0.76699400786186656 5.96  1.9542933307258308 5.9599999999999635  3.1415926535897936 5.9599999999999858  4.3288919764537583 5.9599999999999955  5.51619129931772 5.96 
 0 3 2.3745986457279269 2 4.7491972914558538 3
8 0 4.7491972914558538
7 0 0  2 5 3  0 0  1.1872993228639643 -9.7200000000000002e-15  2.3745986457279269 0  3.5618979685918917 3.8400000000000001e-15  4.7491972914558529 4.7000000000000004e-16 
 0 3 2.3745986457279269 2 4.7491972914558538 3
8 -2.4289092202056435 -2.3300643767930542
7 0 0  2 3 2  4.4e-16 0.16970562748478102  0.04942242170629596 -0.0035248201808642  0.098844843412591477 -0.1697056274847597 
 -2.4289092202056453 3 -2.3300643767930542 3
8 -2.4289092202056435 -2.3300643767930542
7 0 0  3 4 2  4.7491972914558547 -5.7100000000000001e-15  4.7371447882814799 0.11548696511047196  4.72478557956914 0.22862405010026254  4.7120949726787957 0.3394112549695294 
 -2.4289092202056435 4 -2.3300643767930542 4
8 0.098844843412591921 4.7589735969986995
7 0 0  1 2 2  0.098844843412591921 -0.16970562748477391  4.7589735969986995 -0.16970562748477391 
 0.098844843412591921 2 4.7589735969986995 2
8 0.098844843412591921 4.7589735969986995
7 0 0  1 2 2  2.2800000000000002 -2.3300643767930538  2.2800000000000002 2.3300643767930538 
 0.098844843412591921 2 4.7589735969986995 2
8 -2.4289092202056435 -2.3300643767930524
7 0 0  2 3 2  4.8578184404112914 0.16970562748478102  4.808396018704995 -0.0035248201808642  4.7589735969986986 -0.1697056274847597 
 -2.4289092202056457 3 -2.3300643767930524 3
8 -2.4289092202056435 -2.3300643767930524
7 0 0  3 4 2  -2.5e-15 1.5559999999999999e-14  0.012052503174363179 0.11548696511039203  0.024411711886718632 0.2286240501002943  0.03710231877705801 0.33941125496953573 
 -2.4289092202056435 4 -2.3300643767930524 4
8 0.02926352857730783 4.7199337628785454
7 0 0  4 9 3  0.037102318777060612 0.33941125496955488  0.6158240731307103 0.33941125496954072  1.1982776000895399 0.3394112549695194  1.784517031563972 0.33941125496958868  2.3745986457279264 0.33941125496955005  2.9646802598918072 0.33941125496955138  3.5509196913663459 0.33941125496953362  4.1333732183250618 0.33941125496956559  4.7120949726787922 0.33941125496955638 
 0.02926352857730783 5 2.3745986457279269 4 4.7199337628785454 5
8 0.02926352857730783 4.7199337628785454
7 1 0  2 5 3  2.2800000000000002 2.3300643767930538  1 -3.2600000000000002 7.7510304779034218  0.38769414293519788 -3.2599999999999998 -1.1100000000000001e-15  1 -3.2599999999999989 -7.7510304779034218  0.38769414293519788 2.2799999999999994 -2.3300643767930533  1
 0.02926352857730783 3 2.3745986457279269 2 4.7199337628785454 3
Curves 39
8 0 1
7 1 0  5 6 2  -10.700140402008723 2.7822368897929346 5.8333333333333339  1 -9.3351022462573461 3.476473899986162 6.9021627339663016  0.99999999999997691 -11.564679752345127 2.680518870520296 11.415973980682541  1.0000000000000824 -10.098475843668759 3.2583650623851845 9.455423631647319  0.99999999999986278 -13.382708191503658 1.9010297271228747 12.680424732221727  1.0000000000000913 -13.567482386701695 1.7961276123979739 12.333333333333334  1
 0 6 1 6
8 0 0.13364571648488935
7 0 0  14 15 2  -13.567482386701695 1.7961276123979739 12.333333333333334  -14.278747257964691 3.3214400511381768 12.333333333333334  -15.907437873590133 4.4189505249429546 12.333333333333334  -18.273554889828265 4.7026461334063363 12.333333333333334  -20.92272755018897 3.9145084606384017 12.333333333333334  -23.190763367233284 2.062801861505251 12.333333333333334  -24.388734512381294 -0.49469358895167426 12.333333333333334  -24.072677337346899 -3.1025252434179493 12.333333333333334  -22.278120025800998 -5.020920961956354 12.333333333333334  -19.548923838907939 -5.7471482103654203 12.333333333333334  -16.672568966769983 -5.1999860347741302 12.333333333333334  -14.365965120168548 -3.6772071701368043 12.333333333333334  -13.062377863447349 -1.6823003560751046 12.333333333333334  -12.856217515438519 0.27081517366057761 12.333333333333334  -13.567482386701695 1.7961276123979679 12.333333333333334 
 0 15 1 15
8 0 1
7 0 0  6 17 4  -17.352447916416061 3.9136367916845249 12.354089577659778  -17.332148229142458 3.9136367039124362 12.35408316805564  -17.311847939978545 3.9134750377750405 12.354072250162128  -17.29154864797129 3.9131517761857544 12.354056696114698  -17.271251946308947 3.9126669355214738 12.354036328717999  -17.250959422321102 3.9120205656225755 12.35401092144585  -17.163776425536213 3.9085489863335154 12.353879090016596  -17.096942658238309 3.9041295748270861 12.353719430428635  -17.030228364077416 3.8979577566471653 12.35349276103652  -16.963689053171905 3.8900402607095503 12.353181676032825  -16.897378737265964 3.8803873034722964 12.352759822443538  -16.715179599375229 3.8489999902511629 12.351192366357887  -16.599887917986582 3.8236586559582029 12.349738211225073  -16.485745053918151 3.7930604616373018 12.347629168418147  -16.373020704007299 3.7573042647327259 12.34455001394136  -16.261980913501809 3.7165181175236781 12.340037843484144  -16.152876789518455 3.6708526242762813 12.333333333333341 
 0 7 0.099018033083872456 5 0.42553315281852783 5 1 7
8 0 1
7 0 0  6 12 3  -19.217315046546222 3.2961515029998236 12.333333333333341  -19.123700828654147 3.3640170061060912 12.335768644067906  -19.027334846595242 3.4280982000827129 12.338102052897806  -18.928359271600534 3.4881935486778346 12.340303970799157  -18.826936988946624 3.5441061965802021 12.342343859163314  -18.72325537693354 3.5956491616203645 12.344196203648783  -18.419258693947942 3.7307944150193459 12.348941566579573  -18.213751512382036 3.802987284251258 12.351325277537404  -18.002508928109574 3.8580481031274658 12.352910175700742  -17.787227518561977 3.8951075200483105 12.353709281899137  -17.56984456061441 3.9136376712096643 12.354158310725008  -17.352447916416068 3.9136367916845183 12.35408957765978 
 0 7 0.34778428075782164 5 1 7
8 0.24385565616568564 0.71766085691894688
7 0 0  14 15 2  -13.567482386701695 1.7961276123979739 12.333333333333334  -14.278747257964691 3.3214400511381768 12.333333333333334  -15.907437873590133 4.4189505249429546 12.333333333333334  -18.273554889828265 4.7026461334063363 12.333333333333334  -20.92272755018897 3.9145084606384017 12.333333333333334  -23.190763367233284 2.062801861505251 12.333333333333334  -24.388734512381294 -0.49469358895167426 12.333333333333334  -24.072677337346899 -3.1025252434179493 12.333333333333334  -22.278120025800998 -5.020920961956354 12.333333333333334  -19.548923838907939 -5.7471482103654203 12.333333333333334  -16.672568966769983 -5.1999860347741302 12.333333333333334  -14.365965120168548 -3.6772071701368043 12.333333333333334  -13.062377863447349 -1.6823003560751046 12.333333333333334  -12.856217515438519 0.27081517366057761 12.333333333333334  -13.567482386701695 1.7961276123979679 12.333333333333334 
 0 15 1 15
8 0 1
7 0 0  6 12 3  -14.793721486195935 -2.6350219512957151 12.333333333333341  -14.919897803248951 -2.7918664444959624 12.338071371896897  -15.056081637255851 -2.9405730691707905 12.341077357011004  -15.201890709172069 -3.0801307731963319 12.342955444550736  -15.356817633997334 -3.2094659428614625 12.344047548428705  -15.520183656613867 -3.3275054625133489 12.344521526434953  -15.903496202168757 -3.5646454995296226 12.344382277020383  -16.127609082602888 -3.6770855628239127 12.343478119146422  -16.361588280487339 -3.7685208618854822 12.341908141998783  -16.603185699023729 -3.8372967585039359 12.339639169204251  -16.84976985205757 -3.8821867143747024 12.336742376478115  -17.098193963037286 -3.9028143025394777 12.333333333333341 
 0 7 0.4458730141489648 5 1 7
8 0.80870787739420125 1
7 0 0  14 15 2  -13.567482386701695 1.7961276123979739 12.333333333333334  -14.278747257964691 3.3214400511381768 12.333333333333334  -15.907437873590133 4.4189505249429546 12.333333333333334  -18.273554889828265 4.7026461334063363 12.333333333333334  -20.92272755018897 3.9145084606384017 12.333333333333334  -23.190763367233284 2.062801861505251 12.333333333333334  -24.388734512381294 -0.49469358895167426 12.333333333333334  -24.072677337346899 -3.1025252434179493 12.333333333333334  -22.278120025800998 -5.020920961956354 12.333333333333334  -19.548923838907939 -5.7471482103654203 12.333333333333334  -16.672568966769983 -5.1999860347741302 12.333333333333334  -14.365965120168548 -3.6772071701368043 12.333333333333334  -13.062377863447349 -1.6823003560751046 12.333333333333334  -12.856217515438519 0.27081517366057761 12.333333333333334  -13.567482386701695 1.7961276123979679 12.333333333333334 
 0 15 1 15
8 0 1
7 0 0  14 15 2  -10.700140402008723 2.7822368897929346 5.8333333333333339  -11.932999512198126 5.4261117836090618 5.8333333333333339  -15.0334752368781 7.1991039357036941 5.8333333333333339  -19.689569068201113 7.4321241533258764 5.8333333333333339  -25.030734556134828 5.7166302821589312 5.8333333333333339  -29.739779517026786 2.1443193979159001 5.8333333333333339  -32.410013134287084 -2.5655430276461333 5.8333333333333339  -32.085715837252003 -7.190020709588187 5.8333333333333339  -28.751614690884537 -10.411003807517574 5.8333333333333339  -23.427257667924891 -11.392927393331748 5.8333333333333339  -17.663793011545788 -10.081826843217964 5.8333333333333339  -12.916413467455364 -7.0929549061519284 5.8333333333333339  -10.102037885964826 -3.3763975913930055 5.8333333333333339  -9.4672812918192299 0.13836199598096086 5.8333333333333339  -10.700140402008724 2.7822368897929373 5.8333333333333339 
 0 15 1 15
8 0.053109824047883787 0.37241589136669978
7 0 0  6 137 28  -17.352062869100671 3.913360299599717 12.333333333333334  -17.085117784686179 3.9133605593709784 12.333333333333334  -16.81802401201741 3.885411735168701 12.333333333333334  -16.554786918001231 3.8294645755060017 12.333333333333334  -16.298811366396837 3.7467311808387205 12.333333333333334  -16.053046424015168 3.6390392153577222 12.333333333333334  -15.688130270098135 3.4352543625658325 12.333333333333334  -15.560313580341351 3.3544190458847321 12.333333333333334  -15.436935509328942 3.2667961680101985 12.333333333333334  -15.318333787419801 3.1728362754569792 12.333333333333334  -15.204781215040908 3.0730005220474261 12.333333333333334  -14.976382389413917 2.8509838193054113 12.333333333333334  -14.862750778090046 2.7275533748012513 12.333333333333334  -14.755899583419472 2.5980703692903875 12.333333333333334  -14.656046757323924 2.4631429033064203 12.333333333333334  -14.563349420419165 2.3233553686650064 12.333333333333334  -14.420915947078234 2.083099098091902 12.333333333333334  -14.367148441598195 1.985023732224082 12.333333333333334  -14.31665142996196 1.8851925222301744 12.333333333333334  -14.269451644652376 1.7837636462439359 12.333333333333334  -14.225569656144822 1.6808897706170483 12.333333333333334  -14.15715310441146 1.5051285721125283 12.333333333333334  -14.130860383646633 1.4329262513114536 12.333333333333334  -14.106146631072422 1.3601588672222138 12.333333333333334  -14.083015985014516 1.2868732161037124 12.333333333333334  -14.061471801664592 1.2131151107674352 12.333333333333334  -13.991641761494709 0.95351293385679792 12.333333333333334  -13.95169461294352 0.76543058169141476 12.333333333333334  -13.92171428751157 0.57537273122600952 12.333333333333334  -13.901721978454988 0.38401330378325382 12.333333333333334  -13.891725828848424 0.19200923912713294 12.333333333333334  -13.891725828714758 -0.19200923958610394 12.333333333333334  -13.901721978176148 -0.38401330416861262 12.333333333333334  -13.921714287163407 -0.57537273153838497 12.333333333333334  -13.951694612666719 -0.76543058191340596 12.333333333333334  -13.991641761432483 -0.95351293395576242 12.333333333333334  -14.06147180196518 -1.2131151106443028 12.333333333333334  -14.083015985428039 -1.2868732159151741 12.333333333333334  -14.106146631601442 -1.3601588669643783 12.333333333333334  -14.130860384287256 -1.4329262509823331 12.333333333333334  -14.157153105152712 -1.5051285717130336 12.333333333333334  -14.22556965707907 -1.6808897700373437 12.333333333333334  -14.269451645659624 -1.7837636455585146 12.333333333333334  -14.316651430977542 -1.885192521463394 12.333333333333334  -14.367148442540232 -1.9850237314144497 12.333333333333334  -14.420915947857036 -2.0830990972907815 12.333333333333334  -14.563349420433578 -2.323355367811923 12.333333333333334  -14.656046756604988 -2.4631429024655582 12.333333333333334  -14.75589958176708 -2.5980703686616522 12.333333333333334  -14.862750775412783 -2.727553374535939 12.333333333333334  -14.976382385770822 -2.8509838194305859 12.333333333333334  -15.204781210640608 -3.0730005233294833 12.333333333333334  -15.318333783258334 -3.1728362774724079 12.333333333333334  -15.436935505700138 -3.2667961704323165 12.333333333333334  -15.56031357756809 -3.3544190482618541 12.333333333333334  -15.688130268444514 -3.4352543644302242 12.333333333333334  -15.894176751108429 -3.5503195347585357 12.333333333333334  -15.969658442848855 -3.5894762611861162 12.333333333333334  -16.04634162849559 -3.6262737418595137 12.333333333333334  -16.124145763879859 -3.6606410923471877 12.333333333333334  -16.202983343644789 -3.6925124179224023 12.333333333333334  -16.45358288686317 -3.7845970391233927 12.333333333333334  -16.628732737449795 -3.8356537244448359 12.333333333333334  -16.807242101032038 -3.8743870759820207 12.333333333333334  -16.988064521715362 -3.9003712423653525 12.333333333333334  -17.170075842512983 -3.9133603131655801 12.333333333333334  -17.479171162468759 -3.9133603462866948 12.333333333333334  -17.606283658390044 -3.907023754722847 12.333333333333334  -17.732996390622993 -3.8943505559262648 12.333333333333334  -17.85891993913981 -3.8753959382116308 12.333333333333334  -17.983679010464048 -3.8502660680855114 12.333333333333334  -18.160122837693724 -3.8056627439063657 12.333333333333334  -18.213049910947433 -3.7910885712904081 12.333333333333334  -18.265664722954199 -3.7754036482745299 12.333333333333334  -18.317939785139842 -3.7586215554618425 12.333333333333334  -18.369848635171181 -3.7407571995964046 12.333333333333334  -18.501142394556616 -3.6925124179223645 12.333333333333334  -18.579979974321525 -3.6606410923471864 12.333333333333334  -18.657784109705783 -3.6262737418595359 12.333333333333334  -18.73446729535252 -3.5894762611861193 12.333333333333334  -18.809948987092962 -3.5503195347585015 12.333333333333334  -19.015995469756955 -3.4352543644300466 12.333333333333334  -19.143812160633196 -3.3544190482620895 12.333333333333334  -19.267190232501218 -3.2667961704323396 12.333333333333334  -19.385791954943134 -3.172836277472177 12.333333333333334  -19.499344527560748 -3.0730005233295898 12.333333333333334  -19.72774335243043 -2.850983819430601 12.333333333333334  -19.841374962788837 -2.7275533745358924 12.333333333333334  -19.948226156434274 -2.5980703686616335 12.333333333333334  -20.048078981596134 -2.4631429024655711 12.333333333333334  -20.14077631776798 -2.3233553678118812 12.333333333333334  -20.283209790344326 -2.083099097290757 12.333333333333334  -20.336977295661153 -1.9850237314144379 12.333333333333334  -20.387474307223851 -1.8851925214633867 12.333333333333334  -20.434674092541755 -1.7837636455584991 12.333333333333334  -20.478556081122289 -1.6808897700373158 12.333333333333334  -20.546972633048629 -1.5051285717129923 12.333333333333334  -20.573265353914124 -1.4329262509823213 12.333333333333334  -20.597979106599961 -1.3601588669643838 12.333333333333334  -20.621109752773339 -1.2868732159151641 12.333333333333334  -20.642653936236158 -1.2131151106442628 12.333333333333334  -20.712483976768958 -0.95351293395588166 12.333333333333334  -20.752431125534535 -0.76543058191316238 12.333333333333334  -20.782411451037962 -0.57537273153836022 12.333333333333334  -20.802403760025332 -0.38401330416881096 12.333333333333334  -20.81239990948653 -0.19200923958595001 12.333333333333334  -20.812399909352884 0.19200923912722362 12.333333333333334  -20.802403759746483 0.3840133037831639 12.333333333333334  -20.782411450689779 0.57537273122603005 12.333333333333334  -20.752431125257718 0.7654305816915441 12.333333333333334  -20.712483976706736 0.95351293385674207 12.333333333333334  -20.642653936536771 1.2131151107674414 12.333333333333334  -20.621109753186847 1.2868732161037331 12.333333333333334  -20.597979107128939 1.3601588672222413 12.333333333333334  -20.573265354554731 1.4329262513114713 12.333333333333334  -20.546972633789903 1.5051285721125296 12.333333333333334  -20.478556082056542 1.6808897706170527 12.333333333333334  -20.434674093548981 1.7837636462439563 12.333333333333334  -20.387474308239394 1.8851925222302013 12.333333333333334  -20.336977296603159 1.9850237322241004 12.333333333333334  -20.283209791123131 2.0830990980919029 12.333333333333334  -20.140776317782191 2.3233553686649753 12.333333333333334  -20.04807898087741 2.4631429033065051 12.333333333333334  -19.948226154781864 2.5980703692904119 12.333333333333334  -19.841374960111292 2.7275533748012037 12.333333333333334  -19.727743348787406 2.8509838193054535 12.333333333333334  -19.499344523160403 3.0730005220474226 12.333333333333334  -19.385791950781506 3.1728362754570014 12.333333333333334  -19.267190228872384 3.266796168010198 12.333333333333334  -19.143812157859983 3.3544190458847098 12.333333333333334  -19.015995468103185 3.4352543625658436 12.333333333333334  -18.651079314186322 3.6390392153576867 12.333333333333334  -18.405314371804053 3.7467311808388843 12.333333333333334  -18.149338820200782 3.8294645755058854 12.333333333333334  -17.886101726183458 3.885411735168852 12.333333333333334  -17.619007953515343 3.9133605593709251 12.333333333333334  -17.352062869100685 3.913360299599705 12.333333333333334 
 0 7 0.069084016215476815 5 0.10816143939369861 5 0.15150930895844039 5 0.18043464657840053 5 0.20031287613801904 5 0.24999562383805876 5 0.29967837151526128 5 0.31955660106678851 5 0.34848193866957722 5 0.39182980813922086 5 0.43090723148147952 5 0.45290212127464513 5 0.49999906605313876 5 0.5328937845289452 5 0.54709740787057959 5 0.56909232053049319 5 0.60816978449918513 5 0.65151769903504086 5 0.68044306670975774 5 0.7003213169274719 5 0.75000411625673546 5 0.79968691560890104 5 0.81956516583470307 5 0.84849053352655301 5 0.89183844815736957 5 0.93091591196200196 5 1 7
8 0.17341748942623159 0.77145655126532464
7 0 0  2 3 2  -17.313151225654266 3.9166666666666723 11.416666666666666  -17.491355248124322 3.8623896577994494 14.135779838980145  -16.921039691567973 4.3333333333333304 16.666666666666668 
 0 3 1 3
8 0 1
7 0 0  6 127 26  -17.142626704431279 4.1455045332909704 15.500000000000005  -16.853131799683148 4.1455048029099189 15.500000000000005  -16.563481373776348 4.1151207139233694 15.500000000000005  -16.278024621326647 4.054300582272881 15.500000000000005  -16.00048582814809 3.9643265262564493 15.500000000000005  -15.734115618430547 3.8471421062769173 15.500000000000005  -15.341143701504034 3.626535825388197 15.500000000000005  -15.20489536869581 3.5400238173517846 15.500000000000005  -15.073365813897988 3.4463209205055785 15.500000000000002  -14.946919400869676 3.3458905489601407 15.500000000000002  -14.825855031818742 3.2392097209264188 15.500000000000002  -14.582710216832581 3.0023405835706294 15.500000000000002  -14.461889350957996 2.8708585307153576 15.500000000000002  -14.348283583964493 2.7329462553872736 15.500000000000002  -14.24214007217925 2.5892372230544578 15.500000000000002  -14.143642387026482 2.4403451122654656 15.500000000000002  -13.992523132615052 2.184643130376613 15.500000000000002  -13.935570358487697 2.0803957921143312 15.500000000000002  -13.88210872479512 1.9742808079503553 15.500000000000002  -13.832170932258805 1.8664655261836416 15.500000000000002  -13.78578285809914 1.7571122786913962 15.500000000000002  -13.713570536460136 1.5703656326705238 15.500000000000002  -13.685859459377573 1.4937023929914337 15.500000000000002  -13.659836726239572 1.4164395499056524 15.500000000000002  -13.635507808840417 1.3386270823484292 15.500000000000002  -13.612877249316856 1.2603140601764153 15.500000000000002  -13.540809787971305 0.9890855618570823 15.500000000000002  -13.499834069133549 0.79392594772112435 15.500000000000002  -13.469073370368253 0.5967643646155717 15.500000000000002  -13.448557719585969 0.39828133950286598 15.500000000000002  -13.4382998614958 0.19914288146394149 15.500000000000002  -13.438300164603655 -0.2806474966620191 15.500000000000002  -13.458671808355421 -0.56127049092277881 15.500000000000002  -13.499414304854565 -0.84007384532480878 15.500000000000002  -13.560481942610018 -1.1151777391496107 15.500000000000002  -13.641747091647128 -1.3846233242273707 15.500000000000002  -13.785782859078401 -1.7571122780975998 15.500000000000002  -13.832170933327832 -1.8664655254762084 15.500000000000002  -13.882108725887994 -1.9742808071532989 15.500000000000002  -13.935570359519497 -2.0803957912667888 15.500000000000002  -13.992523133491458 -2.184643129531771 15.500000000000002  -14.143642387129034 -2.4403451113393704 15.500000000000002  -14.242140071520527 -2.5892372221218105 15.500000000000002  -14.348283582324818 -2.7329462546634615 15.500000000000002  -14.461889348228532 -2.8708585303688485 15.500000000000002  -14.582710213062064 -3.0023405836422934 15.500000000000002  -14.825855027157662 -3.239209722229885 15.500000000000002  -14.94691939639042 -3.3458905510406409 15.500000000000002  -15.073365809904285 -3.4463209230322853 15.500000000000002  -15.204895365528296 -3.5400238198560396 15.500000000000002  -15.341143699447962 -3.6265358273744148 15.500000000000002  -15.560905153617124 -3.7499053206613149 15.500000000000002  -15.641501903147537 -3.7919638339214301 15.500000000000002  -15.723380234530939 -3.8315211077233169 15.500000000000002  -15.806454506236518 -3.8685042312433788 15.500000000000002  -15.890632150376021 -3.9028454911539385 15.500000000000002  -16.162049906397421 -4.0036517620776735 15.500000000000002  -16.353108072754015 -4.0599046734073729 15.500000000000002  -16.547905501637146 -4.1025741596213887 15.500000000000002  -16.745274330758672 -4.1311965929157282 15.500000000000002  -16.943963562090683 -4.1455045480741601 15.500000000000002  -17.278668943257436 -4.145504579657481 15.500000000000002  -17.414715269275359 -4.1387949213437771 15.500000000000002  -17.550343169872171 -4.1253756133075603 15.500000000000002  -17.685144242965954 -4.1053020550983188 15.500000000000002  -17.818723817913803 -4.0786811326284385 15.500000000000002  -18.011455856577285 -4.0304695621607722 15.500000000000002  -18.071872339065472 -4.013916766841974 15.500000000000002  -18.131913512618684 -3.9960239953962673 15.500000000000002  -18.191544177247675 -3.9768080245983657 15.500000000000002  -18.250730444239768 -3.9562873871386572 15.500000000000002  -18.394621258486584 -3.9028454911539487 15.500000000000002  -18.478798902626082 -3.8685042312433611 15.500000000000002  -18.561873174331659 -3.8315211077232845 15.500000000000002  -18.643751505715056 -3.7919638339214177 15.500000000000002  -18.724348255245467 -3.7499053206613326 15.500000000000002  -18.944109709414629 -3.6265358273744992 15.500000000000002  -19.080358043334318 -3.5400238198558727 15.500000000000002  -19.211887598958306 -3.4463209230322787 15.500000000000002  -19.338334012472149 -3.3458905510407884 15.500000000000002  -19.459398381704951 -3.239209722229766 15.500000000000002  -19.702543195800516 -3.0023405836422321 15.500000000000002  -19.823364060634045 -2.8708585303689156 15.500000000000002  -19.936969826537805 -2.7329462546634371 15.500000000000005  -20.043113337342103 -2.5892372221217062 15.500000000000005  -20.141611021733517 -2.440345111339413 15.500000000000005  -20.292730275371145 -2.1846431295317528 15.500000000000005  -20.349683049343088 -2.0803957912667688 15.500000000000005  -20.403144682974581 -1.974280807153278 15.500000000000005  -20.453082475534753 -1.866465525476189 15.500000000000005  -20.499470549784206 -1.7571122780975827 15.500000000000005  -20.643506317215337 -1.3846233242275108 15.500000000000005  -20.724771466252736 -1.1151777391493751 15.500000000000005  -20.785839104008019 -0.84007384532475271 15.500000000000005  -20.826581600506991 -0.56127049092295633 15.500000000000005  -20.846953244259019 -0.28064749666191319 15.500000000000005  -20.846953547366713 0.1991428814638404 15.500000000000005  -20.836695689276688 0.3982813395030898 15.500000000000005  -20.816180038494313 0.59676436461558469 15.500000000000005  -20.785419339728932 0.79392594772093628 15.500000000000005  -20.744443620891335 0.98908556185723695 15.500000000000005  -20.672376159545742 1.2603140601764544 15.500000000000005  -20.649745600022147 1.3386270823484425 15.500000000000005  -20.625416682622976 1.4164395499056506 15.500000000000005  -20.599393949484988 1.4937023929914464 15.500000000000005  -20.571682872402455 1.5703656326705606 15.500000000000005  -20.49947055076343 1.7571122786914084 15.500000000000005  -20.453082476603761 1.8664655261836565 15.500000000000005  -20.403144684067449 1.9742808079503726 15.500000000000005  -20.349683050374868 2.0803957921143499 15.500000000000005  -20.292730276247511 2.1846431303766298 15.500000000000005  -20.141611021836013 2.4403451122655193 15.500000000000005  -20.043113336683401 2.5892372230544232 15.500000000000005  -19.936969824898046 2.7329462553872914 15.500000000000005  -19.823364057904431 2.8708585307154273 15.500000000000005  -19.702543192030031 3.0023405835706125 15.500000000000005  -19.45939837704378 3.2392097209264348 15.500000000000005  -19.338334007992877 3.3458905489601265 15.500000000000005  -19.211887594964523 3.4463209205055856 15.500000000000005  -19.080358040166683 3.5400238173518046 15.500000000000005  -18.944109707358539 3.6265358253881748 15.500000000000005  -18.551137790432161 3.8471421062768636 15.500000000000005  -18.284767580713847 3.9643265262567104 15.500000000000005  -18.007228787536928 4.0543005822725666 15.500000000000005  -17.721772035085447 4.1151207139236403 15.500000000000005  -17.432121609179656 4.1455048029097998 15.500000000000005  -17.142626704431287 4.1455045332909588 15.500000000000005 
 0 7 0.070384939036206143 5 0.10956480246507483 5 0.15290973639406502 5 0.18177180761482409 5 0.20158403160493202 5 0.24999515065160194 5 0.31821980721072279 5 0.34708184020469746 5 0.39042671665330198 5 0.429606528362941 5 0.45169846534603547 5 0.49999906348035322 5 0.53307475642308344 5 0.54830109918903958 5 0.57039305747008406 5 0.60957290695136557 5 0.65291782518699482 5 0.68177988600570438 5 0.75000460833750415 5 0.79841577405547837 5 0.8182280171457712 5 0.84709011619133256 5 0.89043509190747983 5 0.92961499310820661 5 1 7
8 0.48903697760952114 0.91385759108778053
7 0 0  6 137 28  -17.352062869100671 3.913360299599717 12.333333333333334  -17.085117784686179 3.9133605593709784 12.333333333333334  -16.81802401201741 3.885411735168701 12.333333333333334  -16.554786918001231 3.8294645755060017 12.333333333333334  -16.298811366396837 3.7467311808387205 12.333333333333334  -16.053046424015168 3.6390392153577222 12.333333333333334  -15.688130270098135 3.4352543625658325 12.333333333333334  -15.560313580341351 3.3544190458847321 12.333333333333334  -15.436935509328942 3.2667961680101985 12.333333333333334  -15.318333787419801 3.1728362754569792 12.333333333333334  -15.204781215040908 3.0730005220474261 12.333333333333334  -14.976382389413917 2.8509838193054113 12.333333333333334  -14.862750778090046 2.7275533748012513 12.333333333333334  -14.755899583419472 2.5980703692903875 12.333333333333334  -14.656046757323924 2.4631429033064203 12.333333333333334  -14.563349420419165 2.3233553686650064 12.333333333333334  -14.420915947078234 2.083099098091902 12.333333333333334  -14.367148441598195 1.985023732224082 12.333333333333334  -14.31665142996196 1.8851925222301744 12.333333333333334  -14.269451644652376 1.7837636462439359 12.333333333333334  -14.225569656144822 1.6808897706170483 12.333333333333334  -14.15715310441146 1.5051285721125283 12.333333333333334  -14.130860383646633 1.4329262513114536 12.333333333333334  -14.106146631072422 1.3601588672222138 12.333333333333334  -14.083015985014516 1.2868732161037124 12.333333333333334  -14.061471801664592 1.2131151107674352 12.333333333333334  -13.991641761494709 0.95351293385679792 12.333333333333334  -13.95169461294352 0.76543058169141476 12.333333333333334  -13.92171428751157 0.57537273122600952 12.333333333333334  -13.901721978454988 0.38401330378325382 12.333333333333334  -13.891725828848424 0.19200923912713294 12.333333333333334  -13.891725828714758 -0.19200923958610394 12.333333333333334  -13.901721978176148 -0.38401330416861262 12.333333333333334  -13.921714287163407 -0.57537273153838497 12.333333333333334  -13.951694612666719 -0.76543058191340596 12.333333333333334  -13.991641761432483 -0.95351293395576242 12.333333333333334  -14.06147180196518 -1.2131151106443028 12.333333333333334  -14.083015985428039 -1.2868732159151741 12.333333333333334  -14.106146631601442 -1.3601588669643783 12.333333333333334  -14.130860384287256 -1.4329262509823331 12.333333333333334  -14.157153105152712 -1.5051285717130336 12.333333333333334  -14.22556965707907 -1.6808897700373437 12.333333333333334  -14.269451645659624 -1.7837636455585146 12.333333333333334  -14.316651430977542 -1.885192521463394 12.333333333333334  -14.367148442540232 -1.9850237314144497 12.333333333333334  -14.420915947857036 -2.0830990972907815 12.333333333333334  -14.563349420433578 -2.323355367811923 12.333333333333334  -14.656046756604988 -2.4631429024655582 12.333333333333334  -14.75589958176708 -2.5980703686616522 12.333333333333334  -14.862750775412783 -2.727553374535939 12.333333333333334  -14.976382385770822 -2.8509838194305859 12.333333333333334  -15.204781210640608 -3.0730005233294833 12.333333333333334  -15.318333783258334 -3.1728362774724079 12.333333333333334  -15.436935505700138 -3.2667961704323165 12.333333333333334  -15.56031357756809 -3.3544190482618541 12.333333333333334  -15.688130268444514 -3.4352543644302242 12.333333333333334  -15.894176751108429 -3.5503195347585357 12.333333333333334  -15.969658442848855 -3.5894762611861162 12.333333333333334  -16.04634162849559 -3.6262737418595137 12.333333333333334  -16.124145763879859 -3.6606410923471877 12.333333333333334  -16.202983343644789 -3.6925124179224023 12.333333333333334  -16.45358288686317 -3.7845970391233927 12.333333333333334  -16.628732737449795 -3.8356537244448359 12.333333333333334  -16.807242101032038 -3.8743870759820207 12.333333333333334  -16.988064521715362 -3.9003712423653525 12.333333333333334  -17.170075842512983 -3.9133603131655801 12.333333333333334  -17.479171162468759 -3.9133603462866948 12.333333333333334  -17.606283658390044 -3.907023754722847 12.333333333333334  -17.732996390622993 -3.8943505559262648 12.333333333333334  -17.85891993913981 -3.8753959382116308 12.333333333333334  -17.983679010464048 -3.8502660680855114 12.333333333333334  -18.160122837693724 -3.8056627439063657 12.333333333333334  -18.213049910947433 -3.7910885712904081 12.333333333333334  -18.265664722954199 -3.7754036482745299 12.333333333333334  -18.317939785139842 -3.7586215554618425 12.333333333333334  -18.369848635171181 -3.7407571995964046 12.333333333333334  -18.501142394556616 -3.6925124179223645 12.333333333333334  -18.579979974321525 -3.6606410923471864 12.333333333333334  -18.657784109705783 -3.6262737418595359 12.333333333333334  -18.73446729535252 -3.5894762611861193 12.333333333333334  -18.809948987092962 -3.5503195347585015 12.333333333333334  -19.015995469756955 -3.4352543644300466 12.333333333333334  -19.143812160633196 -3.3544190482620895 12.333333333333334  -19.267190232501218 -3.2667961704323396 12.333333333333334  -19.385791954943134 -3.172836277472177 12.333333333333334  -19.499344527560748 -3.0730005233295898 12.333333333333334  -19.72774335243043 -2.850983819430601 12.333333333333334  -19.841374962788837 -2.7275533745358924 12.333333333333334  -19.948226156434274 -2.5980703686616335 12.333333333333334  -20.048078981596134 -2.4631429024655711 12.333333333333334  -20.14077631776798 -2.3233553678118812 12.333333333333334  -20.283209790344326 -2.083099097290757 12.333333333333334  -20.336977295661153 -1.9850237314144379 12.333333333333334  -20.387474307223851 -1.8851925214633867 12.333333333333334  -20.434674092541755 -1.7837636455584991 12.333333333333334  -20.478556081122289 -1.6808897700373158 12.333333333333334  -20.546972633048629 -1.5051285717129923 12.333333333333334  -20.573265353914124 -1.4329262509823213 12.333333333333334  -20.597979106599961 -1.3601588669643838 12.333333333333334  -20.621109752773339 -1.2868732159151641 12.333333333333334  -20.642653936236158 -1.2131151106442628 12.333333333333334  -20.712483976768958 -0.95351293395588166 12.333333333333334  -20.752431125534535 -0.76543058191316238 12.333333333333334  -20.782411451037962 -0.57537273153836022 12.333333333333334  -20.802403760025332 -0.38401330416881096 12.333333333333334  -20.81239990948653 -0.19200923958595001 12.333333333333334  -20.812399909352884 0.19200923912722362 12.333333333333334  -20.802403759746483 0.3840133037831639 12.333333333333334  -20.782411450689779 0.57537273122603005 12.333333333333334  -20.752431125257718 0.7654305816915441 12.333333333333334  -20.712483976706736 0.95351293385674207 12.333333333333334  -20.642653936536771 1.2131151107674414 12.333333333333334  -20.621109753186847 1.2868732161037331 12.333333333333334  -20.597979107128939 1.3601588672222413 12.333333333333334  -20.573265354554731 1.4329262513114713 12.333333333333334  -20.546972633789903 1.5051285721125296 12.333333333333334  -20.478556082056542 1.6808897706170527 12.333333333333334  -20.434674093548981 1.7837636462439563 12.333333333333334  -20.387474308239394 1.8851925222302013 12.333333333333334  -20.336977296603159 1.9850237322241004 12.333333333333334  -20.283209791123131 2.0830990980919029 12.333333333333334  -20.140776317782191 2.3233553686649753 12.333333333333334  -20.04807898087741 2.4631429033065051 12.333333333333334  -19.948226154781864 2.5980703692904119 12.333333333333334  -19.841374960111292 2.7275533748012037 12.333333333333334  -19.727743348787406 2.8509838193054535 12.333333333333334  -19.499344523160403 3.0730005220474226 12.333333333333334  -19.385791950781506 3.1728362754570014 12.333333333333334  -19.267190228872384 3.266796168010198 12.333333333333334  -19.143812157859983 3.3544190458847098 12.333333333333334  -19.015995468103185 3.4352543625658436 12.333333333333334  -18.651079314186322 3.6390392153576867 12.333333333333334  -18.405314371804053 3.7467311808388843 12.333333333333334  -18.149338820200782 3.8294645755058854 12.333333333333334  -17.886101726183458 3.885411735168852 12.333333333333334  -17.619007953515343 3.9133605593709251 12.333333333333334  -17.352062869100685 3.913360299599705 12.333333333333334 
 0 7 0.069084016215476815 5 0.10816143939369861 5 0.15150930895844039 5 0.18043464657840053 5 0.20031287613801904 5 0.24999562383805876 5 0.29967837151526128 5 0.31955660106678851 5 0.34848193866957722 5 0.39182980813922086 5 0.43090723148147952 5 0.45290212127464513 5 0.49999906605313876 5 0.5328937845289452 5 0.54709740787057959 5 0.56909232053049319 5 0.60816978449918513 5 0.65151769903504086 5 0.68044306670975774 5 0.7003213169274719 5 0.75000411625673546 5 0.79968691560890104 5 0.81956516583470307 5 0.84849053352655301 5 0.89183844815736957 5 0.93091591196200196 5 1 7
8 0.76699400786186667 5.51619129931772
7 1 0  2 5 3  -14.866666666666667 1.7349351572897473 5.8333333333333339  1 -19.166666666666671 6.1961969903205274 5.8333333333333339  0.374165738677394 -19.166666666666668 -7.9999999999999998e-16 5.8333333333333339  1 -19.166666666666661 -6.1961969903205301 5.8333333333333339  0.374165738677394 -14.866666666666667 -1.7349351572897469 5.8333333333333339  1
 0.76699400786186667 3 3.1415926535897936 2 5.51619129931772 3
8 -1.7512643226234572 2.4125800548719365
7 0 0  1 2 2  -14.866666666666667 -1.7349351572897473 5.8333333333333339  -14.866666666666667 1.7349351572897476 5.8333333333333339 
 -1.7512643226234572 2 2.4125800548719365 2
8 0 1
7 0 0  3 382 380  -13.044586939069944 2.0000000000000001e-17 15.500000000000002  -13.055238354497272 0.18823656837156538 15.500000000000002  -13.095531366816695 0.37706568146157937 15.500000000000005  -13.146813800526516 0.56578479865449349 15.500000000000002  -13.14906955883075 0.57403549937120968 15.500000000000002  -13.150985162570302 0.5810140145843572 15.500000000000002  -13.152921011057556 0.5880226620554152 15.500000000000002  -13.195717665079187 0.74229651649379613 15.500000000000002  -13.246607621401884 0.90186219933256595 15.500000000000002  -13.265703358362883 1.063911582192054 15.499999999999998  -13.267327204288293 1.079525183838582 15.499999999999998  -13.268325863170864 1.0899699690639797 15.500000000000002  -13.269223885491739 1.1008097449383489 15.500000000000002  -13.279858110751153 1.2429981216298278 15.499999999999998  -13.262253977522816 1.3973500455987682 15.500000000000002  -13.262076203628695 1.5519618295331672 15.500000000000002  -13.262372088382593 1.574606789679923 15.500000000000002  -13.262698052734834 1.5902146881172627 15.500000000000002  -13.26337555678028 1.6087203772131062 15.500000000000002  -13.270034347428767 1.7434908325552372 15.500000000000002  -13.299953863419955 1.8903907349191156 15.500000000000002  -13.357913102250148 2.0197557560625716 15.500000000000002  -13.370187314682877 2.0450025033346755 15.500000000000002  -13.377853276117223 2.0601618064393143 15.500000000000002  -13.388325212699852 2.0794526618659521 15.500000000000002  -13.450480974740948 2.1881275323893123 15.500000000000005  -13.544330211119158 2.293507502825276 15.500000000000002  -13.62763307239133 2.3998086919580914 15.500000000000002  -13.64705397223509 2.4256421582210215 15.500000000000002  -13.65742539546974 2.4397249478645198 15.500000000000002  -13.671201364536188 2.4591998857102437 15.500000000000002  -13.73827757137472 2.5576135171782828 15.500000000000002  -13.796242603527267 2.680958957688647 15.500000000000002  -13.840441646644519 2.8051628344234714 15.500000000000002  -13.851935627609308 2.8390120158721293 15.500000000000002  -13.857363281591899 2.8553642069476419 15.500000000000002  -13.864568421969294 2.8777163688767025 15.500000000000002  -13.900376600219596 2.9911230806227 15.500000000000005  -13.935850072164605 3.1268302270780182 15.500000000000002  -13.989363138425864 3.2426240633523826 15.500000000000002  -14.005832897396568 3.2742964063929625 15.500000000000002  -14.013289118622096 3.2878732485103721 15.500000000000002  -14.02741764896545 3.3116738394916649 15.500000000000002  -14.088664462560047 3.4066853024061672 15.499999999999998  -14.189962430500616 3.4970261813704973 15.499999999999998  -14.294883433731508 3.5688539302228239 15.499999999999998  -14.325617750139017 3.5890591052728382 15.499999999999998  -14.339304837969514 3.5978703550516644 15.500000000000002  -14.363558270547355 3.6131911549182449 15.500000000000002  -14.466637365368559 3.6769170855233422 15.499999999999998  -14.586124666290713 3.7428545808769531 15.500000000000002  -14.684736188306671 3.8159993899861386 15.500000000000002  -14.710365180856678 3.836400176237746 15.500000000000002  -14.722862312823182 3.8467996419780488 15.500000000000002  -14.741038454863199 3.8625742500042914 15.500000000000002  -14.829212742085728 3.9431218641181909 15.500000000000002  -14.905064094248782 4.05320899508017 15.499999999999998  -14.983666056184777 4.1572184367586829 15.500000000000002  -15.001859460620819 4.1806247711846547 15.500000000000002  -15.013331698126526 4.1950188118142462 15.500000000000002  -15.028556573360378 4.2137320850144402 15.500000000000002  -15.112960956548717 4.3141820722698681 15.500000000000002  -15.217664239884801 4.4050508304770677 15.500000000000005  -15.33286290532164 4.4678036486813433 15.500000000000002  -15.353789489069317 4.4782803909395623 15.500000000000002  -15.371865653838102 4.486603625467799 15.500000000000002  -15.390096366579209 4.494603864728024 15.500000000000002  -15.516422613336099 4.545533325451629 15.500000000000002  -15.652229012310048 4.5592364365319105 15.500000000000005  -15.789042915440879 4.5810742800003288 15.500000000000002  -15.805959502734218 4.5839001519912923 15.500000000000002  -15.826626094621481 4.5876243196745161 15.500000000000002  -15.84558733699731 4.5911501613180796 15.500000000000002  -15.98374886300439 4.6191031406640173 15.500000000000002  -16.119706884658008 4.6705935275502144 15.500000000000002  -16.245969881572275 4.7348461937465078 15.500000000000002  -16.262529942435528 4.7435548676317421 15.500000000000002  -16.274221651766801 4.7498107526432198 15.500000000000002  -16.284462865043889 4.7553422759232395 15.500000000000002  -16.412374737945875 4.8256723927838188 15.500000000000002  -16.545406062312559 4.9173378107907419 15.500000000000002  -16.685051636197851 4.9708402344605167 15.500000000000002  -16.705196103361896 4.9777670114085382 15.500000000000002  -16.710289114242194 4.9794600273273515 15.500000000000002  -16.718782119273541 4.9822071173726359 15.500000000000002  -16.858407944950006 5.0256969617124723 15.499999999999998  -17.027320406030388 5.0249341641589025 15.499999999999998  -17.194180634689207 5.0062838006327226 15.499999999999998  -17.218141161841956 5.0033406273798748 15.499999999999998  -17.228117096831379 5.0020728943147166 15.499999999999998  -17.235420372054541 5.0011263280908604 15.499999999999998  -17.407061641286418 4.9785852758884399 15.499999999999998  -17.585887411518485 4.9410151008318302 15.499999999999998  -17.765400705702785 4.9370441822811753 15.500000000000002  -17.782347018123264 4.9370099190625751 15.500000000000002  -17.796891541249032 4.9370420218452518 15.500000000000002  -17.816946333256421 4.9373642348494124 15.500000000000002  -17.989510671418746 4.9440008551230683 15.500000000000002  -18.162213777785283 4.9796384331828074 15.500000000000005  -18.331789192734188 5.003242104414654 15.500000000000002  -18.346001564068853 5.0051363251645649 15.500000000000002  -18.367207363896117 5.0079305802123582 15.500000000000002  -18.403519190898866 5.0123476824107716 15.500000000000002  -18.563752519831549 5.0282768465356122 15.500000000000002  -18.713176485236655 5.0266623931496568 15.499999999999998  -18.839847713934311 4.9913223593807663 15.500000000000002  -18.85090202253026 4.9879626330825246 15.499999999999998  -18.876771585533604 4.9798332472579467 15.499999999999998  -18.919156788925097 4.9641723886372624 15.499999999999998  -19.055406938355993 4.902183655228443 15.500000000000002  -19.169712364093339 4.8274275845289605 15.499999999999998  -19.272508372907488 4.7700016100191363 15.500000000000002  -19.281930984433558 4.7648258704666482 15.500000000000002  -19.311084613216888 4.7489629475938502 15.500000000000002  -19.360726684962962 4.7232722467695982 15.500000000000002  -19.494410308809563 4.6615413647011863 15.500000000000002  -19.607963977111751 4.6233963751266094 15.499999999999998  -19.708066717950675 4.601609124207414 15.499999999999998  -19.719381607916585 4.5992892249717379 15.500000000000002  -19.760183644789802 4.5913685047621957 15.500000000000002  -19.823535902603496 4.5810044361403275 15.500000000000002  -19.966336894313642 4.5603806172601793 15.500000000000002  -20.079099646819653 4.539327786622013 15.500000000000002  -20.163251248963125 4.5079428512075017 15.500000000000005  -20.174934877599309 4.5032911561777222 15.500000000000005  -20.214036570971544 4.486728916523365 15.500000000000005  -20.277023628264423 4.4545707394492302 15.500000000000002  -20.392740913136947 4.3760147526898798 15.500000000000002  -20.473709266791953 4.2985465780729806 15.499999999999998  -20.528245258417179 4.2358690521813349 15.500000000000002  -20.538490242465897 4.2237461361637774 15.500000000000002  -20.568289883807758 4.1874678525707356 15.500000000000002  -20.615342392107006 4.1255769981895281 15.500000000000002  -20.694313006623762 4.0162323796423642 15.500000000000002  -20.760090425916594 3.9335372748167581 15.500000000000005  -20.812026871998402 3.882227006690151 15.500000000000005  -20.8255017293667 3.8695700436775899 15.500000000000002  -20.859329373745595 3.8392219853535732 15.500000000000002  -20.921922452049767 3.7902604059285792 15.500000000000002  -21.030797080121491 3.7194174333453329 15.500000000000002  -21.121555940827847 3.6663707718280212 15.500000000000002  -21.182980044328776 3.6288086427903519 15.500000000000002  -21.202178930085985 3.6168984464562057 15.500000000000002  -21.245077439643094 3.5898221195099884 15.500000000000002  -21.316561986251283 3.5422648513769701 15.500000000000002  -21.418584895131985 3.4626335275045634 15.500000000000002  -21.488933560842106 3.3890901329547307 15.500000000000005  -21.527832846392926 3.3352050354088014 15.500000000000002  -21.540926512623553 3.3153454157228723 15.500000000000002  -21.566052342550542 3.2742593207695849 15.500000000000002  -21.602766149797429 3.2000385487842538 15.500000000000002  -21.64584872104637 3.0804566842060135 15.500000000000002  -21.676955277996885 2.9737064445934407 15.500000000000002  -21.697330135140405 2.906592006523784 15.500000000000002  -21.705247200629806 2.8813131197321455 15.500000000000002  -21.718915242738841 2.8383339563313865 15.500000000000002  -21.74620894213869 2.7584415613243785 15.500000000000002  -21.794141644852761 2.6400709951181676 15.500000000000002  -21.843913603205976 2.5435682692105139 15.500000000000002  -21.881968655787382 2.4834970460095485 15.500000000000002  -21.896844737205491 2.4614893982304444 15.500000000000002  -21.922371924249607 2.4247598931353123 15.500000000000002  -21.971520211810951 2.3610012765127752 15.500000000000002  -22.054746701637338 2.2609528770052889 15.500000000000002  -22.125364061297873 2.171184920258566 15.500000000000002  -22.16648034812976 2.1061547363637279 15.500000000000002  -22.180069128287279 2.0826174968068543 15.500000000000002  -22.200789402000002 2.0455833458660435 15.500000000000002  -22.233473235124062 1.9763742960840291 15.500000000000002  -22.276643273873365 1.8494192998584256 15.500000000000002  -22.29956161808192 1.7286726877554426 15.500000000000002  -22.306657174115987 1.6426179887665002 15.500000000000002  -22.308177591728764 1.6139871373055552 15.500000000000002  -22.310002458031079 1.5744766646269202 15.500000000000002  -22.310225614704304 1.5030869298208323 15.500000000000002  -22.304708081967931 1.3657085674770961 15.500000000000002  -22.297335895165851 1.2369906677458109 15.500000000000002  -22.300108199644047 1.1372729057928048 15.500000000000002  -22.302133822465127 1.1071068234181722 15.500000000000002  -22.304720356517951 1.0721292418304751 15.500000000000002  -22.311457840624161 1.0139798225887207 15.500000000000002  -22.336671923778383 0.87537787976251058 15.499999999999998  -22.374355949473866 0.74035555295716382 15.500000000000002  -22.407182045785291 0.62862942395738197 15.500000000000002  -22.416892308197692 0.59515414827680269 15.500000000000002  -22.426191129272773 0.56298375078861806 15.500000000000002  -22.440733825194314 0.51182472348391017 15.500000000000002  -22.482705128249481 0.35562348271168648 15.500000000000002  -22.516702029093072 0.19416669101922912 15.500000000000005  -22.526480082930849 0.047334474415072103 15.500000000000005  -22.527261971259325 0.00751526995690153 15.500000000000005  -22.527495177235576 -0.022222854004443199 15.500000000000005  -22.526762960210718 -0.061285400730732159 15.500000000000007  -22.516593049346675 -0.22513999695924808 15.500000000000007  -22.479562499022261 -0.40050682153351264 15.500000000000002  -22.434001610222055 -0.57133995819448569 15.500000000000002  -22.420407750805822 -0.62077786888060926 15.500000000000002  -22.414128503065374 -0.64346532207015072 15.500000000000002  -22.40912376784441 -0.66150635980820449 15.500000000000002  -22.374772644465107 -0.78509714448661372 15.500000000000002  -22.332176344573206 -0.9406988874619967 15.500000000000002  -22.308211473937011 -1.1036036381590677 15.500000000000002  -22.303380642477418 -1.1592232642755538 15.500000000000005  -22.302053891694982 -1.1796118090812078 15.500000000000002  -22.30154100819064 -1.1882365411271678 15.500000000000002  -22.29603257713266 -1.294636265918963 15.500000000000005  -22.305527273593498 -1.4472153272304578 15.500000000000002  -22.310575424318376 -1.6076574332888987 15.500000000000002  -22.309593225980059 -1.6701140176624041 15.500000000000002  -22.308899195761342 -1.6942620301197624 15.500000000000002  -22.308206385948338 -1.710787124671123 15.500000000000002  -22.302846167160236 -1.8062336094251372 15.500000000000002  -22.281097021812286 -1.9515536129512734 15.500000000000002  -22.233406568580072 -2.0875515567726421 15.500000000000002  -22.203951607336528 -2.1509633067099307 15.500000000000002  -22.193947120165681 -2.1715504242690784 15.500000000000002  -22.18308272636953 -2.1920710717695036 15.500000000000002  -22.142803670768743 -2.2637658444576032 15.500000000000002  -22.062527820427814 -2.3730727857293239 15.500000000000002  -21.974166674892018 -2.479888943225744 15.500000000000002  -21.927751356594133 -2.5427034430375586 15.500000000000002  -21.91733877089705 -2.5571391726721644 15.500000000000002  -21.903631470090499 -2.57670560715736 15.500000000000002  -21.862740464405547 -2.6373171659583154 15.499999999999998  -21.797448146570503 -2.7565214079258076 15.500000000000002  -21.747607933432892 -2.883649682334783 15.499999999999998  -21.722309797711127 -2.9585800991231843 15.500000000000002  -21.71707220157618 -2.974378356778717 15.500000000000002  -21.711094531086733 -2.9926340085462657 15.500000000000002  -21.687907271863335 -3.0658581192610455 15.500000000000002  -21.649429108515235 -3.2018163603456542 15.500000000000002  -21.60735324535489 -3.3208444874421077 15.500000000000002  -21.571389132580734 -3.3932824282551888 15.500000000000002  -21.562871510574105 -3.4094391172878487 15.500000000000002  -21.546804699330998 -3.4372857825767054 15.500000000000002  -21.507929305626721 -3.498538383947229 15.500000000000005  -21.424061853682588 -3.5916738523238463 15.500000000000007  -21.326370449517789 -3.6669688259379805 15.500000000000007  -21.256874151988395 -3.7146392336325214 15.500000000000002  -21.232814338323639 -3.7305249107153315 15.500000000000002  -21.205508015519232 -3.7481334286059185 15.500000000000005  -21.137409143539848 -3.7912897248680677 15.500000000000005  -21.030409032476744 -3.855025196888004 15.500000000000002  -20.928434027937627 -3.9239822726603468 15.500000000000002  -20.868589765876674 -3.9713737167566094 15.500000000000002  -20.844137384477552 -3.9925486364492357 15.500000000000002  -20.824426031828381 -4.0108217723744044 15.500000000000002  -20.763461451334909 -4.0694991530728188 15.500000000000002  -20.690089250801705 -4.1662823278335805 15.500000000000002  -20.615849721928502 -4.2733320422086436 15.500000000000002  -20.574571888010915 -4.3304027322003202 15.500000000000005  -20.554600625582204 -4.356924935585587 15.500000000000005  -20.537300795957542 -4.3790875672838778 15.500000000000005  -20.47548350116648 -4.4564873124524151 15.500000000000005  -20.382007257794566 -4.5506444386619549 15.500000000000002  -20.273562840825861 -4.6259283640714317 15.500000000000002  -20.222469324012568 -4.6556968929789013 15.500000000000002  -20.197892197144938 -4.6685173478388107 15.500000000000002  -20.175638809328198 -4.6792521664194338 15.500000000000002  -20.077139664254975 -4.7241960601768858 15.500000000000002  -19.941930449171636 -4.7537855114898315 15.500000000000002  -19.806715079581409 -4.7828060901516292 15.500000000000002  -19.759105142394812 -4.7941446741418225 15.500000000000002  -19.73871181664105 -4.7992813027911545 15.500000000000002  -19.717572788168415 -4.8048754961996263 15.500000000000002  -19.60094251320491 -4.8372455900718982 15.500000000000005  -19.465447631502176 -4.8958854418741549 15.500000000000002  -19.339323098734507 -4.9685340228033494 15.500000000000002  -19.305471443929093 -4.9892153817085232 15.500000000000005  -19.293109678188763 -4.996878022907735 15.500000000000005  -19.282914430665311 -5.0032821866726787 15.500000000000002  -19.170530066783165 -5.074769676128037 15.500000000000002  -19.043030280324817 -5.1715726252733019 15.500000000000002  -18.905204727367842 -5.2381309767647402 15.500000000000002  -18.87180467265647 -5.2518733785141389 15.500000000000002  -18.862037699113383 -5.2557362055111705 15.500000000000002  -18.851934267743076 -5.2595466210601618 15.500000000000002  -18.724615466103081 -5.3056748034824937 15.500000000000002  -18.559122823500164 -5.3181256045016001 15.500000000000002  -18.395738920523407 -5.30830256162848 15.500000000000002  -18.358743879164919 -5.305412988385684 15.500000000000002  -18.346576220081943 -5.3043966169364021 15.500000000000002  -18.33224941071256 -5.3031024330670613 15.500000000000002  -18.172162333887709 -5.2881198237203808 15.500000000000002  -17.994512841703717 -5.2565985715074683 15.500000000000002  -17.820408402388193 -5.2530834193367655 15.500000000000002  -17.79233337760833 -5.2533270507259688 15.500000000000002  -17.775578822542986 -5.2535364240994795 15.500000000000002  -17.749879123878419 -5.2543628673020741 15.500000000000002  -17.588516397979955 -5.2634151307395607 15.500000000000002  -17.418659435933151 -5.2972699520533384 15.500000000000002  -17.253169585485121 -5.3195679223809025 15.499999999999998  -17.22894155546339 -5.3225129528951287 15.499999999999998  -17.205083705835865 -5.3253895977057741 15.499999999999998  -17.16479708151282 -5.3296901495885818 15.499999999999998  -17.013290466003834 -5.3414759568354278 15.500000000000002  -16.866065934587851 -5.3364042173337207 15.499999999999998  -16.742920029495238 -5.3010392175932965 15.499999999999996  -16.722597461900477 -5.2942260293591579 15.499999999999996  -16.694832104277062 -5.2846580498448503 15.499999999999996  -16.649687416790609 -5.2661472302898478 15.499999999999996  -16.521121558675762 -5.2012441894957799 15.499999999999998  -16.408371512919668 -5.1222027241876837 15.499999999999998  -16.309930414272028 -5.0593427161020266 15.500000000000002  -16.292553207605661 -5.0485195111695678 15.500000000000002  -16.265188363569699 -5.0315960470154488 15.500000000000002  -16.215941208223164 -5.0024207840811696 15.500000000000002  -16.086365667213318 -4.9324639923222975 15.500000000000002  -15.971875284941719 -4.8845300689586866 15.500000000000002  -15.873027015458963 -4.8550461692412208 15.500000000000002  -15.852707395974397 -4.8492473749211884 15.500000000000002  -15.816234555484021 -4.8394792777640268 15.500000000000002  -15.754376796192604 -4.8245350749644427 15.500000000000002  -15.613600994216922 -4.7934754678629856 15.500000000000002  -15.491649506387958 -4.7629304630620677 15.499999999999998  -15.406644553438634 -4.7235963958844263 15.499999999999998  -15.3840002741281 -4.7128713597254563 15.499999999999998  -15.354824328014107 -4.6974927052296618 15.499999999999998  -15.297235079683697 -4.6626088906306862 15.499999999999998  -15.188708925948378 -4.5841038712980406 15.499999999999998  -15.100118096259694 -4.4912012567386217 15.499999999999998  -15.0371475089051 -4.4107054011206639 15.500000000000002  -15.016088347302778 -4.3829567094919 15.500000000000002  -14.997044726574734 -4.3563961731799434 15.500000000000002  -14.962965224896701 -4.3077564945962736 15.500000000000002  -14.892244024907034 -4.2026024932927788 15.500000000000002  -14.82074432523113 -4.1007011853510607 15.500000000000002  -14.745972915613494 -4.0230279082669416 15.500000000000002  -14.724051581074642 -4.0020504413962898 15.500000000000002  -14.696036273951936 -3.9775336709330142 15.500000000000002  -14.660962784112026 -3.9481494458274797 15.500000000000002  -14.563298166467334 -3.8739618625318726 15.500000000000005  -14.461038358225753 -3.8102343184474314 15.500000000000005  -14.361301757508311 -3.7439460590515568 15.500000000000005  -14.330851911118966 -3.7232096407714188 15.500000000000002  -14.296791582724602 -3.6988684808465822 15.500000000000002  -14.265070002931573 -3.6757838817961961 15.500000000000002  -14.168525983624324 -3.6013329577310733 15.500000000000002  -14.086046670489987 -3.5187102796750791 15.500000000000002  -14.023732706370682 -3.4228650639099665 15.500000000000002  -14.003912418113485 -3.3870743112518418 15.500000000000002  -13.986888131157519 -3.3509941327434207 15.500000000000002  -13.972016625785262 -3.31761322166615 15.500000000000002  -13.928158748333617 -3.2075985648531558 15.500000000000002  -13.897035371779122 -3.0894578062516596 15.500000000000002  -13.861109946878878 -2.9731155919271632 15.500000000000002  -13.851448676284155 -2.9431738384902557 15.500000000000002  -13.837294647444789 -2.901669754246861 15.500000000000002  -13.825640668307173 -2.8688019305447594 15.500000000000002  -13.781136049282896 -2.7515632566531001 15.500000000000002  -13.729970015649306 -2.6460324718471311 15.500000000000002  -13.664567476999045 -2.5488218606561004 15.500000000000002  -13.647200442291835 -2.5245431137715895 15.500000000000002  -13.622517925068367 -2.4913814638472083 15.500000000000002  -13.599840060344109 -2.4621812682808737 15.500000000000002  -13.517909687514646 -2.3592779627713489 15.500000000000002  -13.439084414237231 -2.2643305631009425 15.500000000000002  -13.384445404712871 -2.1640255570051257 15.500000000000002  -13.370881523909437 -2.1376135799893508 15.500000000000002  -13.35574140982906 -2.105806266416725 15.500000000000002  -13.339698166281247 -2.0670253163111307 15.500000000000002  -13.292098966907442 -1.9373898474941431 15.500000000000002  -13.269161331583849 -1.8093849227913243 15.500000000000002  -13.263174402573091 -1.6849766245153428 15.500000000000002  -13.262214539275179 -1.6576267842542114 15.500000000000002  -13.261733283549789 -1.6249158140424853 15.500000000000002  -13.261938903356828 -1.5887976756258047 15.500000000000002  -13.264811890996027 -1.4390121793954609 15.500000000000002  -13.2774857443823 -1.2982385684834796 15.500000000000002  -13.269248155607494 -1.1623428738275696 15.500000000000002  -13.267763476180212 -1.1418941600738555 15.500000000000002  -13.265724073687455 -1.1199150560658824 15.500000000000002  -13.262920204597458 -1.094482665454279 15.500000000000002  -13.242550169383266 -0.93327164778407901 15.500000000000002  -13.197611354095065 -0.77730673731056765 15.500000000000002  -13.153097663818118 -0.62459348617928867 15.500000000000002  -13.149196723971256 -0.61121478186936773 15.500000000000002  -13.145592407014098 -0.59883433887950566 15.500000000000002  -13.141550822740385 -0.58492508225428752 15.500000000000002  -13.084789381296209 -0.38909015996599899 15.500000000000005  -13.033693831953141 -0.19250785180247262 15.500000000000002  -13.044586939069942 -2.2999999999999999e-16 15.500000000000002 
 0 4 0.017799462696421482 1 0.018240267135318431 1 0.01834048187584417 1 0.018601434058309371 1 0.018918656661143531 1 0.019021916252817871 1 0.03360287211199374 1 0.034497056574237552 1 0.034609778554113263 1 0.035103225438647183 1 0.035500094989928122 1 0.035649752918976242 1 0.048736606214055088 1 0.050087283592453673 1 0.050156462926200497 1 0.050859986580487543 1 0.051550318778325083 1 0.051890152579053522 1 0.063480993336040598 1 0.065248761319181919 1 0.065251231655279796 1 0.066132373632358701 1 0.066854249168841112 1 0.067328377367985887 1 0.077989364036607792 1 0.08003512593170671 1 0.080085633729866643 1 0.081049732495549059 1 0.081692991409805307 1 0.082350684151019163 1 0.092371911799657508 1 0.094607043736633215 1 0.09466212832023331 1 0.095700192326571037 1 0.096208796118019232 1 0.096841142889375786 1 0.10671917921131176 1 0.10903436267016552 1 0.10904888272580796 1 0.11015739843542061 1 0.11052963567842905 1 0.1117272325516965 1 0.12111080189284512 1 0.12326499127571808 1 0.1234352175788319 1 0.12449120940993219 1 0.12475959558695747 1 0.12606904466283109 1 0.13561950855256807 1 0.13742944008825222 1 0.13783771677052314 1 0.13877253346530563 1 0.13899739480994541 1 0.14016155171420119 1 0.15031375478657513 1 0.15161652011353829 1 0.15232772873148842 1 0.1530757107423267 1 0.15332943534477034 1 0.1545710463062403 1 0.16526075455051639 1 0.16592569929867604 1 0.1669788519380285 1 0.16748032695018891 1 0.16781776168208287 1 0.16887389825531607 1 0.18046438150264654 1 0.18053168505928122 1 0.18187132529542205 1 0.18207445131154404 1 0.18250565348110606 1 0.18368522633715764 1 0.19535070412859248 1 0.19621255546394101 1 0.19696296378012412 1 0.19710174018941837 1 0.19745254596837855 1 0.19805092085165904 1 0.21073386488065779 1 0.212291317237432 1 0.21243135868784777 1 0.21278582874300872 1 0.21280844725510231 1 0.21329154321199892 1 0.22687964577448536 1 0.22833119496992432 1 0.22876993310006991 1 0.22910809431040322 1 0.22926016904592908 1 0.22945062197142466 1 0.24511534875018604 1 0.24641542145086262 1 0.24673103104568306 1 0.24674682580794421 1 0.24781568729699566 1 0.24866186790450567 1 0.26335839380203985 1 0.26439584926223597 1 0.26450083520240236 1 0.26468311051117938 1 0.26637140847315993 1 0.26787311384228152 1 0.27952629336329321 1 0.28021019079673898 1 0.28054429208292647 1 0.2806398708405799 1 0.28282373887356804 1 0.28489237713994825 1 0.29493914178784641 1 0.29543066191750295 1 0.29587746878884014 1 0.29594296843876605 1 0.29853125585341189 1 0.30111118038263662 1 0.30979280881176796 1 0.30985102558454991 1 0.31077021692582313 1 0.31088074255968146 1 0.3137623600403493 1 0.31679205080332423 1 0.32439770679474156 1 0.32460899190927828 1 0.32536593063991393 1 0.32559709618067006 1 0.32865504628718761 1 0.33206298131705786 1 0.33868574088011316 1 0.33894242485521825 1 0.3397677513146285 1 0.34015924526159991 1 0.34330561397351766 1 0.34700998106797132 1 0.35281641988163204 1 0.3534043721099181 1 0.35406283456519055 1 0.35460286908760336 1 0.35779416076765069 1 0.36170422726742341 1 0.36689110687877236 1 0.3675357515035535 1 0.36833100681566955 1 0.36896736072524461 1 0.37219434787109029 1 0.37621293387227173 1 0.38100897491016095 1 0.38191486979832601 1 0.38264805734948287 1 0.38331389095122675 1 0.38657779365615386 1 0.39060455648477616 1 0.39526230940152673 1 0.39683505452310591 1 0.39708730094715461 1 0.3977158302883439 1 0.40101659364428421 1 0.40495182382332984 1 0.40973325671799626 1 0.4113361602376453 1 0.41172145829479651 1 0.41225907808489315 1 0.41558581440361753 1 0.41933437152108988 1 0.42449546992514231 1 0.42634947908805054 1 0.42662686295413804 1 0.42707013832218782 1 0.43036779901389649 1 0.43384274217516527 1 0.43962473123414791 1 0.44176192158281025 1 0.44189355779223799 1 0.44230527881340637 1 0.44546174254864757 1 0.44858712927696665 1 0.45522829104904439 1 0.45765160505810076 1 0.45812018577656088 1 0.45812200649111479 1 0.46100876884007819 1 0.46372086338742069 1 0.4715383729888219 1 0.47416106397051017 1 0.47457330204462439 1 0.47478445135534858 1 0.47727943319097399 1 0.47952427283663923 1 0.48986332022733609 1 0.49277545055284017 1 0.4935850089142913 1 0.4936751796173946 1 0.49562208883834863 1 0.49732373558659204 1 0.50935759077507137 1 0.5124165447507999 1 0.5137828113248083 1 0.51413109304940785 1 0.51460914322348461 1 0.51552708695316907 1 0.52608800516367871 1 0.52972907072897635 1 0.53123532650684713 1 0.53142763547646965 1 0.53168316075752386 1 0.53206158181025032 1 0.5416145586937009 1 0.54615425903929504 1 0.54714215142575218 1 0.54746915817684738 1 0.54841649421240368 1 0.54868936991367212 1 0.55640109041520491 1 0.56198816106237393 1 0.56218455195520534 1 0.56301086121326638 1 0.56415368322153381 1 0.56438422836962099 1 0.57080824734044744 1 0.57696149239258521 1 0.57739657117146881 1 0.57819720214398429 1 0.57864749638464474 1 0.57966245198608946 1 0.58514133415650782 1 0.59158083944279338 1 0.59250266488260639 1 0.59250976864906268 1 0.59312966026612346 1 0.5942887322381385 1 0.59963479684829546 1 0.60613148355715885 1 0.60614100193209108 1 0.6074071351255792 1 0.60789182959968568 1 0.60924975682243732 1 0.61443567969580604 1 0.61991092674163661 1 0.62069245774573878 1 0.62219317717613398 1 0.62255879271380354 1 0.6236765335762503 1 0.6296001611114006 1 0.63408229028455321 1 0.63533709391470194 1 0.63692880237448068 1 0.63720155566769421 1 0.63793319593192632 1 0.64510440199881891 1 0.64880153154347264 1 0.65013566275259616 1 0.65167084426472699 1 0.65189014742429452 1 0.65274832043753794 1 0.66086847514300773 1 0.6640619063027825 1 0.6651583012449146 1 0.66647228299212302 1 0.66669713121373608 1 0.66751157219725776 1 0.67679306434693953 1 0.67972374709962224 1 0.68048003865678897 1 0.68139359857785442 1 0.68170313207395716 1 0.68254042897708012 1 0.69280974929970396 1 0.69564838466963153 1 0.69619144340331907 1 0.6965198381807538 1 0.69700756994417412 1 0.69731577510966536 1 0.70894943551486966 1 0.71174342908214017 1 0.7119914778007651 1 0.71242553587216306 1 0.7127546728756553 1 0.71303129051024294 1 0.72546484801882083 1 0.72809348477869695 1 0.72811867232066629 1 0.72889270241191317 1 0.72922207407100803 1 0.72945009701195596 1 0.74378427327867036 1 0.74616783669271236 1 0.74618847864521809 1 0.74648506856470909 1 0.7477797419912493 1 0.74866186704451498 1 0.76201683763982508 1 0.76411504557457632 1 0.76413945292394403 1 0.76427296759278884 1 0.76633598702919703 1 0.7678736370450685 1 0.77827820177293117 1 0.77996881061260515 1 0.78020290363550926 1 0.7803438124652643 1 0.78279912653208616 1 0.784898198088824 1 0.79409570307889499 1 0.79553742916909476 1 0.79577497561176402 1 0.79600558770603147 1 0.79854057381985732 1 0.80113229042973189 1 0.80985532827989526 1 0.81028532158247613 1 0.81086837330658301 1 0.81184783322391196 1 0.81384021757283465 1 0.81684369506719423 1 0.82535704336273785 1 0.8257060769112573 1 0.8257818283664653 1 0.82774734055247012 1 0.82884474504685546 1 0.83216543244530261 1 0.84033755991223902 1 0.84061297781405764 1 0.84164934546989179 1 0.8435736320975572 1 0.84365555254305802 1 0.84718807102599947 1 0.85542651280968773 1 0.85551054619842082 1 0.857595857010503 1 0.85835417275243209 1 0.85909154555345835 1 0.86198664009783477 1 0.8700368213628058 1 0.87026991156618094 1 0.87301267584450903 1 0.8734204255507898 1 0.87412650668917646 1 0.8766312766374702 1 0.88471676862220494 1 0.88518583644865878 1 0.88769921073867231 1 0.88866760768400632 1 0.8890118427425352 1 0.89119225129122803 1 0.89990548968341777 1 0.90022248880200229 1 0.90248187998425844 1 0.90283066516189103 1 0.90431355839270056 1 0.90574289589704038 1 0.91460290910482323 1 0.91544191989296608 1 0.9168735836183286 1 0.91743246670412115 1 0.91935272537087143 1 0.92036224338519457 1 0.92982071173292125 1 0.93092698042918831 1 0.93118398123277857 1 0.93263160705408543 1 0.93425664127355423 1 0.93513918413380259 1 0.94561617640515516 1 0.94618983205484963 1 0.94679020857450125 1 0.94817882870164849 1 0.9492575609310715 1 0.95018158479814874 1 0.96225798803579632 1 0.96258538724890153 1 0.96319616118315476 1 0.96421806841941082 1 0.96469526047163223 1 0.96564057541035786 1 0.97973036919666145 1 0.97987038896887979 1 0.98044881004241347 1 0.98102743810416615 1 0.98107030047888633 1 0.98179664899031405 1 1 4
8 0 4.7491972914558529
7 1 0  2 5 3  -14.436320228892834 1.7349351572897473 2.1166666666666667  1 -18.736320228892836 6.1961969903205283 2.1166666666666667  0.374165738677394 -18.736320228892836 -5.6000000000000003e-16 2.1166666666666667  1 -18.736320228892836 -6.1961969903205301 2.1166666666666667  0.374165738677394 -14.436320228892834 -1.7349351572897465 2.1166666666666667  1
 0 3 2.3745986457279269 2 4.7491972914558538 3
8 0.23999999999999999 4.7000000000000002
7 0 0  1 2 2  -14.436320228892834 1.7349351572897473 2.1166666666666667  -14.866666666666667 1.7349351572897473 5.8333333333333339 
 0.23999999999999999 2 4.7000000000000002 2
8 0.23999999999999999 4.7000000000000002
7 0 0  1 2 2  -14.436320228892834 -1.7349351572897473 2.1166666666666667  -14.866666666666667 -1.7349351572897473 5.8333333333333339 
 0.23999999999999999 2 4.7000000000000002 2
8 4.4e-16 4.1638443774953933
7 0 0  1 2 2  -14.436320228892834 -1.7349351572897473 2.1166666666666667  -14.436320228892834 1.7349351572897476 2.1166666666666667 
 -4.4e-16 2 4.1638443774953933 2
8 0 1
7 1 0  5 6 2  -13.044586939069944 2.0000000000000001e-17 15.500000000000002  1 -9.7074551038928725 -1.1e-16 26.059242440312282  1.0000000000000044 -13.102684104689954 3.5999999999999998e-16 39.522122907234191  0.99999999999998113 0.4604229953267262 -5.6999999999999999e-16 44.847067218265735  1.0000000000000258 -2.5496464722292402 2.5999999999999998e-16 59.565263456900929  0.99999999999998634 4.013232548646303 -4.9999999999999999e-17 68.333333333333343  1
 0 6 1 6
8 0 1
7 0 0  3 382 380  4.013232548646303 -4.9999999999999999e-17 68.333333333333343  4.0148976981914455 0.29027969559256311 68.333333333333343  4.003627985512014 0.58841020868643845 68.333333333333343  3.9768264854133037 0.88671388729639056 68.333333333333343  3.9756343929134852 0.89975580143553524 68.333333333333343  3.9746146109866252 0.91078687114586077 68.333333333333343  3.9735718946894361 0.92186562129665472 68.333333333333343  3.9503222374954516 1.1657287994997376 68.333333333333343  3.9154778149938694 1.4178758223156878 68.333333333333343  3.8677912791209357 1.6678438175093757 68.333333333333343  3.8631209396389199 1.691888390626735 68.333333333333343  3.8599662714297964 1.7079568803643008 68.333333333333343  3.8566460691631805 1.724607522039368 68.333333333333343  3.8127228042866035 1.9428083197020105 68.333333333333343  3.755420252897661 2.1742363008934706 68.333333333333343  3.6869486807312843 2.400985904200172 68.333333333333343  3.6767609167463844 2.4341249697627827 68.333333333333343  3.6696793917428159 2.4569391125312485 68.333333333333343  3.6611551845381594 2.4839322118600644 68.333333333333343  3.5983863752198473 2.6802104386758234 68.333333333333343  3.5212849699396394 2.8903589914584571 68.333333333333343  3.436233571826552 3.0912520758045261 68.333333333333343  3.4190978465343922 3.131006424248556 68.333333333333343  3.4086436637232476 3.1550452891761265 68.333333333333343  3.3949355072546648 3.1860662040420413 68.333333333333343  3.3159078772438368 3.3627976768390431 68.333333333333343  3.2200199416110378 3.5556550293638463 68.333333333333343  3.1185283320718318 3.7375591389927894 68.333333333333343  3.0938403657756144 3.7810029934993081 68.333333333333343  3.0803770138305979 3.8044866526599947 68.333333333333343  3.0617901081831671 3.8364597304492896 68.333333333333343  2.9681033459685242 3.9958273540346188 68.333333333333343  2.8539849976693037 4.1733102952270285 68.333333333333343  2.7375746414190685 4.3371970565592806 68.333333333333343  2.7057246519565408 4.3812278870040977 68.333333333333343  2.6903095172633513 4.4023548931021708 68.333333333333343  2.6691721626184863 4.4309733532434636 68.333333333333343  2.561663492790391 4.5752335513556099 68.333333333333343  2.4299081976288943 4.7381883838342755 68.333333333333343  2.297639296314137 4.887308464712107 68.333333333333357  2.260024439405917 4.9289799892286492 68.333333333333357  2.2435898861960331 4.9470342640711573 68.333333333333357  2.2139743943637984 4.9792101644234013 68.333333333333357  2.0920903895905036 5.110088070132778 68.333333333333343  1.9444170589710128 5.2566586390636845 68.333333333333343  1.803151188483757 5.3854524252678955 68.333333333333343  1.7620506311293103 5.4222893089435757 68.333333333333343  1.7438055850410232 5.4384947372682788 68.333333333333343  1.7115163793095778 5.4668964809617684 68.333333333333343  1.5744003484173512 5.5861126046788296 68.333333333333343  1.4129609066849596 5.7156564874176174 68.333333333333343  1.2583465738826809 5.8297442181761907 68.333333333333343  1.2166844422771372 5.8599825155419918 68.333333333333343  1.1958950445042513 5.874920836217207 68.333333333333343  1.1649931600326167 5.8969340149094229 68.333333333333329  1.0109845409112006 6.0055079596745964 68.333333333333329  0.83788882688822564 6.1174945108149483 68.333333333333329  0.66700852626151486 6.2187635331991498 68.333333333333343  0.62805880426586347 6.2414861078705819 68.333333333333343  0.60383324195134636 6.2554580420557349 68.333333333333343  0.572044328222997 6.273648284607277 68.333333333333343  0.39887597385277807 6.3715758861554637 68.333333333333343  0.21581299797494274 6.4655763905286525 68.333333333333357  0.032305071306745203 6.5513701375523139 68.333333333333357  -0.00060699359468322997 6.5665334447692416 68.333333333333357  -0.028727263273306731 6.5793176376997398 68.333333333333357  -0.05692647164993514 6.5920454616028747 68.333333333333357  -0.25052688912761839 6.6783804297789047 68.333333333333343  -0.4435131297815309 6.7551919996601706 68.333333333333343  -0.64335473029255397 6.8265366598068296 68.333333333333343  -0.66814841225686483 6.8352672244647552 68.333333333333343  -0.69859564598756196 6.8458271927844212 68.333333333333343  -0.72659268672736943 6.8554765476739457 68.333333333333343  -0.931853118570933 6.9250933892810043 68.333333333333329  -1.1465439175649887 6.9886893570373338 68.333333333333343  -1.3564722297599563 7.0426927019426557 68.333333333333343  -1.384189501230904 7.0496857933355139 68.333333333333343  -1.4038298237262257 7.0545878129771111 68.333333333333343  -1.4210680566273879 7.058864607645245 68.333333333333343  -1.6372074733300945 7.1118660631958797 68.333333333333343  -1.8746376083116509 7.1606437828979743 68.333333333333343  -2.1062263800376697 7.1991672680836718 68.333333333333343  -2.1392959040328643 7.2045165237406756 68.333333333333343  -2.1476317280826698 7.2058537902470823 68.333333333333343  -2.1614995599366384 7.2080644516534456 68.333333333333343  -2.3887668202226782 7.2439838416344156 68.333333333333343  -2.6405140745786428 7.2743265152045078 68.333333333333343  -2.8922935667091867 7.2953997038630893 68.333333333333343  -2.9285547540392969 7.2982687200161411 68.333333333333343  -2.9436729606122864 7.2994365351850599 68.333333333333329  -2.9547514455689732 7.3002792181705436 68.333333333333343  -3.215290425734409 7.3198823336522763 68.333333333333343  -3.4952201472708451 7.3303037833177198 68.333333333333343  -3.7773324907674999 7.3328537026378617 68.333333333333343  -3.803968065822585 7.3330255693419817 68.333333333333343  -3.8268289961981878 7.3331610642158074 68.333333333333343  -3.858352642529995 7.333293699610155 68.333333333333343  -4.1295636514351699 7.333637169482973 68.333333333333343  -4.4002619055491543 7.3276830207526684 68.333333333333343  -4.658364407161339 7.3131431688637294 68.333333333333343  -4.6799479967910598 7.3118721655084924 68.333333333333343  -4.7121345399126016 7.3099560628894729 68.333333333333343  -4.7670633075605986 7.3064549120799551 68.333333333333343  -5.0087206558365418 7.2892550394015627 68.333333333333343  -5.2335534278182756 7.2661328597474935 68.333333333333343  -5.4385613506228259 7.2385068638812422 68.333333333333343  -5.4565716086935678 7.2360320519223427 68.333333333333343  -5.4988349626773925 7.2301771085330326 68.333333333333343  -5.5690903426237917 7.2200249318432519 68.333333333333343  -5.7997525484090824 7.1840866633893903 68.333333333333329  -6.0020773930607421 7.1459288563216017 68.333333333333329  -6.1772507675706869 7.1075428187463725 68.333333333333343  -6.1932489810459908 7.1039931812325436 68.333333333333343  -6.2426480085775271 7.092958367611641 68.333333333333343  -6.3258933289044652 7.0737128177402164 68.333333333333343  -6.5454144921615338 7.0195563612224978 68.333333333333343  -6.7233694025829749 6.9694798913567952 68.333333333333343  -6.8739975362948798 6.9228174256131769 68.333333333333343  -6.8909479775358351 6.9175121109753119 68.333333333333343  -6.951828637555252 6.8982503914072648 68.333333333333329  -7.0452928056556452 6.8677537002476248 68.333333333333329  -7.2538265372385746 6.7955406585608849 68.333333333333329  -7.4192235730093632 6.7321279275436154 68.333333333333329  -7.5486439972029853 6.6787972548236541 68.333333333333343  -7.5667254932307522 6.6712813437233898 68.333333333333343  -7.6276419167851017 6.6457355383223273 68.333333333333343  -7.7280272372375025 6.6023970416441609 68.333333333333329  -7.922415916759852 6.5136285718423466 68.333333333333329  -8.0728690775606005 6.4388777569158266 68.333333333333343  -8.1842107526008334 6.3803392873957927 68.333333333333343  -8.2054638764404135 6.3690672505655401 68.333333333333343  -8.2682597953520229 6.3354339587001602 68.333333333333343  -8.3718279679971968 6.2783739600886719 68.333333333333343  -8.5504765430824161 6.1744788920779738 68.333333333333343  -8.6902594477426671 6.0869682004991228 68.333333333333329  -8.7864788776319358 6.023708750259325 68.333333333333314  -8.8107808995564714 6.0075797928540124 68.333333333333314  -8.870331084716911 5.9676971956471014 68.333333333333314  -8.9730827514668103 5.8969226532167491 68.333333333333314  -9.1354220725277102 5.7790030323009889 68.3333333333333  -9.2610305071675292 5.6813839540880631 68.333333333333314  -9.3450484222073449 5.6132099288686161 68.333333333333314  -9.3712610363095799 5.5917137147612186 68.333333333333314  -9.4298252432449896 5.5431781717892914 68.333333333333314  -9.5277595920161531 5.4596786547512091 68.333333333333329  -9.6739659538912885 5.3282041091123178 68.333333333333343  -9.788498127968106 5.2182962175600576 68.333333333333343  -9.8627593905177893 5.143965875907865 68.333333333333343  -9.8891961418498386 5.1171817172835228 68.333333333333343  -9.9423971613391959 5.062720233192052 68.333333333333357  -10.031819194337734 4.9684725178435576 68.333333333333343  -10.162220890485507 4.8233423865845735 68.333333333333343  -10.270060072690857 4.6951720616736559 68.333333333333343  -10.336296943102861 4.6126078673193254 68.333333333333343  -10.361150672235135 4.5811895037181145 68.333333333333343  -10.403331869047133 4.527503358597337 68.333333333333343  -10.481173637417269 4.4253658502558819 68.333333333333343  -10.595835480850431 4.2661124839891666 68.333333333333343  -10.689757111178805 4.1261908465203447 68.333333333333357  -10.749143326851952 4.0329647105873629 68.333333333333357  -10.771040510110639 3.99801732627841 68.333333333333357  -10.807678443560476 3.9390916476626288 68.333333333333357  -10.871780784038602 3.8325829419561663 68.333333333333343  -10.970244152400429 3.6587171332058674 68.333333333333343  -11.051717079264542 3.5029644055965337 68.333333333333343  -11.104146203569929 3.3960574640407888 68.333333333333343  -11.122358530657788 3.3581693602595903 68.333333333333343  -11.150625329241191 3.2989613498190424 68.333333333333343  -11.199916546651924 3.1919400790842913 68.333333333333343  -11.281020280437982 3.0036622985754327 68.333333333333343  -11.348813088820323 2.8303755446670316 68.333333333333343  -11.393201377780333 2.7066439392137824 68.333333333333343  -11.407645627527824 2.6653297651654904 68.333333333333343  -11.427471547188659 2.6082672974956163 68.333333333333343  -11.462024337873347 2.504577334466521 68.333333333333343  -11.524264124697323 2.302957422077176 68.333333333333343  -11.576419698325662 2.1108473221651267 68.333333333333343  -11.61255218115766 1.9594499658949593 68.333333333333343  -11.623072729259537 1.9133903882529928 68.333333333333343  -11.635193933524537 1.8599348136136649 68.333333333333343  -11.654552049140221 1.770559040193189 68.333333333333343  -11.696953441113385 1.5556364954887352 68.333333333333343  -11.731265521008961 1.3435836499417158 68.333333333333343  -11.753830008508324 1.1678352369685363 68.333333333333343  -11.760084996609422 1.1152094167541575 68.333333333333343  -11.765996532759839 1.0646429673847291 68.333333333333343  -11.774711707693589 0.9842844662477751 68.333333333333343  -11.797716267035497 0.73920830614491895 68.333333333333343  -11.811795032281276 0.48660986236290582 68.333333333333343  -11.817483024898904 0.25711259508402884 68.333333333333343  -11.81852941046883 0.19488239691443873 68.333333333333357  -11.819223562400703 0.14840782920445145 68.333333333333357  -11.819876463072555 0.087363094256694765 68.333333333333357  -11.820789435772733 -0.16871409497647175 68.333333333333357  -11.814824464874832 -0.44294517844669073 68.333333333333343  -11.798804137792356 -0.71111556586773073 68.333333333333343  -11.793234378180237 -0.78882879452476895 68.333333333333343  -11.790507049211419 -0.82451251053736485 68.333333333333343  -11.788272135599941 -0.85289521648377542 68.333333333333343  -11.772189153259969 -1.0474008252864406 68.333333333333343  -11.743776617970621 -1.2927440383254474 68.333333333333343  -11.7033251662964 -1.5460164980990172 68.333333333333343  -11.688204147983393 -1.6318759761172941 68.333333333333343  -11.682503776937091 -1.6632670499533588 68.333333333333343  -11.680074868158576 -1.6765368826211424 68.333333333333343  -11.649803792187337 -1.8400815285374947 68.333333333333343  -11.599560142534687 -2.0710612721832256 68.333333333333343  -11.536145013710186 -2.3089884895654951 68.333333333333343  -11.509817408076746 -2.4008761929513636 68.333333333333343  -11.499486798978159 -2.436336549192001 68.333333333333343  -11.492316905993652 -2.4605587522672256 68.333333333333343  -11.450348234028578 -2.600219008841484 68.333333333333343  -11.380834759020299 -2.8107035538893905 68.333333333333343  -11.302160598033275 -3.0165591184968181 68.333333333333343  -11.261586208546763 -3.1165603252732077 68.333333333333343  -11.248174805343876 -3.1492752216005733 68.333333333333343  -11.234320886847831 -3.1824108027036928 68.333333333333343  -11.18464151178571 -3.2996285865046997 68.333333333333343  -11.098502747592466 -3.4902427586858815 68.333333333333343  -11.002355584052554 -3.6797545380082815 68.333333333333343  -10.945213649272111 -3.7860057735835793 68.333333333333343  -10.9320662817564 -3.8101914339771068 68.333333333333343  -10.914249477246132 -3.842614714244645 68.333333333333343  -10.859118217996533 -3.9416892178718399 68.333333333333343  -10.752085843310697 -4.1237733509246519 68.333333333333357  -10.638045385741837 -4.2997602083267417 68.333333333333357  -10.56990780582319 -4.3989137507104754 68.333333333333343  -10.555514385496981 -4.4197062884232379 68.333333333333343  -10.538860840517101 -4.4436454946635964 68.333333333333343  -10.471801597925941 -4.5387080464423546 68.333333333333343  -10.345290443515788 -4.7092324991455499 68.333333333333343  -10.223293307664338 -4.8595235440339204 68.333333333333343  -10.140975744185036 -4.9561052413502678 68.333333333333343  -10.122228925832015 -4.9778922142245552 68.333333333333343  -10.088875302298099 -5.0161533137947236 68.333333333333343  -10.012881116780596 -5.102145182205029 68.333333333333343  -9.8794088152469488 -5.2460538293774643 68.333333333333343  -9.7470921568899271 -5.3780083238103229 68.333333333333343  -9.6553916490220573 -5.4653795748236318 68.333333333333343  -9.6238444306103865 -5.494940883652669 68.333333333333343  -9.5880670205234324 -5.5280133528431321 68.333333333333343  -9.4988200049001286 -5.6096259036214509 68.333333333333343  -9.3567479503251221 -5.7330399005256556 68.333333333333343  -9.2084386237169991 -5.8524574073845663 68.333333333333343  -9.1137229159470863 -5.925579012760064 68.333333333333343  -9.0730961186693921 -5.9562912096218392 68.333333333333343  -9.0391155890859718 -5.9816277537277696 68.333333333333343  -8.9318211637325824 -6.0610358608670456 68.333333333333343  -8.7764479213178728 -6.1694394633341361 68.333333333333343  -8.6088489611313879 -6.2771895809422018 68.333333333333343  -8.5176739873691538 -6.3335924885288231 68.333333333333343  -8.4745288970026245 -6.3596971101246282 68.333333333333343  -8.4379010059296053 -6.3815587599103196 68.333333333333343  -8.3086723339017183 -6.4580445563009832 68.333333333333343  -8.1345689980006597 -6.5540077642481744 68.333333333333343  -7.9535499535346244 -6.6450541842640973 68.333333333333343  -7.8712398259006617 -6.6850004253503714 68.333333333333343  -7.8323852295057446 -6.7034769360412989 68.333333333333343  -7.7976054295416004 -6.7198008976376213 68.333333333333343  -7.6448278388427466 -6.7908729421877956 68.333333333333343  -7.4490547655321215 -6.8742036597681473 68.333333333333343  -7.2511742360345961 -6.9495431203458393 68.333333333333343  -7.1806762110461504 -6.9754555139777237 68.333333333333343  -7.1502867827450789 -6.986445807078864 68.333333333333343  -7.1186105861192672 -6.9977652254798395 68.333333333333343  -6.9428775504083928 -7.0598571407152999 68.333333333333343  -6.7256261582889705 -7.1283074974266469 68.333333333333343  -6.5106089963626497 -7.1869522680062836 68.333333333333357  -6.4520190122266152 -7.2023081276114542 68.333333333333357  -6.4305405022890518 -7.2078787778469469 68.333333333333357  -6.4127623832768732 -7.212444368468522 68.333333333333357  -6.2161076743697032 -7.2624600574482923 68.333333333333343  -5.9809198855192491 -7.3136311463113808 68.333333333333343  -5.7449694653217165 -7.3552935191861897 68.333333333333343  -5.6890048405089884 -7.3647029696921074 68.333333333333343  -5.6727190032536514 -7.3674104133184937 68.333333333333343  -5.6559674394700332 -7.370160023451664 68.333333333333343  -5.445846473336581 -7.4042992084750283 68.333333333333343  -5.197317424871752 -7.4360508987074425 68.333333333333343  -4.9520125151630996 -7.4580547857652526 68.333333333333343  -4.8962513616254855 -7.462689545818062 68.333333333333343  -4.8778897622336403 -7.4641793584362706 68.333333333333329  -4.8562239328557979 -7.465878296917893 68.333333333333343  -4.6138753658517029 -7.4845496851595978 68.333333333333343  -4.3374269438642177 -7.4959763007711677 68.333333333333343  -4.0641689268538013 -7.4992172757631854 68.333333333333343  -4.0200755215978212 -7.4995654432423233 68.333333333333343  -3.9937592449362658 -7.499759483228214 68.333333333333343  -3.9533770191814708 -7.4999522521898889 68.333333333333343  -3.6997905534257347 -7.5002947121439059 68.333333333333343  -3.4330848172882433 -7.4948418961991798 68.333333333333343  -3.1808340865296465 -7.4812362821083207 68.333333333333343  -3.144074563435634 -7.4790763131408156 68.333333333333343  -3.1078891393704624 -7.4769370840157086 68.333333333333343  -3.0470667908605749 -7.4730366230399392 68.333333333333343  -2.8190755620299406 -7.4564606568576153 68.333333333333343  -2.5975885146235207 -7.4338464258460712 68.333333333333343  -2.3980838498843711 -7.4071452067808803 68.333333333333343  -2.3646825641074805 -7.402503787665994 68.333333333333343  -2.3189221095360328 -7.3960991856781089 68.333333333333343  -2.2430809486073602 -7.3849584490458504 68.333333333333343  -2.0213628852538137 -7.3496465915910454 68.333333333333343  -1.817007700586365 -7.3107137894573517 68.333333333333343  -1.6436558978478766 -7.272259836629833 68.333333333333343  -1.6132495283721675 -7.2653622889416969 68.333333333333343  -1.5654524371716858 -7.2544526699917489 68.333333333333329  -1.4803415195704277 -7.2343183730534628 68.333333333333329  -1.2611063935590465 -7.1790090147454713 68.333333333333329  -1.0767810765118979 -7.1259415632798762 68.333333333333343  -0.92531601874741853 -7.0777381046573309 68.333333333333343  -0.8943490088240118 -7.0677776993286248 68.333333333333343  -0.83918492364800612 -7.0497439017339492 68.333333333333343  -0.7467396802302525 -7.0185885490649937 68.333333333333343  -0.53884145576104658 -6.9449345629567905 68.333333333333343  -0.35861378927827448 -6.8736853617729743 68.333333333333343  -0.22449161767350975 -6.8161901051960578 68.333333333333343  -0.18864486048120743 -6.8007652749830685 68.333333333333343  -0.14170838807347858 -6.7802015948859697 68.333333333333343  -0.046668167919073911 -6.7374318629548924 68.333333333333343  0.13955374376036742 -6.6503841869126203 68.333333333333343  0.31047150693387482 -6.5624517805793809 68.333333333333343  0.44608564687604768 -6.4877224269457958 68.333333333333343  0.49224632526927919 -6.4620187333018597 68.333333333333343  0.53540297433255613 -6.437417799474245 68.333333333333343  0.61365619366983415 -6.3920993325731228 68.333333333333343  0.77992365040023937 -6.2930561804819583 68.333333333333343  0.94213157821748927 -6.1872992574633985 68.333333333333343  1.0817113556939948 -6.0903818184549614 68.333333333333343  1.1207670117668853 -6.0628209873847334 68.333333333333343  1.1681971554564117 -6.0286337240471788 68.333333333333343  1.2261307759249767 -5.9864092364763914 68.333333333333343  1.3788283728096904 -5.872085868813623 68.333333333333343  1.5206180807181122 -5.7570433218912109 68.333333333333343  1.6569718004026561 -5.6394986946786831 68.333333333333343  1.6984280346296781 -5.6029790950165426 68.333333333333343  1.745199430904703 -5.5608204450663035 68.333333333333343  1.78892467281409 -5.5210866418553648 68.333333333333343  1.9239753957174215 -5.3954620682950019 68.333333333333343  2.0514037121697064 -5.2674126515060733 68.333333333333343  2.174801826328157 -5.1353915595576263 68.333333333333343  2.2183345816070945 -5.0877846628544257 68.333333333333343  2.2598974808737706 -5.0411485611158708 68.333333333333343  2.2976372121936146 -4.9983887302301335 68.333333333333343  2.4177758074828541 -4.8596955028116575 68.333333333333343  2.5320304640374127 -4.7165702503091422 68.333333333333343  2.642184360617394 -4.5687716341201412 68.333333333333343  2.6703622669143385 -4.5302065019966635 68.333333333333343  2.7092503251769147 -4.4758965430054696 68.333333333333343  2.7399561409117772 -4.4323972229023374 68.333333333333343  2.8491138862639334 -4.274186166673978 68.333333333333343  2.9466130608876631 -4.1207494062482253 68.333333333333343  3.0385976983206771 -3.964009714530595 68.333333333333343  3.0616509460992383 -3.9239720727814227 68.333333333333343  3.093111147807988 -3.8684062853130019 68.333333333333343  3.1207276023622272 -3.8185863029038543 68.333333333333343  3.2169019286581784 -3.6406453327821828 68.333333333333343  3.3004197205314205 -3.4710073027773536 68.333333333333343  3.3724520690691735 -3.3096643386068076 68.333333333333343  3.3909588740517815 -3.2676664397865047 68.333333333333343  3.4125800480051582 -3.2177851870208434 68.333333333333329  3.4376171186611 -3.1582567701871485 68.333333333333343  3.5180769306407829 -2.9621136824381096 68.333333333333343  3.5847918313486193 -2.7789198850294574 68.333333333333343  3.6430774682454992 -2.5978420030687337 68.333333333333343  3.6557373505784341 -2.5579627263944911 68.333333333333343  3.670567753362044 -2.5101216054243514 68.333333333333343  3.6865177118164625 -2.4570982645547885 68.333333333333343  3.7512339105084433 -2.2365321332491237 68.333333333333357  3.8032847467392417 -2.0250886582285936 68.333333333333357  3.8459822374854102 -1.8169330815967621 68.333333333333343  3.8523202881202696 -1.7855645745696485 68.333333333333343  3.8589699690294887 -1.7517642450918212 68.333333333333343  3.8664911409133293 -1.7125692608467455 68.333333333333343  3.9131218199544504 -1.463628897445691 68.333333333333343  3.9474274670004661 -1.2180333639398488 68.333333333333329  3.9705153935099955 -0.97737685151546261 68.333333333333343  3.9724917513975617 -0.9562931163309415 68.333333333333343  3.9742516439443616 -0.93678239025367971 68.333333333333343  3.9761872242687568 -0.91486270587065865 68.333333333333343  4.0027139137845271 -0.60625184766209061 68.333333333333343  4.0115296151268565 -0.29686644366622228 68.333333333333343  4.0132325486463012 1.6000000000000001e-16 68.333333333333343 
 0 4 0.017799462696421482 1 0.018240267135318431 1 0.01834048187584417 1 0.018601434058309371 1 0.018918656661143531 1 0.019021916252817871 1 0.03360287211199374 1 0.034497056574237552 1 0.034609778554113263 1 0.035103225438647183 1 0.035500094989928122 1 0.035649752918976242 1 0.048736606214055088 1 0.050087283592453673 1 0.050156462926200497 1 0.050859986580487543 1 0.051550318778325083 1 0.051890152579053522 1 0.063480993336040598 1 0.065248761319181919 1 0.065251231655279796 1 0.066132373632358701 1 0.066854249168841112 1 0.067328377367985887 1 0.077989364036607792 1 0.08003512593170671 1 0.080085633729866643 1 0.081049732495549059 1 0.081692991409805307 1 0.082350684151019163 1 0.092371911799657508 1 0.094607043736633215 1 0.09466212832023331 1 0.095700192326571037 1 0.096208796118019232 1 0.096841142889375786 1 0.10671917921131176 1 0.10903436267016552 1 0.10904888272580796 1 0.11015739843542061 1 0.11052963567842905 1 0.1117272325516965 1 0.12111080189284512 1 0.12326499127571808 1 0.1234352175788319 1 0.12449120940993219 1 0.12475959558695747 1 0.12606904466283109 1 0.13561950855256807 1 0.13742944008825222 1 0.13783771677052314 1 0.13877253346530563 1 0.13899739480994541 1 0.14016155171420119 1 0.15031375478657513 1 0.15161652011353829 1 0.15232772873148842 1 0.1530757107423267 1 0.15332943534477034 1 0.1545710463062403 1 0.16526075455051639 1 0.16592569929867604 1 0.1669788519380285 1 0.16748032695018891 1 0.16781776168208287 1 0.16887389825531607 1 0.18046438150264654 1 0.18053168505928122 1 0.18187132529542205 1 0.18207445131154404 1 0.18250565348110606 1 0.18368522633715764 1 0.19535070412859248 1 0.19621255546394101 1 0.19696296378012412 1 0.19710174018941837 1 0.19745254596837855 1 0.19805092085165904 1 0.21073386488065779 1 0.212291317237432 1 0.21243135868784777 1 0.21278582874300872 1 0.21280844725510231 1 0.21329154321199892 1 0.22687964577448536 1 0.22833119496992432 1 0.22876993310006991 1 0.22910809431040322 1 0.22926016904592908 1 0.22945062197142466 1 0.24511534875018604 1 0.24641542145086262 1 0.24673103104568306 1 0.24674682580794421 1 0.24781568729699566 1 0.24866186790450567 1 0.26335839380203985 1 0.26439584926223597 1 0.26450083520240236 1 0.26468311051117938 1 0.26637140847315993 1 0.26787311384228152 1 0.27952629336329321 1 0.28021019079673898 1 0.28054429208292647 1 0.2806398708405799 1 0.28282373887356804 1 0.28489237713994825 1 0.29493914178784641 1 0.29543066191750295 1 0.29587746878884014 1 0.29594296843876605 1 0.29853125585341189 1 0.30111118038263662 1 0.30979280881176796 1 0.30985102558454991 1 0.31077021692582313 1 0.31088074255968146 1 0.3137623600403493 1 0.31679205080332423 1 0.32439770679474156 1 0.32460899190927828 1 0.32536593063991393 1 0.32559709618067006 1 0.32865504628718761 1 0.33206298131705786 1 0.33868574088011316 1 0.33894242485521825 1 0.3397677513146285 1 0.34015924526159991 1 0.34330561397351766 1 0.34700998106797132 1 0.35281641988163204 1 0.3534043721099181 1 0.35406283456519055 1 0.35460286908760336 1 0.35779416076765069 1 0.36170422726742341 1 0.36689110687877236 1 0.3675357515035535 1 0.36833100681566955 1 0.36896736072524461 1 0.37219434787109029 1 0.37621293387227173 1 0.38100897491016095 1 0.38191486979832601 1 0.38264805734948287 1 0.38331389095122675 1 0.38657779365615386 1 0.39060455648477616 1 0.39526230940152673 1 0.39683505452310591 1 0.39708730094715461 1 0.3977158302883439 1 0.40101659364428421 1 0.40495182382332984 1 0.40973325671799626 1 0.4113361602376453 1 0.41172145829479651 1 0.41225907808489315 1 0.41558581440361753 1 0.41933437152108988 1 0.42449546992514231 1 0.42634947908805054 1 0.42662686295413804 1 0.42707013832218782 1 0.43036779901389649 1 0.43384274217516527 1 0.43962473123414791 1 0.44176192158281025 1 0.44189355779223799 1 0.44230527881340637 1 0.44546174254864757 1 0.44858712927696665 1 0.45522829104904439 1 0.45765160505810076 1 0.45812018577656088 1 0.45812200649111479 1 0.46100876884007819 1 0.46372086338742069 1 0.4715383729888219 1 0.47416106397051017 1 0.47457330204462439 1 0.47478445135534858 1 0.47727943319097399 1 0.47952427283663923 1 0.48986332022733609 1 0.49277545055284017 1 0.4935850089142913 1 0.4936751796173946 1 0.49562208883834863 1 0.49732373558659204 1 0.50935759077507137 1 0.5124165447507999 1 0.5137828113248083 1 0.51413109304940785 1 0.51460914322348461 1 0.51552708695316907 1 0.52608800516367871 1 0.52972907072897635 1 0.53123532650684713 1 0.53142763547646965 1 0.53168316075752386 1 0.53206158181025032 1 0.5416145586937009 1 0.54615425903929504 1 0.54714215142575218 1 0.54746915817684738 1 0.54841649421240368 1 0.54868936991367212 1 0.55640109041520491 1 0.56198816106237393 1 0.56218455195520534 1 0.56301086121326638 1 0.56415368322153381 1 0.56438422836962099 1 0.57080824734044744 1 0.57696149239258521 1 0.57739657117146881 1 0.57819720214398429 1 0.57864749638464474 1 0.57966245198608946 1 0.58514133415650782 1 0.59158083944279338 1 0.59250266488260639 1 0.59250976864906268 1 0.59312966026612346 1 0.5942887322381385 1 0.59963479684829546 1 0.60613148355715885 1 0.60614100193209108 1 0.6074071351255792 1 0.60789182959968568 1 0.60924975682243732 1 0.61443567969580604 1 0.61991092674163661 1 0.62069245774573878 1 0.62219317717613398 1 0.62255879271380354 1 0.6236765335762503 1 0.6296001611114006 1 0.63408229028455321 1 0.63533709391470194 1 0.63692880237448068 1 0.63720155566769421 1 0.63793319593192632 1 0.64510440199881891 1 0.64880153154347264 1 0.65013566275259616 1 0.65167084426472699 1 0.65189014742429452 1 0.65274832043753794 1 0.66086847514300773 1 0.6640619063027825 1 0.6651583012449146 1 0.66647228299212302 1 0.66669713121373608 1 0.66751157219725776 1 0.67679306434693953 1 0.67972374709962224 1 0.68048003865678897 1 0.68139359857785442 1 0.68170313207395716 1 0.68254042897708012 1 0.69280974929970396 1 0.69564838466963153 1 0.69619144340331907 1 0.6965198381807538 1 0.69700756994417412 1 0.69731577510966536 1 0.70894943551486966 1 0.71174342908214017 1 0.7119914778007651 1 0.71242553587216306 1 0.7127546728756553 1 0.71303129051024294 1 0.72546484801882083 1 0.72809348477869695 1 0.72811867232066629 1 0.72889270241191317 1 0.72922207407100803 1 0.72945009701195596 1 0.74378427327867036 1 0.74616783669271236 1 0.74618847864521809 1 0.74648506856470909 1 0.7477797419912493 1 0.74866186704451498 1 0.76201683763982508 1 0.76411504557457632 1 0.76413945292394403 1 0.76427296759278884 1 0.76633598702919703 1 0.7678736370450685 1 0.77827820177293117 1 0.77996881061260515 1 0.78020290363550926 1 0.7803438124652643 1 0.78279912653208616 1 0.784898198088824 1 0.79409570307889499 1 0.79553742916909476 1 0.79577497561176402 1 0.79600558770603147 1 0.79854057381985732 1 0.80113229042973189 1 0.80985532827989526 1 0.81028532158247613 1 0.81086837330658301 1 0.81184783322391196 1 0.81384021757283465 1 0.81684369506719423 1 0.82535704336273785 1 0.8257060769112573 1 0.8257818283664653 1 0.82774734055247012 1 0.82884474504685546 1 0.83216543244530261 1 0.84033755991223902 1 0.84061297781405764 1 0.84164934546989179 1 0.8435736320975572 1 0.84365555254305802 1 0.84718807102599947 1 0.85542651280968773 1 0.85551054619842082 1 0.857595857010503 1 0.85835417275243209 1 0.85909154555345835 1 0.86198664009783477 1 0.8700368213628058 1 0.87026991156618094 1 0.87301267584450903 1 0.8734204255507898 1 0.87412650668917646 1 0.8766312766374702 1 0.88471676862220494 1 0.88518583644865878 1 0.88769921073867231 1 0.88866760768400632 1 0.8890118427425352 1 0.89119225129122803 1 0.89990548968341777 1 0.90022248880200229 1 0.90248187998425844 1 0.90283066516189103 1 0.90431355839270056 1 0.90574289589704038 1 0.91460290910482323 1 0.91544191989296608 1 0.9168735836183286 1 0.91743246670412115 1 0.91935272537087143 1 0.92036224338519457 1 0.92982071173292125 1 0.93092698042918831 1 0.93118398123277857 1 0.93263160705408543 1 0.93425664127355423 1 0.93513918413380259 1 0.94561617640515516 1 0.94618983205484963 1 0.94679020857450125 1 0.94817882870164849 1 0.9492575609310715 1 0.95018158479814874 1 0.96225798803579632 1 0.96258538724890153 1 0.96319616118315476 1 0.96421806841941082 1 0.96469526047163223 1 0.96564057541035786 1 0.97973036919666145 1 0.97987038896887979 1 0.98044881004241347 1 0.98102743810416615 1 0.98107030047888633 1 0.98179664899031405 1 1 4
8 -2.081922188747694 -1.9827253970229959
7 0 0  2 3 2  -14.436320228892837 1.7349351572897451 2.1166666666666627  -14.526899299387587 1.6936031607377866 2.0142261896109899  -14.613162573048504 1.6522711641858288 1.9166666666666632 
 -2.081922188747694 3 -1.9827253970229943 3
8 0.034474975409883757 4.7147223160459699
7 1 0  2 5 3  -14.613162573048502 1.6522711641858303 1.9166666666666665  1 -18.513162573048504 5.4288909680391573 1.9166666666666665  0.39009474880274692 -18.513162573048501 -5.6000000000000003e-16 1.9166666666666665  1 -18.513162573048501 -5.428890968039159 1.9166666666666665  0.39009474880274692 -14.613162573048502 -1.6522711641858299 1.9166666666666665  1
 0.034474975409883757 3 2.3745986457279269 2 4.7147223160459699 3
8 -2.0819221887476957 -1.9827253970229963
7 0 0  2 3 2  -14.436320228892832 -1.7349351572897473 2.116666666666668  -14.526899299387583 -1.6936031607377888 2.0142261896109948  -14.613162573048502 -1.6522711641858303 1.916666666666667 
 -2.0819221887476966 3 -1.9827253970229963 3
8 0.099196791724700306 4.0646475857706923
7 0 0  1 2 2  -14.613162573048502 -1.6522711641858299 1.9166666666666665  -14.613162573048502 1.6522711641858301 1.9166666666666665 
 0.099196791724700306 2 4.0646475857706923 2
8 -3.6271709216487942 1.1982617014431485
7 0 0  1 2 2  -1.836767451353694 2.0105969262883097 68.333333333333343  -1.836767451353694 -2.0105969262883097 68.333333333333343 
 -3.6271709216487942 2 1.1982617014431485 2
8 1.5386412314412792 6.2785320914620399
7 1 0  2 5 3  -1.8367674513536822 -2.0105969262883199 68.333333333333343  1 -6.7867674513537191 -7.0986381275077717 68.333333333333343  0.37632233139932852 -6.7867674513537191 -1.9000000000000001e-16 68.333333333333343  1 -6.7867674513537164 7.0986381275077717 68.333333333333343  0.37632233139932852 -1.8367674513536836 2.0105969262883212 68.333333333333343  1
 1.5386412314412792 3 3.9085866614516598 2 6.2785320914620399 3
8 -2.4289092202056413 -2.4127163115459731
7 0 0  2 3 2  -1.8072937273277387 -2.0240910168380419 68.366666666666688  -1.8220798770559536 -2.0173439715631765 68.349944258016407  -1.8367674513536896 -2.010596926288311 68.333333333333343 
 -2.4289092202056501 3 -2.4127163115459731 3
8 -2.4289092202056413 -2.4127163115459731
7 0 0  2 3 2  -1.8072937273277461 2.0240910168380384 68.366666666666674  -1.8220798770559581 2.0173439715631747 68.349944258016407  -1.8367674513536896 2.010596926288311 68.333333333333343 
 -2.4289092202056457 3 -2.4127163115459731 3
8 8.9000000000000007e-16 4.8578184404112923
7 0 0  1 2 2  -1.8072937273277521 -2.0240910168380384 68.36666666666666  -1.8072937273277521 2.0240910168380388 68.36666666666666 
 -4.4e-16 2 4.8578184404112923 2
8 0 4.7491972914558538
7 1 0  2 5 3  -1.8072937273277521 2.0240910168380384 68.36666666666666  1 -6.8239603939944207 7.2288964887072815 68.36666666666666  0.374165738677394 -6.8239603939944189 -9.2999999999999993e-16 68.36666666666666  1 -6.8239603939944171 -7.2288964887072833 68.36666666666666  0.374165738677394 -1.8072937273277505 -2.0240910168380375 68.36666666666666  1
 0 3 2.3745986457279269 2 4.7491972914558538 3
8 0.23999999999999999 5.96
7 0 0  1 2 2  -1.8072937273277521 -2.0240910168380384 68.36666666666666  -2.3592178582843277 -2.0240910168380384 73.133333333333326 
 0.23999999999999999 2 5.96 2
8 8.9000000000000007e-16 4.8578184404112923
7 0 0  1 2 2  -2.3592178582843277 -2.0240910168380384 73.133333333333326  -2.3592178582843277 2.0240910168380388 73.133333333333326 
 -4.4e-16 2 4.8578184404112923 2
8 0.23999999999999999 5.96
7 0 0  1 2 2  -1.8072937273277521 2.0240910168380384 68.36666666666666  -2.3592178582843277 2.0240910168380384 73.133333333333326 
 0.23999999999999999 2 5.96 2
8 0 4.7491972914558538
7 1 0  2 5 3  -2.3592178582843277 2.0240910168380384 73.133333333333326  1 -7.3758845249509974 7.2288964887072815 73.133333333333326  0.374165738677394 -7.3758845249509948 -9.2999999999999993e-16 73.133333333333326  1 -7.3758845249509921 -7.2288964887072833 73.133333333333326  0.374165738677394 -2.3592178582843264 -2.0240910168380375 73.133333333333326  1
 0 3 2.3745986457279269 2 4.7491972914558538 3
8 -2.4289092202056435 -2.3300643767930542
7 0 0  2 3 2  -2.3592178582843188 -2.0240910168380379 73.133333333333326  -2.473114201012844 -1.9829056654161248 73.235410353543628  -2.5823755141286466 -1.9417203139942119 73.333333333333329 
 -2.4289092202056453 3 -2.3300643767930542 3
8 0.098844843412591921 4.7589735969986995
7 0 0  1 2 2  -2.5823755141286591 -1.9417203139942116 73.333333333333343  -2.5823755141286591 1.9417203139942116 73.333333333333343 
 0.098844843412591921 2 4.7589735969986995 2
8 -2.4289092202056435 -2.3300643767930524
7 0 0  2 3 2  -2.3592178582843175 2.0240910168380384 73.133333333333326  -2.4731142010128453 1.9829056654161246 73.235410353543628  -2.5823755141286493 1.9417203139942105 73.333333333333329 
 -2.4289092202056457 3 -2.3300643767930524 3
8 0.02926352857730783 4.7199337628785454
7 1 0  2 5 3  -2.5823755141286591 1.9417203139942116 73.333333333333343  1 -7.1990421807953267 6.4591920649195185 73.333333333333343  0.38769414293519788 -7.1990421807953267 -9.2999999999999993e-16 73.333333333333343  1 -7.1990421807953249 -6.4591920649195185 73.333333333333343  0.38769414293519788 -2.58237551412866 -1.9417203139942112 73.333333333333343  1
 0.02926352857730783 3 2.3745986457279269 2 4.7199337628785454 3
Polygon3D 0
PolygonOnTriangulations 0
Surfaces 20
9 1 0 0 0 14 5 15 6 2 2 -10.700140402008723 2.7822368897929346 5.8333333333333339  1 -9.3351022462573461 3.476473899986162 6.9021627339663016  0.99999999999997691 -11.564679752345127 2.680518870520296 11.415973980682541  1.0000000000000824 -10.098475843668759 3.2583650623851845 9.455423631647319  0.99999999999986278 -13.382708191503658 1.9010297271228747 12.680424732221727  1.0000000000000913 -13.567482386701695 1.7961276123979739 12.333333333333334  1 
-11.932999512198126 5.4261117836090618 5.8333333333333339  1 -10.593493205464334 6.1751020207335774 6.9021627339663016  0.99999999999997691 -13.330428441319162 6.4671791538227819 11.415973980682541  1.0000000000000824 -10.23050965199179 3.5415124782609171 9.455423631647319  0.99999999999986278 -14.812256623073974 4.9667062317109067 12.680424732221727  1.0000000000000913 -14.278747257964691 3.3214400511381768 12.333333333333334  1 
-15.0334752368781 7.1991039357036941 5.8333333333333339  1 -13.998956729396962 7.8725349746502511 6.9021627339663016  0.99999999999997691 -17.785479931941904 8.999798647301013 11.415973980682541  1.0000000000000824 -10.822798005888769 3.6100398020330422 9.455423631647319  0.99999999999986278 -18.331725242621442 7.0578383254057666 12.680424732221727  1.0000000000000913 -15.907437873590133 4.4189505249429546 12.333333333333334  1 
-19.689569068201113 7.4321241533258764 5.8333333333333339  1 -19.233033296509014 7.8858269482874555 6.9021627339663016  0.99999999999997691 -24.482977865978153 9.3200818195256829 11.415973980682541  1.0000000000000824 -11.841927562846106 3.3922903591216347 9.455423631647319  0.99999999999986278 -23.579339463456897 7.3985909241298309 12.680424732221727  1.0000000000000913 -18.273554889828265 4.7026461334063363 12.333333333333334  1 
-25.030734556134828 5.7166302821589312 5.8333333333333339  1 -25.335134023285139 5.8315557250033425 6.9021627339663016  0.99999999999997691 -32.171776048065652 6.8449112088609301 11.415973980682541  1.0000000000000824 -13.116831779414285 2.8808060534264053 9.455423631647319  0.99999999999986278 -29.568293871171726 5.5046921158839481 12.680424732221727  1.0000000000000913 -20.92272755018897 3.9145084606384017 12.333333333333334  1 
-29.739779517026786 2.1443193979159001 5.8333333333333339  1 -30.816774272549139 1.8704722609103275 6.9021627339663016  0.99999999999997691 -38.956709983715633 1.7096434903387585 11.415973980682541  1.0000000000000824 -14.350790217452575 2.1579903252185657 9.455423631647319  0.99999999999986278 -34.816502846598716 1.4613676831855749 12.680424732221727  1.0000000000000913 -23.190763367233284 2.062801861505251 12.333333333333334  1 
-32.410013134287084 -2.5655430276461333 5.8333333333333339  1 -34.057650161407011 -3.1772373486574588 6.9021627339663016  0.99999999999997691 -42.81200656441068 -5.0504059475624965 11.415973980682541  1.0000000000000824 -15.193759414629783 1.3938518553995838 9.455423631647319  0.99999999999986278 -37.750818656371713 -3.9243955803624742 12.680424732221727  1.0000000000000913 -24.388734512381294 -0.49469358895167426 12.333333333333334  1 
-32.085715837252003 -7.190020709588187 5.8333333333333339  1 -33.920653260388328 -7.9879568177749016 6.9021627339663016  0.99999999999997691 -42.359162715793744 -11.679184363998585 11.415973980682541  1.0000000000000824 -15.368727545161356 0.8008063335086717 9.455423631647319  0.99999999999986278 -37.313821839430211 -9.2582318349069279 12.680424732221727  1.0000000000000913 -24.072677337346899 -3.1025252434179493 12.333333333333334  1 
-28.751614690884537 -10.411003807517574 5.8333333333333339  1 -30.323488254069861 -11.185173401226056 6.9021627339663016  0.99999999999997691 -37.572306259935146 -16.286979512143024 11.415973980682541  1.0000000000000824 -14.80196097216472 0.55363738445515231 9.455423631647319  0.99999999999986278 -33.50876235536029 -13.021514675303083 12.680424732221727  1.0000000000000913 -22.278120025800998 -5.020920961956354 12.333333333333334  1 
-23.427257667924891 -11.392927393331748 5.8333333333333339  1 -24.373523491418961 -11.947123629830681 6.9021627339663016  0.99999999999997691 -29.915671079192734 -17.67892700865999 11.415973980682541  1.0000000000000824 -13.674746788541334 0.70821051281844127 9.455423631647319  0.99999999999986278 -27.496886489945652 -14.235600248796317 12.680424732221727  1.0000000000000913 -19.548923838907939 -5.7471482103654203 12.333333333333334  1 
-17.663793011545788 -10.081826843217964 5.8333333333333339  1 -17.81562708193853 -10.294078949510737 6.9021627339663016  0.99999999999997691 -21.620556313118019 -15.782252532845002 11.415973980682541  1.0000000000000824 -12.327864621411196 1.1888605234822456 9.455423631647319  0.99999999999986278 -21.026036574170629 -12.814237774587573 12.680424732221727  1.0000000000000913 -16.672568966769983 -5.1999860347741302 12.333333333333334  1 
-12.916413467455364 -7.0929549061519284 5.8333333333333339  1 -12.319609286508392 -6.9400586855886859 6.9021627339663016  0.99999999999997691 -14.782201416186695 -11.483300411197391 11.415973980682541  1.0000000000000824 -11.116552277559801 1.8367180396010123 9.455423631647319  0.99999999999986278 -15.725600227959305 -9.4438072181128856 12.680424732221727  1.0000000000000913 -14.365965120168548 -3.6772071701368043 12.333333333333334  1 
-10.102037885964826 -3.3763975913930055 5.8333333333333339  1 -8.9653919635357813 -2.9219795005679514 6.9021627339663016  0.99999999999997691 -10.722483872615117 -6.1468452815227881 11.415973980682541  1.0000000000000824 -10.294662674844092 2.4774499297395933 9.455423631647319  0.99999999999986278 -12.613530461156326 -5.2048699563275846 12.680424732221727  1.0000000000000913 -13.062377863447349 -1.6823003560751046 12.333333333333334  1 
-9.4672812918192299 0.13836199598096086 5.8333333333333339  1 -8.0767112870353976 0.77784577924796616 6.9021627339663016  0.99999999999997691 -9.7989310634332991 -1.106141412797778 11.415973980682541  1.0000000000000824 -9.9664420352095267 2.9752176465633293 9.455423631647319  0.99999999999986278 -11.95315976002186 -1.1646467774956846 12.680424732221727  1.0000000000000913 -12.856217515438519 0.27081517366057761 12.333333333333334  1 
-10.700140402008724 2.7822368897929373 5.8333333333333339  1 -9.3351022462570796 3.476473899985641 6.9021627339663016  0.99999999999997691 -11.564679752346066 2.6805188705221878 11.415973980682541  1.0000000000000824 -10.098475843667194 3.2583650623819014 9.455423631647319  0.99999999999986278 -13.382708191504689 1.9010297271250831 12.680424732221727  1.0000000000000913 -13.567482386701695 1.7961276123979679 12.333333333333334  1 

0 15
1 15

0 6
1 6

9 0 0 0 0 1 1 2 2 2 2 -14.747311184568467 4.326278634440083 12.333333333333334  -12.089267534800593 -1.3739143675036096 12.333333333333334  
-17.451765134098022 3.0651710466469182 12.333333333333334  -14.793721484330147 -2.6350219552967742 12.333333333333334  

-1.7399e-13 2
3.5808417249139977 2

-3.3500553232338883 2
4.1973051873691398 2

9 0 0 0 0 14 2 15 3 2 2 -17.313151225654266 3.9166666666666723 11.416666666666666  -17.491355248124322 3.8623896577994494 14.135779838980145  -16.921039691567973 4.3333333333333304 16.666666666666668  
-18.846547639907573 3.9166666666667713 11.416666666666666  -19.075258099341422 3.8623896578013328 14.135779838980145  -18.641435668535085 4.3333333333339841 16.666666666666668  
-20.379944620169507 3.0670854186356484 11.416666666666666  -20.659161535206845 3.0245818724663116 14.135779838980145  -20.361832280536337 3.3933711014666423 16.666666666666668  
-21.52528399311436 1.3679218364614742 11.416666666666666  -21.842225667592174 1.3489652307884445 14.135779838980145  -21.646847186767012 1.5134454360925909 16.666666666666668  
-21.894551344722576 -0.9267249077139047 11.416666666666666  -22.223655808948397 -0.91388239133156179 14.135779838980145  -22.061147142230205 -1.0253126638702035 16.666666666666668  
-21.238822167446184 -3.3087046699347153 11.416666666666666  -21.546328469579962 -3.2628527738366224 14.135779838980145  -21.325450992114469 -3.6606945284097545 16.666666666666668  
-19.588259146963399 -5.1270799981327073 11.416666666666666  -19.841399822282202 -5.0560291302037861 14.135779838980145  -19.47359979840369 -5.6725140405275241 16.666666666666668  
-17.313151225712794 -5.8116620247236188 11.416666666666666  -17.491355248208905 -5.7311242463990544 14.135779838980145  -16.92103969163206 -6.4299239422012118 16.666666666666668  
-15.038043304237821 -5.1270799981330155 11.416666666666666  -15.141310673812368 -5.0560291302078202 14.135779838980145  -14.368479584614658 -5.6725140405309631 16.666666666666668  
-13.387480283944555 -3.3087046699343285 11.416666666666666  -13.43638202678452 -3.262852773830498 14.135779838980145  -12.516628391111801 -3.6606945284047665 16.666666666666668  
-12.731751106534274 -0.92672490771413452 11.416666666666666  -12.759054687229478 -0.91388239133719373 14.135779838980145  -11.780932240848813 -1.0253126638744663 16.666666666666668  
-13.101018458219922 1.3679218364615298 11.416666666666666  -13.140484828690536 1.3489652307920028 14.135779838980145  -12.195232196397363 1.5134454360950631 16.666666666666668  
-14.246357831129551 3.0670854186356538 11.416666666666666  -14.32354896102971 3.0245818724647999 14.135779838980145  -13.480247102589157 3.3933711014656573 16.666666666666668  
-15.779754811403052 3.9166666666667571 11.416666666666666  -15.907452396909818 3.8623896578016956 14.135779838980145  -15.200643714603176 4.3333333333342106 16.666666666666668  
-17.313151225654263 3.9166666666666714 11.416666666666666  -17.491355248124325 3.8623896577994508 14.135779838980145  -16.92103969156798 4.3333333333333286 16.666666666666668  

0 15
1 15

0 3
1 3

9 0 0 0 0 1 1 2 2 2 2 -19.230322092101819 3.3240452022091738 12.333333333333334  -16.081463014568108 -3.4287048812712038 12.333333333333334  
-23.973709059409217 1.1121675337611208 12.333333333333334  -20.824849981875509 -5.6405825497192588 12.333333333333334  

5.3838598150264909 2
11.664357944012222 2

-4.5335796988902892 2
4.4074227023709573 2

9 0 0 0 0 1 1 2 2 2 2 -14.383611174284958 10.681465452436667 5.8333333333333339  -7.0166696296896749 -5.1169916729373117 5.8333333333333339  
-35.769186609481672 0.70920785295302957 5.8333333333333339  -28.402245064886387 -15.08924927242095 5.8333333333333339  

-1.34204e-12 2
28.315646063401932 2

-10.45900124743007 2
10.459001247545876 2

9 0 0 0 0 1 1 2 2 2 2 -13.031164104210813 5.025594656528896 15.500000000000002  -13.036190978183082 -5.3434040483001457 15.500000000000002  
-22.525045772045434 5.0301972751626121 15.500000000000005  -22.5300726460177 -5.3388014296664288 15.500000000000005  

-0.01318371998892154 2
11.379475620217827 2

-6.0307206879787394 2
6.4120792200282946 2

9 0 1 0 0 2 1 5 2 3 2 -14.436320228892834 1.7349351572897473 2.1166666666666667  1 -14.866666666666667 1.7349351572897473 5.8333333333333339  1 
-18.736320228892836 6.1961969903205274 2.1166666666666667  0.374165738677394 -19.166666666666671 6.1961969903205274 5.8333333333333339  0.374165738677394 
-18.736320228892836 -7.9999999999999998e-16 2.1166666666666667  1 -19.166666666666668 -7.9999999999999998e-16 5.8333333333333339  1 
-18.736320228892829 -6.196196990320531 2.1166666666666667  0.374165738677394 -19.166666666666661 -6.196196990320531 5.8333333333333339  0.374165738677394 
-14.436320228892834 -1.7349351572897469 2.1166666666666667  1 -14.866666666666667 -1.7349351572897469 5.8333333333333339  1 

0.76699400786186656 3
3.1415926535897936 2
5.51619129931772 3

0.23999999999999999 2
4.7000000000000002 2

9 0 0 0 0 1 1 2 2 2 2 -14.436320228892834 1.7349351572897476 2.1166666666666667  -14.436320228892834 -1.7349351572897473 2.1166666666666667  
-14.866666666666667 1.7349351572897476 5.8333333333333339  -14.866666666666667 -1.7349351572897473 5.8333333333333339  

1.24 2
5.7000000000000002 2

-6.0819221887476971 2
-1.9180778112523034 2

9 1 0 0 0 3 5 382 6 380 2 -13.044586939069944 2.0000000000000001e-17 15.500000000000002  1 -9.7074551038928725 -1.1e-16 26.059242440312282  1.0000000000000044 -13.102684104689954 3.5999999999999998e-16 39.522122907234191  0.99999999999998113 0.4604229953267262 -5.6999999999999999e-16 44.847067218265735  1.0000000000000258 -2.5496464722292402 2.5999999999999998e-16 59.565263456900929  0.99999999999998634 4.013232548646303 -4.9999999999999999e-17 68.333333333333343  1 
-13.055238354497272 0.18823656837156538 15.500000000000002  1 -9.6853947539855891 0.22183658678227539 26.05924244031176  1.0000000000000044 -13.126298773373527 0.27502292669874889 39.522122907235826  0.99999999999998113 0.48065580890834014 0.14062363820893567 44.84706721826376  1.0000000000000258 -2.5559614353645683 0.34655339872677632 59.565263456901896  0.99999999999998634 4.0148976981914455 0.29027969559256311 68.333333333333343  1 
-13.095531366816695 0.37706568146157937 15.500000000000005  1 -9.6288730301313112 0.45734782194086665 26.059242440311831  1.0000000000000044 -13.209860840334473 0.54838467589114137 39.522122907235619  0.99999999999998113 0.53114837050413422 0.29172695737293874 44.847067218263923  1.0000000000000258 -2.5898227998749914 0.69964377073844497 59.565263456901896  0.99999999999998634 4.003627985512014 0.58841020868643845 68.333333333333343  1 
-13.146813800526516 0.56578479865449349 15.500000000000002  1 -9.5771592495233726 0.69411474737288648 26.05924244031176  1.0000000000000044 -13.311269867785368 0.82161891908544626 39.522122907235826  0.99999999999998113 0.57716310489567091 0.44321665052691278 44.84706721826376  1.0000000000000258 -2.6404121176774269 1.0533906901069141 59.565263456901896  0.99999999999998634 3.9768264854133037 0.88671388729639056 68.333333333333343  1 
-13.14906955883075 0.57403549937120968 15.500000000000002  1 -9.5749058953645889 0.70446749609451698 26.05924244031176  1.0000000000000044 -13.31572530559391 0.83356470331800792 39.522122907235826  0.99999999999998113 0.5791678688782258 0.44983999810972702 44.84706721826376  1.0000000000000258 -2.6426452922990378 1.0688572830909822 59.565263456901896  0.99999999999998634 3.9756343929134852 0.89975580143553524 68.333333333333343  1 
-13.150985162570302 0.5810140145843572 15.500000000000002  1 -9.5730044207611265 0.71322469575645986 26.05924244031176  1.0000000000000044 -13.319505919705875 0.84366863201721709 39.522122907235826  0.99999999999998113 0.58085940976417061 0.45544221605708229 44.84706721826376  1.0000000000000258 -2.6445461761333893 1.0819395839307742 59.565263456901896  0.99999999999998634 3.9746146109866252 0.91078687114586077 68.333333333333343  1 
-13.152921011057556 0.5880226620554152 15.500000000000002  1 -9.5711025758795465 0.72202070984307742 26.05924244031176  1.0000000000000044 -13.32332161146739 0.85381635313568849 39.522122907235826  0.99999999999998113 0.58255098285831086 0.46106867644829486 44.84706721826376  1.0000000000000258 -2.6464744109540166 1.0950791218429601 59.565263456901896  0.99999999999998634 3.9735718946894361 0.92186562129665472 68.333333333333343  1 
-13.195717665079187 0.74229651649379613 15.500000000000002  1 -9.529378442748758 0.91564980568245902 26.05924244031176  1.0000000000000044 -13.407597900294958 1.0771910609168911 39.522122907235826  0.99999999999998113 0.61965747430490181 0.58491520712508083 44.84706721826376  1.0000000000000258 -2.6892212100409858 1.3843162111579979 59.565263456901896  0.99999999999998634 3.9503222374954516 1.1657287994997376 68.333333333333343  1 
-13.246607621401884 0.90186219933256595 15.500000000000002  1 -9.491405476792492 1.1163079178748212 26.059242440311966  1.0000000000000044 -13.504987160303441 1.3083678032465882 39.522122907235186  0.99999999999998113 0.65327716606293373 0.71287838274776605 44.847067218264513  1.0000000000000258 -2.7443786924297635 1.6838340580777542 59.565263456901569  0.99999999999998634 3.9154778149938694 1.4178758223156878 68.333333333333343  1 
-13.265703358362883 1.063911582192054 15.499999999999998  1 -9.5331656760162424 1.3100131378331599 26.059242440312282  1.0000000000000044 -13.527387074599355 1.544949177858896 39.522122907234191  0.99999999999998113 0.61447170487248459 0.8343693499883531 44.847067218265735  1.0000000000000258 -2.7853015095587668 1.983801062789518 59.565263456900929  0.99999999999998634 3.8677912791209357 1.6678438175093757 68.333333333333343  1 
-13.267327204288293 1.079525183838582 15.499999999999998  1 -9.5377130822404883 1.3286106715724346 26.059242440312282  1.0000000000000044 -13.529040381786105 1.5677558064866393 39.522122907234191  0.99999999999998113 0.61025736036606182 0.846019666161274 44.847067218265735  1.0000000000000258 -2.7891416166551548 2.0126755507096767 59.565263456900929  0.99999999999998634 3.8631209396389199 1.691888390626735 68.333333333333343  1 
-13.268325863170864 1.0899699690639797 15.500000000000002  1 -9.5409670767234225 1.3410247730138842 26.059242440312282  1.0000000000000044 -13.529941785621594 1.5830172095543154 39.522122907234191  0.99999999999998113 0.6072459084390488 0.85379068144691561 44.847067218265735  1.0000000000000258 -2.7916687217771115 2.0319801156239601 59.565263456900929  0.99999999999998634 3.8599662714297964 1.7079568803643008 68.333333333333343  1 
-13.269223885491739 1.1008097449383489 15.500000000000002  1 -9.5446761487420755 1.353866186119564 26.059242440312282  1.0000000000000044 -13.530555251222589 1.5988634406772955 39.522122907234191  0.99999999999998113 0.60382011463258689 0.86182000736892905 44.847067218265735  1.0000000000000258 -2.7942246299781419 2.0519972264561019 59.565263456900929  0.99999999999998634 3.8566460691631805 1.724607522039368 68.333333333333343  1 
-13.279858110751153 1.2429981216298278 15.499999999999998  1 -9.5960606255260021 1.5219634411580796 26.059242440311849  1.0000000000000044 -13.535938297979534 1.8067846867792168 39.522122907235634  0.99999999999998113 0.55641000761691173 0.96685114656301641 44.847067218263852  1.0000000000000258 -2.82719056237744 2.3144219961444477 59.565263456901896  0.99999999999998634 3.8127228042866035 1.9428083197020105 68.333333333333343  1 
-13.262253977522816 1.3973500455987682 15.500000000000002  1 -9.7215355954708809 1.6954928744715367 26.059242440311849  1.0000000000000044 -13.474096340200701 2.034054557476443 39.522122907235634  0.99999999999998113 0.44191506493883631 1.0733565588811635 44.847067218263852  1.0000000000000258 -2.8488887068005488 2.5955293136783428 59.565263456901896  0.99999999999998634 3.755420252897661 2.1742363008934706 68.333333333333343  1 
-13.262076203628695 1.5519618295331672 15.500000000000002  1 -9.8342474897273942 1.8606683374766935 26.059242440311849  1.0000000000000044 -13.445243735061737 2.2646420760860093 39.522122907235634  0.99999999999998113 0.34059516284275582 1.172127274818608 44.847067218263852  1.0000000000000258 -2.8899126579893148 2.874425770557778 59.565263456901896  0.99999999999998634 3.6869486807312843 2.400985904200172 68.333333333333343  1 
-13.262372088382593 1.574606789679923 15.500000000000002  1 -9.8504400700665098 1.884738180628232 26.059242440311849  1.0000000000000044 -13.441648021917443 2.2984585738647083 39.522122907235634  0.99999999999998113 0.32606692198506909 1.1864804994964391 44.847067218263852  1.0000000000000258 -2.8962484593211237 2.9152375396500876 59.565263456901896  0.99999999999998634 3.6767609167463844 2.4341249697627827 68.333333333333343  1 
-13.262698052734834 1.5902146881172627 15.500000000000002  1 -9.8614799434032285 1.9012823575554676 26.059242440311849  1.0000000000000044 -13.439408864137222 2.3217828818509663 39.522122907235634  0.99999999999998113 0.31617245068746008 1.1963309713903998 44.847067218263852  1.0000000000000258 -2.9007390228543919 2.9433532350347353 59.565263456901896  0.99999999999998634 3.6696793917428159 2.4569391125312485 68.333333333333343  1 
-13.26337555678028 1.6087203772131062 15.500000000000002  1 -9.8742570756739134 1.920800714365738 26.059242440311849  1.0000000000000044 -13.437330753319596 2.3494739656842976 39.522122907235634  0.99999999999998113 0.30474558499910542 1.2079192468860356 44.847067218263852  1.0000000000000258 -2.9063488646058326 2.9766609231951384 59.565263456901896  0.99999999999998634 3.6611551845381594 2.4839322118600644 68.333333333333343  1 
-13.270034347428767 1.7434908325552372 15.500000000000002  1 -9.9653421697201559 2.0624251831550486 26.059242440311849  1.0000000000000044 -13.425641712568614 2.5513367599112984 39.522122907235634  0.99999999999998113 0.22342760497740016 1.2918237164567823 44.847067218263852  1.0000000000000258 -2.9488498073469285 3.2190821327816295 59.565263456901896  0.99999999999998634 3.5983863752198473 2.6802104386758234 68.333333333333343  1 
-13.299953863419955 1.8903907349191156 15.500000000000002  1 -10.038000342086677 2.2102467786288256 26.059242440311706  1.0000000000000044 -13.458548103736833 2.7739140429276814 39.522122907236167  0.99999999999998113 0.16048127978995796 1.3771099301698435 44.847067218263192  1.0000000000000258 -3.0166342144430409 3.4815098575533727 59.565263456902215  0.99999999999998634 3.5212849699396394 2.8903589914584571 68.333333333333343  1 
-13.357913102250148 2.0197557560625716 15.500000000000002  1 -10.073997635381769 2.3741510454007826 26.059242440311973  1.0000000000000044 -13.548017499100718 2.9620188032193169 39.522122907235222  0.99999999999998113 0.13224903431065677 1.4784442918655887 44.847067218264442  1.0000000000000258 -3.1089257833354393 3.725559248041912 59.565263456901569  0.99999999999998634 3.436233571826552 3.0912520758045261 68.333333333333343  1 
-13.370187314682877 2.0450025033346755 15.500000000000002  1 -10.080198811861717 2.4072998736505893 26.059242440311856  1.0000000000000044 -13.567311273090489 2.9984525288917308 39.522122907235655  0.99999999999998113 0.12754153165891052 1.4991285100332015 44.847067218263852  1.0000000000000258 -3.1279397415225998 3.7736304257930993 59.565263456901896  0.99999999999998634 3.4190978465343922 3.131006424248556 68.333333333333343  1 
-13.377853276117223 2.0601618064393143 15.500000000000002  1 -10.083669030402955 2.4275609705168315 26.059242440311856  1.0000000000000044 -13.579459515301593 3.0202439762490525 39.522122907235655  0.99999999999998113 0.12496150288020795 1.511827349835098 44.847067218263852  1.0000000000000258 -3.1396646950408837 3.8026306604170332 59.565263456901896  0.99999999999998634 3.4086436637232476 3.1550452891761265 68.333333333333343  1 
-13.388325212699852 2.0794526618659521 15.500000000000002  1 -10.087481300737425 2.4542537633017845 26.059242440311856  1.0000000000000044 -13.59628018863974 3.0477571933779708 39.522122907235655  0.99999999999998113 0.12226724478342092 1.5286986366169504 44.847067218263852  1.0000000000000258 -3.1553340986134999 3.8398810608961784 59.565263456901896  0.99999999999998634 3.3949355072546648 3.1860662040420413 68.333333333333343  1 
-13.450480974740948 2.1881275323893123 15.500000000000005  1 -10.106328249824731 2.6087960260049621 26.05924244031176  1.0000000000000044 -13.697029749909147 3.201751541208337 39.522122907235826  0.99999999999998113 0.10965147152307823 1.6270073391564697 44.84706721826376  1.0000000000000258 -3.2469176691071482 4.0513148619560582 59.565263456901896  0.99999999999998634 3.3159078772438368 3.3627976768390431 68.333333333333343  1 
-13.544330211119158 2.293507502825276 15.500000000000002  1 -10.096612402775305 2.8040933324832871 26.05924244031176  1.0000000000000044 -13.858697765676613 3.3399376230374611 39.522122907235826  0.99999999999998113 0.12479032720782102 1.7580278603883857 44.84706721826376  1.0000000000000258 -3.3710839190370123 4.2734471311437785 59.565263456901896  0.99999999999998634 3.2200199416110378 3.5556550293638463 68.333333333333343  1 
-13.62763307239133 2.3998086919580914 15.500000000000002  1 -10.117562788665351 2.9772063835679901 26.05924244031176  1.0000000000000044 -13.993693175356936 3.4862152161851574 39.522122907235826  0.99999999999998113 0.11239362248755547 1.8698172181306687 44.84706721826376  1.0000000000000258 -3.4915765820898743 4.4892535274294856 59.565263456901896  0.99999999999998634 3.1185283320718318 3.7375591389927894 68.333333333333343  1 
-13.64705397223509 2.4256421582210215 15.500000000000002  1 -10.124277579211192 3.0177874396349424 26.05924244031176  1.0000000000000044 -14.024648228030792 3.5221739500656888 39.522122907235826  0.99999999999998113 0.10790009188806424 1.8957441192166469 44.84706721826376  1.0000000000000258 -3.5203106232028532 4.5411700006297959 59.565263456901896  0.99999999999998634 3.0938403657756144 3.7810029934993081 68.333333333333343  1 
-13.65742539546974 2.4397249478645198 15.500000000000002  1 -10.128361117870027 3.0395205708359923 26.05924244031176  1.0000000000000044 -14.041038700882263 3.5418835029676727 39.522122907235826  0.99999999999998113 0.10506446643414788 1.9095538557350797 44.84706721826376  1.0000000000000258 -3.535830332429299 4.5693333014517092 59.565263456901896  0.99999999999998634 3.0803770138305979 3.8044866526599947 68.333333333333343  1 
-13.671201364536188 2.4591998857102437 15.500000000000002  1 -10.135035805870372 3.0685860356709851 26.05924244031176  1.0000000000000044 -14.062458647313932 3.569409514529498 39.522122907235826  0.99999999999998113 0.10020253352250319 1.9278312890992497 44.84706721826376  1.0000000000000258 -3.5568848934480877 4.607927055250908 59.565263456901896  0.99999999999998634 3.0617901081831671 3.8364597304492896 68.333333333333343  1 
-13.73827757137472 2.5576135171782828 15.500000000000002  1 -10.173185876434754 3.2111063453771429 26.05924244031176  1.0000000000000044 -14.165168049312555 3.7096904641047144 39.522122907235826  0.99999999999998113 0.071574550989409458 2.0165905755686131 44.84706721826376  1.0000000000000258 -3.6613890623112897 4.8013955294376558 59.565263456901896  0.99999999999998634 2.9681033459685242 3.9958273540346188 68.333333333333343  1 
-13.796242603527267 2.680958957688647 15.500000000000002  1 -10.265264468444027 3.3454157960752351 26.059242440311973  1.0000000000000044 -14.236838555011321 3.8976608896828169 39.522122907235222  0.99999999999998113 -0.0052264538764860502 2.0912026740459453 44.847067218264442  1.0000000000000258 -3.7721331837005145 5.0281144676269927 59.565263456901569  0.99999999999998634 2.8539849976693037 4.1733102952270285 68.333333333333343  1 
-13.840441646644519 2.8051628344234714 15.500000000000002  1 -10.389099788321399 3.4521587738211612 26.059242440312282  1.0000000000000044 -14.275270537383564 4.0948051775161254 39.522122907234191  0.99999999999998113 -0.11165382192953414 2.141925107956943 44.847067218265735  1.0000000000000258 -3.8743840917919199 5.2464660435316803 59.565263456900929  0.99999999999998634 2.7375746414190685 4.3371970565592806 68.333333333333343  1 
-13.851935627609308 2.8390120158721293 15.500000000000002  1 -10.424206171341154 3.4800480930889175 26.059242440312282  1.0000000000000044 -14.284374373728619 4.1488649048637178 39.522122907234191  0.99999999999998113 -0.14193203698724494 2.1547054674948725 44.847067218265735  1.0000000000000258 -3.9019268855190115 5.3055563649593953 59.565263456900929  0.99999999999998634 2.7057246519565408 4.3812278870040977 68.333333333333343  1 
-13.857363281591899 2.8553642069476419 15.500000000000002  1 -10.441474340660495 3.4932483151916447 26.059242440312282  1.0000000000000044 -14.288461517629475 4.1750560478992931 39.522122907234191  0.99999999999998113 -0.15684873254562137 2.1606425515514194 44.847067218265735  1.0000000000000258 -3.915159429963698 5.3340076450830862 59.565263456900929  0.99999999999998634 2.6903095172633513 4.4023548931021708 68.333333333333343  1 
-13.864568421969294 2.8777163688767025 15.500000000000002  1 -10.465644028106604 3.5108013262371216 26.059242440312282  1.0000000000000044 -14.293502929013602 4.2109935260075773 39.522122907234191  0.99999999999998113 -0.17776837737398615 2.1683278074678207 44.847067218265735  1.0000000000000258 -3.9331318315916048 5.3727293538830336 59.565263456900929  0.99999999999998634 2.6691721626184863 4.4309733532434636 68.333333333333343  1 
-13.900376600219596 2.9911230806227 15.500000000000005  1 -10.59032518755822 3.5980960736257681 26.059242440312044  1.0000000000000044 -14.317143175227567 4.3938180109091887 39.52212290723503  0.99999999999998113 -0.28583291308359721 2.2057659101309679 44.847067218264584  1.0000000000000258 -4.0239310732481472 5.5685847627055036 59.565263456901569  0.99999999999998634 2.561663492790391 4.5752335513556099 68.333333333333343  1 
-13.935850072164605 3.1268302270780182 15.500000000000002  1 -10.760966515566377 3.6843107751337101 26.059242440311351  1.0000000000000044 -14.325690314192409 4.6179351959203236 39.522122907237176  0.99999999999998113 -0.43534764339307996 2.2342801072087903 44.847067218261955  1.0000000000000258 -4.128957306015943 5.7969038381575304 59.565263456902869  0.99999999999998634 2.4299081976288943 4.7381883838342755 68.333333333333343  1 
-13.989363138425864 3.2426240633523826 15.500000000000002  1 -10.901708140380816 3.779745848117126 26.059242440312016  1.0000000000000044 -14.37166728949367 4.8071247953703979 39.522122907235115  0.99999999999998113 -0.5584347093911235 2.2717232794125164 44.847067218264513  1.0000000000000258 -4.246401340908716 6.002862817106589 59.565263456901569  0.99999999999998634 2.297639296314137 4.887308464712107 68.333333333333357  1 
-14.005832897396568 3.2742964063929625 15.500000000000002  1 -10.939551459017869 3.8077271925031928 26.05924244031176  1.0000000000000044 -14.387394453381539 4.8586477112212085 39.522122907235826  0.99999999999998113 -0.59149296654113215 2.2831638941611891 44.84706721826376  1.0000000000000258 -4.2806498359990659 6.0601085972846267 59.565263456901896  0.99999999999998634 2.260024439405917 4.9289799892286492 68.333333333333357  1 
-14.013289118622096 3.2878732485103721 15.500000000000002  1 -10.955632177286326 3.8201279011399025 26.05924244031176  1.0000000000000044 -14.394817556387149 4.8806851211252527 39.522122907235826  0.99999999999998113 -0.60553196824768829 2.2883274798790882 44.84706721826376  1.0000000000000258 -4.295790285693446 6.0848448984986003 59.565263456901896  0.99999999999998634 2.2435898861960331 4.9470342640711573 68.333333333333357  1 
-14.02741764896545 3.3116738394916649 15.500000000000002  1 -10.983395557529919 3.8429783008780816 26.05924244031176  1.0000000000000044 -14.409669957499499 4.9191754622263 39.522122907235826  0.99999999999998113 -0.62974072417919935 2.2981020127134753 44.84706721826376  1.0000000000000258 -4.3235465948261238 6.1287403839327217 59.565263456901896  0.99999999999998634 2.2139743943637984 4.9792101644234013 68.333333333333357  1 
-14.088664462560047 3.4066853024061672 15.499999999999998  1 -11.092208800786269 3.9393260190120971 26.059242440312399  1.0000000000000044 -14.477411184800493 5.0721643287185367 39.522122907233801  0.99999999999998113 -0.72448001155562713 2.3404704796883684 44.847067218266304  1.0000000000000258 -4.4398976994106842 6.3064172235679621 59.56526345690061  0.99999999999998634 2.0920903895905036 5.110088070132778 68.333333333333343  1 
-14.189962430500616 3.4970261813704973 15.499999999999998  1 -11.175294584988148 4.0780639727105701 26.059242440312204  1.0000000000000044 -14.618902804498219 5.2103274402474709 39.522122907234341  0.99999999999998113 -0.79497522081368177 2.4123413623585264 44.847067218265664  1.0000000000000258 -4.5999358440984812 6.4969352856707117 59.565263456900929  0.99999999999998634 1.9444170589710128 5.2566586390636845 68.333333333333343  1 
-14.294883433731508 3.5688539302228239 15.499999999999998  1 -11.240929338762914 4.2156322529222603 26.059242440312399  1.0000000000000044 -14.772492954291602 5.3165774225642828 39.522122907233801  0.99999999999998113 -0.85010202398720525 2.4853323880489149 44.847067218266304  1.0000000000000258 -4.7590533322102697 6.6619081328473433 59.56526345690061  0.99999999999998634 1.803151188483757 5.3854524252678955 68.333333333333343  1 
-14.325617750139017 3.5890591052728382 15.499999999999998  1 -11.259692427673818 4.2557111493130044 26.059242440312399  1.0000000000000044 -14.817680631118789 5.3463005712519269 39.522122907233801  0.99999999999998113 -0.86585662899996252 2.5065998918247385 44.847067218266304  1.0000000000000258 -4.8055215046279267 6.7090259949498456 59.56526345690061  0.99999999999998634 1.7620506311293103 5.4222893089435757 68.333333333333343  1 
-14.339304837969514 3.5978703550516644 15.500000000000002  1 -11.26795259620803 4.2735112329119174 26.059242440312399  1.0000000000000044 -14.837846740964244 5.3592242792692328 39.522122907233801  0.99999999999998113 -0.87279155047418311 2.5160444953708119 44.847067218266304  1.0000000000000258 -4.8261867313855511 6.7297399113510714 59.56526345690061  0.99999999999998634 1.7438055850410232 5.4384947372682788 68.333333333333343  1 
-14.363558270547355 3.6131911549182449 15.500000000000002  1 -11.282535708931929 4.3049822957169273 26.059242440312399  1.0000000000000044 -14.873627583816454 5.3816376907513943 39.522122907233801  0.99999999999998113 -0.88503747324999771 2.5327235575155957 44.847067218266304  1.0000000000000258 -4.8627959337743265 6.7660330170940126 59.56526345690061  0.99999999999998634 1.7115163793095778 5.4668964809617684 68.333333333333343  1 
-14.466637365368559 3.6769170855233422 15.499999999999998  1 -11.344408751739762 4.4384097139685883 26.05924244031176  1.0000000000000044 -15.025886177530365 5.4745916221656099 39.522122907235826  0.99999999999998113 -0.93701518551531271 2.6033157648659269 44.84706721826376  1.0000000000000258 -5.0183962655625409 6.9183445535611705 59.565263456901896  0.99999999999998634 1.5744003484173512 5.5861126046788296 68.333333333333343  1 
-14.586124666290713 3.7428545808769531 15.500000000000002  1 -11.421670042929964 4.5917192788246401 26.05924244031176  1.0000000000000044 -15.201862559819375 5.5691503092991645 39.522122907235826  0.99999999999998113 -1.0024666083750786 2.6826820134213749 44.84706721826376  1.0000000000000258 -5.2008752100571156 7.0844009192698589 59.565263456901896  0.99999999999998634 1.4129609066849596 5.7156564874176174 68.333333333333343  1 
-14.684736188306671 3.8159993899861386 15.500000000000002  1 -11.525949289514136 4.7013051607284497 26.059242440311856  1.0000000000000044 -15.336474519242493 5.6859127115037724 39.522122907235655  0.99999999999998113 -1.0929024711753288 2.7237874512382207 44.847067218263852  1.0000000000000258 -5.3653196370299279 7.2440379532691068 59.565263456901896  0.99999999999998634 1.2583465738826809 5.8297442181761907 68.333333333333343  1 
-14.710365180856678 3.836400176237746 15.500000000000002  1 -11.555844974796511 4.7286094027268222 26.059242440311856  1.0000000000000044 -15.37071895927998 5.7191038079839691 39.522122907235655  0.99999999999998113 -1.1189156320152098 2.7327810807444584 44.847067218263852  1.0000000000000258 -5.4090113312493688 7.2872126834983826 59.565263456901896  0.99999999999998634 1.2166844422771372 5.8599825155419918 68.333333333333343  1 
-14.722862312823182 3.8467996419780488 15.500000000000002  1 -11.571318410375104 4.741545600383267 26.059242440311856  1.0000000000000044 -15.387179474413507 5.736210059937811 39.522122907235655  0.99999999999998113 -1.132403715337621 2.7366254644556904 44.847067218263852  1.0000000000000258 -5.4306220521330131 7.3088126220115912 59.565263456901896  0.99999999999998634 1.1958950445042513 5.874920836217207 68.333333333333343  1 
-14.741038454863199 3.8625742500042914 15.500000000000002  1 -11.595078515207968 4.7598297057582197 26.059242440311742  1.0000000000000044 -15.410786747606336 5.7624087112364411 39.522122907236074  0.99999999999998113 -1.153144986007653 2.7414599150143406 44.847067218263284  1.0000000000000258 -5.4624824422016163 7.3410151210163006 59.565263456902215  0.99999999999998634 1.1649931600326167 5.8969340149094229 68.333333333333329  1 
-14.829212742085728 3.9431218641181909 15.500000000000002  1 -11.718076110732405 4.8452556136768008 26.059242440312104  1.0000000000000044 -15.523251491186082 5.897667476936916 39.52212290723498  0.99999999999998113 -1.2606878717908347 2.7602466722380559 44.847067218264584  1.0000000000000258 -5.6196849627009238 7.5021107331534767 59.565263456901569  0.99999999999998634 1.0109845409112006 6.0055079596745964 68.333333333333329  1 
-14.905064094248782 4.05320899508017 15.499999999999998  1 -11.901105766394629 4.885427306280909 26.059242440311742  1.0000000000000044 -15.598455961731789 6.0979275411282421 39.522122907236074  0.99999999999998113 -1.4226035392906788 2.7290515872271834 44.847067218263284  1.0000000000000258 -5.7806731735626204 7.6907204721738909 59.565263456902215  0.99999999999998634 0.83788882688822564 6.1174945108149483 68.333333333333329  1 
-14.983666056184777 4.1572184367586829 15.500000000000002  1 -12.076112619996803 4.9152561331106943 26.059242440312602  1.0000000000000044 -15.681961972014065 6.2902173753773818 39.522122907233133  0.99999999999998113 -1.5761398865701048 2.6882038578773484 44.847067218267064  1.0000000000000258 -5.9434066273970849 7.8680172099786212 59.565263456900276  0.99999999999998634 0.66700852626151486 6.2187635331991498 68.333333333333343  1 
-15.001859460620819 4.1806247711846547 15.500000000000002  1 -12.115534447673138 4.9218931032188831 26.059242440312602  1.0000000000000044 -15.701653601666557 6.3335737266638006 39.522122907233133  0.99999999999998113 -1.6106584305360143 2.6787044619182594 44.847067218267064  1.0000000000000258 -5.9807434687443646 7.9079994926591342 59.565263456900276  0.99999999999998634 0.62805880426586347 6.2414861078705819 68.333333333333343  1 
-15.013331698126526 4.1950188118142462 15.500000000000002  1 -12.13978325774586 4.9260031524017904 26.059242440312602  1.0000000000000044 -15.71426876507318 6.3602621135453719 39.522122907233133  0.99999999999998113 -1.6318562650463657 2.6727644516639479 44.847067218267064  1.0000000000000258 -6.0040990529558176 7.9326528765802351 59.565263456900276  0.99999999999998634 0.60383324195134636 6.2554580420557349 68.333333333333343  1 
-15.028556573360378 4.2137320850144402 15.500000000000002  1 -12.171302870400092 4.9314318523454164 26.059242440312602  1.0000000000000044 -15.731221166010032 6.3949713201707423 39.522122907233133  0.99999999999998113 -1.6593740972925017 2.6649908662004669 44.847067218267064  1.0000000000000258 -6.0348882843479315 7.9647908881951901 59.565263456900276  0.99999999999998634 0.572044328222997 6.273648284607277 68.333333333333343  1 
-15.112960956548717 4.3141820722698681 15.500000000000002  1 -12.340420496832738 4.9614322299776727 26.059242440311966  1.0000000000000044 -15.826983756371801 6.5813604291383543 39.522122907235186  0.99999999999998113 -1.8067155636485921 2.6229451064929306 44.847067218264513  1.0000000000000258 -6.2038203892658883 8.1380897939068682 59.565263456901569  0.99999999999998634 0.39887597385277807 6.3715758861554637 68.333333333333343  1 
-15.217664239884801 4.4050508304770677 15.500000000000005  1 -12.491156532412385 5.0026610092384853 26.059242440312282  1.0000000000000044 -15.964617808541631 6.7490567289741561 39.522122907234191  0.99999999999998113 -1.9348459799281092 2.5866813674223206 44.847067218265735  1.0000000000000258 -6.3950684498463746 8.3043980585350443 59.565263456900929  0.99999999999998634 0.21581299797494274 6.4655763905286525 68.333333333333357  1 
-15.33286290532164 4.4678036486813433 15.500000000000002  1 -12.624780420665367 5.0799872302322617 26.059242440312158  1.0000000000000044 -16.126043354511399 6.8575381149375021 39.522122907234618  0.99999999999998113 -2.0450590968772482 2.5838101547543291 44.847067218265167  1.0000000000000258 -6.5955337155232474 8.4451043771925143 59.565263456901249  0.99999999999998634 0.032305071306745203 6.5513701375523139 68.333333333333357  1 
-15.353789489069317 4.4782803909395623 15.500000000000002  1 -12.648294622688375 5.0948592095065255 26.059242440312158  1.0000000000000044 -16.155602223714236 6.8753528469976946 39.522122907234618  0.99999999999998113 -2.0643527766499044 2.5842297618060415 44.847067218265167  1.0000000000000258 -6.6317149567684588 8.4696301900782327 59.565263456901249  0.99999999999998634 -0.00060699359468322997 6.5665334447692416 68.333333333333357  1 
-15.371865653838102 4.486603625467799 15.500000000000002  1 -12.668054962315383 5.1083949754840114 26.059242440312158  1.0000000000000044 -16.181304201020229 6.8892403976722845 39.522122907234618  0.99999999999998113 -2.0804883301058603 2.5853660693905063 44.847067218265167  1.0000000000000258 -6.6627975794131666 8.4900143569653022 59.565263456901249  0.99999999999998634 -0.028727263273306731 6.5793176376997398 68.333333333333357  1 
-15.390096366579209 4.494603864728024 15.500000000000002  1 -12.687696955803903 5.1224304370532838 26.059242440312158  1.0000000000000044 -16.207313939928284 6.9024298095822552 39.522122907234618  0.99999999999998113 -2.0964847307332359 2.5869398257466925 44.847067218265167  1.0000000000000258 -6.6940571010932883 8.5101418896464267 59.565263456901249  0.99999999999998634 -0.05692647164993514 6.5920454616028747 68.333333333333357  1 
-15.516422613336099 4.545533325451629 15.500000000000002  1 -12.820605452190538 5.224149416719241 26.059242440312602  1.0000000000000044 -16.388520134644285 6.9844693008732683 39.522122907233133  0.99999999999998113 -2.2042402112128574 2.6027880334953353 44.847067218267064  1.0000000000000258 -6.9096747321176011 8.6447155080214504 59.565263456900276  0.99999999999998634 -0.25052688912761839 6.6783804297789047 68.333333333333343  1 
-15.652229012310048 4.5592364365319105 15.500000000000005  1 -12.93647906223878 5.3769526873399958 26.059242440312602  1.0000000000000044 -16.591891765678184 6.985805387433083 39.522122907233133  0.99999999999998113 -2.2937318945536753 2.667378999844999 44.847067218267064  1.0000000000000258 -7.1333713675060402 8.745174113054393 59.565263456900276  0.99999999999998634 -0.4435131297815309 6.7551919996601706 68.333333333333343  1 
-15.789042915440879 4.5810742800003288 15.500000000000002  1 -13.064294262591346 5.5048308657757792 26.059242440312602  1.0000000000000044 -16.79627367179474 7.005518252469602 39.522122907233133  0.99999999999998113 -2.3900987378384504 2.7088728213041553 44.847067218267064  1.0000000000000258 -7.3648082139909272 8.8471545029075287 59.565263456900276  0.99999999999998634 -0.64335473029255397 6.8265366598068296 68.333333333333343  1 
-15.805959502734218 4.5839001519912923 15.500000000000002  1 -13.080269395075494 5.5202415427032765 26.059242440312229  1.0000000000000044 -16.821536521419187 7.0082424494680851 39.522122907234262  0.99999999999998113 -2.4021110544781354 2.7136401059606654 44.847067218265735  1.0000000000000258 -7.3935180029078884 8.8597790954355631 59.565263456900929  0.99999999999998634 -0.66814841225686483 6.8352672244647552 68.333333333333343  1 
-15.826626094621481 4.5876243196745161 15.500000000000002  1 -13.100099166357809 5.538375010302115 26.059242440312328  1.0000000000000044 -16.852368624255956 7.0121745686811643 39.522122907234071  0.99999999999998113 -2.4169877071655477 2.7188241912946434 44.847067218265828  1.0000000000000258 -7.4287482889741376 8.8753099415969832 59.565263456900929  0.99999999999998634 -0.69859564598756196 6.8458271927844212 68.333333333333343  1 
-15.84558733699731 4.5911501613180796 15.500000000000002  1 -13.118416209548188 5.5547404006339978 26.059242440312016  1.0000000000000044 -16.880643701383761 7.0160238104083668 39.522122907235115  0.99999999999998113 -2.4307172409011852 2.7233290767115066 44.847067218264513  1.0000000000000258 -7.46113248709245 8.889605155765798 59.565263456901569  0.99999999999998634 -0.72659268672736943 6.8554765476739457 68.333333333333343  1 
-15.98374886300439 4.6191031406640173 15.500000000000002  1 -13.25437210827098 5.6685764866862973 26.059242440312079  1.0000000000000044 -17.086388564887756 7.0490733281729359 39.522122907234767  0.99999999999998113 -2.5324146612838621 2.7511182191516399 44.847067218265096  1.0000000000000258 -7.6983078028498397 8.9948281131726784 59.565263456901249  0.99999999999998634 -0.931853118570933 6.9250933892810043 68.333333333333329  1 
-16.119706884658008 4.6705935275502144 15.500000000000002  1 -13.413491601595773 5.7270613193774436 26.05924244031176  1.0000000000000044 -17.284772242996269 7.1356559238839834 39.522122907235826  0.99999999999998113 -2.6504547670714369 2.7276709211029133 44.84706721826376  1.0000000000000258 -7.9430225049166783 9.1122446754274495 59.565263456901896  0.99999999999998634 -1.1465439175649887 6.9886893570373338 68.333333333333343  1 
-16.245969881572275 4.7348461937465078 15.500000000000002  1 -13.583614636346905 5.7405670533684878 26.059242440312399  1.0000000000000044 -17.463766556498523 7.2535559325377692 39.522122907233801  0.99999999999998113 -2.7759477167079201 2.669266841137603 44.847067218266304  1.0000000000000258 -8.1793594951650199 9.2286011089811684 59.56526345690061  0.99999999999998634 -1.3564722297599563 7.0426927019426557 68.333333333333343  1 
-16.262529942435528 4.7435548676317421 15.500000000000002  1 -13.606319466670271 5.7416319787431851 26.059242440312399  1.0000000000000044 -17.487147111660196 7.2696609499037859 39.522122907233801  0.99999999999998113 -2.7926873295104553 2.6609784024846865 44.847067218266304  1.0000000000000258 -8.2105130451819743 9.2439818695317193 59.56526345690061  0.99999999999998634 -1.384189501230904 7.0496857933355139 68.333333333333343  1 
-16.274221651766801 4.7498107526432198 15.500000000000002  1 -13.622502394220442 5.7421118927872206 26.059242440312399  1.0000000000000044 -17.503615794055634 7.281275941315668 39.522122907233801  0.99999999999998113 -2.8046158580338072 2.6548866907940112 44.847067218266304  1.0000000000000258 -8.2325681893669636 9.2548848054421899 59.56526345690061  0.99999999999998634 -1.4038298237262257 7.0545878129771111 68.333333333333343  1 
-16.284462865043889 4.7553422759232395 15.500000000000002  1 -13.636751610528586 5.7424009667649862 26.059242440312399  1.0000000000000044 -17.51802267191426 7.2915678700831501 39.522122907233801  0.99999999999998113 -2.8151177902166351 2.649434992910737 44.847067218266304  1.0000000000000258 -8.2519161734218223 9.264456092846757 59.56526345690061  0.99999999999998634 -1.4210680566273879 7.058864607645245 68.333333333333343  1 
-16.412374737945875 4.8256723927838188 15.500000000000002  1 -13.816516155988941 5.7428450829566087 26.059242440311412  1.0000000000000044 -17.697506362398368 7.4229476798446639 39.522122907237126  0.99999999999998113 -2.9475788412521911 2.5785572534687833 44.847067218261955  1.0000000000000258 -8.4942719251587988 9.3844984883803519 59.565263456902869  0.99999999999998634 -1.6372074733300945 7.1118660631958797 68.333333333333343  1 
-16.545406062312559 4.9173378107907419 15.500000000000002  1 -14.03068654242408 5.6953892283126208 26.059242440311849  1.0000000000000044 -17.877128900172412 7.6024360640113482 39.522122907235634  0.99999999999998113 -3.1049932383390604 2.4626605528262226 44.847067218263852  1.0000000000000258 -8.7568968557987485 9.5167765188004765 59.565263456901896  0.99999999999998634 -1.8746376083116509 7.1606437828979743 68.333333333333343  1 
-16.685051636197851 4.9708402344605167 15.500000000000002  1 -14.222906322132966 5.69340049367581 26.059242440311351  1.0000000000000044 -18.074294276855852 7.7033185219775175 39.522122907237176  0.99999999999998113 -3.239650884633785 2.397841209947126 44.847067218261955  1.0000000000000258 -9.0218605191524617 9.6110285966521705 59.565263456902869  0.99999999999998634 -2.1062263800376697 7.1991672680836718 68.333333333333343  1 
-16.705196103361896 4.9777670114085382 15.500000000000002  1 -14.250001923827313 5.6940612355134688 26.05924244031209  1.0000000000000044 -18.102900878058655 7.7162384415971221 39.522122907234781  0.99999999999998113 -3.2584990590772329 2.38958435516613 44.847067218265025  1.0000000000000258 -9.0598684876615305 9.6238252831183395 59.565263456901249  0.99999999999998634 -2.1392959040328643 7.2045165237406756 68.333333333333343  1 
-16.710289114242194 4.9794600273273515 15.500000000000002  1 -14.25680559158425 5.6942983892810801 26.059242440311849  1.0000000000000044 -18.110145487473623 7.7193846594989557 39.522122907235634  0.99999999999998113 -3.2632218029868394 2.3875775434882702 44.847067218263852  1.0000000000000258 -9.069461980334097 9.6270018902486232 59.565263456901896  0.99999999999998634 -2.1476317280826698 7.2058537902470823 68.333333333333343  1 
-16.718782119273541 4.9822071173726359 15.500000000000002  1 -14.26808958868129 5.6947866080595571 26.059242440311849  1.0000000000000044 -18.122242500914069 7.724473830882328 39.522122907235634  0.99999999999998113 -3.2710415134465971 2.3843372530269531 44.847067218263852  1.0000000000000258 -9.085438924960842 9.6322228673490375 59.565263456901896  0.99999999999998634 -2.1614995599366384 7.2080644516534456 68.333333333333343  1 
-16.858407944950006 5.0256969617124723 15.499999999999998  1 -14.452244215884082 5.7048523550925605 26.059242440311412  1.0000000000000044 -18.3214715204989 7.8046816015512377 39.522122907237126  0.99999999999998113 -3.3983711141450224 2.3334018454768475 44.847067218261955  1.0000000000000258 -9.3476405044948674 9.7163811999375511 59.565263456902869  0.99999999999998634 -2.3887668202226782 7.2439838416344156 68.333333333333343  1 
-17.027320406030388 5.0249341641589025 15.499999999999998  1 -14.631161647416921 5.783602642151954 26.059242440311351  1.0000000000000044 -18.574107675265914 7.7903489612593191 39.522122907237176  0.99999999999998113 -3.5128299488820165 2.3476222538099694 44.847067218261955  1.0000000000000258 -9.6500037946989607 9.7648753802264103 59.565263456902869  0.99999999999998634 -2.6405140745786428 7.2743265152045078 68.333333333333343  1 
-17.194180634689207 5.0062838006327226 15.499999999999998  1 -14.81515259520763 5.8713563923605205 26.059242440311351  1.0000000000000044 -18.821839925826982 7.7423783621394655 39.522122907237176  0.99999999999998113 -3.6295554677766959 2.3805427368244625 44.847067218261955  1.0000000000000258 -9.9520990860906089 9.7898513208161475 59.565263456902869  0.99999999999998634 -2.8922935667091867 7.2953997038630893 68.333333333333343  1 
-17.218141161841956 5.0033406273798748 15.499999999999998  1 -14.841804320737928 5.8840398640943476 26.059242440311351  1.0000000000000044 -18.857348946370781 7.7349907733509404 39.522122907237176  0.99999999999998113 -3.646474882114874 2.3855448632287954 44.847067218261955  1.0000000000000258 -9.9955713219448139 9.7930529694784383 59.565263456902869  0.99999999999998634 -2.9285547540392969 7.2982687200161411 68.333333333333343  1 
-17.228117096831379 5.0020728943147166 15.499999999999998  1 -14.852945497179627 5.8893291255739966 26.05924244031176  1.0000000000000044 -18.872120834352771 7.7318372549336578 39.522122907235826  0.99999999999998113 -3.6535506778715243 2.3876689804512048 44.84706721826376  1.0000000000000258 -10.013688599960012 9.7943225853057267 59.565263456901896  0.99999999999998634 -2.9436729606122864 7.2994365351850599 68.333333333333329  1 
-17.235420372054541 5.0011263280908604 15.499999999999998  1 -14.861124483930899 5.893203613121293 26.059242440311351  1.0000000000000044 -18.882928877253256 7.7294949449757162 39.522122907237176  0.99999999999998113 -3.658747037699781 2.3892416534241296 44.847067218261955  1.0000000000000258 -10.026960807920412 9.79522348068177 59.565263456902869  0.99999999999998634 -2.9547514455689732 7.3002792181705436 68.333333333333343  1 
-17.407061641286418 4.9785852758884399 15.499999999999998  1 -15.053716071660759 5.9842841914669966 26.05924244031176  1.0000000000000044 -19.136836215229515 7.6739111094958501 39.522122907235826  0.99999999999998113 -3.781136820527335 2.4264799737487581 44.84706721826376  1.0000000000000258 -10.339025912857148 9.8159311616053788 59.565263456901896  0.99999999999998634 -3.215290425734409 7.3198823336522763 68.333333333333343  1 
-17.585887411518485 4.9410151008318302 15.499999999999998  1 -15.272508632783492 6.0793582531332397 26.05924244031176  1.0000000000000044 -19.396325380552351 7.5906524198212058 39.522122907235826  0.99999999999998113 -3.9216590023833708 2.4781410393915015 44.84706721826376  1.0000000000000258 -10.671148575353689 9.8148674096795183 59.565263456901896  0.99999999999998634 -3.4952201472708451 7.3303037833177198 68.333333333333343  1 
-17.765400705702785 4.9370441822811753 15.500000000000002  1 -15.494396137440445 6.0920156815873545 26.05924244031176  1.0000000000000044 -19.656406202830279 7.5859914885577258 39.522122907235826  0.99999999999998113 -4.0636061252713809 2.4650784901160101 44.84706721826376  1.0000000000000258 -11.00587273213471 9.8267516834031703 59.565263456901896  0.99999999999998634 -3.7773324907674999 7.3328537026378617 68.333333333333343  1 
-17.782347018123264 4.9370099190625751 15.500000000000002  1 -15.515349534497517 6.0923960220749356 26.05924244031176  1.0000000000000044 -19.680958715450846 7.5863754868201649 39.522122907235826  0.99999999999998113 -4.0770034819040815 2.4631424169927256 44.84706721826376  1.0000000000000258 -11.037478571162266 9.8280500506928732 59.565263456901896  0.99999999999998634 -3.803968065822585 7.3330255693419817 68.333333333333343  1 
-17.796891541249032 4.9370420218452518 15.500000000000002  1 -15.533333861952554 6.0925767607540431 26.05924244031176  1.0000000000000044 -19.702031682224341 7.5868524830088315 39.522122907235826  0.99999999999998113 -4.0885011216258595 2.4613546348358391 44.84706721826376  1.0000000000000258 -11.064606042635637 9.8291967911690499 59.565263456901896  0.99999999999998634 -3.8268289961981878 7.3331610642158074 68.333333333333343  1 
-17.816946333256421 4.9373642348494124 15.500000000000002  1 -15.55813441237456 6.0921675927167005 26.05924244031176  1.0000000000000044 -19.731089484577414 7.5881765632604372 39.522122907235826  0.99999999999998113 -4.1043504578244274 2.458319440901386 44.84706721826376  1.0000000000000258 -11.102015846681867 9.830924642926318 59.565263456901896  0.99999999999998634 -3.858352642529995 7.333293699610155 68.333333333333343  1 
-17.989510671418746 4.9440008551230683 15.500000000000002  1 -15.771438851271711 6.0792197414994424 26.059242440311351  1.0000000000000044 -19.981178910500077 7.6090116292251038 39.522122907237176  0.99999999999998113 -4.2405568812156904 2.4239186670360531 44.847067218261955  1.0000000000000258 -11.423939681585766 9.8479531800244349 59.565263456902869  0.99999999999998634 -4.1295636514351699 7.333637169482973 68.333333333333343  1 
-18.162213777785283 4.9796384331828074 15.500000000000005  1 -15.983260152381698 5.9937388310042357 26.059242440311849  1.0000000000000044 -20.232182151743924 7.7012884705409848 39.522122907235634  0.99999999999998113 -4.3747984819681909 2.3262937294205486 44.847067218263852  1.0000000000000258 -11.746014463762442 9.8803717684052543 59.565263456901896  0.99999999999998634 -4.4002619055491543 7.3276830207526684 68.333333333333343  1 
-18.331789192734188 5.003242104414654 15.500000000000002  1 -16.174883724602957 5.9056873451215113 26.059242440311849  1.0000000000000044 -20.483472897131254 7.7756680555656876 39.522122907235634  0.99999999999998113 -4.4931435170573097 2.2330728884524493 44.847067218263852  1.0000000000000258 -12.056831943511785 9.896309223226929 59.565263456901896  0.99999999999998634 -4.658364407161339 7.3131431688637294 68.333333333333343  1 
-18.346001564068853 5.0051363251645649 15.500000000000002  1 -16.190840923735276 5.8983128339570152 26.059242440311849  1.0000000000000044 -20.504565296333904 7.7817638654416506 39.522122907235634  0.99999999999998113 -4.5029759926567525 2.2253130609741314 44.847067218263852  1.0000000000000258 -12.082848741393487 9.8975325719599372 59.565263456901896  0.99999999999998634 -4.6799479967910598 7.3118721655084924 68.333333333333343  1 
-18.367207363896117 5.0079305802123582 15.500000000000002  1 -16.21461256690877 5.8873124780856703 26.059242440311849  1.0000000000000044 -20.536048001379857 7.7908060830392412 39.522122907235634  0.99999999999998113 -4.5176152326120702 2.2137560166331594 44.847067218263852  1.0000000000000258 -12.121655443342387 9.8993151505379515 59.565263456901896  0.99999999999998634 -4.7121345399126016 7.3099560628894729 68.333333333333343  1 
-18.403519190898866 5.0123476824107716 15.500000000000002  1 -16.25492064316304 5.8685248020001177 26.059242440311849  1.0000000000000044 -20.590077791180494 7.8056780401783312 39.522122907235634  0.99999999999998113 -4.5423501072320018 2.1942170937304435 44.847067218263852  1.0000000000000258 -12.187978365728553 9.9018832395158363 59.565263456901896  0.99999999999998634 -4.7670633075605986 7.3064549120799551 68.333333333333343  1 
-18.563752519831549 5.0282768465356122 15.500000000000002  1 -16.431081642073156 5.7873395662167999 26.059242440312335  1.0000000000000044 -20.829088392443445 7.8649262726372138 39.522122907234142  0.99999999999998113 -4.650031958138924 2.1112658780277953 44.847067218265735  1.0000000000000258 -12.480189763481796 9.9088096138898578 59.565263456900929  0.99999999999998634 -5.0087206558365418 7.2892550394015627 68.333333333333343  1 
-18.713176485236655 5.0266623931496568 15.499999999999998  1 -16.593143758187921 5.7228058571208305 26.059242440311856  1.0000000000000044 -21.05314137226242 7.8898138639323303 39.522122907235655  0.99999999999998113 -4.748458028933741 2.0505411294796563 44.847067218263852  1.0000000000000258 -12.752512517611047 9.8964516492041668 59.565263456901896  0.99999999999998634 -5.2335534278182756 7.2661328597474935 68.333333333333343  1 
-18.839847713934311 4.9913223593807663 15.500000000000002  1 -16.757317347355741 5.7090337065303478 26.05924244031176  1.0000000000000044 -21.236822507831679 7.8431612268709623 39.522122907235826  0.99999999999998113 -4.8541125387280077 2.0423958252553751 44.84706721826376  1.0000000000000258 -12.993781259379409 9.8547661639553947 59.565263456901896  0.99999999999998634 -5.4385613506228259 7.2385068638812422 68.333333333333343  1 
-18.85090202253026 4.9879626330825246 15.499999999999998  1 -16.771867287436024 5.7081671424090707 26.05924244031176  1.0000000000000044 -21.252799921880559 7.8385395235223987 39.522122907235826  0.99999999999998113 -4.863517221831021 2.0420377661980766 44.84706721826376  1.0000000000000258 -13.014922898263553 9.8508767056060158 59.565263456901896  0.99999999999998634 -5.4565716086935678 7.2360320519223427 68.333333333333343  1 
-18.876771585533604 4.9798332472579467 15.499999999999998  1 -16.806131013581016 5.7064582002892426 26.05924244031176  1.0000000000000044 -21.290141856894959 7.8271948955280681 39.522122907235826  0.99999999999998113 -4.885702822259252 2.0415364851862949 44.84706721826376  1.0000000000000258 -13.064482914318768 9.8415305435969618 59.565263456901896  0.99999999999998634 -5.4988349626773925 7.2301771085330326 68.333333333333343  1 
-18.919156788925097 4.9641723886372624 15.499999999999998  1 -16.864137963925643 5.7064426727014999 26.05924244031176  1.0000000000000044 -21.350899119903062 7.8039786560898134 39.522122907235826  0.99999999999998113 -4.9235961618076995 2.0436561880601642 44.84706721826376  1.0000000000000258 -13.146418240558878 9.8240763765950074 59.565263456901896  0.99999999999998634 -5.5690903426237917 7.2200249318432519 68.333333333333343  1 
-19.055406938355993 4.902183655228443 15.500000000000002  1 -17.059283746465592 5.7189174632532831 26.059242440311884  1.0000000000000044 -21.544348792707588 7.7066745934576275 39.522122907235548  0.99999999999998113 -5.0526255450075821 2.0642815986630136 44.847067218263923  1.0000000000000258 -13.413315388390176 9.7567872312351529 59.565263456901896  0.99999999999998634 -5.7997525484090824 7.1840866633893903 68.333333333333329  1 
-19.169712364093339 4.8274275845289605 15.499999999999998  1 -17.238124927970279 5.7499030678455796 26.059242440311884  1.0000000000000044 -21.703737803285769 7.5817980170168111 39.522122907235548  0.99999999999998113 -5.1736571641146423 2.1061104135794078 44.847067218263923  1.0000000000000258 -13.643584848111868 9.6769350903187803 59.565263456901896  0.99999999999998634 -6.0020773930607421 7.1459288563216017 68.333333333333329  1 
-19.272508372907488 4.7700016100191363 15.500000000000002  1 -17.383586293717396 5.74981027184187 26.059242440312016  1.0000000000000044 -21.851866035227832 7.4932171393283511 39.522122907235115  0.99999999999998113 -5.2705796732261012 2.1212676691065178 44.847067218264513  1.0000000000000258 -13.845561828097797 9.6076651984344057 59.565263456901569  0.99999999999998634 -6.1772507675706869 7.1075428187463725 68.333333333333343  1 
-19.281930984433558 4.7648258704666482 15.500000000000002  1 -17.396788050805494 5.7495645899054919 26.059242440311735  1.0000000000000044 -21.865484588157837 7.4853067770427941 39.522122907236046  0.99999999999998113 -5.279361088169078 2.1224643079993317 44.847067218263284  1.0000000000000258 -13.864031725477215 9.6013438847575046 59.565263456902215  0.99999999999998634 -6.1932489810459908 7.1039931812325436 68.333333333333343  1 
-19.311084613216888 4.7489629475938502 15.500000000000002  1 -17.437411532751209 5.7484030438545455 26.059242440311735  1.0000000000000044 -21.907688939660684 7.4611861088089295 39.522122907236046  0.99999999999998113 -5.3063567240085288 2.1258413029822507 44.847067218263284  1.0000000000000258 -13.921103187152344 9.5818336320095892 59.565263456902215  0.99999999999998634 -6.2426480085775271 7.092958367611641 68.333333333333343  1 
-19.360726684962962 4.7232722467695982 15.500000000000002  1 -17.504637165662665 5.7429176505327542 26.059242440311735  1.0000000000000044 -21.980150724028764 7.4232085290038929 39.522122907236046  0.99999999999998113 -5.3508030487592713 2.1287480394220504 44.847067218263284  1.0000000000000258 -14.01763142823428 9.5490317593679155 59.565263456902215  0.99999999999998634 -6.3258933289044652 7.0737128177402164 68.333333333333343  1 
-19.494410308809563 4.6615413647011863 15.500000000000002  1 -17.675399487978407 5.7090696459608719 26.059242440312602  1.0000000000000044 -22.178248475862681 7.3382105260129338 39.522122907233133  0.99999999999998113 -5.4625135398150633 2.1208856686100592 44.847067218267064  1.0000000000000258 -14.27403121406698 9.4633345465849068 59.565263456900276  0.99999999999998634 -6.5454144921615338 7.0195563612224978 68.333333333333343  1 
-19.607963977111751 4.6233963751266094 15.499999999999998  1 -17.801909633401117 5.6448896736940535 26.05924244031176  1.0000000000000044 -22.351509853917356 7.2988881155257808 39.522122907235826  0.99999999999998113 -5.5431332525243038 2.0845543013725836 44.84706721826376  1.0000000000000258 -14.485165917918476 9.3961972812304371 59.565263456901896  0.99999999999998634 -6.7233694025829749 6.9694798913567952 68.333333333333343  1 
-19.708066717950675 4.601609124207414 15.499999999999998  1 -17.900430260269339 5.5612997075866648 26.059242440311856  1.0000000000000044 -22.506998314402185 7.2909473417492627 39.522122907235655  0.99999999999998113 -5.6044614790886262 2.0288772751421509 44.847067218263852  1.0000000000000258 -14.666101853639882 9.3428584474917695 59.565263456901896  0.99999999999998634 -6.8739975362948798 6.9228174256131769 68.333333333333343  1 
-19.719381607916585 4.5992892249717379 15.500000000000002  1 -17.911409190928953 5.5515245616680593 26.05924244031176  1.0000000000000044 -22.52460665103203 7.2903718945654061 39.522122907235826  0.99999999999998113 -5.6112760320243256 2.0222981668480906 44.84706721826376  1.0000000000000258 -14.686490715842448 9.3368992675922762 59.565263456901896  0.99999999999998634 -6.8909479775358351 6.9175121109753119 68.333333333333343  1 
-19.760183644789802 4.5913685047621957 15.500000000000002  1 -17.950490950227781 5.5151971614932984 26.059242440311653  1.0000000000000044 -22.588199960420233 7.2892901492666153 39.522122907236238  0.99999999999998113 -5.6354767411991569 1.9976501522999601 44.847067218263192  1.0000000000000258 -14.759804188508088 9.3155878516499548 59.565263456902215  0.99999999999998634 -6.951828637555252 6.8982503914072648 68.333333333333329  1 
-19.823535902603496 4.5810044361403275 15.500000000000002  1 -18.008948045906795 5.4540683021228578 26.059242440311653  1.0000000000000044 -22.68735608247059 7.2919235104800579 39.522122907236238  0.99999999999998113 -5.6714276159144994 1.9553423826500214 44.847067218263192  1.0000000000000258 -14.872715079291469 9.283245291637451 59.565263456902215  0.99999999999998634 -7.0452928056556452 6.8677537002476248 68.333333333333329  1 
-19.966336894313642 4.5603806172601793 15.500000000000002  1 -18.135580295248893 5.3041188876735719 26.059242440311653  1.0000000000000044 -22.911760287117218 7.3046629358272526 39.522122907236238  0.99999999999998113 -5.7489952032843616 1.8503906351675037 44.847067218263192  1.0000000000000258 -15.125123126938584 9.2088819620738267 59.565263456902215  0.99999999999998634 -7.2538265372385746 6.7955406585608849 68.333333333333329  1 
-20.079099646819653 4.539327786622013 15.500000000000002  1 -18.235151030773956 5.1810639751794012 26.059242440311653  1.0000000000000044 -23.08883801308675 7.3062217642716512 39.522122907236238  0.99999999999998113 -5.8108100365260285 1.7658402311475068 44.847067218263192  1.0000000000000258 -15.324292224723582 9.1409541342019534 59.565263456902215  0.99999999999998634 -7.4192235730093632 6.7321279275436154 68.333333333333329  1 
-20.163251248963125 4.5079428512075017 15.500000000000005  1 -18.319339251285488 5.1050475438122813 26.05924244031176  1.0000000000000044 -23.218850828688144 7.2753985433812973 39.522122907235826  0.99999999999998113 -5.8653758400898788 1.7193714443043806 44.84706721826376  1.0000000000000258 -15.477051430573121 9.07411285457707 59.565263456901896  0.99999999999998634 -7.5486439972029853 6.6787972548236541 68.333333333333343  1 
-20.174934877599309 4.5032911561777222 15.500000000000005  1 -18.331214405583911 5.0947930007475053 26.05924244031176  1.0000000000000044 -23.236861662715594 7.2705181178052554 39.522122907235826  0.99999999999998113 -5.873110578384785 1.7132340556409358 44.84706721826376  1.0000000000000258 -15.498338429623209 9.0645305360559369 59.565263456901896  0.99999999999998634 -7.5667254932307522 6.6712813437233898 68.333333333333343  1 
-20.214036570971544 4.486728916523365 15.500000000000005  1 -18.37162200346112 5.061438292261804 26.05924244031176  1.0000000000000044 -23.297000511137306 7.2521828072397305 39.522122907235826  0.99999999999998113 -5.8995587238914782 1.6937116355606767 44.84706721826376  1.0000000000000258 -15.569861459306539 9.031435075861113 59.565263456901896  0.99999999999998634 -7.6276419167851017 6.6457355383223273 68.333333333333343  1 
-20.277023628264423 4.4545707394492302 15.500000000000002  1 -18.440436275655305 5.0129369714390153 26.059242440311653  1.0000000000000044 -23.393110360158808 7.2116719920673935 39.522122907236238  0.99999999999998113 -5.9453042537250278 1.6677881340229903 44.847067218263192  1.0000000000000258 -15.686658436331985 8.9724620365358501 59.565263456902215  0.99999999999998634 -7.7280272372375025 6.6023970416441609 68.333333333333329  1 
-20.392740913136947 4.3760147526898798 15.500000000000002  1 -18.583675012155467 4.9393088262374167 26.059242440312079  1.0000000000000044 -23.565961639452713 7.0991003810642912 39.522122907234767  0.99999999999998113 -6.0434359405661793 1.6372268604238958 44.847067218265096  1.0000000000000258 -15.908212722635618 8.8429431188916023 59.565263456901249  0.99999999999998634 -7.922415916759852 6.5136285718423466 68.333333333333329  1 
-20.473709266791953 4.2985465780729806 15.499999999999998  1 -18.708730846103332 4.9009681415075121 26.059242440312286  1.0000000000000044 -23.681100725079805 6.9776288617288964 39.522122907234213  0.99999999999998113 -6.1327973858080078 1.6315471512520361 44.847067218265735  1.0000000000000258 -16.07332554026496 8.7264113314746172 59.565263456900929  0.99999999999998634 -8.0728690775606005 6.4388777569158266 68.333333333333343  1 
-20.528245258417179 4.2358690521813349 15.500000000000002  1 -18.810601156023456 4.8760227120628246 26.059242440312286  1.0000000000000044 -23.754252333917506 6.8774142447852826 39.522122907234213  0.99999999999998113 -6.2075902191041266 1.6305695952105643 44.847067218265735  1.0000000000000258 -16.191524178621162 8.6341951078000001 59.565263456900929  0.99999999999998634 -8.1842107526008334 6.3803392873957927 68.333333333333343  1 
-20.538490242465897 4.2237461361637774 15.500000000000002  1 -18.830332458117567 4.8713581825691215 26.059242440312286  1.0000000000000044 -23.767845877825742 6.8579793798884587 39.522122907234213  0.99999999999998113 -6.222132523064964 1.6304746584188503 44.847067218265735  1.0000000000000258 -16.213963832534482 8.6164133064431692 59.565263456900929  0.99999999999998634 -8.2054638764404135 6.3690672505655401 68.333333333333343  1 
-20.568289883807758 4.1874678525707356 15.500000000000002  1 -18.889428413968222 4.8577633321847768 26.059242440312286  1.0000000000000044 -23.806969277253781 6.7996986575574958 39.522122907234213  0.99999999999998113 -6.2658345726399896 1.6303737729834669 44.847067218265735  1.0000000000000258 -16.279920154945422 8.5633264175621786 59.565263456900929  0.99999999999998634 -8.2682597953520229 6.3354339587001602 68.333333333333343  1 
-20.615342392107006 4.1255769981895281 15.500000000000002  1 -18.990384161692415 4.835932261348062 26.059242440312079  1.0000000000000044 -23.8669044662572 6.6998132608354561 39.522122907234767  0.99999999999998113 -6.3411115831544596 1.6307774164615458 44.847067218265096  1.0000000000000258 -16.387175581813338 8.4732438996757828 59.565263456901249  0.99999999999998634 -8.3718279679971968 6.2783739600886719 68.333333333333343  1 
-20.694313006623762 4.0162323796423642 15.500000000000002  1 -19.167211879745498 4.7921316337094355 26.059242440312286  1.0000000000000044 -23.965699486760322 6.5244105863752502 39.522122907234213  0.99999999999998113 -6.4731797056228704 1.6258535110553571 44.847067218265735  1.0000000000000258 -16.570566047709015 8.3123003443963697 59.565263456900929  0.99999999999998634 -8.5504765430824161 6.1744788920779738 68.333333333333343  1 
-20.760090425916594 3.9335372748167581 15.500000000000005  1 -19.296584874348948 4.7403131977853397 26.059242440311742  1.0000000000000044 -24.052261985980451 6.3964034892052295 39.522122907236074  0.99999999999998113 -6.5676660370383377 1.6057005265937008 44.847067218263284  1.0000000000000258 -16.716933771488357 8.1842541761256005 59.565263456902215  0.99999999999998634 -8.6902594477426671 6.0869682004991228 68.333333333333329  1 
-20.812026871998402 3.882227006690151 15.500000000000005  1 -19.37250112612767 4.6883892185877967 26.059242440312161  1.0000000000000044 -24.126897588229784 6.3220749304410093 39.522122907234639  0.99999999999998113 -6.6201145116474214 1.5766690034333051 44.847067218265167  1.0000000000000258 -16.822522886971068 8.0981079844532005 59.565263456901249  0.99999999999998634 -8.7864788776319358 6.023708750259325 68.333333333333314  1 
-20.8255017293667 3.8695700436775899 15.500000000000002  1 -19.390972980528058 4.6744214919047939 26.059242440312286  1.0000000000000044 -24.146554715018546 6.3040381129168468 39.522122907234213  0.99999999999998113 -6.6326898102585874 1.5685423749023297 44.847067218265735  1.0000000000000258 -16.849450491724124 8.0764640059630626 59.565263456900929  0.99999999999998634 -8.8107808995564714 6.0075797928540124 68.333333333333314  1 
-20.859329373745595 3.8392219853535732 15.500000000000002  1 -19.434658942433874 4.6382817441244519 26.059242440312161  1.0000000000000044 -24.196525553390103 6.2614463624209904 39.522122907234639  0.99999999999998113 -6.6619987218329371 1.5468575132466729 44.847067218265167  1.0000000000000258 -16.916013122296164 8.0236503209453804 59.565263456901249  0.99999999999998634 -8.870331084716911 5.9676971956471014 68.333333333333314  1 
-20.921922452049767 3.7902604059285792 15.500000000000002  1 -19.501842846404262 4.5660098830122866 26.059242440312161  1.0000000000000044 -24.292071673702832 6.1960803765590677 39.522122907234639  0.99999999999998113 -6.7047562838132446 1.5002938123458016 44.847067218265167  1.0000000000000258 -17.03385700611436 7.9335339856937726 59.565263456901249  0.99999999999998634 -8.9730827514668103 5.8969226532167491 68.333333333333314  1 
-21.030797080121491 3.7194174333453329 15.500000000000002  1 -19.588431954705996 4.4285286328687201 26.059242440312161  1.0000000000000044 -24.465054286708277 6.1091974799732016 39.522122907234639  0.99999999999998113 -6.7533413304585057 1.4052415742590996 44.847067218265167  1.0000000000000258 -17.227176419153306 7.7914463580740119 59.565263456901249  0.99999999999998634 -9.1354220725277102 5.7790030323009889 68.3333333333333  1 
-21.121555940827847 3.6663707718280212 15.500000000000002  1 -19.6423412615122 4.3071395081539032 26.059242440311966  1.0000000000000044 -24.613302905825659 6.0481635420259945 39.522122907235186  0.99999999999998113 -6.7776692051157807 1.3177588271545844 44.847067218264513  1.0000000000000258 -17.381586090451826 7.6784137732549329 59.565263456901569  0.99999999999998634 -9.2610305071675292 5.6813839540880631 68.333333333333314  1 
-21.182980044328776 3.6288086427903519 15.500000000000002  1 -19.676665518761581 4.2244736744261449 26.059242440312161  1.0000000000000044 -24.714068895984358 6.0038863848659947 39.522122907234639  0.99999999999998113 -6.7916764812559904 1.2578036329718474 44.847067218265167  1.0000000000000258 -17.48555331873672 7.5994460176701191 59.565263456901249  0.99999999999998634 -9.3450484222073449 5.6132099288686161 68.333333333333314  1 
-21.202178930085985 3.6168984464562057 15.500000000000002  1 -19.6872776086933 4.198617869609456 26.059242440312161  1.0000000000000044 -24.745585138205598 5.9897396507943634 39.522122907234639  0.99999999999998113 -6.7959059361260099 1.2390334634770648 44.847067218265167  1.0000000000000258 -17.518028309079263 7.5745241969516233 59.565263456901249  0.99999999999998634 -9.3712610363095799 5.5917137147612186 68.333333333333314  1 
-21.245077439643094 3.5898221195099884 15.500000000000002  1 -19.710913419777643 4.1407685327289343 26.059242440312161  1.0000000000000044 -24.816002223187155 5.9573119558430045 39.522122907234639  0.99999999999998113 -6.8051754200866412 1.1970125416487427 44.847067218265167  1.0000000000000258 -17.590614438447865 7.5181797914608284 59.565263456901249  0.99999999999998634 -9.4298252432449896 5.5431781717892914 68.333333333333314  1 
-21.316561986251283 3.5422648513769701 15.500000000000002  1 -19.75061893705627 4.0438809119748944 26.059242440311682  1.0000000000000044 -24.933159290181102 5.8990547448681951 39.522122907236117  0.99999999999998113 -6.8203289558573577 1.1265641259549783 44.847067218263284  1.0000000000000258 -17.711941404191432 7.4208228335232436 59.565263456902215  0.99999999999998634 -9.5277595920161531 5.4596786547512091 68.333333333333329  1 
-21.418584895131985 3.4626335275045634 15.500000000000002  1 -19.817730079426529 3.902386719326103 26.059242440311795  1.0000000000000044 -25.097750793148276 5.7961366251674811 39.522122907235705  0.99999999999998113 -6.8485873929218943 1.0242637791221478 44.847067218263852  1.0000000000000258 -17.890194223426509 7.2649370059393314 59.565263456901896  0.99999999999998634 -9.6739659538912885 5.3282041091123178 68.333333333333343  1 
-21.488933560842106 3.3890901329547307 15.500000000000005  1 -19.887117242609907 3.7990838019696467 26.059242440311795  1.0000000000000044 -25.205860917830911 5.6943046796951293 39.522122907235705  0.99999999999998113 -6.8844288761342645 0.9510623422826685 44.847067218263852  1.0000000000000258 -18.023717390295531 7.13055316838423 59.565263456901896  0.99999999999998634 -9.788498127968106 5.2182962175600576 68.333333333333343  1 
-21.527832846392926 3.3352050354088014 15.500000000000002  1 -19.944104092301643 3.7376761749389265 26.059242440311795  1.0000000000000044 -25.261401492840616 5.6162569133038334 39.522122907235705  0.99999999999998113 -6.9178363594114973 0.9087485105146228 44.847067218263852  1.0000000000000258 -18.105929950019959 7.0371348497407933 59.565263456901896  0.99999999999998634 -9.8627593905177893 5.143965875907865 68.333333333333343  1 
-21.540926512623553 3.3153454157228723 15.500000000000002  1 -19.965742225989459 3.7164451676135819 26.059242440312158  1.0000000000000044 -25.279536093730975 5.5871552195609002 39.522122907234618  0.99999999999998113 -6.9308833920725439 0.89426915728354117 44.847067218265167  1.0000000000000258 -18.134703746707824 7.0031992579325815 59.565263456901249  0.99999999999998634 -9.8891961418498386 5.1171817172835228 68.333333333333343  1 
-21.566052342550542 3.2742593207695849 15.500000000000002  1 -20.011448882560412 3.6746961475046991 26.059242440312158  1.0000000000000044 -25.313413616764606 5.5264484794383471 39.522122907234618  0.99999999999998113 -6.9589671429426447 0.86603450637624746 44.847067218265167  1.0000000000000258 -18.191823314034931 6.9337732044103886 59.565263456901249  0.99999999999998634 -9.9423971613391959 5.062720233192052 68.333333333333357  1 
-21.602766149797429 3.2000385487842538 15.500000000000002  1 -20.097884403375293 3.608709283848007 26.059242440312026  1.0000000000000044 -25.358762669585385 5.4147241215382458 39.522122907235065  0.99999999999998113 -7.0141902014244506 0.82243698538357546 44.847067218264513  1.0000000000000258 -18.28437840434815 6.8118133650572901 59.565263456901569  0.99999999999998634 -10.031819194337734 4.9684725178435576 68.333333333333343  1 
-21.64584872104637 3.0804566842060135 15.500000000000002  1 -20.241625065977651 3.5183986072958615 26.059242440311795  1.0000000000000044 -25.403471762213989 5.2313213965022936 39.522122907235705  0.99999999999998113 -7.1087217763590083 0.76457474728341479 44.847067218263852  1.0000000000000258 -18.413150179694131 6.621144973244852 59.565263456901896  0.99999999999998634 -10.162220890485507 4.8233423865845735 68.333333333333343  1 
-21.676955277996885 2.9737064445934407 15.500000000000002  1 -20.367166555296524 3.4424691093602173 26.059242440311795  1.0000000000000044 -25.432259224528362 5.0668284028174062 39.522122907235705  0.99999999999998113 -7.190589660197781 0.71610874649203249 44.847067218263852  1.0000000000000258 -18.517743248207886 6.4526620668747929 59.565263456901896  0.99999999999998634 -10.270060072690857 4.6951720616736559 68.333333333333343  1 
-21.697330135140405 2.906592006523784 15.500000000000002  1 -20.441133794453108 3.3913342102004247 26.05924244031176  1.0000000000000044 -25.453614487543032 4.9643491563285638 39.522122907235826  0.99999999999998113 -7.2368168621630957 0.68258580230502042 44.84706721826376  1.0000000000000258 -18.583495885994839 6.3455011973533617 59.565263456901896  0.99999999999998634 -10.336296943102861 4.6126078673193254 68.333333333333343  1 
-21.705247200629806 2.8813131197321455 15.500000000000002  1 -20.468295477133761 3.3714875743788317 26.05924244031176  1.0000000000000044 -25.462323383677113 4.9259031096905277 39.522122907235826  0.99999999999998113 -7.2534913842584459 0.66944964140340402 44.84706721826376  1.0000000000000258 -18.608425431726175 6.3049248753309319 59.565263456901896  0.99999999999998634 -10.361150672235135 4.5811895037181145 68.333333333333343  1 
-21.718915242738841 2.8383339563313865 15.500000000000002  1 -20.513893139631143 3.3372527978551445 26.05924244031176  1.0000000000000044 -25.477690842640556 4.8606632160243226 39.522122907235826  0.99999999999998113 -7.2812278216069215 0.64668995941980134 44.84706721826376  1.0000000000000258 -18.65095153307205 6.2357562667268649 59.565263456901896  0.99999999999998634 -10.403331869047133 4.527503358597337 68.333333333333343  1 
-21.74620894213869 2.7584415613243785 15.500000000000002  1 -20.59363354822727 3.2693378397276511 26.05924244031176  1.0000000000000044 -25.511212031462158 4.7404432141429123 39.522122907235826  0.99999999999998113 -7.3275155673302068 0.60070960616386881 44.84706721826376  1.0000000000000258 -18.731313899229338 6.1055771266074501 59.565263456901896  0.99999999999998634 -10.481173637417269 4.4253658502558819 68.333333333333343  1 
-21.794141644852761 2.6400709951181676 15.500000000000002  1 -20.695255155192349 3.153758977245765 26.059242440312399  1.0000000000000044 -25.579246904728642 4.566169932314696 39.522122907233801  0.99999999999998113 -7.3788478928598478 0.51987213669479737 44.847067218266304  1.0000000000000258 -18.856247285290937 5.907219330955094 59.56526345690061  0.99999999999998634 -10.595835480850431 4.2661124839891666 68.333333333333343  1 
-21.843913603205976 2.5435682692105139 15.500000000000002  1 -20.757526867943334 3.0399850498667464 26.059242440312399  1.0000000000000044 -25.65982559489056 4.4293088499475459 39.522122907233801  0.99999999999998113 -7.3992111261294138 0.43744696400410366 44.847067218266304  1.0000000000000258 -18.967198013677869 5.7385175016240888 59.56526345690061  0.99999999999998634 -10.689757111178805 4.1261908465203447 68.333333333333357  1 
-21.881968655787382 2.4834970460095485 15.500000000000002  1 -20.783993856378668 2.9570187647678288 26.059242440312399  1.0000000000000044 -25.726107346291556 4.3474425998892992 39.522122907233801  0.99999999999998113 -7.3990542262540284 0.37592666844993733 44.847067218266304  1.0000000000000258 -19.042578466219176 5.6292328281907791 59.56526345690061  0.99999999999998634 -10.749143326851952 4.0329647105873629 68.333333333333357  1 
-21.896844737205491 2.4614893982304444 15.500000000000002  1 -20.792106222343921 2.9250422136091352 26.059242440312399  1.0000000000000044 -25.752500892541331 4.3178875212815404 39.522122907233801  0.99999999999998113 -7.3973508334067208 0.35205781985317897 44.847067218266304  1.0000000000000258 -19.071033634933173 5.5886431525797242 59.56526345690061  0.99999999999998634 -10.771040510110639 3.99801732627841 68.333333333333357  1 
-21.922371924249607 2.4247598931353123 15.500000000000002  1 -20.804441236759132 2.8704836237217664 26.059242440311856  1.0000000000000044 -25.798128342080663 4.2688885130613103 39.522122907235655  0.99999999999998113 -7.3932625490263399 0.3112214907297437 44.847067218263852  1.0000000000000258 -19.119140550729306 5.5204820983370277 59.565263456901896  0.99999999999998634 -10.807678443560476 3.9390916476626288 68.333333333333357  1 
-21.971520211810951 2.3610012765127752 15.500000000000002  1 -20.817337110011028 2.7674634166150467 26.059242440311856  1.0000000000000044 -25.888217048231127 4.1860763876491847 39.522122907235655  0.99999999999998113 -7.3774081350990013 0.23337784326206212 44.847067218263852  1.0000000000000258 -19.206789871439312 5.3992023523769275 59.565263456901896  0.99999999999998634 -10.871780784038602 3.8325829419561663 68.333333333333343  1 
-22.054746701637338 2.2609528770052889 15.500000000000002  1 -20.821687463757982 2.5933030825360697 26.059242440312079  1.0000000000000044 -26.044847131465659 4.0594096044750341 39.522122907234767  0.99999999999998113 -7.3368006249224083 0.10101095209486098 44.847067218265096  1.0000000000000258 -19.347827351283975 5.2041603606678368 59.565263456901249  0.99999999999998634 -10.970244152400429 3.6587171332058674 68.333333333333343  1 
-22.125364061297873 2.171184920258566 15.500000000000002  1 -20.820716031491411 2.4393096607682678 26.059242440312229  1.0000000000000044 -26.179881998104761 3.9449196857248476 39.522122907234262  0.99999999999998113 -7.2966443137563326 -0.015281031592003761 44.847067218265735  1.0000000000000258 -19.467021457280588 5.0293162086552146 59.565263456900929  0.99999999999998634 -11.051717079264542 3.5029644055965337 68.333333333333343  1 
-22.16648034812976 2.1061547363637279 15.500000000000002  1 -20.827299788549396 2.3409461846746447 26.059242440312229  1.0000000000000044 -26.258259791347722 3.8582205232918221 39.522122907234262  0.99999999999998113 -7.2761362685828725 -0.087985901545046777 44.847067218265735  1.0000000000000258 -19.541447504488033 4.9067805311023021 59.565263456900929  0.99999999999998634 -11.104146203569929 3.3960574640407888 68.333333333333343  1 
-22.180069128287279 2.0826174968068543 15.500000000000002  1 -20.830779472066592 2.3071041353923234 26.059242440312229  1.0000000000000044 -26.284073365320243 3.8263454932598306 39.522122907234262  0.99999999999998113 -7.2699693073748328 -0.11277609953980273 44.847067218265735  1.0000000000000258 -19.566898399787256 4.8629941384882622 59.565263456900929  0.99999999999998634 -11.122358530657788 3.3581693602595903 68.333333333333343  1 
-22.200789402000002 2.0455833458660435 15.500000000000002  1 -20.836813933545901 2.254741926616648 26.059242440312229  1.0000000000000044 -26.323388380941811 3.7759457403661196 39.522122907234262  0.99999999999998113 -7.2609048336853501 -0.15101479765356124 44.847067218265735  1.0000000000000258 -19.606186677506823 4.7943849256800402 59.565263456900929  0.99999999999998634 -11.150625329241191 3.2989613498190424 68.333333333333343  1 
-22.233473235124062 1.9763742960840291 15.500000000000002  1 -20.853187120489221 2.1647818291058156 26.059242440312229  1.0000000000000044 -26.385049055424233 3.6795937806764645 39.522122907234262  0.99999999999998113 -7.2497519088933426 -0.21564669898344085 44.847067218265735  1.0000000000000258 -19.672740124826021 4.6687317765767702 59.565263456900929  0.99999999999998634 -11.199916546651924 3.1919400790842913 68.333333333333343  1 
-22.276643273873365 1.8494192998584256 15.500000000000002  1 -20.89821060222588 2.0175316884891732 26.059242440312229  1.0000000000000044 -26.465218299322835 3.4979797324188477 39.522122907234262  0.99999999999998113 -7.2458096721289778 -0.3186820853092468 44.847067218265735  1.0000000000000258 -19.776192373706856 4.4439167028206983 59.565263456900929  0.99999999999998634 -11.281020280437982 3.0036622985754327 68.333333333333343  1 
-22.29956161808192 1.7286726877554426 15.500000000000002  1 -20.958392830489483 1.8907512516188671 26.059242440312229  1.0000000000000044 -26.505768125447062 3.3216101300092356 39.522122907234262  0.99999999999998113 -7.2604014807515656 -0.40479558131284671 44.847067218265735  1.0000000000000258 -19.855244745449401 4.2341466222380619 59.565263456900929  0.99999999999998634 -11.348813088820323 2.8303755446670316 68.333333333333343  1 
-22.306657174115987 1.6426179887665002 15.500000000000002  1 -21.011397163067397 1.8006531176761791 26.059242440311795  1.0000000000000044 -26.516370363582485 3.1958405443089188 39.522122907235705  0.99999999999998113 -7.2807032260846984 -0.46547359221827123 44.847067218263852  1.0000000000000258 -19.902567257260749 4.0844210937495173 59.565263456901896  0.99999999999998634 -11.393201377780333 2.7066439392137824 68.333333333333343  1 
-22.308177591728764 1.6139871373055552 15.500000000000002  1 -21.030004494385487 1.7704397194242327 26.059242440311795  1.0000000000000044 -26.518220611098034 3.1540654602918408 39.522122907235705  0.99999999999998113 -7.2883952559680383 -0.48582061796282822 44.847067218263852  1.0000000000000258 -19.917517114533076 4.0344992057171751 59.565263456901896  0.99999999999998634 -11.407645627527824 2.6653297651654904 68.333333333333343  1 
-22.310002458031079 1.5744766646269202 15.500000000000002  1 -21.055995220968889 1.7286667799607973 26.059242440311795  1.0000000000000044 -26.520230134934231 3.0964387050948412 39.522122907235705  0.99999999999998113 -7.2993120681756869 -0.51395214884641061 44.847067218263852  1.0000000000000258 -19.937888509137789 3.9655715293508638 59.565263456901896  0.99999999999998634 -11.427471547188659 2.6082672974956163 68.333333333333343  1 
-22.310225614704304 1.5030869298208323 15.500000000000002  1 -21.106334152584243 1.6522541862370648 26.05924244031176  1.0000000000000044 -26.517817791000791 2.9925751999216206 39.522122907235826  0.99999999999998113 -7.3223044968678597 -0.56540574597222826 44.84706721826376  1.0000000000000258 -19.971749806286237 3.8405989756899248 59.565263456901896  0.99999999999998634 -11.462024337873347 2.504577334466521 68.333333333333343  1 
-22.304708081967931 1.3657085674770961 15.500000000000002  1 -21.206651056371069 1.5018919545680141 26.059242440312399  1.0000000000000044 -26.502308266814996 2.7934816257345423 39.522122907233801  0.99999999999998113 -7.3703759187865048 -0.66661579020662887 44.847067218266304  1.0000000000000258 -20.029958818830522 3.5985293242349292 59.56526345690061  0.99999999999998634 -11.524264124697323 2.302957422077176 68.333333333333343  1 
-22.297335895165851 1.2369906677458109 15.500000000000002  1 -21.294018254410421 1.3559295509555123 26.059242440312399  1.0000000000000044 -26.485945242734257 2.6078945121882446 39.522122907233801  0.99999999999998113 -7.4102635804299055 -0.76471980253339888 44.847067218266304  1.0000000000000258 -20.078954900556759 3.3691521163861444 59.56526345690061  0.99999999999998634 -11.576419698325662 2.1108473221651267 68.333333333333343  1 
-22.300108199644047 1.1372729057928048 15.500000000000002  1 -21.338806595784597 1.2388237780487985 26.059242440312399  1.0000000000000044 -26.493737947718337 2.4645390166103875 39.522122907233801  0.99999999999998113 -7.4208165112930997 -0.84320036403668908 44.847067218266304  1.0000000000000258 -20.119978742143733 3.1892122727021439 59.56526345690061  0.99999999999998634 -11.61255218115766 1.9594499658949593 68.333333333333343  1 
-22.302133822465127 1.1071068234181722 15.500000000000002  1 -21.349475145247752 1.2029908461456753 26.059242440312399  1.0000000000000044 -26.498877626763392 2.4212085208591723 39.522122907233801  0.99999999999998113 -7.4214168054390939 -0.86719733379088548 44.847067218266304  1.0000000000000258 -20.132948441109999 3.1345507284630814 59.56526345690061  0.99999999999998634 -11.623072729259537 1.9133903882529928 68.333333333333343  1 
-22.304720356517951 1.0721292418304751 15.500000000000002  1 -21.361276444157621 1.1613651337619406 26.059242440312428  1.0000000000000044 -26.505392278823084 2.3709732809321178 39.522122907233772  0.99999999999998113 -7.421600187215569 -0.89507035294298065 44.847067218266304  1.0000000000000258 -20.148102117766921 3.0711272017898561 59.56526345690061  0.99999999999998634 -11.635193933524537 1.8599348136136649 68.333333333333343  1 
-22.311457840624161 1.0139798225887207 15.500000000000002  1 -21.375065334446109 1.0913699581600365 26.059242440312428  1.0000000000000044 -26.521912668870822 2.2875247404480805 39.522122907233772  0.99999999999998113 -7.4166509087053329 -0.94190586623080352 44.847067218266304  1.0000000000000258 -20.174476375963547 2.9652417253942716 59.56526345690061  0.99999999999998634 -11.654552049140221 1.770559040193189 68.333333333333343  1 
-22.336671923778383 0.87537787976251058 15.499999999999998  1 -21.384815332446692 0.92166114456760972 26.059242440311856  1.0000000000000044 -26.582942459865674 2.0887973379821929 39.522122907235655  0.99999999999998113 -7.3840978765134642 -1.0552228886910122 44.847067218263852  1.0000000000000258 -20.241287256936189 2.7111660114224843 59.565263456901896  0.99999999999998634 -11.696953441113385 1.5556364954887352 68.333333333333343  1 
-22.374355949473866 0.74035555295716382 15.500000000000002  1 -21.358566789962861 0.75245740592818855 26.059242440311856  1.0000000000000044 -26.674034627757305 1.8952683121621192 39.522122907235655  0.99999999999998113 -7.3204399176702024 -1.1675611152648622 44.847067218263852  1.0000000000000258 -20.310975113156289 2.461108988818332 59.565263456901896  0.99999999999998634 -11.731265521008961 1.3435836499417158 68.333333333333343  1 
-22.407182045785291 0.62862942395738197 15.500000000000002  1 -21.324395834695153 0.61268596508558049 26.059242440311856  1.0000000000000044 -26.755211705080715 1.7345783737225182 39.522122907235655  0.99999999999998113 -7.2570835776589444 -1.2593706238101683 44.847067218263852  1.0000000000000258 -20.365971961219508 2.2535540782260983 59.565263456901896  0.99999999999998634 -11.753830008508324 1.1678352369685363 68.333333333333343  1 
-22.416892308197692 0.59515414827680269 15.500000000000002  1 -21.313605641521992 0.57092418896029573 26.059242440311966  1.0000000000000044 -26.779312322006632 1.6863868588773427 39.522122907235186  0.99999999999998113 -7.2378666275712034 -1.2867337551556537 44.847067218264513  1.0000000000000258 -20.381907418773189 2.1913718770894794 59.565263456901569  0.99999999999998634 -11.760084996609422 1.1152094167541575 68.333333333333343  1 
-22.426191129272773 0.56298375078861806 15.500000000000002  1 -21.303142371373525 0.53081642003086749 26.05924244031176  1.0000000000000044 -26.802412804325964 1.6400640232918493 39.522122907235826  0.99999999999998113 -7.2193681597528325 -1.3129993658849888 44.84706721826376  1.0000000000000258 -20.397107908702939 2.1316160198270131 59.565263456901896  0.99999999999998634 -11.765996532759839 1.0646429673847291 68.333333333333343  1 
-22.440733825194314 0.51182472348391017 15.500000000000002  1 -21.285888971719789 0.46721297223426461 26.05924244031176  1.0000000000000044 -26.838698132499353 1.5663324042463906 39.522122907235826  0.99999999999998113 -7.1897730381447023 -1.3545580995313995 44.84706721826376  1.0000000000000258 -20.420482121405961 2.0366068439341096 59.565263456901896  0.99999999999998634 -11.774711707693589 0.9842844662477751 68.333333333333343  1 
-22.482705128249481 0.35562348271168648 15.500000000000002  1 -21.232430059870531 0.2738588040939639 26.059242440312399  1.0000000000000044 -26.944232173884622 1.3409018555865457 39.522122907233801  0.99999999999998113 -7.1012449195454481 -1.4804717731144708 44.847067218266304  1.0000000000000258 -20.486390559624638 1.7466502805847226 59.56526345690061  0.99999999999998634 -11.797716267035497 0.73920830614491895 68.333333333333343  1 
-22.516702029093072 0.19416669101922912 15.500000000000005  1 -21.181039759995915 0.076058788190736193 26.059242440311913  1.0000000000000044 -27.032605010449718 1.1070455731625704 39.522122907235264  0.99999999999998113 -7.0202276513777306 -1.6080785258348842 44.847067218264442  1.0000000000000258 -20.538216132015595 1.4471034019698101 59.565263456901569  0.99999999999998634 -11.811795032281276 0.48660986236290582 68.333333333333343  1 
-22.526480082930849 0.047334474415072103 15.500000000000005  1 -21.164435550289156 -0.10290900123292229 26.059242440311913  1.0000000000000044 -27.064587521357986 0.89365837607212062 39.522122907235264  0.99999999999998113 -6.9817757330167547 -1.7223905393136829 44.847067218264442  1.0000000000000258 -20.561858601199006 1.1743274722408112 59.565263456901569  0.99999999999998634 -11.817483024898904 0.25711259508402884 68.333333333333343  1 
-22.527261971259325 0.00751526995690153 15.500000000000005  1 -21.162696251723219 -0.15139746290224648 26.059242440312204  1.0000000000000044 -27.069399436557038 0.83574590360135947 39.522122907234341  0.99999999999998113 -6.9738035495581636 -1.7532874439296819 44.847067218265664  1.0000000000000258 -20.566717616602961 1.1003227091736012 59.565263456900929  0.99999999999998634 -11.81852941046883 0.19488239691443873 68.333333333333357  1 
-22.527495177235576 -0.022222854004443199 15.500000000000005  1 -21.16192718676978 -0.18760286835078466 26.059242440312399  1.0000000000000044 -27.072257389557812 0.79248707630086757 39.522122907233801  0.99999999999998113 -6.9683140260091987 -1.7763442679636192 44.847067218266304  1.0000000000000258 -20.570063027994291 1.0450477239110487 59.56526345690061  0.99999999999998634 -11.819223562400703 0.14840782920445145 68.333333333333357  1 
-22.526762960210718 -0.061285400730732159 15.500000000000007  1 -21.162485379440426 -0.23513958499676779 26.059242440312204  1.0000000000000044 -27.073832347806018 0.73564018058625247 39.522122907234341  0.99999999999998113 -6.9624742211222337 -1.8065777247375174 44.847067218265664  1.0000000000000258 -20.573620412253742 0.97242287356135493 59.565263456900929  0.99999999999998634 -11.819876463072555 0.087363094256694765 68.333333333333357  1 
-22.516593049346675 -0.22513999695924808 15.500000000000007  1 -21.175133659352877 -0.43446534691697319 26.059242440312282  1.0000000000000044 -27.065937481169289 0.4970311194915516 39.522122907234191  0.99999999999998113 -6.9462898604213432 -1.9330725538653231 44.847067218265735  1.0000000000000258 -20.583373320464219 0.66763099290246375 59.565263456900929  0.99999999999998634 -11.820789435772733 -0.16871409497647175 68.333333333333357  1 
-22.479562499022261 -0.40050682153351264 15.500000000000002  1 -21.225283121354646 -0.64777763758552587 26.059242440312282  1.0000000000000044 -27.004386230165682 0.24110953704250621 39.522122907234191  0.99999999999998113 -6.9581466594454051 -2.0673607938787 44.847067218265735  1.0000000000000258 -20.573850546400212 0.3406970279282851 59.565263456900929  0.99999999999998634 -11.814824464874832 -0.44294517844669073 68.333333333333343  1 
-22.434001610222055 -0.57133995819448569 15.500000000000002  1 -21.275862548834297 -0.85773199411122791 26.05924244031176  1.0000000000000044 -26.929248682842154 -0.0081904468549933006 39.522122907235826  0.99999999999998113 -6.9646582887720712 -2.1986677375865011 44.84706721826376  1.0000000000000258 -20.555358875044032 0.020686923168672312 59.565263456901896  0.99999999999998634 -11.798804137792356 -0.71111556586773073 68.333333333333343  1 
-22.420407750805822 -0.62077786888060926 15.500000000000002  1 -21.289853697041693 -0.91870734874120086 26.05924244031176  1.0000000000000044 -26.907015732223954 -0.080394494279550588 39.522122907235826  0.99999999999998113 -6.9654939737280852 -2.2366186996298576 44.84706721826376  1.0000000000000258 -20.549393024842715 -0.072135739527832532 59.565263456901896  0.99999999999998634 -11.793234378180237 -0.78882879452476895 68.333333333333343  1 
-22.414128503065374 -0.64346532207015072 15.500000000000002  1 -21.29609155419757 -0.94673182038243731 26.05924244031176  1.0000000000000044 -26.896807953952205 -0.11353913673641795 39.522122907235826  0.99999999999998113 -6.9656217262136 -2.2540248711286845 44.84706721826376  1.0000000000000258 -20.546568480607455 -0.11477483618453117 59.565263456901896  0.99999999999998634 -11.790507049211419 -0.82451251053736485 68.333333333333343  1 
-22.40912376784441 -0.66150635980820449 15.500000000000002  1 -21.300973123296707 -0.96903152774726042 26.05924244031176  1.0000000000000044 -26.888699430967087 -0.13989993752410249 39.522122907235826  0.99999999999998113 -6.965616684337383 -2.2678607222865299 44.84706721826376  1.0000000000000258 -20.544292141518266 -0.14869724551113847 59.565263456901896  0.99999999999998634 -11.788272135599941 -0.85289521648377542 68.333333333333343  1 
-22.374772644465107 -0.78509714448661372 15.500000000000002  1 -21.33337059082589 -1.1219410810244423 26.059242440311966  1.0000000000000044 -26.833411439219724 -0.32054302173325994 39.522122907235186  0.99999999999998113 -6.9642196089968689 -2.3625518261007148 44.847067218264513  1.0000000000000258 -20.528392344424997 -0.38126311747413444 59.565263456901569  0.99999999999998634 -11.772189153259969 -1.0474008252864406 68.333333333333343  1 
-22.332176344573206 -0.9406988874619967 15.500000000000002  1 -21.360646302876024 -1.3154590013761212 26.05924244031176  1.0000000000000044 -26.769829704343096 -0.5487064578721268 39.522122907235826  0.99999999999998113 -6.9454196846014549 -2.4803354505923849 44.84706721826376  1.0000000000000258 -20.506467614851474 -0.67574767251854762 59.565263456901896  0.99999999999998634 -11.743776617970621 -1.2927440383254474 68.333333333333343  1 
-22.308211473937011 -1.1036036381590677 15.500000000000002  1 -21.33280904965466 -1.5119160233818407 26.059242440311351  1.0000000000000044 -26.759713846737743 -0.7905977827864612 39.522122907237176  0.99999999999998113 -6.8625886220623729 -2.5945327282284776 44.847067218261955  1.0000000000000258 -20.498383649408314 -0.98387063509040518 59.565263456902869  0.99999999999998634 -11.7033251662964 -1.5460164980990172 68.333333333333343  1 
-22.303380642477418 -1.1592232642755538 15.500000000000005  1 -21.314806796992045 -1.5779136224167689 26.05924244031176  1.0000000000000044 -26.765108249204772 -0.87370426911286103 39.522122907235826  0.99999999999998113 -6.8250321725344021 -2.6319928931207319 44.84706721826376  1.0000000000000258 -20.498086117466659 -1.0890081960053761 59.565263456901896  0.99999999999998634 -11.688204147983393 -1.6318759761172941 68.333333333333343  1 
-22.302053891694982 -1.1796118090812078 15.500000000000002  1 -21.307105969660618 -1.6019611777328473 26.05924244031176  1.0000000000000044 -26.768248388204963 -0.90423638320754174 39.522122907235826  0.99999999999998113 -6.8100702973135876 -2.6455225343176467 44.84706721826376  1.0000000000000258 -20.498306301862677 -1.1275378838841654 59.565263456901896  0.99999999999998634 -11.682503776937091 -1.6632670499533588 68.333333333333343  1 
-22.30154100819064 -1.1882365411271678 15.500000000000002  1 -21.303727897443327 -1.6121176305740594 26.05924244031176  1.0000000000000044 -26.769703511210501 -0.91715955688061057 39.522122907235826  0.99999999999998113 -6.8036101342537849 -2.6512232899311692 44.84706721826376  1.0000000000000258 -20.49843526125273 -1.1438355174694035 59.565263456901896  0.99999999999998634 -11.680074868158576 -1.6765368826211424 68.333333333333343  1 
-22.29603257713266 -1.294636265918963 15.500000000000005  1 -21.260001785245684 -1.7371339079749331 26.059242440311351  1.0000000000000044 -26.789805973812904 -1.076718291840971 39.522122907237176  0.99999999999998113 -6.721673407916251 -2.7211575671841333 44.847067218261955  1.0000000000000258 -20.500632188642118 -1.3448736838890827 59.565263456902869  0.99999999999998634 -11.649803792187337 -1.8400815285374947 68.333333333333343  1 
-22.305527273593498 -1.4472153272304578 15.500000000000002  1 -21.153286825872925 -1.9102346551167857 26.05924244031176  1.0000000000000044 -26.86448080966067 -1.3084299491143865 39.522122907235826  0.99999999999998113 -6.5558364984693274 -2.812674202304875 44.84706721826376  1.0000000000000258 -20.516636891268028 -1.6327764488752881 59.565263456901896  0.99999999999998634 -11.599560142534687 -2.0710612721832256 68.333333333333343  1 
-22.310575424318376 -1.6076574332888987 15.500000000000002  1 -21.028857225000159 -2.0825732981034579 26.059242440311351  1.0000000000000044 -26.949308897761917 -1.5595911765527835 39.522122907237176  0.99999999999998113 -6.3545449110422361 -2.8922926296724665 44.847067218261955  1.0000000000000258 -20.533949201059745 -1.9374486553993742 59.565263456902869  0.99999999999998634 -11.536145013710186 -2.3089884895654951 68.333333333333343  1 
-22.309593225980059 -1.6701140176624041 15.500000000000002  1 -20.982413542370512 -2.1481460806750472 26.05924244031176  1.0000000000000044 -26.978607959810972 -1.6587546220221925 39.522122907235826  0.99999999999998113 -6.2757744685982848 -2.9204648035406824 44.84706721826376  1.0000000000000258 -20.539179496001744 -2.0565435959889946 59.565263456901896  0.99999999999998634 -11.509817408076746 -2.4008761929513636 68.333333333333343  1 
-22.308899195761342 -1.6942620301197624 15.500000000000002  1 -20.964715649872268 -2.173359281106428 26.059242440311856  1.0000000000000044 -26.989503820092878 -1.697226382996913 39.522122907235655  0.99999999999998113 -6.2453513195100792 -2.9310936110092145 44.847067218263852  1.0000000000000258 -20.541033021103495 -2.1026386415727756 59.565263456901896  0.99999999999998634 -11.499486798978159 -2.436336549192001 68.333333333333343  1 
-22.308206385948338 -1.710787124671123 15.500000000000002  1 -20.952792785216609 -2.1905206273741546 26.059242440311856  1.0000000000000044 -26.996653813018394 -1.7236415781990786 39.522122907235655  0.99999999999998113 -6.2245689078825786 -2.9381914573902668 44.847067218263852  1.0000000000000258 -20.542182927992179 -2.1342155811096402 59.565263456901896  0.99999999999998634 -11.492316905993652 -2.4605587522672256 68.333333333333343  1 
-22.302846167160236 -1.8062336094251372 15.500000000000002  1 -20.885235413441862 -2.2891273343282097 26.059242440311856  1.0000000000000044 -27.035940581037561 -1.8767110685973558 39.522122907235655  0.99999999999998113 -6.1049799792190198 -2.9782009828553941 44.847067218263852  1.0000000000000258 -20.54806660871126 -2.3167914055142194 59.565263456901896  0.99999999999998634 -11.450348234028578 -2.600219008841484 68.333333333333343  1 
-22.281097021812286 -1.9515536129512734 15.500000000000002  1 -20.795267170835491 -2.4346902421295229 26.059242440311856  1.0000000000000044 -27.075840937173098 -2.1146087576990777 39.522122907235655  0.99999999999998113 -5.9271104138509729 -3.0296917602950981 44.847067218263852  1.0000000000000258 -20.549497377083782 -2.5969115202920725 59.565263456901896  0.99999999999998634 -11.380834759020299 -2.8107035538893905 68.333333333333343  1 
-22.233406568580072 -2.0875515567726421 15.500000000000002  1 -20.73077458030685 -2.5870621732365469 26.059242440311412  1.0000000000000044 -27.078309617067944 -2.342607745314869 39.522122907237126  0.99999999999998113 -5.7600312358147301 -3.0773430744702797 44.847067218261955  1.0000000000000258 -20.536824751734457 -2.8745925191551849 59.565263456902869  0.99999999999998634 -11.302160598033275 -3.0165591184968181 68.333333333333343  1 
-22.203951607336528 -2.1509633067099307 15.500000000000002  1 -20.705213081694136 -2.6656208228910736 26.059242440311944  1.0000000000000044 -27.070474011361014 -2.4496118890767034 39.522122907235314  0.99999999999998113 -5.6815818393557134 -3.1020463204118864 44.84706721826435  1.0000000000000258 -20.526951548423057 -3.0094359717582293 59.565263456901569  0.99999999999998634 -11.261586208546763 -3.1165603252732077 68.333333333333343  1 
-22.193947120165681 -2.1715504242690784 15.500000000000002  1 -20.697188987336535 -2.6915908767613264 26.059242440311944  1.0000000000000044 -27.067380948848676 -2.4843928093086678 39.522122907235314  0.99999999999998113 -5.6560782047736913 -3.1102231494767425 44.84706721826435  1.0000000000000258 -20.52350326719537 -3.0535446692162682 59.565263456901569  0.99999999999998634 -11.248174805343876 -3.1492752216005733 68.333333333333343  1 
-22.18308272636953 -2.1920710717695036 15.500000000000002  1 -20.689734956248991 -2.718463674029044 26.059242440311944  1.0000000000000044 -27.063194561457724 -2.519133674635182 39.522122907235314  0.99999999999998113 -5.6305789761941085 -3.1187284010958964 44.84706721826435  1.0000000000000258 -20.519572870995862 -3.0981967709611262 59.565263456901569  0.99999999999998634 -11.234320886847831 -3.1824108027036928 68.333333333333343  1 
-22.142803670768743 -2.2637658444576032 15.500000000000002  1 -20.665072045880493 -2.8150739246198331 26.05924244031209  1.0000000000000044 -27.04571954547518 -2.6406616770101126 39.522122907234781  0.99999999999998113 -5.5412554049739882 -3.1494959298474217 44.847067218265025  1.0000000000000258 -20.504553188032897 -3.2560440986526151 59.565263456901249  0.99999999999998634 -11.18464151178571 -3.2996285865046997 68.333333333333343  1 
-22.062527820427814 -2.3730727857293239 15.500000000000002  1 -20.63873611409841 -2.9847757819968774 26.05924244031209  1.0000000000000044 -26.995789272474582 -2.8270506151743833 39.522122907234781  0.99999999999998113 -5.4032574938469704 -3.2052085016426215 44.847067218265025  1.0000000000000258 -20.471119947043974 -3.5117427066109816 59.565263456901249  0.99999999999998634 -11.098502747592466 -3.4902427586858815 68.333333333333343  1 
-21.974166674892018 -2.479888943225744 15.500000000000002  1 -20.601993924304132 -3.1540494144544367 26.059242440311849  1.0000000000000044 -26.947063050285276 -3.0195510485823069 39.522122907235634  0.99999999999998113 -5.2486912270473454 -3.2493111298922206 44.847067218263852  1.0000000000000258 -20.432631439847011 -3.7732712471958707 59.565263456901896  0.99999999999998634 -11.002355584052554 -3.6797545380082815 68.333333333333343  1 
-21.927751356594133 -2.5427034430375586 15.500000000000002  1 -20.567642740798174 -3.2423970941282287 26.059242440311849  1.0000000000000044 -26.931795407558848 -3.1375639629325431 39.522122907235634  0.99999999999998113 -5.1484490557203539 -3.264880096624672 44.847067218263852  1.0000000000000258 -20.412584533506713 -3.924415748037827 59.565263456901896  0.99999999999998634 -10.945213649272111 -3.7860057735835793 68.333333333333343  1 
-21.91733877089705 -2.5571391726721644 15.500000000000002  1 -20.55919547621065 -3.2622028156324352 26.059242440312282  1.0000000000000044 -26.928878090988846 -3.164888004571011 39.522122907234191  0.99999999999998113 -5.1250173362707603 -3.2680097237457333 44.847067218265735  1.0000000000000258 -20.408097100572672 -3.9590230139745115 59.565263456900929  0.99999999999998634 -10.9320662817564 -3.8101914339771068 68.333333333333343  1 
-21.903631470090499 -2.57670560715736 15.500000000000002  1 -20.546934151445903 -3.2882878643402109 26.05924244031176  1.0000000000000044 -26.925819361226242 -3.2022073849687596 39.522122907235826  0.99999999999998113 -5.0927025908625767 -3.2715967841267357 44.84706721826376  1.0000000000000258 -20.402209078141365 -4.0057112379925837 59.565263456901896  0.99999999999998634 -10.914249477246132 -3.842614714244645 68.333333333333343  1 
-21.862740464405547 -2.6373171659583154 15.499999999999998  1 -20.505933374547705 -3.3662130219705966 26.05924244031176  1.0000000000000044 -26.919724720986 -3.3188424427171661 39.522122907235826  0.99999999999998113 -4.9905801574809727 -3.2802799718177678 44.84706721826376  1.0000000000000258 -20.38472854807792 -4.1494665667885906 59.565263456901896  0.99999999999998634 -10.859118217996533 -3.9416892178718399 68.333333333333343  1 
-21.797448146570503 -2.7565214079258076 15.500000000000002  1 -20.398043942586614 -3.492679327916099 26.05924244031176  1.0000000000000044 -26.939281787556595 -3.5570984113261979 39.522122907235826  0.99999999999998113 -4.7721056845509819 -3.2756430946328572 44.84706721826376  1.0000000000000258 -20.357931511340613 -4.4234024907747829 59.565263456901896  0.99999999999998634 -10.752085843310697 -4.1237733509246519 68.333333333333357  1 
-21.747607933432892 -2.883649682334783 15.499999999999998  1 -20.243550824031797 -3.5889887195042531 26.059242440311856  1.0000000000000044 -27.00133010236426 -3.8247933668381537 39.522122907235655  0.99999999999998113 -4.5165892013773625 -3.2395170729230554 44.847067218263852  1.0000000000000258 -20.33610982950276 -4.703295675562992 59.565263456901896  0.99999999999998634 -10.638045385741837 -4.2997602083267417 68.333333333333357  1 
-21.722309797711127 -2.9585800991231843 15.500000000000002  1 -20.14229768826133 -3.635944211038904 26.05924244031176  1.0000000000000044 -27.046323968405996 -3.9861686346246827 39.522122907235826  0.99999999999998113 -4.3616858475565801 -3.2108140996973757 44.84706721826376  1.0000000000000258 -20.32288189861357 -4.8650420680371322 59.565263456901896  0.99999999999998634 -10.56990780582319 -4.3989137507104754 68.333333333333343  1 
-21.71707220157618 -2.974378356778717 15.500000000000002  1 -20.120696438586265 -3.6456014228298828 26.05924244031176  1.0000000000000044 -27.056008759736159 -4.0202824457943889 39.522122907235826  0.99999999999998113 -4.3289268389539561 -3.2045815722017608 44.84706721826376  1.0000000000000258 -20.320073490619528 -4.8990640974543656 59.565263456901896  0.99999999999998634 -10.555514385496981 -4.4197062884232379 68.333333333333343  1 
-21.711094531086733 -2.9926340085462657 15.500000000000002  1 -20.095538778377243 -3.6565724213117985 26.05924244031176  1.0000000000000044 -27.067353795392354 -4.0597721200572723 39.522122907235826  0.99999999999998113 -4.2909952008571262 -3.1972393325350597 44.84706721826376  1.0000000000000258 -20.31681309417138 -4.9383158085688823 59.565263456901896  0.99999999999998634 -10.538860840517101 -4.4436454946635964 68.333333333333343  1 
-21.687907271863335 -3.0658581192610455 15.500000000000002  1 -19.992468126810554 -3.69850151129515 26.05924244031176  1.0000000000000044 -27.114492269964348 -4.2189496154327086 39.522122907235826  0.99999999999998113 -4.1380400596270945 -3.1662526962500634 44.84706721826376  1.0000000000000258 -20.303509301036936 -5.0950740615790968 59.565263456901896  0.99999999999998634 -10.471801597925941 -4.5387080464423546 68.333333333333343  1 
-21.649429108515235 -3.2018163603456542 15.500000000000002  1 -19.787425375081447 -3.7632121102449707 26.059242440311351  1.0000000000000044 -27.211578693527557 -4.5196751399214738 39.522122907237176  0.99999999999998113 -3.8493795965443312 -3.0991006433245025 44.847067218261955  1.0000000000000258 -20.276654938179419 -5.38189888766974 59.565263456902869  0.99999999999998634 -10.345290443515788 -4.7092324991455499 68.333333333333343  1 
-21.60735324535489 -3.3208444874421077 15.500000000000002  1 -19.599191845867658 -3.8188313610070233 26.05924244031176  1.0000000000000044 -27.284944647415621 -4.7898101010117369 39.522122907235826  0.99999999999998113 -3.5982676356988925 -3.037904351569352 44.84706721826376  1.0000000000000258 -20.236218729513585 -5.636635743739248 59.565263456901896  0.99999999999998634 -10.223293307664338 -4.8595235440339204 68.333333333333343  1 
-21.571389132580734 -3.3932824282551888 15.500000000000002  1 -19.486969617128832 -3.8612023213575108 26.05924244031176  1.0000000000000044 -27.313175504785203 -4.9562544536646902 39.522122907235826  0.99999999999998113 -3.4497052435144715 -3.0055930506304391 44.84706721826376  1.0000000000000258 -20.199065873018387 -5.7977025250735386 59.565263456901896  0.99999999999998634 -10.140975744185036 -4.9561052413502678 68.333333333333343  1 
-21.562871510574105 -3.4094391172878487 15.500000000000002  1 -19.462051358083766 -3.8710612198009651 26.05924244031176  1.0000000000000044 -27.318685715548099 -4.9934763796222486 39.522122907235826  0.99999999999998113 -3.4167736630523837 -2.9986226478695639 44.84706721826376  1.0000000000000258 -20.190178539064021 -5.8339164635594569 59.565263456901896  0.99999999999998634 -10.122228925832015 -4.9778922142245552 68.333333333333343  1 
-21.546804699330998 -3.4372857825767054 15.500000000000002  1 -19.419542463792368 -3.8892999435005868 26.05924244031176  1.0000000000000044 -27.32590469953125 -5.0577941369376802 39.522122907235826  0.99999999999998113 -3.3606570597791796 -2.9873780714785556 44.84706721826376  1.0000000000000258 -20.173210701561889 -5.8971258188659617 59.565263456901896  0.99999999999998634 -10.088875302298099 -5.0161533137947236 68.333333333333343  1 
-21.507929305626721 -3.498538383947229 15.500000000000005  1 -19.327256572844448 -3.9326803701722524 26.05924244031176  1.0000000000000044 -27.335915313452741 -5.1996030296801923 39.522122907235826  0.99999999999998113 -3.2389121142788393 -2.9646902851372654 44.84706721826376  1.0000000000000258 -20.131705334847528 -6.0381744272797819 59.565263456901896  0.99999999999998634 -10.012881116780596 -5.102145182205029 68.333333333333343  1 
-21.424061853682588 -3.5916738523238463 15.500000000000007  1 -19.197093407078025 -4.0228562002912822 26.059242440312161  1.0000000000000044 -27.309048099688454 -5.4161676765104136 39.522122907234639  0.99999999999998113 -3.0664922879547323 -2.9459002076848102 44.847067218265167  1.0000000000000258 -20.039735611011512 -6.2665601701786793 59.565263456901249  0.99999999999998634 -9.8794088152469488 -5.2460538293774643 68.333333333333343  1 
-21.326370449517789 -3.6669688259379805 15.500000000000007  1 -19.101434835397882 -4.1269341706079672 26.059242440312399  1.0000000000000044 -27.231659734996292 -5.5877279842726333 39.522122907233801  0.99999999999998113 -2.9461953439978332 -2.9561263349258344 44.847067218266304  1.0000000000000258 -19.924399217520342 -6.4646492889689995 59.56526345690061  0.99999999999998634 -9.7470921568899271 -5.3780083238103229 68.333333333333343  1 
-21.256874151988395 -3.7146392336325214 15.500000000000002  1 -19.041629594395538 -4.2019562677526991 26.05924244031176  1.0000000000000044 -27.165732015784094 -5.6927293196611375 39.522122907235826  0.99999999999998113 -2.8767556366918274 -2.9728232250811941 44.84706721826376  1.0000000000000258 -19.837404644519061 -6.5915728190628222 59.565263456901896  0.99999999999998634 -9.6553916490220573 -5.4653795748236318 68.333333333333343  1 
-21.232814338323639 -3.7305249107153315 15.500000000000002  1 -19.021724084693407 -4.2280707720370092 26.05924244031176  1.0000000000000044 -27.141696097692712 -5.7272037801649516 39.522122907235826  0.99999999999998113 -2.8544534669113699 -2.9797142637162368 44.84706721826376  1.0000000000000258 -19.806660624701152 -6.633983249280341 59.565263456901896  0.99999999999998634 -9.6238444306103865 -5.494940883652669 68.333333333333343  1 
-21.205508015519232 -3.7481334286059185 15.500000000000005  1 -18.999546003867732 -4.2578828441963248 26.05924244031176  1.0000000000000044 -27.113449239656688 -5.7648713834488969 39.522122907235826  0.99999999999998113 -2.8304173744456156 -2.9885370333819194 44.84706721826376  1.0000000000000258 -19.771125869316915 -6.6809463753891469 59.565263456901896  0.99999999999998634 -9.5880670205234324 -5.5280133528431321 68.333333333333343  1 
-21.137409143539848 -3.7912897248680677 15.500000000000005  1 -18.944896359419552 -4.3325930739100684 26.05924244031176  1.0000000000000044 -27.041172537069656 -5.8560692325965027 39.522122907235826  0.99999999999998113 -2.7728277469590918 -3.0125003430373418 44.84706721826376  1.0000000000000258 -19.681212114521614 -6.7958793964585169 59.565263456901896  0.99999999999998634 -9.4988200049001286 -5.6096259036214509 68.333333333333343  1 
-21.030409032476744 -3.855025196888004 15.500000000000002  1 -18.860507230878873 -4.4531419340489906 26.059242440312399  1.0000000000000044 -26.915546538942774 -5.9818062678781345 39.522122907233801  0.99999999999998113 -2.6963920385908815 -3.0645263700736596 44.847067218266304  1.0000000000000258 -19.529615279790335 -6.962720917215476 59.56526345690061  0.99999999999998634 -9.3567479503251221 -5.7330399005256556 68.333333333333343  1 
-20.928434027937627 -3.9239822726603468 15.500000000000002  1 -18.762658103165496 -4.5655359314147219 26.059242440311856  1.0000000000000044 -26.784757857059809 -6.10204755520662 39.522122907235655  0.99999999999998113 -2.6265192197437344 -3.1270771494818006 44.847067218263852  1.0000000000000258 -19.364020253485339 -7.1180345624736132 59.565263456901896  0.99999999999998634 -9.2084386237169991 -5.8524574073845663 68.333333333333343  1 
-20.868589765876674 -3.9713737167566094 15.500000000000002  1 -18.693295850778327 -4.6286148449694577 26.059242440311856  1.0000000000000044 -26.705647896197938 -6.1798353913608368 39.522122907235655  0.99999999999998113 -2.5817182980784787 -3.1663885496800623 44.847067218263852  1.0000000000000258 -19.257258591628936 -7.2122485083488925 59.565263456901896  0.99999999999998634 -9.1137229159470863 -5.925579012760064 68.333333333333343  1 
-20.844137384477552 -3.9925486364492357 15.500000000000002  1 -18.6618460898381 -4.6535516433362591 26.059242440311856  1.0000000000000044 -26.67297731407692 -6.2137880921138269 39.522122907235655  0.99999999999998113 -2.5621804348999762 -3.1828304401171814 44.847067218263852  1.0000000000000258 -19.211374546233007 -7.2517429808574336 59.565263456901896  0.99999999999998634 -9.0730961186693921 -5.9562912096218392 68.333333333333343  1 
-20.824426031828381 -4.0108217723744044 15.500000000000002  1 -18.634436116100499 -4.6730466047574728 26.059242440311856  1.0000000000000044 -26.646572432616612 -6.2427662854950272 39.522122907235655  0.99999999999998113 -2.5454684714666675 -3.1961566033020281 44.847067218263852  1.0000000000000258 -19.173029825002299 -7.2843605923721357 59.565263456901896  0.99999999999998634 -9.0391155890859718 -5.9816277537277696 68.333333333333343  1 
-20.763461451334909 -4.0694991530728188 15.500000000000002  1 -18.545968290816944 -4.7322398560855072 26.059242440311856  1.0000000000000044 -26.564822897495013 -6.3353214165054581 39.522122907235655  0.99999999999998113 -2.4920170266943482 -3.237457040847413 44.847067218263852  1.0000000000000258 -19.052035145265361 -7.3866731300099522 59.565263456901896  0.99999999999998634 -8.9318211637325824 -6.0610358608670456 68.333333333333343  1 
-20.690089250801705 -4.1662823278335805 15.500000000000002  1 -18.394846592877556 -4.7897678854681809 26.059242440311412  1.0000000000000044 -26.466626657267561 -6.4834121267240397 39.522122907237126  0.99999999999998113 -2.4052665954604788 -3.2868474232910496 44.847067218261955  1.0000000000000258 -18.878446703170347 -7.5280035853998797 59.565263456902869  0.99999999999998634 -8.7764479213178728 -6.1694394633341361 68.333333333333343  1 
-20.615849721928502 -4.2733320422086436 15.500000000000002  1 -18.229127649024527 -4.8392172883211755 26.059242440311412  1.0000000000000044 -26.354264530180131 -6.6297536895920075 39.522122907237126  0.99999999999998113 -2.3243505834685902 -3.3519614734094367 44.847067218261955  1.0000000000000258 -18.683067878894267 -7.6597762339219679 59.565263456902869  0.99999999999998634 -8.6088489611313879 -6.2771895809422018 68.333333333333343  1 
-20.574571888010915 -4.3304027322003202 15.500000000000005  1 -18.142144607188829 -4.8665399819714583 26.059242440311412  1.0000000000000044 -26.287135333040801 -6.7019376746410497 39.522122907237126  0.99999999999998113 -2.2866252182416411 -3.3934789279809729 44.847067218261955  1.0000000000000258 -18.573522833977083 -7.725125534403432 59.565263456902869  0.99999999999998634 -8.5176739873691538 -6.3335924885288231 68.333333333333343  1 
-20.554600625582204 -4.356924935585587 15.500000000000005  1 -18.1022089727219 -4.8799281926982818 26.059242440311412  1.0000000000000044 -26.253323299960535 -6.7337059966781894 39.522122907237126  0.99999999999998113 -2.2707742151812531 -3.4150676380289702 44.847067218261955  1.0000000000000258 -18.52068790433604 -7.7542355329126433 59.565263456902869  0.99999999999998634 -8.4745288970026245 -6.3596971101246282 68.333333333333343  1 
-20.537300795957542 -4.3790875672838778 15.500000000000005  1 -18.069165093215354 -4.8917364343535601 26.059242440311412  1.0000000000000044 -26.223297374518513 -6.7591969665563818 39.522122907237126  0.99999999999998113 -2.2585435815250938 -3.4345876546511418 44.847067218261955  1.0000000000000258 -18.475242422052947 -7.777935953870962 59.565263456902869  0.99999999999998634 -8.4379010059296053 -6.3815587599103196 68.333333333333343  1 
-20.47548350116648 -4.4564873124524151 15.500000000000005  1 -17.954503247771058 -4.9344143014790349 26.059242440311706  1.0000000000000044 -26.114432282335859 -6.8458707781558932 39.522122907236167  0.99999999999998113 -2.218093575335744 -3.5060852187598255 44.847067218263192  1.0000000000000258 -18.31360577783229 -7.8593491476808763 59.565263456902215  0.99999999999998634 -8.3086723339017183 -6.4580445563009832 68.333333333333343  1 
-20.382007257794566 -4.5506444386619549 15.500000000000002  1 -17.824220475057032 -5.0058436358667784 26.059242440311849  1.0000000000000044 -25.93196716327202 -6.9234465418049309 39.522122907235634  0.99999999999998113 -2.1959167349684421 -3.6338639525465632 44.847067218263852  1.0000000000000258 -18.080528168290417 -7.9437438563061757 59.565263456901896  0.99999999999998634 -8.1345689980006597 -6.5540077642481744 68.333333333333343  1 
-20.273562840825861 -4.6259283640714317 15.500000000000002  1 -17.714100048441971 -5.116879276941483 26.059242440311849  1.0000000000000044 -25.70528267068299 -6.931759449800281 39.522122907235634  0.99999999999998113 -2.2049166580365407 -3.8237749203114286 44.847067218263852  1.0000000000000258 -17.822953921385547 -7.9926660106932337 59.565263456901896  0.99999999999998634 -7.9535499535346244 -6.6450541842640973 68.333333333333343  1 
-20.222469324012568 -4.6556968929789013 15.500000000000002  1 -17.667934389969616 -5.1748239527525248 26.059242440311849  1.0000000000000044 -25.596555897876708 -6.9219103757554681 39.522122907235634  0.99999999999998113 -2.2137931025713802 -3.9207623777434009 44.847067218263852  1.0000000000000258 -17.703556327602719 -8.0079864644495728 59.565263456901896  0.99999999999998634 -7.8712398259006617 -6.6850004253503714 68.333333333333343  1 
-20.197892197144938 -4.6685173478388107 15.500000000000002  1 -17.647145589743275 -5.2042665153676095 26.059242440312282  1.0000000000000044 -25.543782272377261 -6.9135236200572781 39.522122907234191  0.99999999999998113 -2.2191981156841281 -3.969454235530363 44.847067218265735  1.0000000000000258 -17.646616558190889 -8.0133548933577359 59.565263456900929  0.99999999999998634 -7.8323852295057446 -6.7034769360412989 68.333333333333343  1 
-20.175638809328198 -4.6792521664194338 15.500000000000002  1 -17.629092575826984 -5.2318992273288725 26.05924244031176  1.0000000000000044 -25.495743639881244 -6.9037832944764128 39.522122907235826  0.99999999999998113 -2.2246985974713902 -4.0147728319814098 44.84706721826376  1.0000000000000258 -17.595333586155292 -8.0170696032139084 59.565263456901896  0.99999999999998634 -7.7976054295416004 -6.7198008976376213 68.333333333333343  1 
-20.077139664254975 -4.7241960601768858 15.500000000000002  1 -17.551425223734494 -5.3571038086744087 26.05924244031176  1.0000000000000044 -25.282373768445201 -6.8543428819690932 39.522122907235826  0.99999999999998113 -2.2508029726393071 -4.2190061078178811 44.84706721826376  1.0000000000000258 -17.369139810831278 -8.0301482402468309 59.565263456901896  0.99999999999998634 -7.6448278388427466 -6.7908729421877956 68.333333333333343  1 
-19.941930449171636 -4.7537855114898315 15.500000000000002  1 -17.471574179769608 -5.566371204236912 26.059242440312158  1.0000000000000044 -24.980746037438163 -6.7070990696217283 39.522122907234618  0.99999999999998113 -2.3073719169632674 -4.5456549913556357 44.847067218265167  1.0000000000000258 -17.068322399232912 -8.0065902059995828 59.565263456901249  0.99999999999998634 -7.4490547655321215 -6.8742036597681473 68.333333333333343  1 
-19.806715079581409 -4.7828060901516292 15.500000000000002  1 -17.389405813165048 -5.7731220013344586 26.05924244031176  1.0000000000000044 -24.674753383339848 -6.5359613036279365 39.522122907235826  0.99999999999998113 -2.3636462767202819 -4.8904672846567117 44.84706721826376  1.0000000000000258 -16.763674578422588 -7.9613719888521057 59.565263456901896  0.99999999999998634 -7.2511742360345961 -6.9495431203458393 68.333333333333343  1 
-19.759105142394812 -4.7941446741418225 15.500000000000002  1 -17.359144486394925 -5.844146754777392 26.05924244031176  1.0000000000000044 -24.566692552268634 -6.4752915530475663 39.522122907235826  0.99999999999998113 -2.3826802304130075 -5.012668545312601 44.84706721826376  1.0000000000000258 -16.655475944636766 -7.943938029176298 59.565263456901896  0.99999999999998634 -7.1806762110461504 -6.9754555139777237 68.333333333333343  1 
-19.73871181664105 -4.7992813027911545 15.500000000000002  1 -17.345860475102757 -5.8741351409687139 26.05924244031176  1.0000000000000044 -24.520359152581893 -6.4493464296703156 39.522122907235826  0.99999999999998113 -2.3906342256792237 -5.0650971640656763 44.84706721826376  1.0000000000000258 -16.608923772324989 -7.9362185318442471 59.565263456901896  0.99999999999998634 -7.1502867827450789 -6.986445807078864 68.333333333333343  1 
-19.717572788168415 -4.8048754961996263 15.500000000000002  1 -17.331787943580355 -5.9048073849078726 26.05924244031176  1.0000000000000044 -24.472310941751008 -6.4225982776102271 39.522122907235826  0.99999999999998113 -2.3986842049829313 -5.1194428731380555 44.84706721826376  1.0000000000000258 -16.560489765233704 -7.9280651029150917 59.565263456901896  0.99999999999998634 -7.1186105861192672 -6.9977652254798395 68.333333333333343  1 
-19.60094251320491 -4.8372455900718982 15.500000000000005  1 -17.252466039551951 -6.0717401661064834 26.059242440311973  1.0000000000000044 -24.20713501912277 -6.2759827462405431 39.522122907235222  0.99999999999998113 -2.4420052395183247 -5.4191675184802133 44.847067218264442  1.0000000000000258 -16.292290143462065 -7.8823623392879494 59.565263456901569  0.99999999999998634 -6.9428775504083928 -7.0598571407152999 68.333333333333343  1 
-19.465447631502176 -4.8958854418741549 15.500000000000002  1 -17.137145652548607 -6.2338387905897887 26.059242440311412  1.0000000000000044 -23.899002938858949 -6.1235703564055477 39.522122907237126  0.99999999999998113 -2.4768939713143463 -5.7622089506951761 44.847067218261955  1.0000000000000258 -15.967903201346472 -7.823128056534034 59.565263456902869  0.99999999999998634 -6.7256261582889705 -7.1283074974266469 68.333333333333343  1 
-19.339323098734507 -4.9685340228033494 15.500000000000002  1 -17.002509634287879 -6.351667696424129 26.059242440311973  1.0000000000000044 -23.621587936150704 -6.0013687054536771 39.522122907235222  0.99999999999998113 -2.4825101062070858 -6.0678526999177489 44.847067218264442  1.0000000000000258 -15.659128967617372 -7.7640328983767928 59.565263456901569  0.99999999999998634 -6.5106089963626497 -7.1869522680062836 68.333333333333357  1 
-19.305471443929093 -4.9892153817085232 15.500000000000005  1 -16.96439236131004 -6.3809760104880091 26.059242440311351  1.0000000000000044 -23.547968289415895 -5.9699556916106866 39.522122907237176  0.99999999999998113 -2.4819517123516168 -6.1487727637312979 44.847067218261955  1.0000000000000258 -15.575887687014294 -7.7479307018112511 59.565263456902869  0.99999999999998634 -6.4520190122266152 -7.2023081276114542 68.333333333333357  1 
-19.293109678188763 -4.996878022907735 15.500000000000005  1 -16.950284183054155 -6.3914576533702743 26.059242440311351  1.0000000000000044 -23.521166857006691 -5.9586185210030091 39.522122907237176  0.99999999999998113 -2.4815489231593859 -6.1782119266698992 44.847067218261955  1.0000000000000258 -15.545457448766722 -7.7420294622124821 59.565263456902869  0.99999999999998634 -6.4305405022890518 -7.2078787778469469 68.333333333333357  1 
-19.282914430665311 -5.0032821866726787 15.500000000000002  1 -16.938502250173471 -6.3999307482804815 26.059242440311412  1.0000000000000044 -23.499127983556026 -5.9493732278251379 39.522122907237126  0.99999999999998113 -2.4810615022785849 -6.2024035082629414 44.847067218261955  1.0000000000000258 -15.52033618854658 -7.7371469284774355 59.565263456902869  0.99999999999998634 -6.4127623832768732 -7.212444368468522 68.333333333333357  1 
-19.170530066783165 -5.074769676128037 15.500000000000002  1 -16.807049893906747 -6.4914783255429942 26.059242440312286  1.0000000000000044 -23.256914845382656 -5.8486141810875472 39.522122907234213  0.99999999999998113 -2.4739986086991035 -6.468080196291063 44.847067218265735  1.0000000000000258 -15.24317619934793 -7.6831753688552595 59.565263456900929  0.99999999999998634 -6.2161076743697032 -7.2624600574482923 68.333333333333343  1 
-19.043030280324817 -5.1715726252733019 15.500000000000002  1 -16.629831733095536 -6.5623002321186856 26.059242440312229  1.0000000000000044 -22.995289406111848 -5.7551119818686578 39.522122907234262  0.99999999999998113 -2.4357191787552868 -6.7513159106897271 44.847067218265735  1.0000000000000258 -14.924606463689976 -7.6194942150384328 59.565263456900929  0.99999999999998634 -5.9809198855192491 -7.3136311463113808 68.333333333333343  1 
-18.905204727367842 -5.2381309767647402 15.500000000000002  1 -16.459253947184258 -6.6606660405991782 26.059242440312328  1.0000000000000044 -22.732282716538275 -5.6154176868803711 39.522122907234071  0.99999999999998113 -2.3860388075809138 -7.0459572842251985 44.847067218265828  1.0000000000000258 -14.611145517157821 -7.5382063588002426 59.565263456900929  0.99999999999998634 -5.7449694653217165 -7.3552935191861897 68.333333333333343  1 
-18.87180467265647 -5.2518733785141389 15.500000000000002  1 -16.419535097051295 -6.6862305398534616 26.059242440312016  1.0000000000000044 -22.669423748522913 -5.5790824070887197 39.522122907235115  0.99999999999998113 -2.374062762995429 -7.116961260420327 44.847067218264513  1.0000000000000258 -14.536950187315909 -7.5178526333572471 59.565263456901569  0.99999999999998634 -5.6890048405089884 -7.3647029696921074 68.333333333333343  1 
-18.862037699113383 -5.2557362055111705 15.500000000000002  1 -16.408027803964124 -6.6938210044748914 26.059242440312016  1.0000000000000044 -22.651097082765023 -5.5682939470877324 39.522122907235115  0.99999999999998113 -2.3705680439954846 -7.1377006783118357 44.847067218264513  1.0000000000000258 -14.515368003587808 -7.5118581971283938 59.565263456901569  0.99999999999998634 -5.6727190032536514 -7.3674104133184937 68.333333333333343  1 
-18.851934267743076 -5.2595466210601618 15.500000000000002  1 -16.396255649809678 -6.7018137057946499 26.059242440311735  1.0000000000000044 -22.632199575095775 -5.5569374759132142 39.522122907236046  0.99999999999998113 -2.3669680359809311 -7.1591301751382126 44.847067218263284  1.0000000000000258 -14.493176403928139 -7.5056071348714761 59.565263456902215  0.99999999999998634 -5.6559674394700332 -7.370160023451664 68.333333333333343  1 
-18.724615466103081 -5.3056748034824937 15.500000000000002  1 -16.249274276705172 -6.8039970823939733 26.059242440312016  1.0000000000000044 -22.394643328370286 -5.4118134224753378 39.522122907235115  0.99999999999998113 -2.321802031626202 -7.428955931462748 44.847067218264513  1.0000000000000258 -14.214878634465222 -7.426327245137605 59.565263456901569  0.99999999999998634 -5.445846473336581 -7.4042992084750283 68.333333333333343  1 
-18.559122823500164 -5.3181256045016001 15.500000000000002  1 -16.093106477832439 -6.9742094017835239 26.059242440311849  1.0000000000000044 -22.099786279832788 -5.1721936218854125 39.522122907235634  0.99999999999998113 -2.269047315320623 -7.774758431719996 44.847067218263852  1.0000000000000258 -13.886802838996786 -7.3106096815808987 59.565263456901896  0.99999999999998634 -5.197317424871752 -7.4360508987074425 68.333333333333343  1 
-18.395738920523407 -5.30830256162848 15.500000000000002  1 -15.92893451197204 -7.1369706748406703 26.059242440312346  1.0000000000000044 -21.828402946672472 -4.944841529403929 39.522122907234092  0.99999999999998113 -2.1925043154944217 -8.0664685025910075 44.847067218265735  1.0000000000000258 -13.574509913686986 -7.2076876454394734 59.565263456900929  0.99999999999998634 -4.9520125151630996 -7.4580547857652526 68.333333333333343  1 
-18.358743879164919 -5.305412988385684 15.500000000000002  1 -15.890958402171245 -7.1732890259866151 26.059242440312346  1.0000000000000044 -21.767795379891744 -4.8940056944645596 39.522122907234092  0.99999999999998113 -2.1739236560417674 -8.1305848473206783 44.847067218265735  1.0000000000000258 -13.504063576987727 -7.1848057715949087 59.565263456900929  0.99999999999998634 -4.8962513616254855 -7.462689545818062 68.333333333333343  1 
-18.346576220081943 -5.3043966169364021 15.500000000000002  1 -15.878387836825793 -7.1851804645971642 26.059242440312534  1.0000000000000044 -21.747945344382941 -4.8773502891330356 39.522122907233481  0.99999999999998113 -2.1676879855500624 -8.151479942309992 44.847067218266467  1.0000000000000258 -13.480920078969348 -7.1773220654458676 59.56526345690061  0.99999999999998634 -4.8778897622336403 -7.4641793584362706 68.333333333333329  1 
-18.33224941071256 -5.3031024330670613 15.500000000000002  1 -15.863436594285817 -7.1990858081212838 26.059242440312346  1.0000000000000044 -21.724711127996141 -4.857852926036041 39.522122907234092  0.99999999999998113 -2.1601309109287361 -8.1757720886093477 44.847067218265735  1.0000000000000258 -13.453702680245232 -7.1685774498115729 59.565263456900929  0.99999999999998634 -4.8562239328557979 -7.465878296917893 68.333333333333343  1 
-18.172162333887709 -5.2881198237203808 15.500000000000002  1 -15.69553653165943 -7.3538699763241917 26.059242440312534  1.0000000000000044 -21.465863237054194 -4.6406905556844427 39.522122907233481  0.99999999999998113 -2.0744912919053276 -8.4454185780238511 44.847067218266467  1.0000000000000258 -13.149761128292154 -7.0712567565907003 59.56526345690061  0.99999999999998634 -4.6138753658517029 -7.4845496851595978 68.333333333333343  1 
-17.994512841703717 -5.2565985715074683 15.500000000000002  1 -15.484636890094601 -7.5069574318014043 26.059242440311849  1.0000000000000044 -21.201268770791522 -4.4217946659022287 39.522122907235634  0.99999999999998113 -1.9442567006303262 -8.6904537251771323 44.847067218263852  1.0000000000000258 -12.817885182794855 -6.9753169744559242 59.565263456901896  0.99999999999998634 -4.3374269438642177 -7.4959763007711677 68.333333333333343  1 
-17.820408402388193 -5.2530834193367655 15.500000000000002  1 -15.270220784401705 -7.563286735913004 26.05924244031176  1.0000000000000044 -20.948916243574669 -4.3212400869630541 39.522122907235826  0.99999999999998113 -1.806598995022024 -8.8100028226611027 44.84706721826376  1.0000000000000258 -12.493829513676589 -6.9224764960706855 59.565263456901896  0.99999999999998634 -4.0641689268538013 -7.4992172757631854 68.333333333333343  1 
-17.79233337760833 -5.2533270507259688 15.500000000000002  1 -15.235543020601376 -7.5698563608243088 26.05924244031176  1.0000000000000044 -20.908323536267897 -4.3082599743005181 39.522122907235826  0.99999999999998113 -1.7842645527606857 -8.8258284484247191 44.84706721826376  1.0000000000000258 -12.441594341368994 -6.9152426464607926 59.565263456901896  0.99999999999998634 -4.0200755215978212 -7.4995654432423233 68.333333333333343  1 
-17.775578822542986 -5.2535364240994795 15.500000000000002  1 -15.214840081128198 -7.5735785401859523 26.05924244031176  1.0000000000000044 -20.884106561247851 -4.3007692183061987 39.522122907235826  0.99999999999998113 -1.7709251457023765 -8.8350001992333738 44.84706721826376  1.0000000000000258 -12.410423123620159 -6.9110273462226468 59.565263456901896  0.99999999999998634 -3.9937592449362658 -7.499759483228214 68.333333333333343  1 
-17.749879123878419 -5.2543628673020741 15.500000000000002  1 -15.183027594132692 -7.5777271985509742 26.05924244031176  1.0000000000000044 -20.847016881913532 -4.2912898174765033 39.522122907235826  0.99999999999998113 -1.7503882418638117 -8.8469268699769046 44.84706721826376  1.0000000000000258 -12.362621638135909 -6.9053660361811486 59.565263456901896  0.99999999999998634 -3.9533770191814708 -7.4999522521898889 68.333333333333343  1 
-17.588516397979955 -5.2634151307395607 15.500000000000002  1 -14.983061453538346 -7.5910332502090618 26.059242440312399  1.0000000000000044 -20.614459277816195 -4.2483565283364602 39.522122907233801  0.99999999999998113 -1.6210959492561325 -8.9036128594441148 44.847067218266304  1.0000000000000258 -12.062596775289736 -6.8767934850005759 59.56526345690061  0.99999999999998634 -3.6997905534257347 -7.5002947121439059 68.333333333333343  1 
-17.418659435933151 -5.2972699520533384 15.500000000000002  1 -14.772266303677366 -7.5206741812331925 26.059242440312399  1.0000000000000044 -20.371084228208854 -4.3133330257968074 39.522122907233801  0.99999999999998113 -1.4840507815217368 -8.8405342572830641 44.847067218266304  1.0000000000000258 -11.747572576300731 -6.8932937274427086 59.56526345690061  0.99999999999998634 -3.4330848172882433 -7.4948418961991798 68.333333333333343  1 
-17.253169585485121 -5.3195679223809025 15.499999999999998  1 -14.585715472463592 -7.4187113617421243 26.059242440312399  1.0000000000000044 -20.12326523177272 -4.4269953207855863 39.522122907233801  0.99999999999998113 -1.371858689618674 -8.6912601892232004 44.847067218266304  1.0000000000000258 -11.442015420246932 -6.9390268421824599 59.56526345690061  0.99999999999998634 -3.1808340865296465 -7.4812362821083207 68.333333333333343  1 
-17.22894155546339 -5.3225129528951287 15.499999999999998  1 -14.558834074559124 -7.4033180260313953 26.05924244031176  1.0000000000000044 -20.086716312730669 -4.4443486135537773 39.522122907235826  0.99999999999998113 -1.355956032754041 -8.6679399030522699 44.84706721826376  1.0000000000000258 -11.397288970844189 -6.946178635489324 59.565263456901896  0.99999999999998634 -3.144074563435634 -7.4790763131408156 68.333333333333343  1 
-17.205083705835865 -5.3253895977057741 15.499999999999998  1 -14.532394828528997 -7.3881261247683661 26.05924244031176  1.0000000000000044 -20.050706217847967 -4.4614884482258068 39.522122907235826  0.99999999999998113 -1.3403345716181641 -8.6448692768431616 44.84706721826376  1.0000000000000258 -11.353246431245591 -6.9532543056193914 59.565263456901896  0.99999999999998634 -3.1078891393704624 -7.4769370840157086 68.333333333333343  1 
-17.16479708151282 -5.3296901495885818 15.499999999999998  1 -14.48846733766821 -7.361702759081016 26.05924244031176  1.0000000000000044 -19.98943810770793 -4.4916085667743175 39.522122907235826  0.99999999999998113 -1.3148430774075757 -8.6034437014703098 44.84706721826376  1.0000000000000258 -11.278875751474805 -6.9659637993914139 59.565263456901896  0.99999999999998634 -3.0470667908605749 -7.4730366230399392 68.333333333333343  1 
-17.013290466003834 -5.3414759568354278 15.500000000000002  1 -14.32604558463126 -7.2592308587379417 26.05924244031176  1.0000000000000044 -19.756123743063856 -4.6099643177035166 39.522122907235826  0.99999999999998113 -1.2236118947516943 -8.434046151226811 44.84706721826376  1.0000000000000258 -10.998098597672266 -7.0175353892196641 59.565263456901896  0.99999999999998634 -2.8190755620299406 -7.4564606568576153 68.333333333333343  1 
-16.866065934587851 -5.3364042173337207 15.499999999999998  1 -14.173275948982175 -7.153458006210859 26.05924244031176  1.0000000000000044 -19.519902310743969 -4.7365806723569861 39.522122907235826  0.99999999999998113 -1.147873521141811 -8.2284243906394199 44.84706721826376  1.0000000000000258 -10.719278289676598 -7.0784805149427967 59.565263456901896  0.99999999999998634 -2.5975885146235207 -7.4338464258460712 68.333333333333343  1 
-16.742920029495238 -5.3010392175932965 15.499999999999996  1 -14.026432416524694 -7.0824064901893538 26.059242440311856  1.0000000000000044 -19.31194998485919 -4.8241903880922692 39.522122907235655  0.99999999999998113 -1.0848852315380964 -8.0339893406167633 44.847067218263852  1.0000000000000258 -10.464697465133559 -7.1310621397201297 59.565263456901896  0.99999999999998634 -2.3980838498843711 -7.4071452067808803 68.333333333333343  1 
-16.722597461900477 -5.2942260293591579 15.499999999999996  1 -14.001538570390352 -7.0712951919235323 26.059242440311856  1.0000000000000044 -19.277331001138947 -4.8379623427526672 39.522122907235655  0.99999999999998113 -1.074436188106459 -8.0013607739657662 44.847067218263852  1.0000000000000258 -10.42200049397152 -7.1397250816426512 59.565263456901896  0.99999999999998634 -2.3646825641074805 -7.402503787665994 68.333333333333343  1 
-16.694832104277062 -5.2846580498448503 15.499999999999996  1 -13.967355149818824 -7.0562726937838578 26.059242440311856  1.0000000000000044 -19.229949310367836 -4.8566014283708503 39.522122907235655  0.99999999999998113 -1.0601511974508691 -7.956631306279391 44.847067218263852  1.0000000000000258 -10.363482843071944 -7.1515587310471984 59.565263456901896  0.99999999999998634 -2.3189221095360328 -7.3960991856781089 68.333333333333343  1 
-16.649687416790609 -5.2661472302898478 15.499999999999996  1 -13.909824775907367 -7.0336233409613724 26.059242440311856  1.0000000000000044 -19.151933077704928 -4.8849176158292726 39.522122907235655  0.99999999999998113 -1.0368491713960331 -7.8821476464230003 44.847067218263852  1.0000000000000258 -10.266236862624218 -7.1707835204389037 59.565263456901896  0.99999999999998634 -2.2430809486073602 -7.3849584490458504 68.333333333333343  1 
-16.521121558675762 -5.2012441894957799 15.499999999999998  1 -13.739220591667113 -6.974300866709954 26.05924244031176  1.0000000000000044 -18.923956625279018 -4.959384905767811 39.522122907235826  0.99999999999998113 -0.97277117414682812 -7.6593424091174729 44.84706721826376  1.0000000000000258 -9.9797123717337843 -7.2261403417994385 59.565263456901896  0.99999999999998634 -2.0213628852538137 -7.3496465915910454 68.333333333333343  1 
-16.408371512919668 -5.1222027241876837 15.499999999999998  1 -13.580514407743651 -6.9263114587895043 26.05924244031176  1.0000000000000044 -18.709110966073716 -5.0185915886569799 39.522122907235826  0.99999999999998113 -0.92715046454037053 -7.4359066227905801 44.84706721826376  1.0000000000000258 -9.7088051094859775 -7.2775345739261299 59.565263456901896  0.99999999999998634 -1.817007700586365 -7.3107137894573517 68.333333333333343  1 
-16.309930414272028 -5.0593427161020266 15.500000000000002  1 -13.459120590703273 -6.8586724971491027 26.059242440311856  1.0000000000000044 -18.505526032336846 -5.0953995733810586 39.522122907235655  0.99999999999998113 -0.91390078949073694 -7.2089948208372689 44.847067218263852  1.0000000000000258 -9.4674309491228676 -7.3296081090759246 59.565263456901896  0.99999999999998634 -1.6436558978478766 -7.272259836629833 68.333333333333343  1 
-16.292553207605661 -5.0485195111695678 15.500000000000002  1 -13.438258050756716 -6.8459179573725182 26.05924244031176  1.0000000000000044 -18.469152919128124 -5.1097555493673914 39.522122907235826  0.99999999999998113 -0.91233680009390516 -7.1680639967600959 44.84706721826376  1.0000000000000258 -9.4247513527011151 -7.3390076746390305 59.565263456901896  0.99999999999998634 -1.6132495283721675 -7.2653622889416969 68.333333333333343  1 
-16.265188363569699 -5.0315960470154488 15.500000000000002  1 -13.405652703866487 -6.8254779438995508 26.059242440311653  1.0000000000000044 -18.411684886444736 -5.1327078741393066 39.522122907236238  0.99999999999998113 -0.91021178941090009 -7.103230675623009 44.847067218263192  1.0000000000000258 -9.3575115123268908 -7.3538979620384337 59.565263456902215  0.99999999999998634 -1.5654524371716858 -7.2544526699917489 68.333333333333329  1 
-16.215941208223164 -5.0024207840811696 15.500000000000002  1 -13.349595626072611 -6.784963923607978 26.059242440311653  1.0000000000000044 -18.306276457910364 -5.1776257319832659 39.522122907236238  0.99999999999998113 -0.90994348595528063 -6.9826221958798396 44.847067218263192  1.0000000000000258 -9.2361998880115976 -7.3816053090714435 59.565263456902215  0.99999999999998634 -1.4803415195704277 -7.2343183730534628 68.333333333333329  1 
-16.086365667213318 -4.9324639923222975 15.500000000000002  1 -13.214915575472851 -6.6603777294426481 26.059242440312286  1.0000000000000044 -18.020146851664638 -5.3126356941113615 39.522122907234213  0.99999999999998113 -0.92585479222960387 -6.6480327861162349 44.847067218265735  1.0000000000000258 -8.9163027749078996 -7.4581096516304664 59.565263456900929  0.99999999999998634 -1.2611063935590465 -7.1790090147454713 68.333333333333329  1 
-15.971875284941719 -4.8845300689586866 15.500000000000002  1 -13.120128293405132 -6.5167271008615817 26.059242440312286  1.0000000000000044 -17.752457139091856 -5.4622687608974916 39.522122907234213  0.99999999999998113 -0.96985013940350495 -6.3232547479598846 44.847067218265735  1.0000000000000258 -8.633794929250131 -7.5311552692069972 59.565263456900929  0.99999999999998634 -1.0767810765118979 -7.1259415632798762 68.333333333333343  1 
-15.873027015458963 -4.8550461692412208 15.500000000000002  1 -13.055166440937137 -6.3702460317636147 26.059242440312286  1.0000000000000044 -17.514773464536759 -5.6093896883879522 39.522122907234213  0.99999999999998113 -1.0255011423762554 -6.030190158524908 44.847067218265735  1.0000000000000258 -8.3932229662373139 -7.5949597285609656 59.565263456900929  0.99999999999998634 -0.92531601874741853 -7.0777381046573309 68.333333333333343  1 
-15.852707395974397 -4.8492473749211884 15.500000000000002  1 -13.042180667949923 -6.3396456886988242 26.059242440312286  1.0000000000000044 -17.465776084815985 -5.6400205532934811 39.522122907234213  0.99999999999998113 -1.0373211786555878 -5.9696781138017663 44.847067218265735  1.0000000000000258 -8.3438473764534695 -7.6080886910410985 59.565263456900929  0.99999999999998634 -0.8943490088240118 -7.0677776993286248 68.333333333333343  1 
-15.816234555484021 -4.8394792777640268 15.500000000000002  1 -13.019799832429253 -6.2834897090989541 26.059242440312286  1.0000000000000044 -17.377467502933474 -5.6959094535552461 39.522122907234213  0.99999999999998113 -1.0595220013843303 -5.8604098330123957 44.847067218265735  1.0000000000000258 -8.2553973840979964 -7.6316365707677916 59.565263456900929  0.99999999999998634 -0.83918492364800612 -7.0497439017339492 68.333333333333343  1 
-15.754376796192604 -4.8245350749644427 15.500000000000002  1 -12.984366581421163 -6.1849255702039398 26.059242440312286  1.0000000000000044 -17.226639105083187 -5.7927666149505743 39.522122907234213  0.99999999999998113 -1.100009023608157 -5.673450893671629 44.847067218265735  1.0000000000000258 -8.1057592726889354 -7.6712352962187591 59.565263456900929  0.99999999999998634 -0.7467396802302525 -7.0185885490649937 68.333333333333343  1 
-15.613600994216922 -4.7934754678629856 15.500000000000002  1 -12.91023440708911 -5.9520864350216893 26.059242440311973  1.0000000000000044 -16.879690403329384 -6.0154550713515134 39.522122907235222  0.99999999999998113 -1.2009252609045893 -5.2444712453982243 44.847067218264442  1.0000000000000258 -7.7650213398991603 -7.7581629317533096 59.565263456901569  0.99999999999998634 -0.53884145576104658 -6.9449345629567905 68.333333333333343  1 
-15.491649506387958 -4.7629304630620677 15.499999999999998  1 -12.850103213799308 -5.7451881315600293 26.05924244031176  1.0000000000000044 -16.572499742159636 -6.1961417029351162 39.522122907235826  0.99999999999998113 -1.3004107660431323 -4.8737622233186091 44.84706721826376  1.0000000000000258 -7.4645972036639625 -7.8212852316352661 59.565263456901896  0.99999999999998634 -0.35861378927827448 -6.8736853617729743 68.333333333333343  1 
-15.406644553438634 -4.7235963958844263 15.499999999999998  1 -12.796002314479344 -5.6173189042138123 26.059242440312399  1.0000000000000044 -16.355456174921862 -6.2867462224802093 39.522122907233801  0.99999999999998113 -1.3682575874474328 -4.6290222737789604 44.847067218266304  1.0000000000000258 -7.2438393226647282 -7.8480296994898531 59.56526345690061  0.99999999999998634 -0.22449161767350975 -6.8161901051960578 68.333333333333343  1 
-15.3840002741281 -4.7128713597254563 15.499999999999998  1 -12.781420564305026 -5.5834756443582005 26.059242440312399  1.0000000000000044 -16.297598664922909 -6.3104001630625541 39.522122907233801  0.99999999999998113 -1.3863087769343982 -4.5640100945533693 44.847067218266304  1.0000000000000258 -7.1848749261306502 -7.8549168430101908 59.56526345690061  0.99999999999998634 -0.18864486048120743 -6.8007652749830685 68.333333333333343  1 
-15.354824328014107 -4.6974927052296618 15.499999999999998  1 -12.761554724784 -5.5412515334388583 26.059242440312399  1.0000000000000044 -16.222801684437854 -6.3378345682625827 39.522122907233801  0.99999999999998113 -1.409422377619665 -4.481399544798963 44.847067218266304  1.0000000000000258 -7.1079069460231228 -7.8622904649393757 59.56526345690061  0.99999999999998634 -0.14170838807347858 -6.7802015948859697 68.333333333333343  1 
-15.297235079683697 -4.6626088906306862 15.499999999999998  1 -12.718867078047866 -5.4614439786159998 26.059242440312399  1.0000000000000044 -16.074456120930638 -6.3833928621431468 39.522122907233801  0.99999999999998113 -1.4544079526425533 -4.3212319900787035 44.847067218266304  1.0000000000000258 -6.9528963264011603 -7.8724097407730405 59.56526345690061  0.99999999999998634 -0.046668167919073911 -6.7374318629548924 68.333333333333343  1 
-15.188708925948378 -4.5841038712980406 15.499999999999998  1 -12.627921151667291 -5.3203515576416534 26.059242440312399  1.0000000000000044 -15.793127363995989 -6.445209462255705 39.522122907233801  0.99999999999998113 -1.5368577858097043 -4.0269653547187634 44.847067218266304  1.0000000000000258 -6.6518106464908833 -7.8787598826535534 59.56526345690061  0.99999999999998634 0.13955374376036742 -6.6503841869126203 68.333333333333343  1 
-15.100118096259694 -4.4912012567386217 15.499999999999998  1 -12.524592541737597 -5.2210544254383979 26.05924244031176  1.0000000000000044 -15.561136718645912 -6.4429362633966143 39.522122907235826  0.99999999999998113 -1.5949018463137548 -3.7991386029861003 44.84706721826376  1.0000000000000258 -6.3837011836504516 -7.8537709821091095 59.565263456901896  0.99999999999998634 0.31047150693387482 -6.5624517805793809 68.333333333333343  1 
-15.0371475089051 -4.4107054011206639 15.500000000000002  1 -12.427703067911015 -5.1500236975539888 26.05924244031176  1.0000000000000044 -15.397794123605308 -6.4173509726000644 39.522122907235826  0.99999999999998113 -1.624927055697593 -3.6357292468547096 44.84706721826376  1.0000000000000258 -6.1784876957254475 -7.8184181321965642 59.565263456901896  0.99999999999998634 0.44608564687604768 -6.4877224269457958 68.333333333333343  1 
-15.016088347302778 -4.3829567094919 15.500000000000002  1 -12.393957034357907 -5.1262340446488128 26.05924244031176  1.0000000000000044 -15.343269819099692 -6.4073965297491222 39.522122907235826  0.99999999999998113 -1.6343136558391929 -3.5810170165815891 44.84706721826376  1.0000000000000258 -6.1090297166587311 -7.805558766337434 59.565263456901896  0.99999999999998634 0.49224632526927919 -6.4620187333018597 68.333333333333343  1 
-14.997044726574734 -4.3563961731799434 15.500000000000002  1 -12.361061175237149 -5.1045822253645996 26.05924244031176  1.0000000000000044 -15.294248483966033 -6.3957149099417423 39.522122907235826  0.99999999999998113 -1.6415545131128322 -3.5316003353278576 44.84706721826376  1.0000000000000258 -6.0448344804220113 -7.7918574429033285 59.565263456901896  0.99999999999998634 0.53540297433255613 -6.437417799474245 68.333333333333343  1 
-14.962965224896701 -4.3077564945962736 15.500000000000002  1 -12.300395683971853 -5.0655094913355265 26.05924244031176  1.0000000000000044 -15.20702570179726 -6.3722378756668938 39.522122907235826  0.99999999999998113 -1.6533278031368086 -3.4436532338128307 44.84706721826376  1.0000000000000258 -5.929138613071383 -7.7651297835896749 59.565263456901896  0.99999999999998634 0.61365619366983415 -6.3920993325731228 68.333333333333343  1 
-14.892244024907034 -4.2026024932927788 15.500000000000002  1 -12.167661306249974 -4.9831264091146474 26.05924244031176  1.0000000000000044 -15.028025851101132 -6.3135750630977965 39.522122907235826  0.99999999999998113 -1.6731773872010596 -3.2631230838544893 44.84706721826376  1.0000000000000258 -5.6860126768564134 -7.7010803293819858 59.565263456901896  0.99999999999998634 0.77992365040023937 -6.2930561804819583 68.333333333333343  1 
-14.82074432523113 -4.1007011853510607 15.500000000000002  1 -12.03995496319698 -4.8924412578711935 26.059242440312282  1.0000000000000044 -14.857653164818817 -6.2423378875066575 39.522122907234191  0.99999999999998113 -1.687390088469543 -3.0964400913005927 44.847067218265735  1.0000000000000258 -5.4530036282563579 -7.6194271725114389 59.565263456900929  0.99999999999998634 0.94213157821748927 -6.1872992574633985 68.333333333333343  1 
-14.745972915613494 -4.0230279082669416 15.500000000000002  1 -11.952009330445978 -4.7898761082593531 26.05924244031176  1.0000000000000044 -14.689883608017745 -6.1935072752468541 39.522122907235826  0.99999999999998113 -1.7134065592398739 -2.9426505540207231 44.84706721826376  1.0000000000000258 -5.248407008964624 -7.543608382170647 59.565263456901896  0.99999999999998634 1.0817113556939948 -6.0903818184549614 68.333333333333343  1 
-14.724051581074642 -4.0020504413962898 15.500000000000002  1 -11.92905870084544 -4.7593289162701673 26.059242440311856  1.0000000000000044 -14.641338893735796 -6.1807928349269643 39.522122907235655  0.99999999999998113 -1.7217305255166127 -2.8988316775311649 44.847067218263852  1.0000000000000258 -5.1908477574622536 -7.5219829274865715 59.565263456901896  0.99999999999998634 1.1207670117668853 -6.0628209873847334 68.333333333333343  1 
-14.696036273951936 -3.9775336709330142 15.500000000000002  1 -11.903346339326111 -4.7198106334832923 26.059242440312282  1.0000000000000044 -14.580469306751576 -6.1661823300332266 39.522122907234191  0.99999999999998113 -1.7329579525740522 -2.8449040051989845 44.847067218265735  1.0000000000000258 -5.1206853173099276 -7.4948256223471432 59.565263456900929  0.99999999999998634 1.1681971554564117 -6.0286337240471788 68.333333333333343  1 
-14.660962784112026 -3.9481494458274797 15.500000000000002  1 -11.873223175217651 -4.6700983039606037 26.059242440312282  1.0000000000000044 -14.505029280984644 -6.1487160451328284 39.522122907234191  0.99999999999998113 -1.747270118790885 -2.7786934801046064 44.847067218265735  1.0000000000000258 -5.0348699274739497 -7.4610224931685716 59.565263456900929  0.99999999999998634 1.2261307759249767 -5.9864092364763914 68.333333333333343  1 
-14.563298166467334 -3.8739618625318726 15.500000000000005  1 -11.801400783277254 -4.5305271444100583 26.059242440311706  1.0000000000000044 -14.300075897270109 -6.1041441606659088 39.522122907236167  0.99999999999998113 -1.7880758169543391 -2.602733704038442 44.847067218263192  1.0000000000000258 -4.8082684297754064 -7.3675198298462918 59.565263456902215  0.99999999999998634 1.3788283728096904 -5.872085868813623 68.333333333333343  1 
-14.461038358225753 -3.8102343184474314 15.500000000000005  1 -11.749832932759443 -4.3836352709969333 26.059242440311849  1.0000000000000044 -14.100376148135288 -6.0583375895952649 39.522122907235634  0.99999999999998113 -1.8280066111864235 -2.4415265419428729 44.847067218263852  1.0000000000000258 -4.5995234148599398 -7.2653254615547125 59.565263456901896  0.99999999999998634 1.5206180807181122 -5.7570433218912109 68.333333333333343  1 
-14.361301757508311 -3.7439460590515568 15.500000000000005  1 -11.697547287412338 -4.2447751115542856 26.059242440311849  1.0000000000000044 -13.918566378556093 -5.9928486416375177 39.522122907235634  0.99999999999998113 -1.8535777832224942 -2.301509555004575 44.847067218263852  1.0000000000000258 -4.4060786357834791 -7.1498595749348555 59.565263456901896  0.99999999999998634 1.6569718004026561 -5.6394986946786831 68.333333333333343  1 
-14.330851911118966 -3.7232096407714188 15.500000000000002  1 -11.681284948176 -4.2028542458220013 26.059242440311849  1.0000000000000044 -13.864521537587414 -5.9704851837295481 39.522122907235634  0.99999999999998113 -1.8598410675796373 -2.2606565194632702 44.847067218263852  1.0000000000000258 -4.3481151537820146 -7.1128024008140658 59.565263456901896  0.99999999999998634 1.6984280346296781 -5.6029790950165426 68.333333333333343  1 
-14.296791582724602 -3.6988684808465822 15.500000000000002  1 -11.661629055368515 -4.1562902094342915 26.059242440311849  1.0000000000000044 -13.806092938222267 -5.9418652283494824 39.522122907235634  0.99999999999998113 -1.864218285594667 -2.2169362092831433 44.847067218263852  1.0000000000000258 -4.2841087967478915 -7.0685063898482827 59.565263456901896  0.99999999999998634 1.745199430904703 -5.5608204450663035 68.333333333333343  1 
-14.265070002931573 -3.6757838817961961 15.500000000000002  1 -11.642772254328628 -4.1130221805571558 26.059242440311849  1.0000000000000044 -13.752374138967181 -5.9139536966889477 39.522122907235634  0.99999999999998113 -1.8673677776060302 -2.176871254057855 44.847067218263852  1.0000000000000258 -4.2247534166327068 -7.026256508471497 59.565263456901896  0.99999999999998634 1.78892467281409 -5.5210866418553648 68.333333333333343  1 
-14.168525983624324 -3.6013329577310733 15.500000000000002  1 -11.579526681603351 -3.9820421813882589 26.059242440312016  1.0000000000000044 -13.59540866960827 -5.8170174867192879 39.522122907235115  0.99999999999998113 -1.8679674654066818 -2.0606038834058067 44.847067218264513  1.0000000000000258 -4.0460305534360463 -6.8881220525201083 59.565263456901569  0.99999999999998634 1.9239753957174215 -5.3954620682950019 68.333333333333343  1 
-14.086046670489987 -3.5187102796750791 15.500000000000002  1 -11.496560054139053 -3.8701821046496705 26.05924244031176  1.0000000000000044 -13.484547096013241 -5.6874469763424367 39.522122907235826  0.99999999999998113 -1.8325070237012702 -1.9771711512404599 44.84706721826376  1.0000000000000258 -3.8949105931272099 -6.732193532419406 59.565263456901896  0.99999999999998634 2.0514037121697064 -5.2674126515060733 68.333333333333343  1 
-14.023732706370682 -3.4228650639099665 15.500000000000002  1 -11.378489123773017 -3.7797179195448294 26.05924244031176  1.0000000000000044 -13.429510213421008 -5.5218746567566015 39.522122907235826  0.99999999999998113 -1.7515828087382366 -1.9234056208015526 44.84706721826376  1.0000000000000258 -3.7698792096224283 -6.5579487902126523 59.565263456901896  0.99999999999998634 2.174801826328157 -5.1353915595576263 68.333333333333343  1 
-14.003912418113485 -3.3870743112518418 15.500000000000002  1 -11.332192268424491 -3.7499617464404076 26.059242440312282  1.0000000000000044 -13.416559911672632 -5.4584871782760818 39.522122907234191  0.99999999999998113 -1.7172487620912829 -1.9077629651109806 44.847067218265735  1.0000000000000258 -3.7284250744308745 -6.4935523555053489 59.565263456900929  0.99999999999998634 2.2183345816070945 -5.0877846628544257 68.333333333333343  1 
-13.986888131157519 -3.3509941327434207 15.500000000000002  1 -11.283946515056066 -3.7231803868321398 26.05924244031176  1.0000000000000044 -13.409986780406689 -5.3933719386077534 39.522122907235826  0.99999999999998113 -1.6791118293832141 -1.8957143738604569 44.84706721826376  1.0000000000000258 -3.691357830869106 -6.4291113791291519 59.565263456901896  0.99999999999998634 2.2598974808737706 -5.0411485611158708 68.333333333333343  1 
-13.972016625785262 -3.31761322166615 15.500000000000002  1 -11.238895023162721 -3.6993195572274349 26.05924244031176  1.0000000000000044 -13.405826786042962 -5.3327873137788808 39.522122907235826  0.99999999999998113 -1.6427813295976501 -1.8856595797674622 44.84706721826376  1.0000000000000258 -3.6585057183693488 -6.3696172503533788 59.565263456901896  0.99999999999998634 2.2976372121936146 -4.9983887302301335 68.333333333333343  1 
-13.928158748333617 -3.2075985648531558 15.500000000000002  1 -11.088068577151525 -3.6260013122446 26.05924244031176  1.0000000000000044 -13.403437388761755 -5.1311036379089874 39.522122907235826  0.99999999999998113 -1.5168524672527273 -1.8589473200686673 44.84706721826376  1.0000000000000258 -3.558806620651298 -6.1742161329094403 59.565263456901896  0.99999999999998634 2.4177758074828541 -4.8596955028116575 68.333333333333343  1 
-13.897035371779122 -3.0894578062516596 15.500000000000002  1 -10.921296551891382 -3.5621607140659002 26.05924244031176  1.0000000000000044 -13.437314644635903 -4.9079674771097572 39.522122907235826  0.99999999999998113 -1.3612058470124209 -1.8506066870922382 44.84706721826376  1.0000000000000258 -3.4814609756665034 -5.9647985207070606 59.565263456901896  0.99999999999998634 2.5320304640374127 -4.7165702503091422 68.333333333333343  1 
-13.861109946878878 -2.9731155919271632 15.500000000000002  1 -10.769834737113413 -3.4871596544131886 26.05924244031176  1.0000000000000044 -13.464809787375316 -4.688939803600924 39.522122907235826  0.99999999999998113 -1.2090964543465776 -1.8376653093014017 44.84706721826376  1.0000000000000258 -3.4097915797299536 -5.7507833248898725 59.565263456901896  0.99999999999998634 2.642184360617394 -4.5687716341201412 68.333333333333343  1 
-13.851448676284155 -2.9431738384902557 15.500000000000002  1 -10.731836842795504 -3.4669204225788648 26.05924244031176  1.0000000000000044 -13.471410275596533 -4.6326305728533761 39.522122907235826  0.99999999999998113 -1.1700560569667289 -1.83395666909004 44.84706721826376  1.0000000000000258 -3.3916697585197664 -5.6951108605161185 59.565263456901896  0.99999999999998634 2.6703622669143385 -4.5302065019966635 68.333333333333343  1 
-13.837294647444789 -2.901669754246861 15.500000000000002  1 -10.680740523721662 -3.4373266655772348 26.05924244031176  1.0000000000000044 -13.479543911106102 -4.5547215653986468 39.522122907235826  0.99999999999998113 -1.1162871752896257 -1.8280662846726918 44.84706721826376  1.0000000000000258 -3.3668325990078474 -5.6170411166145469 59.565263456901896  0.99999999999998634 2.7092503251769147 -4.4758965430054696 68.333333333333343  1 
-13.825640668307173 -2.8688019305447594 15.500000000000002  1 -10.641181379704118 -3.4130037964903157 26.05924244031176  1.0000000000000044 -13.485381748073182 -4.4931109659580439 39.522122907235826  0.99999999999998113 -1.0739204759025622 -1.8229597401041535 44.84706721826376  1.0000000000000258 -3.3473071627881477 -5.5547041063795373 59.565263456901896  0.99999999999998634 2.7399561409117772 -4.4323972229023374 68.333333333333343  1 
-13.781136049282896 -2.7515632566531001 15.500000000000002  1 -10.505749225396608 -3.3206139987732928 26.059242440311351  1.0000000000000044 -13.501890089181732 -4.2740825197227466 39.522122907237176  0.99999999999998113 -0.92455360063243364 -1.8016504062440097 44.847067218261955  1.0000000000000258 -3.2780615531360149 -5.3293142016292867 59.565263456902869  0.99999999999998634 2.8491138862639334 -4.274186166673978 68.333333333333343  1 
-13.729970015649306 -2.6460324718471311 15.500000000000002  1 -10.404506390853561 -3.2167648999789895 26.059242440311913  1.0000000000000044 -13.49938112403543 -4.0801455319576565 39.522122907235264  0.99999999999998113 -0.79787173919962595 -1.7702830297157954 44.847067218264442  1.0000000000000258 -3.2156247941076983 -5.1158941473779711 59.565263456901569  0.99999999999998634 2.9466130608876631 -4.1207494062482253 68.333333333333343  1 
-13.664567476999045 -2.5488218606561004 15.500000000000002  1 -10.341033414117904 -3.0903088004867905 26.059242440311351  1.0000000000000044 -13.463078001041005 -3.9090663282490397 39.522122907237176  0.99999999999998113 -0.6998162484958359 -1.7188758682880561 44.847067218261955  1.0000000000000258 -3.1495377926308157 -4.9068602425896861 59.565263456902869  0.99999999999998634 3.0385976983206771 -3.964009714530595 68.333333333333343  1 
-13.647200442291835 -2.5245431137715895 15.500000000000002  1 -10.32694152553316 -3.056942900044973 26.059242440311351  1.0000000000000044 -13.452080880988889 -3.8667972609390167 39.522122907237176  0.99999999999998113 -0.67641569737519047 -1.7047188595329452 44.847067218261955  1.0000000000000258 -3.1325931256083224 -4.8539471856913714 59.565263456902869  0.99999999999998634 3.0616509460992383 -3.9239720727814227 68.333333333333343  1 
-13.622517925068367 -2.4913814638472083 15.500000000000002  1 -10.309518245900295 -3.0096081374697792 26.059242440311351  1.0000000000000044 -13.435232987325847 -3.8095635220106647 39.522122907237176  0.99999999999998113 -0.64556120511788273 -1.6840472200847778 44.847067218261955  1.0000000000000258 -3.1091431018629097 -4.7810103240284318 59.565263456902869  0.99999999999998634 3.093111147807988 -3.8684062853130019 68.333333333333343  1 
-13.599840060344109 -2.4621812682808737 15.500000000000002  1 -10.29609124315275 -2.9661369384319114 26.059242440311351  1.0000000000000044 -13.418558846215033 -3.7597062159252981 39.522122907237176  0.99999999999998113 -0.61955734138662177 -1.6644672327642152 44.847067218261955  1.0000000000000258 -3.0882433936726343 -4.71613218819971 59.565263456902869  0.99999999999998634 3.1207276023622272 -3.8185863029038543 68.333333333333343  1 
-13.517909687514646 -2.3592779627713489 15.500000000000002  1 -10.25489980339853 -2.8081035312570757 26.059242440311735  1.0000000000000044 -13.355125988906019 -3.5859489752868368 39.522122907236046  0.99999999999998113 -0.53170176928834301 -1.5914230972894028 44.847067218263284  1.0000000000000258 -3.0148407215357835 -4.4860703877799448 59.565263456902215  0.99999999999998634 3.2169019286581784 -3.6406453327821828 68.333333333333343  1 
-13.439084414237231 -2.2643305631009425 15.500000000000002  1 -10.23387409228947 -2.6509686534351662 26.05924244031176  1.0000000000000044 -13.286487347467135 -3.4314491011857959 39.522122907235826  0.99999999999998113 -0.4612270718763456 -1.5137922292709118 44.84706721826376  1.0000000000000258 -2.9502769528750599 -4.2713248886208399 59.565263456901896  0.99999999999998634 3.3004197205314205 -3.4710073027773536 68.333333333333343  1 
-13.384445404712871 -2.1640255570051257 15.500000000000002  1 -10.193563047373303 -2.5194657394332167 26.05924244031176  1.0000000000000044 -13.255254369717544 -3.266714860565791 39.522122907235826  0.99999999999998113 -0.37649807194854668 -1.4531384937873926 44.84706721826376  1.0000000000000258 -2.9053474785787476 -4.0630038232166141 59.565263456901896  0.99999999999998634 3.3724520690691735 -3.3096643386068076 68.333333333333343  1 
-13.370881523909437 -2.1376135799893508 15.500000000000002  1 -10.182442690999592 -2.485764421545372 26.05924244031176  1.0000000000000044 -13.248180236407999 -3.2233284590342866 39.522122907235826  0.99999999999998113 -0.35392126704611671 -1.4377163036105811 44.84706721826376  1.0000000000000258 -2.8941664370635092 -4.0086718875367664 59.565263456901896  0.99999999999998634 3.3909588740517815 -3.2676664397865047 68.333333333333343  1 
-13.35574140982906 -2.105806266416725 15.500000000000002  1 -10.168322433908486 -2.4464978270754663 26.059242440311653  1.0000000000000044 -13.241315294973537 -3.1710780097008491 39.522122907236238  0.99999999999998113 -0.32635762404630397 -1.4199171154656303 44.847067218263192  1.0000000000000258 -2.8816363113940771 -3.9439951898452663 59.565263456902215  0.99999999999998634 3.4125800480051582 -3.2177851870208434 68.333333333333329  1 
-13.339698166281247 -2.0670253163111307 15.500000000000002  1 -10.149590478391278 -2.4010558946466847 26.05924244031176  1.0000000000000044 -13.236294319184978 -3.1074330042565985 39.522122907235826  0.99999999999998113 -0.29198243901786713 -1.3995715306756646 44.84706721826376  1.0000000000000258 -2.8682223547403791 -3.8665858510321502 59.565263456901896  0.99999999999998634 3.4376171186611 -3.1582567701871485 68.333333333333343  1 
-13.292098966907442 -1.9373898474941431 15.500000000000002  1 -10.083058604541419 -2.254493537993155 26.059242440312016  1.0000000000000044 -13.227871035807439 -2.8950325121951446 39.522122907235115  0.99999999999998113 -0.17513841529608296 -1.3342976868368011 44.847067218264513  1.0000000000000258 -2.8279312999410413 -3.6111878094893575 59.565263456901569  0.99999999999998634 3.5180769306407829 -2.9621136824381096 68.333333333333343  1 
-13.269161331583849 -1.8093849227913243 15.500000000000002  1 -10.001398812675143 -2.1293660915138082 26.059242440311735  1.0000000000000044 -13.253042089879873 -2.687076661092457 39.522122907236046  0.99999999999998113 -0.051791945771032522 -1.2793904604052235 44.847067218263284  1.0000000000000258 -2.8061672887502822 -3.3717517553882543 59.565263456902215  0.99999999999998634 3.5847918313486193 -2.7789198850294574 68.333333333333343  1 
-13.263174402573091 -1.6849766245153428 15.500000000000002  1 -9.9072932299074843 -2.0012029003020957 26.059242440311849  1.0000000000000044 -13.30164215146921 -2.4905337536561678 39.522122907235634  0.99999999999998113 0.076400229447470464 -1.2165971829383524 44.847067218263852  1.0000000000000258 -2.7958024688624219 -3.1399374289242776 59.565263456901896  0.99999999999998634 3.6430774682454992 -2.5978420030687337 68.333333333333343  1 
-13.262214539275179 -1.6576267842542114 15.500000000000002  1 -9.8863096976009839 -1.9728759102094022 26.059242440312016  1.0000000000000044 -13.312829609803654 -2.4474527493262292 39.522122907235115  0.99999999999998113 0.10472570499727607 -1.2025741674623576 44.847067218264513  1.0000000000000258 -2.793754963985557 -3.0889950874137644 59.565263456901569  0.99999999999998634 3.6557373505784341 -2.5579627263944911 68.333333333333343  1 
-13.261733283549789 -1.6249158140424853 15.500000000000002  1 -9.8607100207855645 -1.9386899707153282 26.059242440312016  1.0000000000000044 -13.327114078384117 -2.3961809212875473 39.522122907235115  0.99999999999998113 0.13880115165918139 -1.1853606084316113 44.847067218264513  1.0000000000000258 -2.7917342768416726 -3.028105428912466 59.565263456901569  0.99999999999998634 3.670567753362044 -2.5101216054243514 68.333333333333343  1 
-13.261938903356828 -1.5887976756258047 15.500000000000002  1 -9.8320638700491347 -1.9005281646341303 26.059242440312328  1.0000000000000044 -13.343738507547645 -2.3399035563612589 39.522122907234071  0.99999999999998113 0.1763793745086458 -1.1657562082259629 44.847067218265828  1.0000000000000258 -2.7899528730974668 -2.9609208687126878 59.565263456900929  0.99999999999998634 3.6865177118164625 -2.4570982645547885 68.333333333333343  1 
-13.264811890996027 -1.4390121793954609 15.500000000000002  1 -9.7127975236261044 -1.7408811932350654 26.059242440312328  1.0000000000000044 -13.414529489100786 -2.1076085208778643 39.522122907234071  0.99999999999998113 0.33121044748160283 -1.0824632485512451 44.847067218265828  1.0000000000000258 -2.7836977183640248 -2.6824413754858738 59.565263456900929  0.99999999999998634 3.7512339105084433 -2.2365321332491237 68.333333333333357  1 
-13.2774857443823 -1.2982385684834796 15.500000000000002  1 -9.6020327354802628 -1.5824020014460176 26.059242440312286  1.0000000000000044 -13.487392543456709 -1.8957465830051599 39.522122907234213  0.99999999999998113 0.46667973615016217 -0.99218721169520097 44.847067218265735  1.0000000000000258 -2.783104985585108 -2.4214265119410334 59.565263456900929  0.99999999999998634 3.8032847467392417 -2.0250886582285936 68.333333333333357  1 
-13.269248155607494 -1.1623428738275696 15.500000000000002  1 -9.547526827053229 -1.4225462521622261 26.059242440312214  1.0000000000000044 -13.502496673247254 -1.6940969550731759 39.522122907234568  0.99999999999998113 0.54153717614216357 -0.89682865951210244 44.847067218265167  1.0000000000000258 -2.7674741072991198 -2.168204763593526 59.565263456901249  0.99999999999998634 3.8459822374854102 -1.8169330815967621 68.333333333333343  1 
-13.267763476180212 -1.1418941600738555 15.500000000000002  1 -9.539947919688025 -1.3984125614144922 26.059242440311856  1.0000000000000044 -13.504109446860442 -1.6637873808650447 39.522122907235655  0.99999999999998113 0.55213858069708321 -0.88238495477272971 44.847067218263852  1.0000000000000258 -2.7649406947219242 -2.1300870235458187 59.565263456901896  0.99999999999998634 3.8523202881202696 -1.7855645745696485 68.333333333333343  1 
-13.265724073687455 -1.1199150560658824 15.500000000000002  1 -9.5329392436156191 -1.3723286594476716 26.059242440311856  1.0000000000000044 -13.50464094712437 -1.6312708898443198 39.522122907235655  0.99999999999998113 0.56231787585382798 -0.86668778227667298 44.847067218263852  1.0000000000000258 -2.761888376763967 -2.0890911188196042 59.565263456901896  0.99999999999998634 3.8589699690294887 -1.7517642450918212 68.333333333333343  1 
-13.262920204597458 -1.094482665454279 15.500000000000002  1 -9.5259857788497619 -1.3420031273175832 26.059242440311856  1.0000000000000044 -13.504044335354463 -1.5937062824441552 39.522122907235655  0.99999999999998113 0.57285575419140111 -0.84835278002145342 44.847067218263852  1.0000000000000258 -2.7580276951292917 -2.0416289391091205 59.565263456901896  0.99999999999998634 3.8664911409133293 -1.7125692608467455 68.333333333333343  1 
-13.242550169383266 -0.93327164778407901 15.500000000000002  1 -9.488724566933298 -1.1489393691009198 26.059242440312044  1.0000000000000044 -13.493155034880226 -1.3559429561533756 39.52212290723503  0.99999999999998113 0.63233323781221817 -0.73113457651377112 44.847067218264584  1.0000000000000258 -2.7316444671551281 -1.7406250889650541 59.565263456901569  0.99999999999998634 3.9131218199544504 -1.463628897445691 68.333333333333343  1 
-13.197611354095065 -0.77730673731056765 15.500000000000002  1 -9.5200125010552021 -0.95406934385706377 26.059242440312044  1.0000000000000044 -13.413084595227369 -1.1293454798134011 39.52212290723503  0.99999999999998113 0.61736804269526213 -0.60803045431222047 44.847067218264584  1.0000000000000258 -2.6877809175686802 -1.447977323929901 59.565263456901569  0.99999999999998634 3.9474274670004661 -1.2180333639398488 68.333333333333329  1 
-13.153097663818118 -0.62459348617928867 15.500000000000002  1 -9.5684102986524504 -0.76358879657471279 26.059242440312044  1.0000000000000044 -13.32611321493572 -0.90781394464154175 39.52212290723503  0.99999999999998113 0.58056619633659867 -0.48680344517562502 44.847067218264584  1.0000000000000258 -2.6472203544174246 -1.1619836224537554 59.565263456901569  0.99999999999998634 3.9705153935099955 -0.97737685151546261 68.333333333333343  1 
-13.149196723971256 -0.61121478186936773 15.500000000000002  1 -9.5727262406639682 -0.74690322163706124 26.059242440311849  1.0000000000000044 -13.318459156319737 -0.88840765893522711 39.522122907235634  0.99999999999998113 0.5772469397458091 -0.47618049210655777 44.847067218263852  1.0000000000000258 -2.6436785435555472 -1.1369311698846225 59.565263456901896  0.99999999999998634 3.9724917513975617 -0.9562931163309415 68.333333333333343  1 
-13.145592407014098 -0.59883433887950566 15.500000000000002  1 -9.5768166683867317 -0.73146668520683988 26.059242440311664  1.0000000000000044 -13.311345687070107 -0.8704507860467916 39.522122907236188  0.99999999999998113 0.57405096727287996 -0.46634788254066734 44.847067218263192  1.0000000000000258 -2.6404255434455433 -1.1137519534991409 59.565263456902215  0.99999999999998634 3.9742516439443616 -0.93678239025367971 68.333333333333343  1 
-13.141550822740385 -0.58492508225428752 15.500000000000002  1 -9.581461615389145 -0.71412718171082212 26.059242440311664  1.0000000000000044 -13.303343235630031 -0.85027702603800648 39.522122907236188  0.99999999999998113 0.57039033121342886 -0.45530061722647075 44.847067218263192  1.0000000000000258 -2.6367875277353416 -1.0877129450681908 59.565263456902215  0.99999999999998634 3.9761872242687568 -0.91486270587065865 68.333333333333343  1 
-13.084789381296209 -0.38909015996599899 15.500000000000005  1 -9.647709555103134 -0.47005353296143815 26.059242440311664  1.0000000000000044 -13.190497575574874 -0.56625024784494582 39.522122907236188  0.99999999999998113 0.51763437067987694 -0.29975404725931803 44.847067218263192  1.0000000000000258 -2.5858555721189753 -0.72114175402628977 59.565263456902215  0.99999999999998634 4.0027139137845271 -0.60625184766209061 68.333333333333343  1 
-13.033693831953141 -0.19250785180247262 15.500000000000002  1 -9.7300160260740114 -0.22687028956219019 26.059242440312602  1.0000000000000044 -13.078533594623485 -0.28126348282492236 39.522122907233133  0.99999999999998113 0.43973107817029605 -0.1438145347551496 44.847067218267064  1.0000000000000258 -2.54318821601511 -0.35441705562778619 59.565263456900276  0.99999999999998634 4.0115296151268565 -0.29686644366622228 68.333333333333343  1 
-13.044586939069942 -2.2999999999999999e-16 15.500000000000002  1 -9.7074551038928441 -1.69e-15 26.059242440311966  1.0000000000000044 -13.102684104690061 7.1900000000000005e-15 39.522122907235186  0.99999999999998113 0.46042299532686315 -9.9900000000000002e-15 44.847067218264513  1.0000000000000258 -2.549646472229314 6.0500000000000001e-15 59.565263456901569  0.99999999999998634 4.0132325486463012 1.6000000000000001e-16 68.333333333333343  1 

0 4
0.017799462696421482 1
0.018240267135318431 1
0.01834048187584417 1
0.018601434058309371 1
0.018918656661143531 1
0.019021916252817871 1
0.03360287211199374 1
0.034497056574237552 1
0.034609778554113263 1
0.035103225438647183 1
0.035500094989928122 1
0.035649752918976242 1
0.048736606214055088 1
0.050087283592453673 1
0.050156462926200497 1
0.050859986580487543 1
0.051550318778325083 1
0.051890152579053522 1
0.063480993336040598 1
0.065248761319181919 1
0.065251231655279796 1
0.066132373632358701 1
0.066854249168841112 1
0.067328377367985887 1
0.077989364036607792 1
0.08003512593170671 1
0.080085633729866643 1
0.081049732495549059 1
0.081692991409805307 1
0.082350684151019163 1
0.092371911799657508 1
0.094607043736633215 1
0.09466212832023331 1
0.095700192326571037 1
0.096208796118019232 1
0.096841142889375786 1
0.10671917921131176 1
0.10903436267016552 1
0.10904888272580796 1
0.11015739843542061 1
0.11052963567842905 1
0.1117272325516965 1
0.12111080189284512 1
0.12326499127571808 1
0.1234352175788319 1
0.12449120940993219 1
0.12475959558695747 1
0.12606904466283109 1
0.13561950855256807 1
0.13742944008825222 1
0.13783771677052314 1
0.13877253346530563 1
0.13899739480994541 1
0.14016155171420119 1
0.15031375478657513 1
0.15161652011353829 1
0.15232772873148842 1
0.1530757107423267 1
0.15332943534477034 1
0.1545710463062403 1
0.16526075455051639 1
0.16592569929867604 1
0.1669788519380285 1
0.16748032695018891 1
0.16781776168208287 1
0.16887389825531607 1
0.18046438150264654 1
0.18053168505928122 1
0.18187132529542205 1
0.18207445131154404 1
0.18250565348110606 1
0.18368522633715764 1
0.19535070412859248 1
0.19621255546394101 1
0.19696296378012412 1
0.19710174018941837 1
0.19745254596837855 1
0.19805092085165904 1
0.21073386488065779 1
0.212291317237432 1
0.21243135868784777 1
0.21278582874300872 1
0.21280844725510231 1
0.21329154321199892 1
0.22687964577448536 1
0.22833119496992432 1
0.22876993310006991 1
0.22910809431040322 1
0.22926016904592908 1
0.22945062197142466 1
0.24511534875018604 1
0.24641542145086262 1
0.24673103104568306 1
0.24674682580794421 1
0.24781568729699566 1
0.24866186790450567 1
0.26335839380203985 1
0.26439584926223597 1
0.26450083520240236 1
0.26468311051117938 1
0.26637140847315993 1
0.26787311384228152 1
0.27952629336329321 1
0.28021019079673898 1
0.28054429208292647 1
0.2806398708405799 1
0.28282373887356804 1
0.28489237713994825 1
0.29493914178784641 1
0.29543066191750295 1
0.29587746878884014 1
0.29594296843876605 1
0.29853125585341189 1
0.30111118038263662 1
0.30979280881176796 1
0.30985102558454991 1
0.31077021692582313 1
0.31088074255968146 1
0.3137623600403493 1
0.31679205080332423 1
0.32439770679474156 1
0.32460899190927828 1
0.32536593063991393 1
0.32559709618067006 1
0.32865504628718761 1
0.33206298131705786 1
0.33868574088011316 1
0.33894242485521825 1
0.3397677513146285 1
0.34015924526159991 1
0.34330561397351766 1
0.34700998106797132 1
0.35281641988163204 1
0.3534043721099181 1
0.35406283456519055 1
0.35460286908760336 1
0.35779416076765069 1
0.36170422726742341 1
0.36689110687877236 1
0.3675357515035535 1
0.36833100681566955 1
0.36896736072524461 1
0.37219434787109029 1
0.37621293387227173 1
0.38100897491016095 1
0.38191486979832601 1
0.38264805734948287 1
0.38331389095122675 1
0.38657779365615386 1
0.39060455648477616 1
0.39526230940152673 1
0.39683505452310591 1
0.39708730094715461 1
0.3977158302883439 1
0.40101659364428421 1
0.40495182382332984 1
0.40973325671799626 1
0.4113361602376453 1
0.41172145829479651 1
0.41225907808489315 1
0.41558581440361753 1
0.41933437152108988 1
0.42449546992514231 1
0.42634947908805054 1
0.42662686295413804 1
0.42707013832218782 1
0.43036779901389649 1
0.43384274217516527 1
0.43962473123414791 1
0.44176192158281025 1
0.44189355779223799 1
0.44230527881340637 1
0.44546174254864757 1
0.44858712927696665 1
0.45522829104904439 1
0.45765160505810076 1
0.45812018577656088 1
0.45812200649111479 1
0.46100876884007819 1
0.46372086338742069 1
0.4715383729888219 1
0.47416106397051017 1
0.47457330204462439 1
0.47478445135534858 1
0.47727943319097399 1
0.47952427283663923 1
0.48986332022733609 1
0.49277545055284017 1
0.4935850089142913 1
0.4936751796173946 1
0.49562208883834863 1
0.49732373558659204 1
0.50935759077507137 1
0.5124165447507999 1
0.5137828113248083 1
0.51413109304940785 1
0.51460914322348461 1
0.51552708695316907 1
0.52608800516367871 1
0.52972907072897635 1
0.53123532650684713 1
0.53142763547646965 1
0.53168316075752386 1
0.53206158181025032 1
0.5416145586937009 1
0.54615425903929504 1
0.54714215142575218 1
0.54746915817684738 1
0.54841649421240368 1
0.54868936991367212 1
0.55640109041520491 1
0.56198816106237393 1
0.56218455195520534 1
0.56301086121326638 1
0.56415368322153381 1
0.56438422836962099 1
0.57080824734044744 1
0.57696149239258521 1
0.57739657117146881 1
0.57819720214398429 1
0.57864749638464474 1
0.57966245198608946 1
0.58514133415650782 1
0.59158083944279338 1
0.59250266488260639 1
0.59250976864906268 1
0.59312966026612346 1
0.5942887322381385 1
0.59963479684829546 1
0.60613148355715885 1
0.60614100193209108 1
0.6074071351255792 1
0.60789182959968568 1
0.60924975682243732 1
0.61443567969580604 1
0.61991092674163661 1
0.62069245774573878 1
0.62219317717613398 1
0.62255879271380354 1
0.6236765335762503 1
0.6296001611114006 1
0.63408229028455321 1
0.63533709391470194 1
0.63692880237448068 1
0.63720155566769421 1
0.63793319593192632 1
0.64510440199881891 1
0.64880153154347264 1
0.65013566275259616 1
0.65167084426472699 1
0.65189014742429452 1
0.65274832043753794 1
0.66086847514300773 1
0.6640619063027825 1
0.6651583012449146 1
0.66647228299212302 1
0.66669713121373608 1
0.66751157219725776 1
0.67679306434693953 1
0.67972374709962224 1
0.68048003865678897 1
0.68139359857785442 1
0.68170313207395716 1
0.68254042897708012 1
0.69280974929970396 1
0.69564838466963153 1
0.69619144340331907 1
0.6965198381807538 1
0.69700756994417412 1
0.69731577510966536 1
0.70894943551486966 1
0.71174342908214017 1
0.7119914778007651 1
0.71242553587216306 1
0.7127546728756553 1
0.71303129051024294 1
0.72546484801882083 1
0.72809348477869695 1
0.72811867232066629 1
0.72889270241191317 1
0.72922207407100803 1
0.72945009701195596 1
0.74378427327867036 1
0.74616783669271236 1
0.74618847864521809 1
0.74648506856470909 1
0.7477797419912493 1
0.74866186704451498 1
0.76201683763982508 1
0.76411504557457632 1
0.76413945292394403 1
0.76427296759278884 1
0.76633598702919703 1
0.7678736370450685 1
0.77827820177293117 1
0.77996881061260515 1
0.78020290363550926 1
0.7803438124652643 1
0.78279912653208616 1
0.784898198088824 1
0.79409570307889499 1
0.79553742916909476 1
0.79577497561176402 1
0.79600558770603147 1
0.79854057381985732 1
0.80113229042973189 1
0.80985532827989526 1
0.81028532158247613 1
0.81086837330658301 1
0.81184783322391196 1
0.81384021757283465 1
0.81684369506719423 1
0.82535704336273785 1
0.8257060769112573 1
0.8257818283664653 1
0.82774734055247012 1
0.82884474504685546 1
0.83216543244530261 1
0.84033755991223902 1
0.84061297781405764 1
0.84164934546989179 1
0.8435736320975572 1
0.84365555254305802 1
0.84718807102599947 1
0.85542651280968773 1
0.85551054619842082 1
0.857595857010503 1
0.85835417275243209 1
0.85909154555345835 1
0.86198664009783477 1
0.8700368213628058 1
0.87026991156618094 1
0.87301267584450903 1
0.8734204255507898 1
0.87412650668917646 1
0.8766312766374702 1
0.88471676862220494 1
0.88518583644865878 1
0.88769921073867231 1
0.88866760768400632 1
0.8890118427425352 1
0.89119225129122803 1
0.89990548968341777 1
0.90022248880200229 1
0.90248187998425844 1
0.90283066516189103 1
0.90431355839270056 1
0.90574289589704038 1
0.91460290910482323 1
0.91544191989296608 1
0.9168735836183286 1
0.91743246670412115 1
0.91935272537087143 1
0.92036224338519457 1
0.92982071173292125 1
0.93092698042918831 1
0.93118398123277857 1
0.93263160705408543 1
0.93425664127355423 1
0.93513918413380259 1
0.94561617640515516 1
0.94618983205484963 1
0.94679020857450125 1
0.94817882870164849 1
0.9492575609310715 1
0.95018158479814874 1
0.96225798803579632 1
0.96258538724890153 1
0.96319616118315476 1
0.96421806841941082 1
0.96469526047163223 1
0.96564057541035786 1
0.97973036919666145 1
0.97987038896887979 1
0.98044881004241347 1
0.98102743810416615 1
0.98107030047888633 1
0.98179664899031405 1
1 4

0 6
1 6

9 0 1 0 0 2 1 5 2 3 2 -14.436320228892834 1.7349351572897485 2.116666666666668  1 -14.557162573048505 1.5961403447065654 1.9166666666666632  1 
-18.736320228892836 6.1961969903205327 2.116666666666668  0.374165738677394 -18.513162573048501 5.7005012310948784 1.9166666666666632  0.374165738677394 
-18.736320228892836 -5.6000000000000003e-16 2.116666666666668  1 -18.513162573048501 -5.6000000000000003e-16 1.9166666666666632  1 
-18.736320228892836 -6.1961969903205345 2.116666666666668  0.374165738677394 -18.513162573048497 -5.7005012310948802 1.9166666666666632  0.374165738677394 
-14.436320228892832 -1.7349351572897473 2.116666666666668  1 -14.557162573048505 -1.5961403447065645 1.9166666666666632  1 

0 3
2.3745986457279269 2
4.7491972914558538 3

-2.3600000000000001e-15 2
0.33941125496954827 2

9 0 0 0 0 1 1 2 2 2 2 -14.436320228892832 -1.7349351572897473 2.1166666666666685  -14.613162573048507 -1.7349351572897473 1.9166666666666636  
-14.436320228892832 1.7349351572897476 2.1166666666666685  -14.613162573048507 1.7349351572897476 1.9166666666666636  

-4.4e-16 2
4.1638443774953933 2

-0.16970562748477391 2
0.16970562748477658 2

9 0 0 0 0 1 1 2 2 2 2 3.9850312477872984 7.3678795891945565 68.333333333333343  4.0476348383618355 -7.4676016947789625 68.333333333333343  
-11.852310755313724 7.3010482909324548 68.333333333333357  -11.789707164739186 -7.5344329930410643 68.333333333333357  

-0.00346807469706079 2
19.001511539332675 2

-8.8415195926132135 2
8.9612164543212902 2

9 0 0 0 0 1 1 2 2 2 2 -18.513162573048501 -2.3000000000000003 1.9166666666666665  -18.513162573048501 2.2999999999999998 1.9166666666666665  
-14.613162573048502 -2.3000000000000003 1.9166666666666665  -14.613162573048502 2.2999999999999998 1.9166666666666665  

-2.7599999999999998 2
1.9200000000000008 2

-2.7600000000000002 2
2.7599999999999998 2

9 0 0 0 0 1 1 2 2 2 2 -1.8072937273277394 -2.0240910168380419 68.366666666666688  -1.8367674513536962 -2.0240910168380419 68.333333333333343  
-1.8072937273277394 2.0240910168380388 68.366666666666688  -1.8367674513536962 2.0240910168380388 68.333333333333343  

-4.4400000000000004e-15 2
4.8578184404112923 2

-0.16970562748479701 2
-0.1131370849898489 2

9 0 1 0 0 2 1 5 2 3 2 -1.8072937273277445 2.0240910168380486 68.366666666666688  1 -1.8274341180203588 2.0009585480741814 68.333333333333343  1 
-6.8239603939944438 7.2288964887073233 68.366666666666688  0.37416573867739361 -6.7867674513537164 7.1462805288363702 68.333333333333343  0.37416573867739361 
-6.8239603939944367 -3.3300000000000001e-15 68.366666666666688  1 -6.7867674513537093 -3.1499999999999999e-15 68.333333333333343  1 
-6.8239603939944296 -7.2288964887073321 68.366666666666688  0.37416573867739361 -6.7867674513537004 -7.1462805288363773 68.333333333333343  0.37416573867739361 
-1.8072937273277394 -2.0240910168380437 68.366666666666688  1 -1.8274341180203544 -2.0009585480741765 68.333333333333343  1 

0 3
2.3745986457279278 2
4.7491972914558556 3

-2.4650000000000001e-14 2
0.056568542494908683 2

9 0 0 0 0 1 1 2 2 2 2 -1.8072937273277521 2.0240910168380388 68.36666666666666  -1.8072937273277521 -2.0240910168380384 68.36666666666666  
-2.3592178582843277 2.0240910168380388 73.133333333333326  -2.3592178582843277 -2.0240910168380384 73.133333333333326  

1.24 2
6.96 2

-6.9289092202056466 2
-2.0710907797943539 2

9 0 1 0 0 2 1 5 2 3 2 -1.8072937273277521 2.0240910168380384 68.36666666666666  1 -2.3592178582843277 2.0240910168380384 73.133333333333326  1 
-6.8239603939944216 7.2288964887072833 68.36666666666666  0.374165738677394 -7.3758845249509974 7.2288964887072833 73.133333333333326  0.374165738677394 
-6.8239603939944189 -9.4000000000000009e-16 68.36666666666666  1 -7.3758845249509948 -9.4000000000000009e-16 73.133333333333326  1 
-6.8239603939944127 -7.228896488707286 68.36666666666666  0.374165738677394 -7.3758845249509886 -7.228896488707286 73.133333333333326  0.374165738677394 
-1.8072937273277512 -2.0240910168380384 68.36666666666666  1 -2.3592178582843273 -2.0240910168380384 73.133333333333326  1 

0.76699400786186656 3
3.1415926535897936 2
5.51619129931772 3

0.23999999999999999 2
5.96 2

9 0 0 0 0 1 1 2 2 2 2 -2.5823755141286591 -2.0240910168380384 73.333333333333343  -2.3592178582843188 -2.0240910168380384 73.133333333333326  
-2.5823755141286591 2.0240910168380388 73.333333333333343  -2.3592178582843188 2.0240910168380388 73.133333333333326  

-4.4e-16 2
4.8578184404112923 2

-0.16970562748477169 2
0.16970562748478635 2

9 0 1 0 0 2 1 5 2 3 2 -2.359217858284322 2.0240910168380442 73.133333333333326  1 -2.5263755141286595 1.8852962042548591 73.333333333333343  1 
-7.3758845249510108 7.2288964887073082 73.133333333333326  0.37416573867739361 -7.1990421807953338 6.7332007294816467 73.333333333333343  0.37416573867739361 
-7.3758845249510037 -3.1499999999999999e-15 73.133333333333326  1 -7.1990421807953275 -2.96e-15 73.333333333333343  1 
-7.3758845249509948 -7.2288964887073162 73.133333333333326  0.37416573867739361 -7.1990421807953187 -6.733200729481652 73.333333333333343  0.37416573867739361 
-2.3592178582843175 -2.0240910168380393 73.133333333333326  1 -2.526375514128655 -1.8852962042548547 73.333333333333343  1 

0 3
2.3745986457279278 2
4.7491972914558556 3

-1.319e-14 2
0.33941125496954283 2

9 0 0 0 0 1 1 2 2 2 2 -7.1990421807953267 -2.7166666666666668 73.333333333333343  -7.1990421807953267 2.7166666666666668 73.333333333333343  
-2.5823755141286591 -2.7166666666666668 73.333333333333343  -2.5823755141286591 2.7166666666666668 73.333333333333343  

-3.2599999999999998 2
2.2800000000000002 2

-3.2599999999999998 2
3.2599999999999998 2

Triangulations 0

TShapes 109
Ve
1e-07
-10.7001404020087 2.78223688979294 5.83333333333333
0 0

0101101
*
Ve
1e-07
-13.5674823867017 1.79612761239797 12.3333333333333
0 0

0101101
*
Ed
 8.3333333e-08 1 1 0
1  1 3 0 1
3  1 2G2 1 3 0 1
0

0101000
+109 3 -108 3 *
Ve
6.352778174e-06
-16.1528767895185 3.67085262427628 12.3333333333333
0 0

0101101
*
Ed
 8.3333333e-08 1 1 0
1  2 3 0 0.133645716484889
2  3 1 3 0 0.133645716484889
2  4 2 3 0 0.133645716484889
0

0101000
+108 3 -106 3 *
Ve
4.522390084e-06
-17.3524479164161 3.91363679168452 12.3540895776598
0 0

0101101
*
Ed
 4.166666667e-06 1 1 0
1  3 0 0 1
2  5 1 0 0 1
2  6 3 0 0 1
0

0101000
+104 0 -106 0 *
Ve
4.522390084e-06
-19.2173150465462 3.29615150299982 12.3333333333333
0 0

0101101
*
Ed
 4.522390084e-06 1 1 0
1  4 0 0 1
2  7 1 0 0 1
2  8 3 0 0 1
0

0101000
+102 0 -104 0 *
Ve
7.022646156e-06
-17.0981939630374 -3.90281430253948 12.3333333333333
0 0

0101101
*
Ed
 8.3333333e-08 1 1 0
1  5 3 0.243855656165686 0.717660856918947
2  9 1 3 0.243855656165686 0.717660856918947
2  10 4 3 0.243855656165686 0.717660856918947
0

0101000
+102 3 -100 3 *
Ve
7.022646156e-06
-14.7937214861959 -2.63502195129568 12.3333333333333
0 0

0101101
*
Ed
 7.022646156e-06 1 1 0
1  6 0 0 1
2  11 1 0 0 1
2  12 3 0 0 1
0

0101000
+98 0 -100 0 *
Ed
 8.3333333e-08 1 1 0
1  7 3 0.808707877394201 1
2  13 1 3 0.808707877394201 1
2  14 2 3 0.808707877394201 1
0

0101000
+98 3 -108 3 *
Ed
 8.3333333e-08 1 1 0
1  8 3 0 1
2  15 1 3 0 1
2  16 5 3 0 1
0

0101000
+109 3 -109 3 *
Wi

0101100
-107 2 -105 2 +103 0 +101 0 -99 2 +97 0 -96 2 +107 2 +95 2 *
Fa
0  8.3333333e-08 1 0

0101000
+94 0 *
Ed
 6.352778174e-06 1 1 0
1  9 0 0.053109824047884 0.3724158913667
2  17 2 0 0.053109824047884 0.3724158913667
2  18 3 0 0.053109824047884 0.3724158913667
0

0101000
+106 0 -98 0 *
Wi

0101100
+96 2 +92 0 +105 2 *
Fa
0  8.3333333e-08 2 0

0101000
+91 0 *
Ve
1.0791788877e-05
-17.1426267044313 4.14550453329096 15.5
0 0

0101101
*
Ed
 8.3333333e-08 1 1 0
1  10 0 0.173417489426232 0.771456551265325
3  19 20C2 3 0 0.173417489426232 0.771456551265325
0

0101000
+104 0 -89 0 *
Ed
 1.0791788877e-05 1 1 0
1  11 0 0 1
2  21 3 0 0 1
2  22 6 0 0 1
0

0101100
+89 0 -89 0 *
Ed
 4.166666667e-06 1 1 0
1  12 0 0.489036977609521 0.913857591087781
2  23 3 0 0.489036977609521 0.913857591087781
2  24 4 0 0.489036977609521 0.913857591087781
0

0101000
+100 0 -102 0 *
Wi

0101100
-88 0 +87 0 +88 0 -103 0 -92 0 -97 0 -86 0 -101 0 *
Fa
0  8.3333333e-08 3 0

0101000
+85 0 *
Wi

0101100
+86 0 +99 2 *
Fa
0  8.3333333e-08 4 0

0101000
+83 0 *
Wi

0101100
+95 2 *
Ve
1.25e-07
-14.8666666666667 1.73493515728975 5.83333333333333
0 0

0101101
*
Ve
1.25e-07
-14.8666666666667 -1.73493515728975 5.83333333333333
0 0

0101101
*
Ed
 8.3333333e-08 1 1 0
1  13 0 0.766994007861867 5.51619129931772
2  25 5 0 0.766994007861867 5.51619129931772
2  26 7 0 0.766994007861867 5.51619129931772
0

0101000
+80 0 -79 0 *
Ed
 1.25e-07 1 1 0
1  14 0 -1.75126432262346 2.41258005487194
2  27 5 0 -1.75126432262346 2.41258005487194
2  28 8 0 -1.75126432262346 2.41258005487194
0

0101000
+79 0 -80 0 *
Wi

0101100
-78 0 -77 0 *
Fa
0  8.3333333e-08 5 0

0101000
+81 0 +76 0 *
Ve
1e-07
-13.0445869390699 0 15.5
0 0

0101101
*
Ed
 8.3333333e-08 1 1 0
1  15 0 0 1
2  29 6 0 0 1
2  30 9 0 0 1
0

0101000
+74 0 -74 0 *
Wi

0101100
+73 0 *
Wi

0101100
+87 0 *
Fa
0  8.3333333e-08 6 0

0101000
+72 0 +71 0 *
Ve
1e-07
-14.4363202288928 1.73493515728975 2.11666666666667
0 0

0101101
*
Ve
1e-07
-14.4363202288928 -1.73493515728975 2.11666666666667
0 0

0101101
*
Ed
 8.3333333e-08 1 1 0
1  16 5 0 4.74919729145585
2  31 7 5 0 4.74919729145585
2  32 10 5 0 4.74919729145585
0

0101000
+69 5 -68 5 *
Ed
 8.3333333e-08 1 1 0
1  17 5 0.24 4.7
2  33 7 5 0.24 4.7
2  34 8 5 0.24 4.7
0

0101000
+69 5 -80 5 *
Ed
 8.3333333e-08 1 1 0
1  18 5 0.24 4.7
2  35 7 5 0.24 4.7
2  36 8 5 0.24 4.7
0

0101000
+68 5 -79 5 *
Wi

0101100
+67 4 -66 4 -78 0 +65 4 *
Fa
0  8.3333333e-08 7 0

0101000
+64 0 *
Ed
 8.3333333e-08 1 1 0
1  19 5 0 4.16384437749539
2  37 8 5 0 4.16384437749539
2  38 11 5 0 4.16384437749539
0

0101000
+68 5 -69 5 *
Wi

0101100
-65 4 -77 0 +66 4 +62 4 *
Fa
0  8.3333333e-08 8 0

0101000
+61 0 *
Ve
1e-07
4.0132325486463 -0 68.3333333333333
0 0

0101101
*
Ed
 8.3333333e-08 1 1 0
1  20 0 0 1
3  39 40C1 9 0 0 1
0

0101000
+74 0 -59 0 *
Ed
 8.3333333e-08 1 1 0
1  21 0 0 1
2  41 9 0 0 1
2  42 12 0 0 1
0

0101000
+59 0 -59 0 *
Wi

0101000
+73 0 +58 0 -57 0 -58 0 *
Fa
0  8.3333333e-08 9 0

0101000
+56 0 *
Ve
1e-07
-14.6131625730485 1.65227116418583 1.91666666666667
0 0

0101101
*
Ed
 8.3333333e-08 1 1 0
1  22 5 -2.08192218874769 -1.982725397023
2  43 10 5 -2.08192218874769 -1.982725397023
2  44 11 5 -2.08192218874769 -1.982725397023
0

0101000
+69 5 -54 5 *
Ve
1e-07
-14.6131625730485 -1.65227116418583 1.91666666666667
0 0

0101101
*
Ed
 8.3333333e-08 1 1 0
1  23 5 0.034474975409884 4.71472231604597
2  45 10 5 0.034474975409884 4.71472231604597
2  46 13 5 0.034474975409884 4.71472231604597
0

0101000
+54 5 -52 5 *
Ed
 8.3333333e-08 1 1 0
1  24 5 -2.0819221887477 -1.982725397023
2  47 10 5 -2.0819221887477 -1.982725397023
2  48 11 5 -2.0819221887477 -1.982725397023
0

0101000
+68 5 -52 5 *
Wi

0101100
-53 0 +67 0 -51 0 +50 0 *
Fa
0  8.3333333e-08 10 5

0101000
+49 0 *
Ed
 8.3333333e-08 1 1 0
1  25 5 0.0991967917247 4.06464758577069
2  49 11 5 0.0991967917247 4.06464758577069
2  50 13 5 0.0991967917247 4.06464758577069
0

0101000
+52 5 -54 5 *
Wi

0101100
-50 0 +62 0 -47 0 +53 0 *
Fa
0  8.3333333e-08 11 5

0101000
+46 0 *
Wi

0101100
+57 0 *
Ve
1.25000012e-07
-1.83676745135369 2.01059692628831 68.3333333333333
0 0

0101101
*
Ve
1.25000012e-07
-1.83676745135369 -2.01059692628831 68.3333333333333
0 0

0101101
*
Ed
 1.25e-07 1 1 0
1  26 0 -3.62717092164879 1.19826170144315
2  51 12 0 -3.62717092164879 1.19826170144315
2  52 14 0 -3.62717092164879 1.19826170144315
0

0101000
+43 0 -42 0 *
Ed
 8.3333333e-08 1 1 0
1  27 0 1.53864123144128 6.27853209146204
2  53 12 0 1.53864123144128 6.27853209146204
2  54 15 0 1.53864123144128 6.27853209146204
0

0101000
+42 0 -43 0 *
Wi

0101100
+41 0 +40 0 *
Fa
0  8.3333333e-08 12 0

0101000
+44 0 +39 0 *
Wi

0101100
+51 0 +47 0 *
Fa
0  8.3333333e-08 13 5

0101000
+37 0 *
Ve
1e-07
-1.80729372732775 -2.02409101683804 68.3666666666667
0 0

0101101
*
Ed
 8.3333333e-08 1 1 0
1  28 7 -2.42890922020564 -2.41271631154597
2  55 14 7 -2.42890922020564 -2.41271631154597
2  56 15 7 -2.42890922020564 -2.41271631154597
0

0101000
+35 7 -42 7 *
Ve
1e-07
-1.80729372732775 2.02409101683804 68.3666666666667
0 0

0101101
*
Ed
 8.3333333e-08 1 1 0
1  29 7 -2.42890922020564 -2.41271631154597
2  57 14 7 -2.42890922020564 -2.41271631154597
2  58 15 7 -2.42890922020564 -2.41271631154597
0

0101000
+33 7 -43 7 *
Ed
 8.3333333e-08 1 1 0
1  30 7 1e-15 4.85781844041129
2  59 14 7 1e-15 4.85781844041129
2  60 16 7 1e-15 4.85781844041129
0

0101000
+35 7 -33 7 *
Wi

0101100
-34 6 +41 0 +32 6 +31 6 *
Fa
0  8.3333333e-08 14 0

0101000
+30 0 *
Ed
 8.3333333e-08 1 1 0
1  31 7 0 4.74919729145585
2  61 15 7 0 4.74919729145585
2  62 17 7 0 4.74919729145585
0

0101000
+33 7 -35 7 *
Wi

0101100
-32 6 +40 0 +34 6 +28 6 *
Fa
0  8.3333333e-08 15 0

0101000
+27 0 *
Ve
1e-07
-2.35921785828433 -2.02409101683804 73.1333333333333
0 0

0101101
*
Ed
 8.3333333e-08 1 1 0
1  32 7 0.24 5.96
2  63 16 7 0.24 5.96
2  64 17 7 0.24 5.96
0

0101000
+35 7 -25 7 *
Ve
1e-07
-2.35921785828433 2.02409101683804 73.1333333333333
0 0

0101101
*
Ed
 8.3333333e-08 1 1 0
1  33 7 1e-15 4.85781844041129
2  65 16 7 1e-15 4.85781844041129
2  66 18 7 1e-15 4.85781844041129
0

0101000
+25 7 -23 7 *
Ed
 8.3333333e-08 1 1 0
1  34 7 0.24 5.96
2  67 16 7 0.24 5.96
2  68 17 7 0.24 5.96
0

0101000
+33 7 -23 7 *
Wi

0101100
-24 0 +31 0 -22 0 +21 0 *
Fa
0  8.3333333e-08 16 7

0101000
+20 0 *
Ed
 8.3333333e-08 1 1 0
1  35 7 0 4.74919729145585
2  69 17 7 0 4.74919729145585
2  70 19 7 0 4.74919729145585
0

0101000
+23 7 -25 7 *
Wi

0101100
+24 0 +28 0 -18 0 -21 0 *
Fa
0  8.3333333e-08 17 7

0101000
+17 0 *
Ve
1e-07
-2.58237551412866 -1.94172031399421 73.3333333333333
0 0

0101101
*
Ed
 8.3333333e-08 1 1 0
1  36 7 -2.42890922020564 -2.33006437679305
2  71 18 7 -2.42890922020564 -2.33006437679305
2  72 19 7 -2.42890922020564 -2.33006437679305
0

0101000
+25 7 -15 7 *
Ve
1e-07
-2.58237551412866 1.94172031399421 73.3333333333333
0 0

0101101
*
Ed
 8.3333333e-08 1 1 0
1  37 7 0.098844843412592 4.7589735969987
2  73 18 7 0.098844843412592 4.7589735969987
2  74 20 7 0.098844843412592 4.7589735969987
0

0101000
+15 7 -13 7 *
Ed
 8.3333333e-08 1 1 0
1  38 7 -2.42890922020564 -2.33006437679305
2  75 18 7 -2.42890922020564 -2.33006437679305
2  76 19 7 -2.42890922020564 -2.33006437679305
0

0101000
+23 7 -13 7 *
Wi

0101100
+14 0 -22 0 +12 0 -11 0 *
Fa
0  8.3333333e-08 18 7

0101000
+10 0 *
Ed
 8.3333333e-08 1 1 0
1  39 7 0.029263528577308 4.71993376287855
2  77 19 7 0.029263528577308 4.71993376287855
2  78 20 7 0.029263528577308 4.71993376287855
0

0101000
+13 7 -15 7 *
Wi

0101100
-11 0 +18 0 -8 0 +14 0 *
Fa
0  8.3333333e-08 19 7

0101000
+7 0 *
Wi

0101100
+8 0 +12 0 *
Fa
0  8.3333333e-08 20 7

0101000
+5 0 *
Sh

0101100
+93 0 +90 0 +84 0 +82 0 -75 0 -70 0 +63 0 +60 0 +55 0 -48 4 
-45 4 +38 0 -36 4 -29 0 -26 0 +19 6 +16 6 -9 6 +6 6 +4 6 
*
So

0100000
+3 0 *
Co

0100000
+2 0 *

+1 1 