DBRep_DrawableShape

CASCADE Topology V1, (c) Matra-Datavision
Locations 7
1
              1               0               0               0 
              0               1               0               0 
              0               0               1               0 
1
0.642787609686539 0.766044443118978               0 0.357212390313461 
-0.766044443118978 0.642787609686539               0 0.766044443118978 
              0               0               1               0 
2  2 -1 0
1
              1               0               0               1 
              0               1               0               0 
              0               0               1             2.3 
2  4 -1 0
1
              1               0               0              26 
              0               1               0               0 
              0               0               1            81.8 
2  6 -1 0
Curve2ds 78
8 0 1
7 0 0  2 3 2  1 0  0.99999999999999989 0.49999999999999556  1.0000000000000007 1.0000000000000044 
 0 3 1 3
8 0 1
7 0 0  2 3 2  0 0  -8.9999999999999996e-17 0.49999999999999556  5.9999999999999999e-16 1.0000000000000044 
 0 3 1 3
8 0 0.12557405195937529
7 0 0  2 3 2  5.9999999999999999e-16 1.0000000000000044  0.062787025979688618 1.0000000000000013  0.12557405195937557 1 
 0 3 0.12557405195937529 3
8 0 0.12557405195937529
7 0 0  14 15 2  0 0  -6.9456000000000002e-13 -2.0195952773093926  1.2147204227192274 -4.0391913000924751  3.6441628210523591 -5.5476870595838133  6.92501944253282 -6.0340391812071381  10.330743698266492 -5.1703958745632024  12.93063352927614 -2.9964836036648688  13.909440171484663 -8.8266279999999994e-11  12.930633529278936 2.9964836038261957  10.330743698262287 5.1703958744407066  6.9250194425365796 6.0340391812831466  3.6441628210500929 5.5476870595465151  1.2147204227201716 4.0391913001060118  -9.2370999999999991e-13 2.0195952773064398  4.4400000000000004e-15 7.55e-15 
 0 15 1 15
8 0 1
7 0 0  5 6 2  0.13619260512497264 0.99098515379678276  0.13384145161489691 0.99225428609884148  0.13158545480816031 0.99377045548368415  0.12943839955946146 0.99555236734278196  0.12742004810358232 0.99761996456182089  0.12557405195937607 1.0000000000000002 
 0 6 1 6
8 0 1
7 0 0  4 5 2  1.0000000000000004 0.17193777614850841  0.99514093368654954 0.17160960917067403  0.99027918707904661 0.17115277605583934  0.98541684283823727 0.17051527635948283  0.98055660917779941 0.16955490674130291 
 0 5 1 5
8 0 1
7 0 0  7 14 3  0.22124096935115306 1  0.21405014283817536 0.9981948754732457  0.20698483158003 0.99635149264213396  0.20006657569956587 0.99450235870244796  0.19331145016758455 0.99269437748444034  0.18674650966192985 0.99099828330599848  0.18038232800435594 0.98951149900449309  0.16808510977658117 0.98717987993347323  0.16215237486693063 0.98633563872824326  0.15644751302373752 0.98592207211426541  0.15098168450522362 0.98606828189105855  0.14576097914109351 0.98689208382659543  0.14080561888780016 0.98849522739753559  0.13619260512497308 0.99098515379678331 
 0 8 0.5 6 1 8
8 0 1
7 0 0  7 8 2  0.10466796906544278 0.16955490674130355  0.090193173200319166 0.17072110813452923  0.075526743625403014 0.17173100074262493  0.0606862867559812 0.17249621495579959  0.045641721345191399 0.17286969543215491  0.030488309543756031 0.17290391265089511  0.015253345833372119 0.17296908275534406  -1.0000000000000001e-17 0.17193777614850853 
 0 8 1 8
8 0.22124096935115317 0.72961269041147758
7 0 0  2 3 2  0.22124096935115337 1  0.47542682988131529 1.0000000000000016  0.72961269041147947 0.99999999999999845 
 0.22124096935115317 3 0.72961269041147758 3
8 0.22124096935115317 0.72961269041147758
7 0 0  14 15 2  0 0  -6.9456000000000002e-13 -2.0195952773093926  1.2147204227192274 -4.0391913000924751  3.6441628210523591 -5.5476870595838133  6.92501944253282 -6.0340391812071381  10.330743698266492 -5.1703958745632024  12.93063352927614 -2.9964836036648688  13.909440171484663 -8.8266279999999994e-11  12.930633529278936 2.9964836038261957  10.330743698262287 5.1703958744407066  6.9250194425365796 6.0340391812831466  3.6441628210500929 5.5476870595465151  1.2147204227201716 4.0391913001060118  -9.2370999999999991e-13 2.0195952773064398  4.4400000000000004e-15 7.55e-15 
 0 15 1 15
8 0 1
7 0 0  5 6 2  0.77656555739367328 0.99999999999999933  0.76827950845515147 0.99870276768544386  0.75941859956384405 0.99818474975774052  0.750016965466898 0.99833451579144139  0.74007139495653007 0.99898834495925826  0.72961269041147714 0.99999999999999956 
 0 6 1 6
8 0 1
7 0 0  4 5 2  0.63422598720898482 0.16955490674130275  0.61944991776351799 0.1700768558546617  0.60446322905035998 0.17014392027399161  0.58923276151359616 0.16996479593596092  0.57379701976722719 0.16955490674130294 
 0 5 1 5
8 0.77656555739366639 1
7 0 0  2 3 2  0.77656555739366828 0.99999999999999789  0.88828277869682615 1.000000000000016  0.99999999999999811 1.0000000000000047 
 0.77656555739366639 3 1 3
8 0.77656555739366639 1
7 0 0  14 15 2  0 0  -6.9456000000000002e-13 -2.0195952773093926  1.2147204227192274 -4.0391913000924751  3.6441628210523591 -5.5476870595838133  6.92501944253282 -6.0340391812071381  10.330743698266492 -5.1703958745632024  12.93063352927614 -2.9964836036648688  13.909440171484663 -8.8266279999999994e-11  12.930633529278936 2.9964836038261957  10.330743698262287 5.1703958744407066  6.9250194425365796 6.0340391812831466  3.6441628210500929 5.5476870595465151  1.2147204227201716 4.0391913001060118  -9.2370999999999991e-13 2.0195952773064398  4.4400000000000004e-15 7.55e-15 
 0 15 1 15
8 0 1
7 0 0  2 3 2  0 0  0.4999999999999995 4.2000000000000002e-16  1.0000000000000004 -3.1999999999999999e-15 
 0 3 1 3
8 0 1
7 0 0  14 15 2  0 0  -8.5975999999999996e-13 3.5006318140028196  2.4728237176760519 7.0012649201608825  7.4184743142913714 9.615990903276824  14.097361008001528 10.459001247430074  21.030442528631426 8.9620195159009306  26.323075398862116 5.193904913032851  28.315646063401928 1.3510525999999999e-10  26.323075398868845 -5.1939049132796837  21.030442528621702 -8.9620195157137914  14.0973610080098 -10.459001247545874  7.4184743142865273 -9.615990903220176  2.4728237176780059 -7.0012649201813373  -1.34293e-12 -3.5006318139983481  0 3.11e-15 
 0 15 1 15
8 0.018243470959017401 0.37060664120003856
7 0 0  6 137 28  2.0196493778317377 -3.5455138020991317  1.7742590192179923 -3.339607249620653  1.5502903682877776 -3.1078937186194642  1.3514633618087002 -2.8534174547655713  1.1799729843513767 -2.5799190105266878  1.037120415530028 -2.2913532206263474  0.85885847933481152 -1.8225470169639941  0.80371448940874224 -1.6496481013980202  0.75788626683400828 -1.4739334045505346  0.72133674450745922 -1.2960775994741134  0.69396098637461456 -1.1167150266373032  0.65525610775009469 -0.73645111072328184  0.64600734291181183 -0.53533807318103577  0.64766011213900221 -0.33389124014378391  0.65994571307579442 -0.13283772620676615  0.68255781158979278 0.067164070284476018  0.73694587131811051 0.39788581372270304  0.76316986876044979 0.52951522415015284  0.79375464038370147 0.66023602063611708  0.82860275017839058 0.78988217743364419  0.86761534917540839 0.91829748855425053  0.94029575084299655 1.1326393299726396  0.97181898832119451 1.2192923160876781  1.0052295563857205 1.3052468090861891  1.0404951631397674 1.3904565992738931  1.0775835562846128 1.4748769842890797  1.2136349345216368 1.7673802118679194  1.3219897918095871 1.9710885792953423  1.4410304754528545 2.1689250696259181  1.5702566414915804 2.3602538311236732  1.7091690481857302 2.5444646886010545  2.0053798320718701 2.8974749547119698  2.1626702262365898 3.066264849565838  2.3286523855743297 3.2267516705284796  2.5028120972936341 3.3783378045879431  2.6846100534824746 3.5204200946224518  2.9490444260455382 3.7051971986649566  3.0257419438919153 3.7563815816493662  3.1035333976068538 3.8059079492281276  3.1823803645064168 3.853736776610468  3.2622429443501595 3.8998282382649929  3.4607076323106507 4.0086245311648376  3.580397559571332 4.0693435257293853  3.7020227891176676 4.1261750332212106  3.8254466530196032 4.1789945815501994  3.9505225674225306 4.2276773849282323  4.2667755162487353 4.3386683964247705  4.459812285684853 4.3956669144206941  4.6556779720717145 4.4426784466975251  4.8537773740403161 4.4792869832248599  5.0534410832169101 4.5051016414843064  5.4346489676362433 4.5330169146141337  5.6160403712631073 4.5372030401648775  5.7975409057706981 4.5320931236108546  5.9785440896320434 4.5174736709081564  6.1583919361622641 4.4931910223704872  6.4365558107971683 4.4400321122713429  6.5361459577153598 4.4178046280493311  6.635020789183204 4.392481632832081  6.7330515883440496 4.3640600932221876  6.8301070880303536 4.3325469321035763  6.9880126912529246 4.2756233062820836  7.0495096585175663 4.2520055361709508  7.1105084691883027 4.2271104161803947  7.1709732994327364 4.2009446548281533  7.2308684049553795 4.1735169712774276  7.4274695379616373 4.0784196384972429  7.5615385329213947 4.005288053044989  7.6919147265365071 3.9255816324258834  7.8181712380099109 3.8394922635208921  7.9399075224452549 3.7472695915303245  8.2240443995930193 3.508850390827873  8.381339856124649 3.3565165980218694  8.527518708553842 3.1931540726165619  8.661737253632614 3.0198559816208084  8.7833620116802198 2.8378209689749418  8.942697452455814 2.5598731364855056  8.9905853685004402 2.469764330922684  9.0355979906903325 2.3781581884348242  9.0777057070112779 2.2851827798000879  9.1168891533289838 2.1909653931207473  9.2175431100594967 1.9262584006376429  9.2726871014101633 1.7533594846800664  9.3185153248061479 1.5776447872135737  9.3550648473087339 1.3997889813519979  9.3824406050953115 1.2204264076575315  9.4211454821313083 0.84016249126379416  9.4303942457809562 0.6390494541075884  9.4287414753310301 0.43760262152686158  9.4164558733722785 0.23654910811487406  9.3938437741751972 0.036547312177962699  9.3394557137840835 -0.29417443062283799  9.3132317161851415 -0.42580384093221513  9.2826469445273467 -0.55652463732206625  9.2477988348030635 -0.68617079405122361  9.2087862359546762 -0.81458610513094043  9.1361058346034927 -1.0289279465325754  9.1045825972721168 -1.1155809326605051  9.0711720293651847 -1.201535425679549  9.0359064227707364 -1.2867452158926573  8.9988180297801215 -1.3711656009348698  8.8627666520481085 -1.6636688285893775  8.7544117950519187 -1.8673771960692092  8.63537111154419 -2.0652136863717381  8.5061449454982601 -2.2565424477489362  8.3672325387270732 -2.4407533050466736  8.0710217545952094 -2.7937635709515134  7.9137313602405257 -2.9625534657607453  7.7477492007826276 -3.1230402867371834  7.5735894890590476 -3.2746264209349705  7.3917915329728014 -3.4167087112477916  7.1273571605718598 -3.6014858157744314  7.0506596427788342 -3.6526701989060673  6.9728681891166051 -3.7021965666376078  6.8940212222646524 -3.7500253941715722  6.8141586424591436 -3.7961168559684229  6.6156939545370701 -3.9049131491827787  6.4960040272619235 -3.9656321439008257  6.37437879766048 -4.0224636514738634  6.2509549336579031 -4.0752831997855026  6.1258790191115136 -4.1239660030297856  5.8096260695426425 -4.2349570139843644  5.616589299441519 -4.2919555314037154  5.4207236123603746 -4.338967062765346  5.2226242097301556 -4.3755755981678641  5.0229604999666186 -4.4013902553236441  4.6417526157437443 -4.4293055268057628  4.4603612129020114 -4.4334916518667091  4.2788606791977966 -4.42838173534963  4.0978574960882685 -4.4137622833481291  3.918009650191757 -4.3894796361455439  3.4253708057969945 -4.2953332422583905  3.1163828903986741 -4.2047598484989708  2.817260510541475 -4.0833673016482024  2.5321243655958035 -3.9317502636378565  2.2650393356986758 -3.7514208321686846  2.019649377831759 -3.5455138020991313 
 0 7 0.069084088037738411 5 0.10816155184228905 5 0.15150946647306177 5 0.1804348341648849 5 0.20031308439068427 5 0.24999588374289117 5 0.29967868307212525 5 0.31955693328984403 5 0.34848230096457039 5 0.39183021550038571 5 0.43090767946905006 5 0.45290259212899503 5 0.46710621547065173 5 0.50000093394652878 5 0.54709787872506455 5 0.56909276851825152 5 0.608170191860537 5 0.65151806133023782 5 0.68044339893305106 5 0.70032162848459678 5 0.75000437616176574 5 0.79968712386183227 5 0.81956535342146031 5 0.84849069104142039 5 0.89183856060612055 5 0.93091598378436657 5 1 7
8 0.018243470959017401 0.37060664120003856
7 0 0  8 16 3  0.98055660917713416 0.16955490671450194  0.9571168491379467 0.1695549083434571  0.93382013804330199 0.16955489886368014  0.9108177319940296 0.16955492345368839  0.88840788228844758 0.16955488567873545  0.86638751202553976 0.16955492205033806  0.84485592331475345 0.16955490457030464  0.82362144536045889 0.16955490576015109  0.78160053566028087 0.16955490584141972  0.76080486584502605 0.16955490687986755  0.74011944556433384 0.16955490694123215  0.71942350939071031 0.16955490614363378  0.69859212540402227 0.16955490590769945  0.67750821982160658 0.16955490726799974  0.65607460162838127 0.16955490918448585  0.63422598720695611 0.16955490685392657 
 0.018243470959017401 9 0.19442505607952798 7 0.37060664120003856 9
8 0.17193777614850861 0.77145655126532409
7 0 0  2 3 2  1 0.17193777614850861  1 0.4716971637069165  1 0.77145655126532353 
 0.17193777614850861 3 0.77145655126532409 3
8 0.17193777614850861 0.77145655126532409
7 0 0  2 3 2  0 0.17193777614850861  9.9999999999999998e-17 0.4716971637069165  4.0000000000000003e-17 0.77145655126532353 
 0.17193777614850861 3 0.77145655126532409 3
8 0 1
7 0 0  8 49 7  1 0.77145655126532375  0.9834338228197339 0.77145655380536482  0.966848648917221 0.77145654426749388  0.95038583978021052 0.77145655668937252  0.93397256189928157 0.77145655791537138  0.91783787460735766 0.77145653194747865  0.90185981718605035 0.77145656341417634  0.88610566451416162 0.77145655181448092  0.87054173176140892 0.77145655142818093  0.84330318063978749 0.77145655972761695  0.81666611190505578 0.77145654626030002  0.79052816939830717 0.77145654391444018  0.76471062495793019 0.77145655295538507  0.73899157092612522 0.77145655868304741  0.71313911265542373 0.77145654908932748  0.68694456101520462 0.77145653251554058  0.66025562489821243 0.77145655530984125  0.64023950198455992 0.77145655125013268  0.61994201250326997 0.77145655133150892  0.59931347343792696 0.77145655304216976  0.57829867686715331 0.77145655228756438  0.55690744814964432 0.77145654935683139  0.53523832794241943 0.7714565488200904  0.5134553780522878 0.77145655335657837  0.49171811112053099 0.77145655151363446  0.45911269278460198 0.7714565468551019  0.42659708941353358 0.77145656968295384  0.39473491877083688 0.77145652695242006  0.36391761456866334 0.77145655162303228  0.33398439235989485 0.7714565750390534  0.30456604604624715 0.7714565313441426  0.27545487936334601 0.7714565577961886  0.24630307670373594 0.7714565548482436  0.23172800319375675 0.77145654731704971  0.21714525070307161 0.77145655199270602  0.20251854178454418 0.77145655476722674  0.18780996822518453 0.77145655268220592  0.17298302339667257 0.77145654900759741  0.15800563460588032 0.77145654832049637  0.14285319544539476 0.77145655158391913  0.12751159814404087 0.77145655122558443  0.11217125200387576 0.77145654965067956  0.096635155435780717 0.77145655399863244  0.080917722456508301 0.77145654796873941  0.064979053640684015 0.77145655219783293  0.048859505897183908 0.77145655472332919  0.032626186912038342 0.77145654662180618  0.016308516861635699 0.77145655321877715  0 0.77145655126532386 
 0 9 0.125 8 0.34375 8 0.5078125 8 0.75390625 8 0.876953125 8 1 9
8 0 1
7 0 0  6 127 26  4.920052351666631 -4.972227189363597  4.5726585067304502 -4.9723954768933663  4.2250604075210685 -4.9361026285913097  3.882477056980421 -4.8632841002056724  3.5493783414448088 -4.755476272696824  3.2296661371316904 -4.6150095322731843  2.7579718969037854 -4.3505100271570001  2.5944237226630564 -4.2467746804800806  2.4365339092431864 -4.1344075304206189  2.284739961975176 -4.0139644624436359  2.1394008402307723 -3.8860177249132732  1.847489665660583 -3.6019158651281771  1.702428358105025 -3.4442075200109055  1.5660214374009689 -3.2787787226516025  1.4385658586408994 -3.1063894881238703  1.3202822635623441 -2.9277761240924134  1.1387908220199732 -2.6210214605830253  1.0703870170942738 -2.4959577131015518  1.0061714965986512 -2.3686507652518571  0.94618359848923017 -2.2393014159963682  0.89045446961126817 -2.1081044485510869  0.80369134398617792 -1.8840503968698628  0.77039357561558575 -1.7920705978832037  0.73912147185373467 -1.6993702953210492  0.70988162785062059 -1.6060094607239899  0.68267952263986853 -1.512046975277773  0.59604121325508874 -1.1866146286406556  0.54675712543385657 -0.95244689302712449  0.50972989873108343 -0.7158708682107382  0.48499596147464796 -0.47770316902815024  0.47257099372989675 -0.23874299888787415  0.47229298466737291 0.33700538774273747  0.49657613777821208 0.67376476105535776  0.54530536707764554 1.0083523858941854  0.61842690944860301 1.3385124511390167  0.71578874545669091 1.6618942652103279  0.88841552931136203 2.1089645266849462  0.94401776551144323 2.2402153224085919  1.0038805555091264 2.3696226190409653  1.0679729408051815 2.4969916033564443  1.1362557776220585 2.6221214384637594  1.3174505033459338 2.9290514596590804  1.4355613240898482 3.1077791197455529  1.5628501426611825 3.2802915227526355  1.6990970295643155 3.4458521479449922  1.8440057649654245 3.603700693298121  2.135642077084702 3.8880846981970034  2.2808574073189085 4.0161719189538774  2.4325348164299658 4.1367617150483635  2.590315898619151 4.2492814911073147  2.7537636862314834 4.3531749388285084  3.0174058218379987 4.5013458183381401  3.1140975077594266 4.5518627903187872  3.2123285429355626 4.5993790188699526  3.311996199844065 4.6438069613246435  3.4129894363190556 4.6850653079915423  3.5856273864213932 4.749279060652305  3.6566389925042864 4.7739381624021942  3.7281846326524168 4.7970319221789595  3.8002236511679284 4.8185380810946299  3.8727138178024867 4.8384364865989795  4.1039642649717996 4.8964021868898104  4.2642442908020222 4.9284247925478875  4.425993912994894 4.9525912707204984  4.5887395888493856 4.9687731293413888  4.7519912680673491 4.9769036520056327  5.1536376785392113 4.9770978090615925  5.3920730296980759 4.9600435437142378  5.6289322036005816 4.9258111405174212  5.8627138476339553 4.8747207838705835  6.0920162582161552 4.8073281494815969  6.4177760148377905 4.6865181141975727  6.5188091006838151 4.6453574467126044  6.6185196725644238 4.6010259030937561  6.7167966097396432 4.5536046856171843  6.8135371000818932 4.5031812375720186  7.0773223928332207 4.3552653678013478  7.2408705684069767 4.2515300217464569  7.3987603828184874 4.1391628717145661  7.5505543306696579 4.0187198032025719  7.6958934526323306 3.8907730647396273  7.9878046261344799 3.6066712034760462  8.1328659324415593 3.4489628578561025  8.2692728518377834 3.2835340600435514  8.3967284294205022 3.1111448252648088  8.5150120235860065 2.9325314612405307  8.6965034641995178 2.625776797828288  8.7649072689387548 2.5007130503434869  8.8291227893610671 2.3734061025543398  8.8891106874990431 2.2440567534064058  8.9448398164846488 2.1128597860975353  9.1178988340596145 1.6659566627755291  9.2155733329437766 1.3426691482460529  9.2890141040550329 1.0125799454844531  9.3380668549243282 0.67803959796930846  9.3626756411029106 0.34130386377750038  9.3629543776244493 -0.23444452250153025  9.3507604888298506 -0.47341659579223894  9.3262568699642436 -0.71160810120058393  9.2894584282597279 -0.94821982052870568  9.2404008023644764 -1.182435104095281  9.1540772247367368 -1.5079510773383553  9.1269659934393648 -1.6019398231362691  9.0978164425093571 -1.6953288888482829  9.0666339940399752 -1.78805938801799  9.0334251851860063 -1.8800713427553588  8.9468787591347336 -2.1042091891373622  8.8912765230424728 -2.2354599849973047  8.8314137330734805 -2.3648672817372036  8.7673213477041436 -2.4922362661133093  8.6990385107007508 -2.6173661012174887  8.5178437840482211 -2.924296122511032  8.3997329623910399 -3.1030237826051397  8.2724441426422519 -3.2755361853625424  8.1361972544309733 -3.4410968101031769  7.9912885177806494 -3.598945354954532  7.6996522045919775 -3.8833293583760788  7.5544368745752264 -4.0114165782000537  7.402759466046704 -4.1320063737590598  7.2449783848491389 -4.2445261498446927  7.0815305985706294 -4.3484195981864691  6.6100923484135619 -4.6133751053178313  6.2905161241254302 -4.7541509399726012  5.9575218138920851 -4.8622808216626012  5.6150090386282914 -4.9354305921772701  5.2674461969158743 -4.9720595489191153  4.9200523516666417 -4.9722271893635837 
 0 7 0.07038500689198654 5 0.10956490809264169 5 0.15290988380872411 5 0.18177198285420917 5 0.20158422594446068 5 0.24999539166236937 5 0.318220113994096 5 0.34708217481273607 5 0.39042709304822215 5 0.42960694252944998 5 0.45169890081045311 5 0.46692524357639764 5 0.50000093651910826 5 0.54830153465342801 5 0.57039347163652099 5 0.60957328334607785 5 0.6529181597945598 5 0.68178019278852353 5 0.75000484934767164 5 0.79841596839440154 5 0.81822819238452804 5 0.8470902636053329 5 0.89043519753441436 5 0.92961506096344337 5 1 7
8 0.43013991509886884 0.90007507456124758
7 0 0  8 17 3  0.57379701977721431 0.16955490632405965  0.54331513694137357 0.16955490712666688  0.51212630745703791 0.16955490799500694  0.48044677376674372 0.16955490342661506  0.44867964879449573 0.16955491058615735  0.41805406537241652 0.16955490366399317  0.3882255494581841 0.1695549087753534  0.35922687634524664 0.16955490541909057  0.33078583010202384 0.16955490677378429  0.30234420621158287 0.16955490663337822  0.27447793789662595 0.16955490733063427  0.24693810259561566 0.16955490677639135  0.21946185584767719 0.16955490640430274  0.191750168316381 0.16955490696032502  0.16349792342211819 0.1695549072838998  0.13447637558306755 0.16955490608082757  0.10466796906475472 0.16955490668783418 
 0.43013991509886884 9 0.66510749483005815 8 0.90007507456124758 9
8 0.43013991509886884 0.90007507456124758
7 0 0  6 137 28  2.0196493778317377 -3.5455138020991317  1.7742590192179923 -3.339607249620653  1.5502903682877776 -3.1078937186194642  1.3514633618087002 -2.8534174547655713  1.1799729843513767 -2.5799190105266878  1.037120415530028 -2.2913532206263474  0.85885847933481152 -1.8225470169639941  0.80371448940874224 -1.6496481013980202  0.75788626683400828 -1.4739334045505346  0.72133674450745922 -1.2960775994741134  0.69396098637461456 -1.1167150266373032  0.65525610775009469 -0.73645111072328184  0.64600734291181183 -0.53533807318103577  0.64766011213900221 -0.33389124014378391  0.65994571307579442 -0.13283772620676615  0.68255781158979278 0.067164070284476018  0.73694587131811051 0.39788581372270304  0.76316986876044979 0.52951522415015284  0.79375464038370147 0.66023602063611708  0.82860275017839058 0.78988217743364419  0.86761534917540839 0.91829748855425053  0.94029575084299655 1.1326393299726396  0.97181898832119451 1.2192923160876781  1.0052295563857205 1.3052468090861891  1.0404951631397674 1.3904565992738931  1.0775835562846128 1.4748769842890797  1.2136349345216368 1.7673802118679194  1.3219897918095871 1.9710885792953423  1.4410304754528545 2.1689250696259181  1.5702566414915804 2.3602538311236732  1.7091690481857302 2.5444646886010545  2.0053798320718701 2.8974749547119698  2.1626702262365898 3.066264849565838  2.3286523855743297 3.2267516705284796  2.5028120972936341 3.3783378045879431  2.6846100534824746 3.5204200946224518  2.9490444260455382 3.7051971986649566  3.0257419438919153 3.7563815816493662  3.1035333976068538 3.8059079492281276  3.1823803645064168 3.853736776610468  3.2622429443501595 3.8998282382649929  3.4607076323106507 4.0086245311648376  3.580397559571332 4.0693435257293853  3.7020227891176676 4.1261750332212106  3.8254466530196032 4.1789945815501994  3.9505225674225306 4.2276773849282323  4.2667755162487353 4.3386683964247705  4.459812285684853 4.3956669144206941  4.6556779720717145 4.4426784466975251  4.8537773740403161 4.4792869832248599  5.0534410832169101 4.5051016414843064  5.4346489676362433 4.5330169146141337  5.6160403712631073 4.5372030401648775  5.7975409057706981 4.5320931236108546  5.9785440896320434 4.5174736709081564  6.1583919361622641 4.4931910223704872  6.4365558107971683 4.4400321122713429  6.5361459577153598 4.4178046280493311  6.635020789183204 4.392481632832081  6.7330515883440496 4.3640600932221876  6.8301070880303536 4.3325469321035763  6.9880126912529246 4.2756233062820836  7.0495096585175663 4.2520055361709508  7.1105084691883027 4.2271104161803947  7.1709732994327364 4.2009446548281533  7.2308684049553795 4.1735169712774276  7.4274695379616373 4.0784196384972429  7.5615385329213947 4.005288053044989  7.6919147265365071 3.9255816324258834  7.8181712380099109 3.8394922635208921  7.9399075224452549 3.7472695915303245  8.2240443995930193 3.508850390827873  8.381339856124649 3.3565165980218694  8.527518708553842 3.1931540726165619  8.661737253632614 3.0198559816208084  8.7833620116802198 2.8378209689749418  8.942697452455814 2.5598731364855056  8.9905853685004402 2.469764330922684  9.0355979906903325 2.3781581884348242  9.0777057070112779 2.2851827798000879  9.1168891533289838 2.1909653931207473  9.2175431100594967 1.9262584006376429  9.2726871014101633 1.7533594846800664  9.3185153248061479 1.5776447872135737  9.3550648473087339 1.3997889813519979  9.3824406050953115 1.2204264076575315  9.4211454821313083 0.84016249126379416  9.4303942457809562 0.6390494541075884  9.4287414753310301 0.43760262152686158  9.4164558733722785 0.23654910811487406  9.3938437741751972 0.036547312177962699  9.3394557137840835 -0.29417443062283799  9.3132317161851415 -0.42580384093221513  9.2826469445273467 -0.55652463732206625  9.2477988348030635 -0.68617079405122361  9.2087862359546762 -0.81458610513094043  9.1361058346034927 -1.0289279465325754  9.1045825972721168 -1.1155809326605051  9.0711720293651847 -1.201535425679549  9.0359064227707364 -1.2867452158926573  8.9988180297801215 -1.3711656009348698  8.8627666520481085 -1.6636688285893775  8.7544117950519187 -1.8673771960692092  8.63537111154419 -2.0652136863717381  8.5061449454982601 -2.2565424477489362  8.3672325387270732 -2.4407533050466736  8.0710217545952094 -2.7937635709515134  7.9137313602405257 -2.9625534657607453  7.7477492007826276 -3.1230402867371834  7.5735894890590476 -3.2746264209349705  7.3917915329728014 -3.4167087112477916  7.1273571605718598 -3.6014858157744314  7.0506596427788342 -3.6526701989060673  6.9728681891166051 -3.7021965666376078  6.8940212222646524 -3.7500253941715722  6.8141586424591436 -3.7961168559684229  6.6156939545370701 -3.9049131491827787  6.4960040272619235 -3.9656321439008257  6.37437879766048 -4.0224636514738634  6.2509549336579031 -4.0752831997855026  6.1258790191115136 -4.1239660030297856  5.8096260695426425 -4.2349570139843644  5.616589299441519 -4.2919555314037154  5.4207236123603746 -4.338967062765346  5.2226242097301556 -4.3755755981678641  5.0229604999666186 -4.4013902553236441  4.6417526157437443 -4.4293055268057628  4.4603612129020114 -4.4334916518667091  4.2788606791977966 -4.42838173534963  4.0978574960882685 -4.4137622833481291  3.918009650191757 -4.3894796361455439  3.4253708057969945 -4.2953332422583905  3.1163828903986741 -4.2047598484989708  2.817260510541475 -4.0833673016482024  2.5321243655958035 -3.9317502636378565  2.2650393356986758 -3.7514208321686846  2.019649377831759 -3.5455138020991313 
 0 7 0.069084088037738411 5 0.10816155184228905 5 0.15150946647306177 5 0.1804348341648849 5 0.20031308439068427 5 0.24999588374289117 5 0.29967868307212525 5 0.31955693328984403 5 0.34848230096457039 5 0.39183021550038571 5 0.43090767946905006 5 0.45290259212899503 5 0.46710621547065173 5 0.50000093394652878 5 0.54709787872506455 5 0.56909276851825152 5 0.608170191860537 5 0.65151806133023782 5 0.68044339893305106 5 0.70032162848459678 5 0.75000437616176574 5 0.79968712386183227 5 0.81956535342146031 5 0.84849069104142039 5 0.89183856060612055 5 0.93091598378436657 5 1 7
8 -1.5429111304858685 2.6209332470095243
7 0 0  1 2 2  4.9071102156045043 0.20642368677335154  7.5835777901215033 -2.9832661606191957 
 -1.5429111304858694 2 2.6209332470095243 2
8 -1.5429111304858685 2.6209332470095243
7 0 0  1 2 2  5.7000000000000002 -6.0819221887476971  5.7000000000000002 -1.9180778112523038 
 -1.5429111304858694 2 2.6209332470095243 2
8 0.76699400786186667 5.51619129931772
7 1 0  2 5 3  4.9071102156045043 0.20642368677335088  1 5.4187269462908638 7.624237556546313  0.374165738677394 10.198133329356933 1.928362829059618  1 14.977539712423001 -3.7675118984270801  0.374165738677394 7.5835777901215033 -2.9832661606191957  1
 0.76699400786186667 3 3.1415926535897936 2 5.51619129931772 3
8 0.76699400786186667 5.51619129931772
7 0 0  2 5 3  0.76699400786186667 4.7000000000000002  1.9542933307258306 4.700000000000002  3.1415926535897936 4.6999999999999984  4.3288919764537575 4.700000000000002  5.51619129931772 4.6999999999999984 
 0.76699400786186667 3 3.1415926535897936 2 5.51619129931772 3
8 0 1.0000000000000002
7 0 0  3 382 380  0 0  0.01277654871932477 -0.22590296941102234  0.061634463294047308 -0.45371963104340512  0.12359311256457151 -0.68034971848856718  0.12639412675404849 -0.69053150196765545  0.12815876916199187 -0.69692604360356125  0.1303561354206062 -0.70484614420808323  0.18182717930522685 -0.88964295686630002  0.24384734754049298 -1.0831743703873786  0.26645976177704433 -1.2787683827359475  0.26839352818542928 -1.2979988157991129  0.26935887963072247 -1.3083680809692069  0.27019534824509606 -1.3185647582064532  0.28326409659904161 -1.4886702067908719  0.26158527355055305 -1.6755533054714491  0.26190303525323166 -1.8645203673491191  0.26238962335850591 -1.8922816619401499  0.26275578837603675 -1.906685609156056  0.2634789341653283 -1.9261389005935954  0.27120179051051085 -2.0872560650796248  0.30833562818410165 -2.2669460409438251  0.37987336333911337 -2.4242581070918106  0.39505678368156261 -2.4548865042986501  0.40240057006344987 -2.4691053297504078  0.41348375099115575 -2.4895045081872555  0.48744894627857871 -2.6197298031582177  0.60347196084946653 -2.7490882501875347  0.7042139412414663 -2.8780321861752913  0.72761216937220752 -2.9092932294977536  0.73748169360186022 -2.9227719060392521  0.7530580014494781 -2.9447576280815246  0.83380464239608365 -3.0623708170198638  0.90432312198508047 -3.2133152711492587  0.95748895814193613 -3.3633808524689939  0.97122041689792571 -3.4039427929651569  0.97706097609897746 -3.4216278339818036  0.98550063529075249 -3.44783227594138  1.0285153984862898 -3.5839462485810372  1.0707560361405157 -3.7460585887072733  1.1350033987412793 -3.8864991562942914  1.1543328943519517 -3.9242060417767943  1.1644548577297122 -3.942646849159706  1.1810485319811255 -3.9707958086470496  1.2543662566007105 -4.0855498812523203  1.3723380448482994 -4.1915122053106311  1.4977073252355693 -4.2791189964558267  1.5335565920946319 -4.3031305427927187  1.5555759535349072 -4.3174837330407509  1.5847406563275976 -4.3361221083915487  1.7088181323712002 -4.4136995886508803  1.8447666736551902 -4.4898139833136037  1.9633563680343205 -4.577301330275815  1.9932714530071838 -4.600844819743994  2.0158832035634608 -4.6197122810810525  2.0382665926671786 -4.6393421986631367  2.1442255152449476 -4.7377694006972959  2.2289551229826534 -4.8610883319503477  2.3218518109795161 -4.9856629985432539  2.3424161583639052 -5.0126585608583554  2.3639241734159304 -5.0399990855634247  2.3832626992990944 -5.0639273205412616  2.4856593557057858 -5.1857013091086506  2.6009453972703183 -5.2868865302174113  2.7362636601030075 -5.3642847766477786  2.7595930254031202 -5.3766101697512676  2.7932260159818916 -5.3926059894272242  2.8170946798714458 -5.4031564010914179  2.9639579024339402 -5.4616117909319595  3.1202410292466425 -5.4800736250906308  3.2824484785169585 -5.5052537708070322  3.3080264578539924 -5.5094622653698133  3.338767251381773 -5.514863258641606  3.3637373890728917 -5.5194767928333324  3.5249536933976202 -5.5525972491099438  3.6829970167578305 -5.6105134725057564  3.8316559652511102 -5.6842251744792645  3.8572227566819639 -5.697428337287743  3.8762827524817265 -5.7074449273391599  3.891939691138453 -5.7158441516765226  4.0407205602976077 -5.7973093336468811  4.1950954866922121 -5.9015937333353703  4.3603985387934401 -5.9667499109374251  4.389974265819812 -5.9769687604983108  4.4019418657268687 -5.9809253339870949  4.4135969918249813 -5.9845749715261976  4.576765440108721 -6.0332768159624832  4.7724619297679283 -6.0328428351229828  4.9755406619484983 -6.0094461486355693  5.0108795938159707 -6.0048114145451805  5.0244805643409212 -6.0029546653214219  5.0288775400153076 -6.0023509866622042  5.2284177179265097 -5.97472526138551  5.4412421421763648 -5.9285427220723355  5.6584677042124518 -5.9201312131293262  5.6873845797549869 -5.9197654151669772  5.7064318084987766 -5.9197126167303695  5.7286478661153781 -5.9199132212854613  5.9271800050259147 -5.9254669340786279  6.1343623637425146 -5.9656004878515345  6.3379673312693026 -5.9930859628265942  6.3643257396176578 -5.9964419869628607  6.3901464033962352 -5.9996420298228932  6.433575043041543 -6.0045728992347787  6.6163182317256286 -6.0217782438066552  6.7972539814085309 -6.0198405962174482  6.9479320348968781 -5.9788695636886553  6.9704001937124875 -5.972066032087576  6.9999768655845891 -5.9626141473624674  7.0523669727288141 -5.9428792804202564  7.2066721825571802 -5.8726197919045928  7.3453540861657967 -5.7825386880539753  7.4666372066970812 -5.7138118699289988  7.4871956841057283 -5.7024132864340471  7.520553805487328 -5.6841800709485097  7.5818469351447497 -5.6524445848609286  7.7330678457041309 -5.5819780533634589  7.870048908876262 -5.534975418362702  7.9879024523875515 -5.5086230638587228  8.0111008919988063 -5.5037997349965737  8.0590728637316289 -5.494567811192633  8.1371823124391884 -5.4819333487125244  8.2983182277688083 -5.4591293143071304  8.4355598084802814 -5.4347185289383857  8.5350645092729618 -5.3994349029569264  8.5578752038309513 -5.3906385519124767  8.6034706369669891 -5.3716543600291375  8.6811258326821719 -5.3322765869723288  8.8134864643926498 -5.2440613036386114  8.9124169272860847 -5.1518470864273898  8.9771237660225989 -5.0789481426173166  8.9941635076005948 -5.0590869971712031  9.0295756115443595 -5.016422219100698  9.0876954819372031 -4.9405918638169792  9.1796836960319972 -4.8142294836089228  9.2587949620636927 -4.7152442551808686  9.3196463026729699 -4.6551090781968094  9.3382850877121673 -4.6376543099576146  9.3791231004148603 -4.6012265667827394  9.4562487654308214 -4.5416997114418152  9.5862144745324684 -4.4582970095929406  9.6946641551675174 -4.3956874854829513  9.7669994318283067 -4.3519673662271128  9.7894941784080451 -4.3381779594525272  9.842024999224714 -4.305440891086076  9.9296961810414857 -4.2476948615222563  10.054565837531495 -4.1504881055383063  10.137571776303083 -4.0632279595126022  10.183190178062151 -3.9996142534037871  10.196363931471783 -3.979721276426941  10.227655173158182 -3.9292291824534726  10.272403880576478 -3.8388872071383049  10.326142188722079 -3.6885132526600519  10.3625647247627 -3.562321200074734  10.386847344141071 -3.4828911925538932  10.393892021126589 -3.4604198948708351  10.410942478773649 -3.4066617827059695  10.443975537136714 -3.3097403645857044  10.505616734533728 -3.1587845460518844  10.565137947954325 -3.0455169318236113  10.611004202230525 -2.9742953962946919  10.623388728500906 -2.9559917321673899  10.655202953546892 -2.9099487789590754  10.714573109390889 -2.8329029817117757  10.821304403394672 -2.7042208318941343  10.90411161099432 -2.5976565116265369  10.952220903627751 -2.5192431665500772  10.963495000689004 -2.4995535915788327  10.989321589508215 -2.4533234341513972  11.028552973131919 -2.3698938850196192  11.082791793705113 -2.2074234566662159  11.108337146953545 -2.0635436493337194  11.115930025875512 -1.960442012945893  11.117238497990744 -1.9349401403344935  11.119464045588161 -1.8860422733575088  11.119621269533173 -1.8002217267266829  11.112483777633001 -1.6270714724826254  11.103593251174946 -1.4731341158935694  11.107738842510949 -1.3541639548815503  11.109722386818699 -1.3245410214377313  11.112826354040855 -1.282151544839808  11.120987136881027 -1.2117544256317792  11.152224547138022 -1.0399672662001493  11.197704076229565 -0.87849731577780166  11.236880803069944 -0.74448236602656903  11.247249808288522 -0.70863431043546166  11.258530795622516 -0.66948432286881221  11.275964840396586 -0.60795709285173694  11.326987170982104 -0.41758748982809329  11.367297371769402 -0.22464617479510124  11.378361157268227 -0.048444302124344328  11.379229633704956 -0.0033289623744746401  11.379446129554358 0.033183030751251147  11.378465537436139 0.080063134251185997  11.366359715764442 0.27022761351642677  11.323126071130993 0.47759442772159955  11.268572288787444 0.68082608411680401  11.251656612568476 0.74159500958285252  11.24321012657262 0.77172518417839264  11.236648586008144 0.79504270214457573  11.196511636766665 0.93733550883899275  11.14593227210981 1.119379342668392  11.116229426864642 1.3097404923653624  11.109863110320642 1.3816474979718669  11.108141911446461 1.407565590447956  11.107522904067807 1.418129704559232  11.101279180937819 1.5414538466818677  11.112322737572066 1.7223286447366359  11.118625318405472 1.916904418336191  11.116749974142571 1.9971247883073691  11.115873614871676 2.0197202452930143  11.115408030740861 2.0299979110249025  11.10937726585686 2.1456023454106399  11.080936257230885 2.3268273396132968  11.017243498335068 2.4966456652003228  10.983495800354232 2.5651964603407142  10.975105723535769 2.5818060909799248  10.965635431573116 2.5996245704819065  10.908245162452822 2.7017435611767411  10.803740423999709 2.8349908868548312  10.695548745049427 2.9686219388263195  10.653112090947852 3.0269041971393089  10.638905505333 3.0467583827212024  10.626209922428584 3.0650560527449042  10.558326970202026 3.1675582961646027  10.488579396027811 3.3083034934614131  10.431915587475205 3.4628683725525504  10.409320240172461 3.5308447541899457  10.399342257601772 3.5619056723456173  10.391885394790854 3.585838235125109  10.353726404262002 3.7106078744240625  10.314093390271188 3.862981878598712  10.254050180407265 4.0103440675005828  10.226654101868387 4.0673480195087981  10.210618308834913 4.0973538366797335  10.193368908809397 4.1267018841376837  10.122285832275711 4.2399280223664499  10.00976717838817 4.3481443495022134  9.8876103899037719 4.4410342004697245  9.8429471404005735 4.4737562473738697  9.8170004256896473 4.4921138610667244  9.7847960198529567 4.5144430874017747  9.6591826463685564 4.600595610190271  9.5210174150405322 4.687364313865884  9.4063889051350813 4.7837998554449745  9.377734708112369 4.8088490335947975  9.3574753247868845 4.8276130886319626  9.333663567574817 4.8511295932918079  9.2223855648340631 4.9649556079377097  9.138766127560416 5.1028558206191734  9.043406012831511 5.2408162744183286  9.0295159803960239 5.2606378218057337  9.0126057438735643 5.2840967104049756  8.9953324899561764 5.3076076330945536  8.8926917472184428 5.4429154902400567  8.76512844080567 5.5681533406433337  8.6233524876912178 5.6555581693785104  8.6004768550670008 5.6686713052004203  8.5856676940143508 5.676674047932952  8.5648225971187681 5.6876538391015634  8.4152762713977278 5.7609024381559397  8.2341496328565071 5.7929843653565731  8.0708894130740525 5.8314844369287844  8.0488233887637879 5.8368976412706255  8.0313734173840103 5.841265101268232  8.0074194275633968 5.8475173143577059  7.8364456055142178 5.8948289419197568  7.6735588104412447 5.9679703959531789  7.5248154650893158 6.0534775264971259  7.5120610537495836 6.0609224576300944  7.4972665423247618 6.0695941355391181  7.4806891371394943 6.0795140812551409  7.3149768666728017 6.1806071420464299  7.1636449402764439 6.2918264340519201  6.9988567663511265 6.3534748910380436  6.9942081328575645 6.3551777929598394  6.9810846662001449 6.3599629193838592  6.9641058547671815 6.3657030272671831  6.7737398629534464 6.4234067055120434  6.5748404088882522 6.4171560845727962  6.3801016432370528 6.3918658317046901  6.3717462297896139 6.3907535339085264  6.3618575044455916 6.389403554074204  6.3507242515970121 6.3878553009122676  6.1267705280764204 6.3557565166842851  5.910388841942761 6.3030303595582016  5.6956266587248683 6.2943958125293298  5.6836319248929676 6.2939870593571525  5.671979700878838 6.2936882913822831  5.6560206359765957 6.2934146997496203  5.4424773946328013 6.2917923795130983  5.2298589640974491 6.3293872276730481  5.0115478894468932 6.345992202068973  4.9951818240840336 6.3471786916776418  4.9768318622002123 6.3483621855342287  4.9466364691557345 6.3501289428979568  4.7568789703554142 6.3589877076133874  4.5659120971423857 6.344825509102221  4.3990364124901262 6.2832234188040292  4.3778428320382776 6.2747205796453498  4.3578342211250529 6.2659920191678982  4.3264811093141482 6.2518195835237407  4.1707960007622962 6.1738146723582927  4.0280947866190386 6.0652578064253211  3.8824653820635486 5.9726807535788691  3.8600909521673863 5.958857166747034  3.8371709067316004 5.9451850359976079  3.8061312714577937 5.9268015922175232  3.6648420433413107 5.8469630247720339  3.5116647880873284 5.7819660270237909  3.3550233649792696 5.7393621323246995  3.3180728455031656 5.7304930925323303  3.2849135215486229 5.7231202012551812  3.2481401859508638 5.7150725875736939  3.0977264284650436 5.6843818150588437  2.943963726852318 5.6534169196249957  2.8048385328470813 5.5931956185750202  2.7647889451959204 5.573194822478662  2.7289352181785378 5.5525489306595235  2.6933189094567282 5.5310280617865519  2.575806109822607 5.452899126421527  2.4670527172357222 5.3478412454905309  2.3727119081449199 5.2327943082267376  2.3428481957730982 5.1940026157690156  2.3128052112403212 5.153310536806786  2.2862921700031302 5.1168085860177071  2.2054939702469403 5.0040689415522666  2.1249109418062568 4.8943860767409193  2.0239421040701693 4.7994627152157765  1.990713759541519 4.7714361491862753  1.9477666287953861 4.7381585735569658  1.9108034674349916 4.7113581855881632  1.7993030574214268 4.6360047719939175  1.6830706854191346 4.5697816134401732  1.562505729795399 4.494866856813089  1.525858693209746 4.4711257505362445  1.477833754873922 4.4388477484089286  1.4375917474186215 4.4105059576755474  1.3253568746985946 4.3239232813903783  1.2329275260971828 4.232933052930445  1.1684824629801005 4.130193709878939  1.1464473862174858 4.0903550584049446  1.1232008862003138 4.0438971404788431  1.0996275490803979 3.9885903167858463  1.0496765697829886 3.8542183981724643  1.0147650977440579 3.725068757419109  0.9786690222369101 3.6107313112524002  0.96465218865410574 3.5676127282098116  0.94817319919772824 3.5191704318064532  0.92481040031228279 3.4556726119652454  0.87221204916310224 3.323630697541633  0.81513997577772912 3.2102315882042869  0.74756475746765805 3.1077443578607897  0.72016057610299011 3.0683192227513545  0.6890541895531479 3.0265453079633038  0.65101859806244278 2.9771521090140136  0.56003714491964018 2.8620815221911378  0.4752677687148319 2.7542878813381946  0.41052387621882058 2.6393972663802425  0.38900850891085526 2.5979074977946031  0.37029985015229183 2.5555979470338048  0.34935743009603026 2.5042996451567379  0.29697179594935452 2.3589371935784595  0.26982428907644174 2.1990046627616384  0.26154229441018728 2.0525646582705792  0.2602953429479502 2.0167152339481067  0.25981764680314789 1.9768502886210906  0.25984994039052989 1.9305621607739318  0.26352961470422098 1.7506608925438043  0.27799644087940489 1.5710989210756519  0.26925099726048618 1.4107906781777773  0.26775006152480341 1.3899766173024926  0.26579362392188433 1.3663878140026102  0.26254558171933517 1.3329670824543456  0.23712185393935403 1.1283437318403196  0.18270493100847673 0.93537364982359839  0.13068163522148879 0.75484633587194772  0.12819769178447427 0.74623209841064819  0.12390435503478514 0.73134096253143377  0.1182740803696305 0.71180472885329638  0.04820184511730119 0.46766938454668727  -0.013066462227874 0.2310289485696026  0 4.2999999999999999e-16 
 0 4 0.017799462772309219 1 0.018342089115001479 1 0.01835965653908159 1 0.018624448472716191 1 0.018860256380570348 1 0.019001539304922571 1 0.033602872229022272 1 0.034611103461343148 1 0.034678622355117858 1 0.035142460222787462 1 0.035440797901121562 1 0.035493822496612509 1 0.048736606332068319 1 0.050155925603515908 1 0.050267412540437741 1 0.050905616882244931 1 0.051280968498930879 1 0.05178625265100132 1 0.063480993412847062 1 0.065247700914312839 1 0.065362185454319405 1 0.066172239862198348 1 0.066508435887292564 1 0.067192827524472518 1 0.077989364036131215 1 0.080028116927515811 1 0.080077675844978893 1 0.081071626589356308 1 0.081348212115496366 1 0.082209697883167648 1 0.092371911699000289 1 0.094499384018498542 1 0.094596793507362054 1 0.095694225514651191 1 0.095941994680413853 1 0.096725694928089551 1 0.10671917900479147 1 0.10871084130927418 1 0.10903627365597236 1 0.11011786903934816 1 0.11040301512254165 1 0.11167051119933964 1 0.1211108015920611 1 0.12280202402619611 1 0.12342156446307334 1 0.12441753700775882 1 0.12481389465520096 1 0.12607047730594576 1 0.13561950818263213 1 0.13686929187506219 1 0.13782446932483433 1 0.13866904634351546 1 0.13923494633915631 1 0.14021961365657501 1 0.1503137543796142 1 0.1510114537886019 1 0.15231616296391579 1 0.15295035552448644 1 0.15371005282261979 1 0.15470021243779716 1 0.16526075413818009 1 0.1653255983748384 1 0.16696982519372552 1 0.16734264211028138 1 0.16827486542769229 1 0.16903990442673944 1 0.17990632555533206 1 0.18053168466611233 1 0.18186515098889242 1 0.18193332789968289 1 0.18297516998316316 1 0.18385480392859702 1 0.19485299973983691 1 0.19621255510311902 1 0.19682475183606113 1 0.19709820537095199 1 0.19789123675779818 1 0.19820855554941388 1 0.21029548003548004 1 0.2121587217227531 1 0.2124313583601336 1 0.21280695937908842 1 0.21317084273128326 1 0.2134123251363802 1 0.22648453656417208 1 0.22820318673780129 1 0.22910887929289961 1 0.22922539085196983 1 0.22925998872613454 1 0.2294506216673412 1 0.24474051456872223 1 0.24628806434446582 1 0.24687964577908333 1 0.24706061860171324 1 0.24781620552166533 1 0.24866186760909906 1 0.26298308068834375 1 0.26436966502984316 1 0.26451419893139311 1 0.26502978819440637 1 0.26637227946898845 1 0.26787311354188797 1 0.2791317704645615 1 0.28033138846028682 1 0.28040428208769524 1 0.2810169585475743 1 0.28282488042139864 1 0.28489237682217444 1 0.29452016714010515 1 0.29557358835965863 1 0.29572508354998839 1 0.29634888970318635 1 0.2985330644242235 1 0.30111118004330345 1 0.30942038855129533 1 0.30993409751657647 1 0.31060516720689613 1 0.31128112528357332 1 0.31376563379217781 1 0.31679205044968639 1 0.32398661954738217 1 0.32473977247968133 1 0.32519206634493736 1 0.32593004771692663 1 0.32866080982513246 1 0.33206298096812487 1 0.33833897744337232 1 0.33902109242580369 1 0.33959285869642458 1 0.34036314470975876 1 0.34331486275629458 1 0.34700998075158257 1 0.35258281441976758 1 0.35340149551483857 1 0.35389730656082569 1 0.35463946202946411 1 0.35780758663879042 1 0.36170422701458793 1 0.36681158516384199 1 0.36747635971275727 1 0.36818565580916096 1 0.3688318436104584 1 0.37221211698930873 1 0.37621293371000636 1 0.38110538911059322 1 0.38180501987456944 1 0.38253159750135912 1 0.38303230347279998 1 0.38659943868915564 1 0.3906045564291678 1 0.39553034949099058 1 0.39668468579776134 1 0.39700414648677479 1 0.3973479772285784 1 0.40104105498768772 1 0.40495182387463036 1 0.41014153530007946 1 0.41118033722886976 1 0.411670418237084 1 0.41189245975225741 1 0.41561162730518342 1 0.41933437166224652 1 0.42499105436807516 1 0.42621438544781576 1 0.42660108211307118 1 0.42678215301162897 1 0.43039338561179363 1 0.43384274237436127 1 0.44014366902524549 1 0.44167022311186227 1 0.44188173202570041 1 0.44213326560051003 1 0.44548574095333465 1 0.44858712949370538 1 0.45570851840456345 1 0.45764017205592711 1 0.45807093881940342 1 0.45807642433139745 1 0.46103032275700839 1 0.46372086358071568 1 0.47193178442982797 1 0.47413677467284004 1 0.47456356851186837 1 0.47482792892471043 1 0.47729837574641776 1 0.47952427297314176 1 0.49013937424043735 1 0.49272643101266672 1 0.49358461431822931 1 0.49373837864637199 1 0.49563893688307248 1 0.49732373564316906 1 0.50890591691368425 1 0.51219075551493043 1 0.51364686856757558 1 0.51379889553870628 1 0.51461899948972945 1 0.51552708651575063 1 0.52528224361981601 1 0.5293721415260666 1 0.53083975069360023 1 0.53103686025488572 1 0.5314426788271327 1 0.53168316005632765 1 0.54087615177691151 1 0.54573583912080847 1 0.54692187096522449 1 0.54714215072814454 1 0.54749979514451663 1 0.54772403858552909 1 0.55616309741745396 1 0.56159744721474825 1 0.56188860826771092 1 0.56218455154289571 1 0.56306458928073899 1 0.56348076226099464 1 0.57143490759061444 1 0.57634881986079889 1 0.57696149250739082 1 0.57712514827208328 1 0.57827725777167094 1 0.57872286762342795 1 0.5868624459252485 1 0.59070570590874694 1 0.59158084023927704 1 0.59242621378055393 1 0.593234479631221 1 0.59352030277762957 1 0.60250975888596947 1 0.60528101706548232 1 0.60613148507503189 1 0.6075706413315658 1 0.60801551711723578 1 0.60887422168264971 1 0.61834962471847543 1 0.62025596242597392 1 0.62069245990857491 1 0.62260300482471287 1 0.62269250574708102 1 0.62369813057224588 1 0.63428917891735148 1 0.63533709655448012 1 0.63566053671132428 1 0.63733547765217136 1 0.63755328615132767 1 0.63835062416677235 1 0.65013566565300751 1 0.65020626267778903 1 0.6513914224010684 1 0.65201557254539821 1 0.65244915655763802 1 0.65365225050272791 1 0.66515830419194821 1 0.66599435491284886 1 0.66680815941273308 1 0.66724620207344343 1 0.66732957267687953 1 0.66867816853992657 1 0.68048004148395891 1 0.68161141077670351 1 0.6817975798390421 1 0.68225894062481929 1 0.68302054570511617 1 0.68373903238387612 1 0.69619144602105065 1 0.69708691037694592 1 0.69712544667367526 1 0.69734257525858478 1 0.69842320726906482 1 0.69862868039295911 1 0.7124255382754261 1 0.71275146697927283 1 0.71275264245051972 1 0.71282307071912243 1 0.71387317773640857 1 0.71419265601320991 1 0.72880202123769044 1 0.72892211582468969 1 0.72928480988531885 1 0.72945009926575655 1 0.72968990554798463 1 0.73014993866555655 1 0.74687924368709491 1 0.74716120538424446 1 0.74738239990610189 1 0.74784149991690441 1 0.74809570305719897 1 0.74866186925225942 1 0.76495476978845167 1 0.76498356220890773 1 0.7655459526536198 1 0.76621932217368094 1 0.76639918083066416 1 0.76787363929991748 1 0.78082839637581647 1 0.78111467274017055 1 0.78214319043183234 1 0.78266009273742054 1 0.78286388929564221 1 0.7848982004737437 1 0.79655605173716149 1 0.7966288209450253 1 0.79831736219459348 1 0.79860399399774828 1 0.798710594964126 1 0.80113229297256339 1 0.81129182675021239 1 0.81179930499609521 1 0.81389667249139364 1 0.81427232446087439 1 0.81445952443734326 1 0.81684369771804777 1 0.82627299213303995 1 0.82675277670436897 1 0.8288871234107551 1 0.82981818666224616 1 0.83001738377343615 1 0.83216543507457441 1 0.84088613798429568 1 0.84156194851868094 1 0.84367703190980692 1 0.84468046654852946 1 0.84549177133260967 1 0.84718807344465286 1 0.85550501671946722 1 0.85627950535546948 1 0.85835009278031171 1 0.85899933062306277 1 0.86062787527812046 1 0.86198664209619535 1 0.86964246047918958 1 0.87095708491631829 1 0.87284679930239573 1 0.87298201275536469 1 0.87539331425946387 1 0.87663127803386709 1 0.88398157445807768 1 0.88565716303725539 1 0.88642299432709892 1 0.88764524914246801 1 0.88981902929809242 1 0.89119225197860696 1 0.89890018265667626 1 0.90003928478288353 1 0.90045948147816801 1 0.90241187641503273 1 0.90401494497773871 1 0.9057428958753676 1 0.91356157420157824 1 0.91406987310042287 1 0.91546285909054892 1 0.9173563529909069 1 0.91817217038599841 1 0.92036224277048229 1 0.92886157457878571 1 0.9289193326701457 1 0.93078438959940635 1 0.93255005264336244 1 0.93256002288452211 1 0.93513918314032196 1 0.94465294618606643 1 0.94500526584541333 1 0.9465610518399814 1 0.94745147047962652 1 0.9481209374379056 1 0.95018158369733696 1 0.96154291955574323 1 0.96229453192730185 1 0.96296705147402051 1 0.96320503239293054 1 0.96417965858159638 1 0.96564057447618801 1 0.97960453332241282 1 0.97980746213529413 1 0.98021960950150866 1 0.98030011208614187 1 0.98100975038967153 1 0.98179664844551751 1 1.0000000000000002 4
8 0 1.0000000000000002
7 0 0  2 3 2  -0 7.0000000000000003e-17  0.50000000000000011 2.5000000000000002e-16  1.0000000000000002 4.9999999999999999e-17 
 0 3 1.0000000000000002 3
8 0.23999999999999999 4.7000000000000002
7 0 0  1 2 2  1.2400000000000002 -1.9180778112523034  5.7000000000000002 -1.9180778112523034 
 0.23999999999999999 2 4.7000000000000002 2
8 0.23999999999999999 4.7000000000000002
7 0 0  2 3 2  5.51619129931772 0.2399999999999991  5.5161912993177227 2.4700000000000011  5.51619129931772 4.6999999999999984 
 0.23999999999999999 3 4.7000000000000002 3
8 0.23999999999999999 4.7000000000000002
7 0 0  1 2 2  1.2400000000000002 -6.0819221887476971  5.7000000000000002 -6.0819221887476971 
 0.23999999999999999 2 4.7000000000000002 2
8 0.23999999999999999 4.7000000000000002
7 0 0  2 3 2  0.76699400786186656 0.23999999999999999  0.76699400786186656 2.4700000000000002  0.76699400786186656 4.7000000000000002 
 0.23999999999999999 3 4.7000000000000002 3
8 4.4e-16 4.1638443774953933
7 0 0  1 2 2  1.2400000000000002 -1.9180778112523034  1.2400000000000002 -6.0819221887476971 
 -4.4e-16 2 4.1638443774953933 2
8 4.4e-16 4.1638443774953933
7 0 0  1 2 2  -4.4e-16 -0.16970562748477214  4.1638443774953933 -0.16970562748477214 
 -4.4e-16 2 4.1638443774953933 2
8 0 4.7491972914558538
7 0 0  2 5 3  0.76699400786186656 0.23999999999999999  1.9542933307258308 0.23999999999999971  3.1415926535897936 0.2399999999999991  4.3288919764537583 0.23999999999999971  5.51619129931772 0.2399999999999991 
 0 3 2.3745986457279269 2 4.7491972914558538 3
8 0 4.7491972914558538
7 0 0  2 5 3  0 0  1.1872993228639634 -1.7899999999999999e-15  2.3745986457279269 0  3.5618979685918912 1.2800000000000001e-15  4.7491972914558538 -3.1000000000000001e-16 
 0 3 2.3745986457279269 2 4.7491972914558538 3
8 0 1
7 0 0  2 3 2  1.0000000000000002 4.9999999999999999e-17  1.0000000000000002 0.50000000000000011  1.0000000000000002 1.0000000000000002 
 0 3 1 3
8 0 1
7 0 0  2 3 2  0 4.9999999999999999e-17  0 0.50000000000000011  0 1.0000000000000002 
 0 3 1 3
8 0 1.0000000000000002
7 0 0  2 3 2  1.0000000000000001e-17 1.0000000000000002  0.49999999999999989 1  1.0000000000000002 1.0000000000000002 
 0 3 1.0000000000000002 3
8 0 1.0000000000000002
7 0 0  3 382 380  0 0  -0.0034680745888664398 -0.34832410279234705  0.0086128568742367406 -0.70813199310200825  0.039399647970583367 -1.0665939367787713  0.040808830691801752 -1.0826988972546587  0.041702092890034237 -1.0928135336313907  0.042826604024583048 -1.1053413802923695  0.069383930993730303 -1.3976496791092499  0.11034828219948167 -1.7037548275837464  0.16674023736231902 -2.0056532303908439  0.17238422089519645 -2.0352819108281088  0.17545400586035953 -2.0512437652082118  0.17850995133955649 -2.0669192357183257  0.22977647090623066 -2.328262154491481  0.29780865387698441 -2.6087457599458386  0.38038288228408135 -2.8861822549108362  0.39272506934489826 -2.9268482544061847  0.39918244136429593 -2.9479243804951962  0.40800160649373396 -2.9763463811648325  0.48175119284984902 -3.2114410249208545  0.57490287217634517 -3.46899348951312  0.67757024461047877 -3.7143775774661298  0.6982573278021178 -3.7628794263862759  0.70802538034686791 -3.7855676658764357  0.7223474708570663 -3.8184519775115229  0.81559437482608388 -4.0303791069382013  0.93249672960925523 -4.2683165610637852  1.0545674959516091 -4.4893049361926787  1.0841802209527884 -4.5419376215530951  1.0969510222053387 -4.5644300236974056  1.1177489502795268 -4.6006576941387305  1.2288012081806201 -4.7922035502538716  1.3672285446711854 -5.0097581087977821  1.5068620979316023 -5.2082780414757517  1.5447562153589089 -5.2612055173746057  1.5613138675991891 -5.2841136025824156  1.5859189736276633 -5.3177954295275844  1.7140176202664037 -5.4917289935386284  1.8705200149694505 -5.6871432850031853  2.0295958092790514 -5.8684598679298503  2.0739434603922149 -5.9181343334372389  2.0961534330776175 -5.9427506461289905  2.1309225282871083 -5.9808944728262654  2.2769369616291613 -6.1392325310674831  2.4487061256933131 -6.3112355725394504  2.6179253727209684 -6.4673597982504871  2.6659126010404464 -6.5108876935560955  2.6952648090405944 -6.5371979147027259  2.7340863908134381 -6.5716421103361728  2.8991349323943396 -6.716312627262579  3.0828420182971001 -6.8650018909210084  3.2672923406030563 -7.002884838793455  3.3154258962578709 -7.0382816651076983  3.3529393923792625 -7.0655016119241401  3.391057381266215 -7.0928710278721923  3.5771056652852309 -7.224919744850463  3.7704435290590865 -7.3511079202541216  3.9735609345553087 -7.4732155908966531  4.0180142469423572 -7.4995267679896909  4.0636891093277363 -7.5261554376519344  4.1041510105492058 -7.5494889281844975  4.3137931268289229 -7.6687343324133117  4.5159655354193404 -7.7735196823309103  4.7330894358412507 -7.8766691607961574  4.7700279203395368 -7.893965728781672  4.822514275168583 -7.9181253895549206  4.8594256103999705 -7.9349271761372888  5.0840014040497614 -8.0356719315553065  5.3067480061190331 -8.1257513244138853  5.5428763511493919 -8.2116348861137034  5.5802770028462163 -8.2249831861300731  5.625430342859449 -8.2408803073707073  5.6622411170327105 -8.2536998662876773  5.9017514553939741 -8.3355416022597062  6.150149017977256 -8.4105400270197919  6.3958636181405595 -8.4752325189489977  6.4384609029816211 -8.4861893311510173  6.4703303020639353 -8.4943003996580568  6.4966217385142286 -8.5009063112852274  6.7475588221639455 -8.5631114087888349  7.0212027394381344 -8.6207704158590523  7.2957978578465479 -8.6680651794051649  7.3443315952504378 -8.6761435880834163  7.3638960829669848 -8.6793658273337027  7.3828643441060642 -8.6824520830191769  7.6474054670759344 -8.7250643082663597  7.9397661749709627 -8.7617739161222996  8.2460181364637712 -8.7890974258079471  8.2995208078004659 -8.7935304634871176  8.3201537289680552 -8.7951891933615833  8.3268260553245348 -8.7957231693765525  8.629761825271526 -8.8198023707156619  8.9631107766024307 -8.8339203377203255  9.3045360330995486 -8.8387251650099419  9.3499881976788721 -8.8392085905060398  9.3799258521225219 -8.8394904800958169  9.4148418239444531 -8.8397678786483382  9.7267896542185781 -8.8414790838963953  10.051130851348621 -8.835896397959722  10.361201072168665 -8.8200188866174916  10.401227092750467 -8.8178324553683662  10.44038766425145 -8.8156353832633734  10.506054920777903 -8.811674782925115  10.781643283616667 -8.7932277924773974  11.053920223242866 -8.7666458880316949  11.29737058439899 -8.7350587083489568  11.333979420515469 -8.7301873351361881  11.382389719646554 -8.7236589748566864  11.469450718578887 -8.7113658814353983  11.731005185695793 -8.6717434231462587  11.976761180865136 -8.6267473631115568  12.184278206084389 -8.5823583204339009  12.219284534291607 -8.5747470095901477  12.27590949316976 -8.5623066721374776  12.378783985554385 -8.5388546727612251  12.627661536179371 -8.4785675334848918  12.843051482873033 -8.4191851052562754  13.020994422063584 -8.3650510081367067  13.055831847110625 -8.3543177621062341  13.127477423582224 -8.3319269149736623  13.242819417567187 -8.2946732793441562  13.478377891657207 -8.2142107995239044  13.67960056373169 -8.1383259343005658  13.832074599165178 -8.0764049413531591  13.86729583299465 -8.0619441659723972  13.938246907898062 -8.0324997176953037  14.062001809691271 -7.9795308856570442  14.283576583559551 -7.8794705651791039  14.465875975020623 -7.7901104626027022  14.596802888900978 -7.7221274056934224  14.631921572507764 -7.7037052894868134  14.706241111681326 -7.6642935281830642  14.833767904665724 -7.5946142421637992  15.041238255985736 -7.4751175193169681  15.209297985087304 -7.3710749246198386  15.322424128772298 -7.2975146772842843  15.356104019123119 -7.2753941968557365  15.428053335905677 -7.2276928000026599  15.554376032274437 -7.1414338122590086  15.747925399895742 -7.0020737148455163  15.898050079670625 -6.8864820006508349  15.997036806657551 -6.8069339150302577  16.027767675027743 -6.7819862377614486  16.099517720731715 -6.7231536895775657  16.219680093066252 -6.6216633497520521  16.399173362546961 -6.4615995960289645  16.535310571328782 -6.3319660896614778  16.623184253356399 -6.2447584604645021  16.649841212160979 -6.2180229963767433  16.715864220250218 -6.1512011382421097  16.825336718944541 -6.0370131754881218  16.989769279703019 -5.855525036214849  17.117494196974377 -5.7047071417771154  17.196327230877639 -5.6071989130900954  17.218563971073596 -5.5793812751305136  17.271693468258114 -5.5125774070642031  17.366774204650092 -5.3892361238861746  17.514093081838169 -5.1863964759772037  17.625275213150903 -5.0217165980056055  17.696363661510599 -4.910921940595812  17.71472389220321 -4.8819422375902182  17.760994357511183 -4.8084757913749048  17.839140368086444 -4.6802334504378376  17.966541574896617 -4.457417049929199  18.063286449574505 -4.2735294712646006  18.126347236392856 -4.1458779768603602  18.141702871159204 -4.1143227516630843  18.177376250747074 -4.0406229950554806  18.237405092449098 -3.912046117555259  18.341976101056964 -3.6720210870844094  18.422971399713653 -3.466396800415954  18.47655758462632 -3.3182829372506064  18.489591579503845 -3.2815445689645744  18.514470716800659 -3.2110488676597111  18.556598429762133 -3.0865984262216815  18.636106055323339 -2.8327702358634084  18.699095183052858 -2.6030584842792104  18.742707624290002 -2.4224366693699038  18.753238256107508 -2.3772545797054438  18.768220409150182 -2.3125449454019424  18.792119288627386 -2.2044524450536627  18.845770551507623 -1.9383269871398128  18.887547340193706 -1.6848637671862845  18.9152486519564 -1.474242024746824  18.922189097983221 -1.4179283101869118  18.929634420080152 -1.3564374688564049  18.940502367334432 -1.2598608479476709  18.969776468165346 -0.96135293939051192  18.987619702730413 -0.65961736719247122  18.995475639756798 -0.38425587611946144  18.996965971924695 -0.3137554030752398  18.998051524330286 -0.25669938778580359  18.999132619891856 -0.18344172828287397  19.00143712573913 0.11375501836665261  18.996021222867899 0.43810390803900323  18.978868801949897 0.75736174502393072  18.972515590975458 0.8529859604196498  18.96915254795158 0.90042746407868346  18.966449846924025 0.93715534816198709  18.948854412911366 1.1613935636597381  18.917462887178964 1.4488490961174851  18.872453410982171 1.7454868198575355  18.85362666800841 1.8566512915753048  18.846645231078593 1.8966127845404619  18.843770784405219 1.9128852836323069  18.809853338050566 2.1026537540958019  18.75243393937933 2.3768675529708214  18.67786708533249 2.6659899384784453  18.644806480050157 2.7842163051823614  18.635341776732158 2.8174540400751247  18.631008157772971 2.8325607085121045  18.581939444101867 3.0023504144326982  18.497482406786947 3.2654553121180787  18.400055830392812 3.5253623863651695  18.356427279767789 3.634974795341118  18.345741805028709 3.6616601169824587  18.334025681577593 3.6905711083845718  18.26518683641731 3.8582292757155412  18.159205318663869 4.0960672342519917  18.040663049005001 4.3321398509301217  17.988646739561148 4.4307493288305402  17.970924120143586 4.464118498279591  17.954591162236348 4.4945195069071318  17.863324654950404 4.6620555024005474  17.740163849476925 4.8722502290202883  17.603380553883486 5.0838376766906848  17.542618677411479 5.1743441321270645  17.514741829519945 5.2153042086925874  17.493170579018539 5.2465881224157149  17.380364754532081 5.4087841781520183  17.238987340651637 5.5979485266233819  17.082632342951808 5.7892944917926616  17.018871065773823 5.8652340228390738  16.98407422482391 5.9059738478383164  16.948890583404527 5.9465929178866315  16.809854236227242 6.1055620906660986  16.645130280965805 6.2800682332874027  16.479331816125136 6.4417173214255365  16.419168133545316 6.4993816585667812  16.384421604755389 6.5321192723445778  16.341267981481128 6.572190434836628  16.172865878596713 6.7273215399144153  15.983627858815076 6.8874934612240102  15.798605299809125 7.0313643301402662  15.751310347573856 7.0677710009325834  15.716715311693751 7.0940119333768115  15.674510830517725 7.1255811604586787  15.473150881345621 7.2750739265571829  15.26756145458533 7.4139774892712076  15.050196399184451 7.5482588876940886  15.018778457247254 7.5674807400835702  14.981152868987007 7.5901807810386801  14.943143923682751 7.6129247718537414  14.721451268192773 7.7439031905230031  14.487166566883943 7.8689763825256325  14.255042883814919 7.9810122743469734  14.218108198434127 7.998592640783226  14.194442535973824 8.0097382625430598  14.161271601082607 8.0252913988420378  13.926009910899854 8.1342589323643129  13.667131539751061 8.2409629635091299  13.425735895252714 8.3292306208699287  13.392955905419033 8.3410647050594591  13.366970813443615 8.3503866444178705  13.331121099728882 8.3630941042415792  13.073437539902198 8.453108125125377  12.809612947575783 8.5334112018644817  12.555935947684134 8.5998971021970583  12.53410633585511 8.60555481945301  12.508760402836593 8.6121036989651767  12.480220493789588 8.6193627390871725  12.193592982657574 8.6911289547765627  11.918558126299352 8.7482610226010031  11.645702688959609 8.7942333002779112  11.638021788703401 8.7955205003053969  11.616348025452982 8.7991484122094761  11.588510102158306 8.8037222695646324  11.279428362863346 8.8533482341166216  10.986496789055035 8.8885301802865619  10.691910822271769 8.9131654735541357  10.679259759203699 8.9142083697847347  10.664270394465774 8.9154245382485424  10.647379492306474 8.9167781591303026  10.307048638342465 8.9434689881020173  9.9648928042491498 8.9560809354088278  9.6272866587989583 8.9592452311379276  9.6084346307127824 8.9594067315564256  9.5901262124870605 8.9595437537702605  9.565058959975655 8.9597032927221854  9.2297741053230595 8.9614087431698337  8.8988694840466565 8.9545521467344713  8.5687473312221911 8.9352773991912198  8.544024387432394 8.9338000834368962  8.5163526545649937 8.9320664871182789  8.4708578402373789 8.9291241223809763  8.1853902762062312 8.9095356910528061  7.8984917662110519 8.8796617364764323  7.6216181620728491 8.8410684543895748  7.586094737942652 8.8359916213855545  7.5521910376934045 8.8310048215857986  7.4988079301108108 8.8230485975654638  7.2297880994639421 8.7813185678810441  6.9648684248714794 8.7301936914458373  6.7085667102689932 8.6717491974572791  6.6694967466158843 8.6626325787347973  6.6298352293377789 8.6531389210286296  6.5762203825075858 8.6402407674680362  6.3349852118862486 8.5803350209378433  6.0884518570308437 8.5093600813111472  5.8505253655874583 8.4323871602021239  5.7951133219492661 8.4139711220395732  5.745783579454578 8.3971571551295625  5.6911679491501737 8.3784353262663647  5.4693728994403301 8.3004277170432399  5.2451706551023207 8.2121462942670878  5.0285049238348734 8.118724771220803  4.9649590192213502 8.0906857926931295  4.9067043859323327 8.0642832398921822  4.8483037445561656 8.0375539160169716  4.6518298324310017 7.9457984601731173  4.4503668935160619 7.8427652499250113  4.2529275231476475 7.7337516903840253  4.1881907180552425 7.6972058573501734  4.1215493731196382 7.6586455948434526  4.0622244479817446 7.623825965313066  3.8802512066543819 7.5149079159781769  3.7026690701732683 7.4001242620427075  3.5228790010069915 7.2756194246462913  3.4669860516371713 7.2360815836178167  3.3979092078506312 7.1862161328482737  3.340476866532839 7.1440492486069918  3.1737066640067368 7.0188640549598675  3.0157757467296591 6.8921911525620452  2.8541719131328307 6.7537693498311153  2.8049726808851148 6.7106320736543239  2.7400400261816742 6.6528530013238534  2.6851015315504085 6.6030522993262819  2.5273609978889411 6.4562051934820701  2.3844767816989929 6.3145913250318371  2.2527458321124101 6.1751127870300024  2.2039269756180104 6.122487359083574  2.1489067093501291 6.0623027986009843  2.0867202201333797 5.9925525662357435  1.9421305119118273 5.8260511861134638  1.8159151306398726 5.6704865565060469  1.7061619445808276 5.5258362713727944  1.6648878582900863 5.4707857193569422  1.6187052578863188 5.4080548703918536  1.5584277895324092 5.323894376099938  1.4334099574630059 5.1447423435568336  1.3263731246290575 4.979254564042721  1.2278508476639516 4.8162753013566348  1.1898286273217948 4.7523803853482542  1.1495551089901497 4.6828195392312306  1.1022789259728896 4.5992744868497164  0.99340953278288424 4.4018790547915225  0.89890764339823193 4.2136032554910745  0.81291377788825514 4.0283940005933285  0.7829292433402415 3.9626382948813199  0.75417280201009618 3.8973581839959448  0.72026826109156161 3.8190605738050341  0.62803556731086019 3.6005913879276989  0.54280976952368576 3.3719946541118921  0.47177982968510435 3.1597828645716883  0.45471703492134452 3.1076745135418871  0.43620653627225892 3.0495050972678497  0.41505665954521476 2.9817970666718225  0.33519166546376056 2.7175150479665473  0.2669830938540585 2.4481526207913524  0.21483654901705762 2.2031416624852991  0.20820039257391443 2.1712600459311853  0.20077713296990396 2.1350794113909957  0.19044422608365608 2.0837274696337191  0.12945225426192764 1.7682602083981163  0.085660206440863362 1.4649576748394486  0.057021256200080472 1.1807735961457713  0.055680165490215927 1.1672123920829032  0.053397147636488278 1.143768823348374  0.050476189171405388 1.1130108063083302  0.01573102535620308 0.72862988366568848  0.0035467688977988102 0.35622794795205914  0 -4.7000000000000004e-16 
 0 4 0.017799462772309219 1 0.018342089115001479 1 0.01835965653908159 1 0.018624448472716191 1 0.018860256380570348 1 0.019001539304922571 1 0.033602872229022272 1 0.034611103461343148 1 0.034678622355117858 1 0.035142460222787462 1 0.035440797901121562 1 0.035493822496612509 1 0.048736606332068319 1 0.050155925603515908 1 0.050267412540437741 1 0.050905616882244931 1 0.051280968498930879 1 0.05178625265100132 1 0.063480993412847062 1 0.065247700914312839 1 0.065362185454319405 1 0.066172239862198348 1 0.066508435887292564 1 0.067192827524472518 1 0.077989364036131215 1 0.080028116927515811 1 0.080077675844978893 1 0.081071626589356308 1 0.081348212115496366 1 0.082209697883167648 1 0.092371911699000289 1 0.094499384018498542 1 0.094596793507362054 1 0.095694225514651191 1 0.095941994680413853 1 0.096725694928089551 1 0.10671917900479147 1 0.10871084130927418 1 0.10903627365597236 1 0.11011786903934816 1 0.11040301512254165 1 0.11167051119933964 1 0.1211108015920611 1 0.12280202402619611 1 0.12342156446307334 1 0.12441753700775882 1 0.12481389465520096 1 0.12607047730594576 1 0.13561950818263213 1 0.13686929187506219 1 0.13782446932483433 1 0.13866904634351546 1 0.13923494633915631 1 0.14021961365657501 1 0.1503137543796142 1 0.1510114537886019 1 0.15231616296391579 1 0.15295035552448644 1 0.15371005282261979 1 0.15470021243779716 1 0.16526075413818009 1 0.1653255983748384 1 0.16696982519372552 1 0.16734264211028138 1 0.16827486542769229 1 0.16903990442673944 1 0.17990632555533206 1 0.18053168466611233 1 0.18186515098889242 1 0.18193332789968289 1 0.18297516998316316 1 0.18385480392859702 1 0.19485299973983691 1 0.19621255510311902 1 0.19682475183606113 1 0.19709820537095199 1 0.19789123675779818 1 0.19820855554941388 1 0.21029548003548004 1 0.2121587217227531 1 0.2124313583601336 1 0.21280695937908842 1 0.21317084273128326 1 0.2134123251363802 1 0.22648453656417208 1 0.22820318673780129 1 0.22910887929289961 1 0.22922539085196983 1 0.22925998872613454 1 0.2294506216673412 1 0.24474051456872223 1 0.24628806434446582 1 0.24687964577908333 1 0.24706061860171324 1 0.24781620552166533 1 0.24866186760909906 1 0.26298308068834375 1 0.26436966502984316 1 0.26451419893139311 1 0.26502978819440637 1 0.26637227946898845 1 0.26787311354188797 1 0.2791317704645615 1 0.28033138846028682 1 0.28040428208769524 1 0.2810169585475743 1 0.28282488042139864 1 0.28489237682217444 1 0.29452016714010515 1 0.29557358835965863 1 0.29572508354998839 1 0.29634888970318635 1 0.2985330644242235 1 0.30111118004330345 1 0.30942038855129533 1 0.30993409751657647 1 0.31060516720689613 1 0.31128112528357332 1 0.31376563379217781 1 0.31679205044968639 1 0.32398661954738217 1 0.32473977247968133 1 0.32519206634493736 1 0.32593004771692663 1 0.32866080982513246 1 0.33206298096812487 1 0.33833897744337232 1 0.33902109242580369 1 0.33959285869642458 1 0.34036314470975876 1 0.34331486275629458 1 0.34700998075158257 1 0.35258281441976758 1 0.35340149551483857 1 0.35389730656082569 1 0.35463946202946411 1 0.35780758663879042 1 0.36170422701458793 1 0.36681158516384199 1 0.36747635971275727 1 0.36818565580916096 1 0.3688318436104584 1 0.37221211698930873 1 0.37621293371000636 1 0.38110538911059322 1 0.38180501987456944 1 0.38253159750135912 1 0.38303230347279998 1 0.38659943868915564 1 0.3906045564291678 1 0.39553034949099058 1 0.39668468579776134 1 0.39700414648677479 1 0.3973479772285784 1 0.40104105498768772 1 0.40495182387463036 1 0.41014153530007946 1 0.41118033722886976 1 0.411670418237084 1 0.41189245975225741 1 0.41561162730518342 1 0.41933437166224652 1 0.42499105436807516 1 0.42621438544781576 1 0.42660108211307118 1 0.42678215301162897 1 0.43039338561179363 1 0.43384274237436127 1 0.44014366902524549 1 0.44167022311186227 1 0.44188173202570041 1 0.44213326560051003 1 0.44548574095333465 1 0.44858712949370538 1 0.45570851840456345 1 0.45764017205592711 1 0.45807093881940342 1 0.45807642433139745 1 0.46103032275700839 1 0.46372086358071568 1 0.47193178442982797 1 0.47413677467284004 1 0.47456356851186837 1 0.47482792892471043 1 0.47729837574641776 1 0.47952427297314176 1 0.49013937424043735 1 0.49272643101266672 1 0.49358461431822931 1 0.49373837864637199 1 0.49563893688307248 1 0.49732373564316906 1 0.50890591691368425 1 0.51219075551493043 1 0.51364686856757558 1 0.51379889553870628 1 0.51461899948972945 1 0.51552708651575063 1 0.52528224361981601 1 0.5293721415260666 1 0.53083975069360023 1 0.53103686025488572 1 0.5314426788271327 1 0.53168316005632765 1 0.54087615177691151 1 0.54573583912080847 1 0.54692187096522449 1 0.54714215072814454 1 0.54749979514451663 1 0.54772403858552909 1 0.55616309741745396 1 0.56159744721474825 1 0.56188860826771092 1 0.56218455154289571 1 0.56306458928073899 1 0.56348076226099464 1 0.57143490759061444 1 0.57634881986079889 1 0.57696149250739082 1 0.57712514827208328 1 0.57827725777167094 1 0.57872286762342795 1 0.5868624459252485 1 0.59070570590874694 1 0.59158084023927704 1 0.59242621378055393 1 0.593234479631221 1 0.59352030277762957 1 0.60250975888596947 1 0.60528101706548232 1 0.60613148507503189 1 0.6075706413315658 1 0.60801551711723578 1 0.60887422168264971 1 0.61834962471847543 1 0.62025596242597392 1 0.62069245990857491 1 0.62260300482471287 1 0.62269250574708102 1 0.62369813057224588 1 0.63428917891735148 1 0.63533709655448012 1 0.63566053671132428 1 0.63733547765217136 1 0.63755328615132767 1 0.63835062416677235 1 0.65013566565300751 1 0.65020626267778903 1 0.6513914224010684 1 0.65201557254539821 1 0.65244915655763802 1 0.65365225050272791 1 0.66515830419194821 1 0.66599435491284886 1 0.66680815941273308 1 0.66724620207344343 1 0.66732957267687953 1 0.66867816853992657 1 0.68048004148395891 1 0.68161141077670351 1 0.6817975798390421 1 0.68225894062481929 1 0.68302054570511617 1 0.68373903238387612 1 0.69619144602105065 1 0.69708691037694592 1 0.69712544667367526 1 0.69734257525858478 1 0.69842320726906482 1 0.69862868039295911 1 0.7124255382754261 1 0.71275146697927283 1 0.71275264245051972 1 0.71282307071912243 1 0.71387317773640857 1 0.71419265601320991 1 0.72880202123769044 1 0.72892211582468969 1 0.72928480988531885 1 0.72945009926575655 1 0.72968990554798463 1 0.73014993866555655 1 0.74687924368709491 1 0.74716120538424446 1 0.74738239990610189 1 0.74784149991690441 1 0.74809570305719897 1 0.74866186925225942 1 0.76495476978845167 1 0.76498356220890773 1 0.7655459526536198 1 0.76621932217368094 1 0.76639918083066416 1 0.76787363929991748 1 0.78082839637581647 1 0.78111467274017055 1 0.78214319043183234 1 0.78266009273742054 1 0.78286388929564221 1 0.7848982004737437 1 0.79655605173716149 1 0.7966288209450253 1 0.79831736219459348 1 0.79860399399774828 1 0.798710594964126 1 0.80113229297256339 1 0.81129182675021239 1 0.81179930499609521 1 0.81389667249139364 1 0.81427232446087439 1 0.81445952443734326 1 0.81684369771804777 1 0.82627299213303995 1 0.82675277670436897 1 0.8288871234107551 1 0.82981818666224616 1 0.83001738377343615 1 0.83216543507457441 1 0.84088613798429568 1 0.84156194851868094 1 0.84367703190980692 1 0.84468046654852946 1 0.84549177133260967 1 0.84718807344465286 1 0.85550501671946722 1 0.85627950535546948 1 0.85835009278031171 1 0.85899933062306277 1 0.86062787527812046 1 0.86198664209619535 1 0.86964246047918958 1 0.87095708491631829 1 0.87284679930239573 1 0.87298201275536469 1 0.87539331425946387 1 0.87663127803386709 1 0.88398157445807768 1 0.88565716303725539 1 0.88642299432709892 1 0.88764524914246801 1 0.88981902929809242 1 0.89119225197860696 1 0.89890018265667626 1 0.90003928478288353 1 0.90045948147816801 1 0.90241187641503273 1 0.90401494497773871 1 0.9057428958753676 1 0.91356157420157824 1 0.91406987310042287 1 0.91546285909054892 1 0.9173563529909069 1 0.91817217038599841 1 0.92036224277048229 1 0.92886157457878571 1 0.9289193326701457 1 0.93078438959940635 1 0.93255005264336244 1 0.93256002288452211 1 0.93513918314032196 1 0.94465294618606643 1 0.94500526584541333 1 0.9465610518399814 1 0.94745147047962652 1 0.9481209374379056 1 0.95018158369733696 1 0.96154291955574323 1 0.96229453192730185 1 0.96296705147402051 1 0.96320503239293054 1 0.96417965858159638 1 0.96564057447618801 1 0.97960453332241282 1 0.97980746213529413 1 0.98021960950150866 1 0.98030011208614187 1 0.98100975038967153 1 0.98179664844551751 1 1.0000000000000002 4
8 -2.0819221887476962 -1.9827253970229963
7 0 0  2 3 2  -4.4e-16 -0.16970562748477391  0.049598395862349598 0.0041416269009486601  0.099196791724699862 0.16970562748477036 
 -2.0819221887476966 3 -1.9827253970229963 3
8 -2.0819221887476962 -1.9827253970229963
7 0 0  3 4 2  4.7491972914558538 -4.2999999999999999e-16  4.7350859399873855 0.11589816959048371  4.7205542820285018 0.22903525458032847  4.7055623314610546 0.33941125496954233 
 -2.0819221887476962 4 -1.9827253970229963 4
8 0.099196791724700306 4.0646475857706923
7 0 0  1 2 2  0.099196791724700306 0.16970562748477169  4.0646475857706923 0.16970562748477169 
 0.099196791724700306 2 4.0646475857706923 2
8 0.099196791724700306 4.0646475857706923
7 0 0  1 2 2  1.9199999999999999 -1.9827253970229959  1.9199999999999999 1.9827253970229961 
 0.099196791724700306 2 4.0646475857706923 2
8 -2.081922188747694 -1.9827253970229959
7 0 0  2 3 2  4.1638443774953906 -0.16970562748476503  4.1142459816330401 0.0041416269009575402  4.0646475857706905 0.16970562748477658 
 -2.081922188747694 3 -1.9827253970229943 3
8 -2.081922188747694 -1.9827253970229959
7 0 0  3 4 2  6.8999999999999997e-16 7.1200000000000005e-15  0.014111351468464289 0.11589816959048749  0.0286430094273579 0.22903525458033336  0.043634959994798952 0.33941125496954461 
 -2.081922188747694 4 -1.9827253970229959 4
8 0.034474975409883757 4.7147223160459699
7 0 0  4 9 3  0.043634959994798869 0.33941125496954289  0.61975985982945758 0.3394112549695425  1.2002453692810491 0.33941125496954427  1.7851657280296394 0.33941125496953717  2.3745986457279269 0.33941125496954294  2.9640315634261611 0.33941125496954072  3.5489519221748083 0.33941125496954427  4.1294374316263571 0.33941125496954072  4.7055623314610546 0.33941125496954277 
 0.034474975409883757 5 2.3745986457279269 4 4.7147223160459699 5
8 0.034474975409883757 4.7147223160459699
7 1 0  2 5 3  1.9199999999999999 1.9827253970229963  1 -2.7600000000000002 6.5146691616469887  0.39009474880274692 -2.7599999999999998 -6.7000000000000004e-16  1 -2.7599999999999989 -6.5146691616469905  0.39009474880274692 1.9200000000000008 -1.9827253970229959  1
 0.034474975409883757 3 2.3745986457279269 2 4.7147223160459699 3
8 -3.6271709216487893 1.1982617014431511
7 0 0  1 2 2  7.0097562739709289 -2.4423179521767766  7.0301187212891172 2.3830717078133037 
 -3.6271709216487893 2 1.1982617014431511 2
8 -3.6271709216487893 1.1982617014431511
7 0 0  1 2 2  4.8416255317516175 -0.11313708498987296  0.016192908659677041 -0.11313708498985875 
 -3.6271709216487893 2 1.1982617014431511 2
8 1.5386412314412801 6.2785320914620399
7 1 0  2 5 3  7.0301187212891065 2.3830717078133214  1 12.995830563928138 8.4636010690316628  0.37632233139932891 12.959884611009318 -0.054688840950896003  1 12.923938658090499 -8.5729787509334567  0.37632233139932891 7.0097562739709289 -2.4423179521767904  1
 1.5386412314412801 3 3.9085866614516598 2 6.2785320914620399 3
8 1.5386412314412801 6.2785320914620399
7 0 0  3 7 3  4.7432491182972862 0.05656854249489756  3.9549345751523397 0.056568542494943357  3.1653863543483851 0.056568542494870977  2.3745986457279264 0.056568542494913332  1.5838109371074758 0.056568542494897227  0.79426271630350342 0.056568542494911001  0.0059481731585670798 0.056568542494892057 
 1.5386412314412801 4 3.9085866614516598 3 6.2785320914620399 4
8 -2.4289092202056417 -2.4127163115459682
7 0 0  2 3 2  -4.4400000000000004e-15 -0.16970562748480233  0.0080964543298365204 -0.14132675895427838  0.016192908659677489 -0.11313708498984454 
 -2.4289092202056501 3 -2.4127163115459682 3
8 -2.4289092202056417 -2.4127163115459682
7 0 0  2 3 2  4.7491972914558529 2.546e-14  4.7462356395343095 0.02837886853048753  4.7432491182972862 0.056568542494933732 
 -2.4289092202056417 3 -2.4127163115459682 3
8 -2.4289092202056417 -2.4127163115459731
7 0 0  2 3 2  4.8578184404112914 -0.16970562748477391  4.8497219860814553 -0.14132675895427838  4.8416255317516192 -0.11313708498985875 
 -2.4289092202056457 3 -2.4127163115459731 3
8 -2.4289092202056417 -2.4127163115459731
7 0 0  2 3 2  -1.8899999999999999e-15 1.333e-14  0.0029616519215439701 0.02837886853048394  0.0059481731585636502 0.056568542494904103 
 -2.4289092202056417 3 -2.4127163115459731 3
8 8.9000000000000007e-16 4.8578184404112923
7 0 0  1 2 2  -4.4e-16 -0.1697056274847597  4.8578184404112923 -0.1697056274847597 
 -4.4e-16 2 4.8578184404112923 2
8 8.9000000000000007e-16 4.8578184404112923
7 0 0  1 2 2  1.2399999999999949 -2.0710907797943539  1.2399999999999949 -6.9289092202056466 
 -4.4e-16 2 4.8578184404112923 2
8 0 4.749197291455852
7 0 0  2 5 3  -0 1.005e-14  1.1872993228639643 8.7000000000000004e-16  2.3745986457279264 2.0100000000000001e-14  3.5618979685918948 1.183e-14  4.7491972914558538 -4.0499999999999999e-15 
 0 3 2.3745986457279269 2 4.749197291455852 3
8 0 4.749197291455852
7 0 0  2 5 3  0.76699400786186656 0.23999999999999999  1.9542933307258319 0.23999999999996649  3.1415926535897936 0.23999999999998578  4.3288919764537557 0.23999999999997168  5.5161912993177182 0.24000000000002841 
 0 3 2.3745986457279269 2 4.749197291455852 3
8 0.23999999999999999 5.96
7 0 0  1 2 2  1.2399999999999949 -2.0710907797943539  6.9599999999999937 -2.0710907797943539 
 0.23999999999999999 2 5.96 2
8 0.23999999999999999 5.96
7 0 0  2 3 2  5.5161912993177173 0.23999999999999999  5.5161912993177165 3.100000000000001  5.5161912993177173 5.96 
 0.23999999999999999 3 5.96 3
8 8.9000000000000007e-16 4.8578184404112923
7 0 0  1 2 2  6.9599999999999937 -2.0710907797943539  6.9599999999999937 -6.9289092202056466 
 -4.4e-16 2 4.8578184404112923 2
8 8.9000000000000007e-16 4.8578184404112923
7 0 0  1 2 2  -4.4e-16 0.16970562748477391  4.8578184404112923 0.16970562748477391 
 -4.4e-16 2 4.8578184404112923 2
8 0.23999999999999999 5.96
7 0 0  1 2 2  1.2399999999999949 -6.9289092202056466  6.9599999999999937 -6.9289092202056466 
 0.23999999999999999 2 5.96 2
8 0.23999999999999999 5.96
7 0 0  2 3 2  0.76699400786186656 0.23999999999999999  0.76699400786186656 3.100000000000001  0.76699400786186656 5.96 
 0.23999999999999999 3 5.96 3
8 0 4.749197291455852
7 0 0  2 5 3  0.76699400786186656 5.96  1.9542933307258319 5.9599999999999724  3.1415926535897936 5.9599999999999858  4.3288919764537557 5.9600000000000009  5.5161912993177182 5.9599999999999858 
 0 3 2.3745986457279269 2 4.749197291455852 3
8 0 4.749197291455852
7 0 0  2 5 3  0 0  1.1872993228639677 -1.054e-14  2.3745986457279269 0  3.5618979685918926 9.5600000000000007e-15  4.749197291455852 -1.048e-14 
 0 3 2.3745986457279269 2 4.749197291455852 3
8 -2.4289092202056426 -2.3300643767930542
7 0 0  2 3 2  4.4e-16 0.16970562748478102  0.04942242170629596 -0.0035248201808570898  0.098844843412591477 -0.1697056274847526 
 -2.4289092202056453 3 -2.3300643767930542 3
8 -2.4289092202056426 -2.3300643767930542
7 0 0  3 4 2  4.7491972914558547 -2.5899999999999999e-15  4.7371447882814799 0.11548696511042378  4.72478557956914 0.22862405010029163  4.7120949726787957 0.33941125496953167 
 -2.4289092202056426 4 -2.3300643767930542 4
8 0.098844843412591921 4.7589735969986995
7 0 0  1 2 2  0.098844843412591921 -0.16970562748476681  4.7589735969986995 -0.16970562748476681 
 0.098844843412591921 2 4.7589735969986995 2
8 0.098844843412591921 4.7589735969986995
7 0 0  1 2 2  2.2800000000000011 -2.3300643767930538  2.2800000000000011 2.3300643767930538 
 0.098844843412591921 2 4.7589735969986995 2
8 -2.4289092202056439 -2.3300643767930524
7 0 0  2 3 2  4.8578184404112914 0.16970562748478102  4.808396018704995 -0.0035248201808642  4.7589735969986986 -0.1697056274847597 
 -2.4289092202056457 3 -2.3300643767930524 3
8 -2.4289092202056439 -2.3300643767930524
7 0 0  3 4 2  -2.3900000000000002e-15 3.52e-15  0.01205250317436482 0.11548696511043954  0.0244117118867202 0.2286240501002692  0.03710231877705851 0.33941125496953306 
 -2.4289092202056439 4 -2.3300643767930524 4
8 0.02926352857730783 4.7199337628785454
7 0 0  4 9 3  0.037102318777061848 0.33941125496955155  0.61582407313072451 0.33941125496959046  1.1982776000895257 0.33941125496942348  1.7845170315639791 0.33941125496966329  2.3745986457279264 0.33941125496954838  2.9646802598918356 0.33941125496953717  3.5509196913663459 0.33941125496959046  4.1333732183250902 0.33941125496949631  4.7120949726787948 0.33941125496956104 
 0.02926352857730783 5 2.3745986457279269 4 4.7199337628785454 5
8 0.02926352857730783 4.7199337628785454
7 1 0  2 5 3  2.2800000000000011 2.3300643767930538  1 -3.2600000000000016 7.7510304779034218  0.38769414293519788 -3.259999999999998 -1.1100000000000001e-15  1 -3.259999999999998 -7.7510304779034218  0.38769414293519788 2.2800000000000011 -2.3300643767930533  1
 0.02926352857730783 3 2.3745986457279269 2 4.7199337628785454 3
Curves 39
8 0 1
7 1 0  5 6 2  5.8764592505332738 4.2316850971030471 5.8333333333333339  1 7.0110861502259221 5.287595332736716 6.9021627339665192  1.0000000000000127 5.0456792305692035 4.0769755438530044 11.415973980682288  0.9999999999999456 6.3201009885965522 4.9558594115362675 9.4554236316482569  1.0000000000001004 3.4863564927449371 2.8913997923527455 12.68042473222161  0.9999999999999315 3.3363984016481991 2.7318473411677924 12.333333333333334  1
 0 6 1 6
8 0 0.12557405195937529
7 0 0  14 15 2  3.3363984016481991 2.7318473411677924 12.333333333333334  2.2545893842853695 4.021097124111658 12.333333333333334  0.39733844279794317 4.6596746854788309 12.333333333333334  -1.9615809176907699 4.3213074537548248 12.333333333333334  -4.3165001687569751 2.8743685826906518 12.333333333333334  -6.0279976055910263 0.49874649145231592 12.333333333333334  -6.5232203434972771 -2.2816621626083995 12.333333333333334  -5.5429760569505051 -4.7188324920313249 12.333333333333334  -3.3130494549715652 -6.1073948518538872 12.333333333333334  -0.48888693008124673 -6.1025085558579475 12.333333333333334  2.1478425346864412 -4.8295350579030751 12.333333333333334  3.9817265894887406 -2.7616506198155539 12.333333333333334  4.7245753108931057 -0.49732539808091736 12.333333333333334  4.4182074190104803 1.4425975582266792 12.333333333333334  3.3363984016482005 2.7318473411677853 12.333333333333334 
 0 15 1 15
8 0 1
7 0 0  5 6 2  0.14769695175607778 3.913529018674978 12.34613875063167  0.23225637470213317 3.9135100811544477 12.34472679406381  0.31685337367340605 3.9105675122643277 12.342906032661858  0.40136576944534264 3.9046948633305507 12.340546577286267  0.48566499345164105 3.8958975155197946 12.337463691171488  0.56962341254840032 3.8841938634369688 12.333333333333337 
 0 6 1 6
8 0 1
7 0 0  7 14 3  -1.9672191483488743 3.0971583568976979 12.333333333333341  -1.8681316538095221 3.1838462679470898 12.335829011232796  -1.765276173441136 3.2662397039535191 12.338194703381305  -1.6588035206598255 3.3440649546156229 12.340393583638177  -1.5488899283974209 3.4170477902757996 12.342390579079208  -1.4357414379732258 3.4849192856552946 12.344156699231958  -1.3195982879657757 3.5474216435893022 12.345673365311077  -1.0212102703110291 3.6902464980760064 12.34884461251475  -0.83544543067670507 3.763400356681474 12.350174284551905  -0.6444512151889269 3.8229142680962691 12.350900073556559  -0.44935679377286358 3.8680916923746174 12.351059472575084  -0.2514067294540373 3.8984089124118615 12.350678087493183  -0.051938989441355603 3.913573702914277 12.349471757419746  0.14769695175607223 3.9135290186749723 12.34613875063167 
 0 8 0.39833697973215104 6 1 8
8 0.22124096935115317 0.72961269041147758
7 0 0  14 15 2  3.3363984016481991 2.7318473411677924 12.333333333333334  2.2545893842853695 4.021097124111658 12.333333333333334  0.39733844279794317 4.6596746854788309 12.333333333333334  -1.9615809176907699 4.3213074537548248 12.333333333333334  -4.3165001687569751 2.8743685826906518 12.333333333333334  -6.0279976055910263 0.49874649145231592 12.333333333333334  -6.5232203434972771 -2.2816621626083995 12.333333333333334  -5.5429760569505051 -4.7188324920313249 12.333333333333334  -3.3130494549715652 -6.1073948518538872 12.333333333333334  -0.48888693008124673 -6.1025085558579475 12.333333333333334  2.1478425346864412 -4.8295350579030751 12.333333333333334  3.9817265894887406 -2.7616506198155539 12.333333333333334  4.7245753108931057 -0.49732539808091736 12.333333333333334  4.4182074190104803 1.4425975582266792 12.333333333333334  3.3363984016482005 2.7318473411677853 12.333333333333334 
 0 15 1 15
8 0 1
7 0 0  6 7 2  2.7324147403710626 -2.6021968364182939 12.333333333333337  2.5900409610337012 -2.7831163382732527 12.335209492859091  2.4345322555315452 -2.9536227114917946 12.336083373106298  2.2664140362048997 -3.1121896603383981 12.336235792829083  2.0864422133775924 -3.2571968970052643 12.33578457905174  1.8956640569718153 -3.3870131511832189 12.334796409255668  1.6955482609681816 -3.5001585578070582 12.333333333333337 
 0 7 1 7
8 0.77656555739366639 1
7 0 0  14 15 2  3.3363984016481991 2.7318473411677924 12.333333333333334  2.2545893842853695 4.021097124111658 12.333333333333334  0.39733844279794317 4.6596746854788309 12.333333333333334  -1.9615809176907699 4.3213074537548248 12.333333333333334  -4.3165001687569751 2.8743685826906518 12.333333333333334  -6.0279976055910263 0.49874649145231592 12.333333333333334  -6.5232203434972771 -2.2816621626083995 12.333333333333334  -5.5429760569505051 -4.7188324920313249 12.333333333333334  -3.3130494549715652 -6.1073948518538872 12.333333333333334  -0.48888693008124673 -6.1025085558579475 12.333333333333334  2.1478425346864412 -4.8295350579030751 12.333333333333334  3.9817265894887406 -2.7616506198155539 12.333333333333334  4.7245753108931057 -0.49732539808091736 12.333333333333334  4.4182074190104803 1.4425975582266792 12.333333333333334  3.3363984016482005 2.7318473411677853 12.333333333333334 
 0 15 1 15
8 0 1
7 0 0  14 15 2  5.8764592505332738 4.2316850971030471 5.8333333333333339  4.0013236204375504 6.4663847208721483 5.8333333333333339  0.54760990840745294 7.3765014639629722 5.8333333333333339  -4.0101414431072193 6.3964959508809773 5.8333333333333339  -8.7253086447715926 3.3570607645586712 5.8333333333333339  -12.349314697784404 -1.3123170981881087 5.8333333333333339  -13.709560215373198 -6.5528021683269069 5.8333333333333339  -12.199410183033114 -10.935770277664194 5.8333333333333339  -8.145264008599348 -13.184072163016712 5.8333333333333339  -2.7481895268949814 -12.754492513529677 5.8333333333333339  2.4795520411920031 -9.9963722124668024 5.8333333333333339  6.291591569340218 -5.8806313766433584 5.8333333333333339  8.0481538131045482 -1.5622986808729344 5.8333333333333339  7.7515948806280068 1.9969854733379804 5.8333333333333339  5.8764592505332702 4.2316850971030489 5.8333333333333339 
 0 15 1 15
8 0.018243470959017401 0.37060664120003856
7 0 0  6 137 28  0.14793713089933419 3.9133602995997174 12.333333333333334  0.41488221531389241 3.9133605593709904 12.333333333333334  0.68197598798241543 3.8854117351686686 12.333333333333334  0.94521308199898457 3.8294645755060541 12.333333333333334  1.2011886336030329 3.7467311808386823 12.333333333333334  1.4469535759848773 3.6390392153577333 12.333333333333334  1.8118697299018109 3.4352543625658738 12.333333333333334  1.9396864196587458 3.3544190458846619 12.333333333333334  2.0630644906710667 3.266796168010198 12.333333333333334  2.1816662125801112 3.1728362754570503 12.333333333333334  2.2952187849591406 3.0730005220473884 12.333333333333334  2.5236176105860784 2.8509838193054429 12.333333333333334  2.6372492219099621 2.7275533748012237 12.333333333333334  2.7441004165805376 2.5980703692903795 12.333333333333334  2.8439532426760779 2.4631429033064465 12.333333333333334  2.9366505795808377 2.3233553686649979 12.333333333333334  3.0790840529217736 2.0830990980918913 12.333333333333334  3.1328515584018053 1.9850237322240893 12.333333333333334  3.1833485700380377 1.8851925222301906 12.333333333333334  3.2305483553476271 1.783763646243941 12.333333333333334  3.2744303438551876 1.6808897706170345 12.333333333333334  3.3428468955885426 1.5051285721125238 12.333333333333334  3.3691396163533702 1.4329262513114545 12.333333333333334  3.3938533689275818 1.3601588672222173 12.333333333333334  3.4169840149854886 1.2868732161037142 12.333333333333334  3.4385281983354128 1.2131151107674325 12.333333333333334  3.5083582385052869 0.9535129338568723 12.333333333333334  3.5483053870564847 0.76543058169131872 12.333333333333334  3.5782857124884471 0.57537273122598043 12.333333333333334  3.5982780215450236 0.38401330378333082 12.333333333333334  3.6082741711515709 0.19200923912710816 12.333333333333334  3.608274171285196 -0.19200923958603067 12.333333333333334  3.5982780218239325 -0.38401330416872737 12.333333333333334  3.5782857128366028 -0.57537273153837576 12.333333333333334  3.54830538733321 -0.76543058191328306 12.333333333333334  3.5083582385675633 -0.95351293395584757 12.333333333333334  3.438528198034807 -1.213115110644305 12.333333333333334  3.4169840145719688 -1.2868732159151757 12.333333333333334  3.3938533683985801 -1.3601588669643792 12.333333333333334  3.3691396157127538 -1.4329262509823315 12.333333333333334  3.3428468948472752 -1.5051285717130312 12.333333333333334  3.2744303429209181 -1.6808897700373475 12.333333333333334  3.2305483543403817 -1.783763645558508 12.333333333333334  3.1833485690224754 -1.8851925214633858 12.333333333333334  3.1328515574597775 -1.9850237314144512 12.333333333333334  3.0790840521429592 -2.0830990972907943 12.333333333333334  2.9366505795664981 -2.3233553678119554 12.333333333333334  2.8439532433949126 -2.4631429024654956 12.333333333333334  2.7441004182329012 -2.5980703686616611 12.333333333333334  2.6372492245873085 -2.7275533745360048 12.333333333333334  2.52361761422915 -2.8509838194305348 12.333333333333334  2.295218789359398 -3.0730005233295508 12.333333333333334  2.1816662167416472 -3.1728362774723369 12.333333333333334  2.0630644942998786 -3.2667961704322974 12.333333333333334  1.9396864224319459 -3.3544190482619181 12.333333333333334  1.8118697315554653 -3.4352543644302012 12.333333333333334  1.6058232488915634 -3.5503195347585388 12.333333333333334  1.5303415571511501 -3.5894762611861126 12.333333333333334  1.4536583715044276 -3.6262737418595066 12.333333333333334  1.3758542361201502 -3.6606410923471873 12.333333333333334  1.2970166563552104 -3.6925124179224089 12.333333333333334  1.1657228969698024 -3.7407571995964171 12.333333333333334  1.1138140469384614 -3.7586215554618461 12.333333333333334  1.0615389847528165 -3.7754036482745286 12.333333333333334  1.0089241727460529 -3.7910885712904125 12.333333333333334  0.95599709949233991 -3.8056627439063813 12.333333333333334  0.77955327226260718 -3.8502660680855993 12.333333333333334  0.65479420093851626 -3.8753959382114984 12.333333333333334  0.52887065242161135 -3.8943505559262634 12.333333333333334  0.40215792018856944 -3.907023754722982 12.333333333333334  0.27504542426742867 -3.9133603462866127 12.333333333333334  -0.034049895688513063 -3.91336031316547 12.333333333333334  -0.21606121648532337 -3.9003712423656718 12.333333333333334  -0.39688363717076292 -3.8743870759815588 12.333333333333334  -0.57539300075035238 -3.8356537244451956 12.333333333333334  -0.7505428513386474 -3.7845970391232497 12.333333333333334  -1.0011423945565605 -3.6925124179224151 12.333333333333334  -1.0799799743215355 -3.6606410923471708 12.333333333333334  -1.1577841097058332 -3.6262737418594826 12.333333333333334  -1.2344672953525346 -3.589476261186102 12.333333333333334  -1.3099489870929137 -3.5503195347585503 12.333333333333334  -1.5159954697569764 -3.4352543644301168 12.333333333333334  -1.6438121606330962 -3.3544190482620118 12.333333333333334  -1.7671902325012534 -3.2667961704323001 12.333333333333334  -1.8857919549432482 -3.1728362774722285 12.333333333333334  -1.9993445275606414 -3.0730005233295854 12.333333333333334  -2.2277433524304753 -2.8509838194305002 12.333333333333334  -2.3413749627887843 -2.7275533745360176 12.333333333333334  -2.4482261564342616 -2.5980703686616398 12.333333333333334  -2.5480789815961771 -2.4631429024654512 12.333333333333334  -2.6407763177679469 -2.3233553678119732 12.333333333333334  -2.7832097903443311 -2.0830990972907499 12.333333333333334  -2.8369772956611463 -1.9850237314144363 12.333333333333334  -2.8874743072238434 -1.8851925214633902 12.333333333333334  -2.9346740925417549 -1.7837636455584991 12.333333333333334  -2.9785560811222949 -1.6808897700373104 12.333333333333334  -3.0469726330486586 -1.5051285717129792 12.333333333333334  -3.0732653539141181 -1.4329262509823264 12.333333333333334  -3.0979791065999311 -1.3601588669643982 12.333333333333334  -3.1211097527733296 -1.2868732159151675 12.333333333333334  -3.1426539362361856 -1.2131151106442473 12.333333333333334  -3.2124839767689775 -0.95351293395589642 12.333333333333334  -3.252431125534498 -0.76543058191316982 12.333333333333334  -3.2824114510379614 -0.57537273153833723 12.333333333333334  -3.3024037600253622 -0.38401330416878876 12.333333333333334  -3.3123999094865035 -0.19200923958597998 12.333333333333334  -3.3123999093528806 0.19200923912722953 12.333333333333334  -3.30240375974644 0.38401330378318688 12.333333333333334  -3.2824114506897941 0.57537273122600641 12.333333333333334  -3.2524311252577669 0.76543058169150524 12.333333333333334  -3.2124839767066922 0.95351293385678093 12.333333333333334  -3.1426539365367607 1.2131151107674552 12.333333333333334  -3.1211097531868428 1.286873216103732 12.333333333333334  -3.0979791071289391 1.3601588672222309 12.333333333333334  -3.0732653545547244 1.4329262513114724 12.333333333333334  -3.046972633789891 1.5051285721125489 12.333333333333334  -2.9785560820565284 1.6808897706170611 12.333333333333334  -2.9346740935489803 1.7837636462439597 12.333333333333334  -2.8874743082393977 1.8851925222301995 12.333333333333334  -2.8369772966031594 1.985023732224098 12.333333333333334  -2.7832097911231153 2.0830990980919055 12.333333333333334  -2.6407763177822536 2.3233553686649095 12.333333333333334  -2.5480789808773037 2.4631429033065979 12.333333333333334  -2.4482261547818491 2.5980703692904239 12.333333333333334  -2.3413749601113838 2.7275533748011185 12.333333333333334  -2.2277433487873535 2.8509838193055002 12.333333333333334  -1.9993445231604088 3.0730005220474323 12.333333333333334  -1.8857919507815002 3.1728362754569863 12.333333333333334  -1.7671902288723718 3.2667961680101971 12.333333333333334  -1.6438121578599774 3.3544190458847254 12.333333333333334  -1.5159954681031844 3.4352543625658361 12.333333333333334  -1.1510793141861073 3.6390392153577564 12.333333333333334  -0.90531437180476071 3.7467311808386583 12.333333333333334  -0.64933882019967903 3.829464575506214 12.333333333333334  -0.38610172618432659 3.885411735168613 12.333333333333334  -0.11900795351502495 3.9133605593710037 12.333333333333334  0.14793713089932012 3.9133602995997059 12.333333333333334 
 0 7 0.069084088037738411 5 0.10816155184228905 5 0.15150946647306177 5 0.1804348341648849 5 0.20031308439068427 5 0.24999588374289117 5 0.29967868307212525 5 0.31955693328984403 5 0.34848230096457039 5 0.39183021550038571 5 0.43090767946905006 5 0.45290259212899503 5 0.46710621547065173 5 0.50000093394652878 5 0.54709787872506455 5 0.56909276851825152 5 0.608170191860537 5 0.65151806133023782 5 0.68044339893305106 5 0.70032162848459678 5 0.75000437616176574 5 0.79968712386183227 5 0.81956535342146031 5 0.84849069104142039 5 0.89183856060612055 5 0.93091598378436657 5 1 7
8 0.17193777614850861 0.77145655126532409
7 0 0  2 3 2  0.18684877434573385 3.9166666666666723 11.416666666666666  0.0086447518756863993 3.8623896577994494 14.135779838980145  0.57896030843202795 4.3333333333333304 16.666666666666668 
 0 3 1 3
8 0 1
7 0 0  6 127 26  0.35737329556872849 4.1455045332909686 15.499999999999998  0.6468682003167936 4.1455048029098975 15.499999999999998  0.93651862622365656 4.1151207139234494 15.499999999999998  1.221975378673583 4.0543005822727416 15.499999999999998  1.4995141718516767 3.9643265262565439 15.499999999999998  1.7658843815695429 3.8471421062768902 15.499999999999998  2.1588562984959299 3.6265358253882019 15.499999999999998  2.2951046313042447 3.5400238173517802 15.499999999999998  2.4266341861020195 3.4463209205055754 15.499999999999998  2.5530805991302792 3.3458905489601438 15.499999999999998  2.6741449681812863 3.2392097209264206 15.499999999999998  2.9172897831674152 3.0023405835706241 15.499999999999998  3.038110649042018 2.8708585307153731 15.499999999999998  3.15171641603551 2.7329462553872741 15.499999999999998  3.2578599278207396 2.5892372230544423 15.500000000000002  3.3563576129735315 2.4403451122654722 15.500000000000002  3.5074768673849528 2.184643130376613 15.500000000000002  3.5644296415123051 2.080395792114333 15.500000000000002  3.6178912752048826 1.974280807950356 15.500000000000002  3.6678290677411995 1.8664655261836403 15.500000000000002  3.7142171419008672 1.7571122786913926 15.500000000000002  3.7864294635398705 1.5703656326705382 15.500000000000002  3.8141405406224291 1.4937023929914286 15.500000000000002  3.8401632737604317 1.4164395499056364 15.500000000000002  3.8644921911595884 1.3386270823484259 15.500000000000002  3.8871227506831527 1.2603140601764329 15.500000000000002  3.9591902120286893 0.9890855618572425 15.500000000000002  4.0001659308664781 0.79392594772088698 15.500000000000002  4.0309266296317521 0.59676436461556104 15.500000000000002  4.0514422804140171 0.39828133950309774 15.500000000000002  4.0617001385042162 0.19914288146380318 15.500000000000002  4.0616998353963591 -0.28064749666202393 15.500000000000002  4.0413281916445705 -0.56127049092278158 15.500000000000002  4.0005856951454373 -0.8400738453248171 15.500000000000002  3.9395180573900022 -1.1151777391496185 15.500000000000002  3.8582529083528727 -1.3846233242273638 15.500000000000002  3.7142171409216074 -1.7571122780975978 15.500000000000002  3.6678290666721711 -1.8664655254762106 15.500000000000002  3.6178912741120071 -1.9742808071533036 15.500000000000002  3.564429640480506 -2.0803957912667919 15.500000000000002  3.5074768665085498 -2.1846431295317696 15.500000000000002  3.3563576128710504 -2.4403451113392256 15.500000000000002  3.2578599284793572 -2.5892372221220139 15.500000000000002  3.1517164176751895 -2.7329462546634722 15.500000000000005  3.0381106517715999 -2.8708585303686474 15.500000000000005  2.9172897869378662 -3.0023405836424075 15.500000000000005  2.6741449728423112 -3.2392097222298273 15.500000000000005  2.5530806036095979 -3.3458905510407817 15.500000000000005  2.4266341900957573 -3.4463209230322409 15.500000000000005  2.295104634471719 -3.5400238198558687 15.500000000000005  2.1588563005520145 -3.6265358273745485 15.500000000000005  1.9390948463828721 -3.749905320661342 15.500000000000005  1.8584980968524716 -3.7919638339214288 15.500000000000005  1.7766197654690745 -3.8315211077232942 15.500000000000005  1.6935454937634902 -3.868504231243366 15.500000000000005  1.6093678496239787 -3.9028454911539501 15.500000000000005  1.4654770353771729 -3.9562873871386848 15.500000000000005  1.4062907683850845 -3.9768080245983706 15.500000000000005  1.346660103756093 -3.996023995396258 15.500000000000005  1.2866189302028779 -4.0139167668419695 15.500000000000005  1.2262024477146898 -4.0304695621607882 15.500000000000005  1.0334704090512592 -4.0786811326283923 15.500000000000005  0.89989083410327897 -4.1053020550983979 15.500000000000005  0.76508976100957304 -4.1253756133075701 15.500000000000005  0.62946186041284147 -4.1387949213437087 15.500000000000005  0.49341553439480584 -4.1455045796575121 15.500000000000005  0.1587101532282198 -4.1455045480740491 15.500000000000005  -0.039979078104334098 -4.1311965929159991 15.500000000000005  -0.23734790722482635 -4.1025741596210858 15.500000000000005  -0.43214533610908029 -4.0599046734075346 15.500000000000005  -0.6232035024649889 -4.0036517620776326 15.500000000000005  -0.89462125848656726 -3.902845491153943 15.500000000000005  -0.97879890262607649 -3.8685042312433624 15.500000000000005  -1.0618731743316576 -3.831521107723288 15.500000000000005  -1.1437515057150542 -3.7919638339214177 15.500000000000005  -1.2243482552454559 -3.749905320661326 15.500000000000005  -1.444109709414729 -3.6265358273744952 15.500000000000005  -1.5803580433341511 -3.540023819855894 15.500000000000005  -1.7118875989583042 -3.4463209230322653 15.500000000000005  -1.838334012472314 -3.3458905510407564 15.500000000000005  -1.9593983817048366 -3.2392097222297944 15.500000000000005  -2.2025431958003368 -3.0023405836423578 15.500000000000005  -2.3233640606343391 -2.8708585303687162 15.500000000000005  -2.4369698265377884 -2.732946254663438 15.500000000000005  -2.54311333734179 -2.5892372221219051 15.500000000000002  -2.6416110217337097 -2.4403451113392847 15.500000000000002  -2.7927302753711198 -2.1846431295317545 15.500000000000002  -2.8496830493430871 -2.0803957912667772 15.500000000000002  -2.903144682974597 -1.9742808071532858 15.500000000000002  -2.9530824755347536 -1.8664655254761873 15.500000000000002  -2.9994705497841774 -1.7571122780975721 15.500000000000002  -3.14350631721546 -1.3846233242273573 15.500000000000002  -3.2247714662525278 -1.1151777391495932 15.500000000000002  -3.2858391040080277 -0.84007384532477436 15.500000000000002  -3.326581600507192 -0.56127049092275072 15.500000000000002  -3.3469532442588599 -0.28064749666202615 15.500000000000002  -3.3469535473669185 0.19914288146392051 15.500000000000002  -3.3366956892763509 0.39828133950296435 15.500000000000002  -3.3161800384943114 0.59676436461557614 15.500000000000002  -3.2854193397292621 0.79392594772105818 15.500000000000002  -3.2444436208911025 0.98908556185717611 15.500000000000002  -3.1723761595456925 1.2603140601764571 15.500000000000002  -3.1497456000221495 1.3386270823484434 15.500000000000002  -3.1254166826230096 1.4164395499056501 15.500000000000002  -3.0993939494849947 1.4937023929914461 15.500000000000002  -3.0716828724024121 1.5703656326705615 15.500000000000002  -2.9994705507634003 1.7571122786914188 15.500000000000002  -2.9530824766037607 1.8664655261836558 15.500000000000002  -2.903144684067462 1.9742808079503649 15.500000000000002  -2.8496830503748676 2.0803957921143459 15.500000000000002  -2.7927302762474842 2.1846431303766352 15.500000000000002  -2.6416110218360651 2.4403451122655695 15.500000000000002  -2.5431133366833136 2.5892372230543521 15.500000000000002  -2.4369698248980356 2.7329462553872692 15.499999999999998  -2.3233640579045058 2.8708585307154828 15.499999999999998  -2.2025431920299625 3.0023405835705947 15.499999999999998  -1.9593983770438406 3.2392097209264707 15.499999999999998  -1.8383340079927166 3.3458905489600976 15.499999999999998  -1.7118875949645374 3.4463209205055585 15.499999999999998  -1.580358040166838 3.5400238173518206 15.499999999999998  -1.4441097073584028 3.6265358253881903 15.499999999999998  -1.0511377904324248 3.847142106276833 15.499999999999998  -0.78476758071332475 3.964326526256674 15.499999999999998  -0.50722878753715472 4.0543005822727176 15.499999999999998  -0.22177203508560228 4.1151207139234955 15.499999999999998  0.067878390820498291 4.1455048029098425 15.499999999999998  0.35737329556871961 4.145504533290957 15.499999999999998 
 0 7 0.07038500689198654 5 0.10956490809264169 5 0.15290988380872411 5 0.18177198285420917 5 0.20158422594446068 5 0.24999539166236937 5 0.318220113994096 5 0.34708217481273607 5 0.39042709304822215 5 0.42960694252944998 5 0.45169890081045311 5 0.46692524357639764 5 0.50000093651910826 5 0.54830153465342801 5 0.57039347163652099 5 0.60957328334607785 5 0.6529181597945598 5 0.68178019278852353 5 0.75000484934767164 5 0.79841596839440154 5 0.81822819238452804 5 0.8470902636053329 5 0.89043519753441436 5 0.92961506096344337 5 1 7
8 0.43013991509886884 0.90007507456124758
7 0 0  6 137 28  0.14793713089933419 3.9133602995997174 12.333333333333334  0.41488221531389241 3.9133605593709904 12.333333333333334  0.68197598798241543 3.8854117351686686 12.333333333333334  0.94521308199898457 3.8294645755060541 12.333333333333334  1.2011886336030329 3.7467311808386823 12.333333333333334  1.4469535759848773 3.6390392153577333 12.333333333333334  1.8118697299018109 3.4352543625658738 12.333333333333334  1.9396864196587458 3.3544190458846619 12.333333333333334  2.0630644906710667 3.266796168010198 12.333333333333334  2.1816662125801112 3.1728362754570503 12.333333333333334  2.2952187849591406 3.0730005220473884 12.333333333333334  2.5236176105860784 2.8509838193054429 12.333333333333334  2.6372492219099621 2.7275533748012237 12.333333333333334  2.7441004165805376 2.5980703692903795 12.333333333333334  2.8439532426760779 2.4631429033064465 12.333333333333334  2.9366505795808377 2.3233553686649979 12.333333333333334  3.0790840529217736 2.0830990980918913 12.333333333333334  3.1328515584018053 1.9850237322240893 12.333333333333334  3.1833485700380377 1.8851925222301906 12.333333333333334  3.2305483553476271 1.783763646243941 12.333333333333334  3.2744303438551876 1.6808897706170345 12.333333333333334  3.3428468955885426 1.5051285721125238 12.333333333333334  3.3691396163533702 1.4329262513114545 12.333333333333334  3.3938533689275818 1.3601588672222173 12.333333333333334  3.4169840149854886 1.2868732161037142 12.333333333333334  3.4385281983354128 1.2131151107674325 12.333333333333334  3.5083582385052869 0.9535129338568723 12.333333333333334  3.5483053870564847 0.76543058169131872 12.333333333333334  3.5782857124884471 0.57537273122598043 12.333333333333334  3.5982780215450236 0.38401330378333082 12.333333333333334  3.6082741711515709 0.19200923912710816 12.333333333333334  3.608274171285196 -0.19200923958603067 12.333333333333334  3.5982780218239325 -0.38401330416872737 12.333333333333334  3.5782857128366028 -0.57537273153837576 12.333333333333334  3.54830538733321 -0.76543058191328306 12.333333333333334  3.5083582385675633 -0.95351293395584757 12.333333333333334  3.438528198034807 -1.213115110644305 12.333333333333334  3.4169840145719688 -1.2868732159151757 12.333333333333334  3.3938533683985801 -1.3601588669643792 12.333333333333334  3.3691396157127538 -1.4329262509823315 12.333333333333334  3.3428468948472752 -1.5051285717130312 12.333333333333334  3.2744303429209181 -1.6808897700373475 12.333333333333334  3.2305483543403817 -1.783763645558508 12.333333333333334  3.1833485690224754 -1.8851925214633858 12.333333333333334  3.1328515574597775 -1.9850237314144512 12.333333333333334  3.0790840521429592 -2.0830990972907943 12.333333333333334  2.9366505795664981 -2.3233553678119554 12.333333333333334  2.8439532433949126 -2.4631429024654956 12.333333333333334  2.7441004182329012 -2.5980703686616611 12.333333333333334  2.6372492245873085 -2.7275533745360048 12.333333333333334  2.52361761422915 -2.8509838194305348 12.333333333333334  2.295218789359398 -3.0730005233295508 12.333333333333334  2.1816662167416472 -3.1728362774723369 12.333333333333334  2.0630644942998786 -3.2667961704322974 12.333333333333334  1.9396864224319459 -3.3544190482619181 12.333333333333334  1.8118697315554653 -3.4352543644302012 12.333333333333334  1.6058232488915634 -3.5503195347585388 12.333333333333334  1.5303415571511501 -3.5894762611861126 12.333333333333334  1.4536583715044276 -3.6262737418595066 12.333333333333334  1.3758542361201502 -3.6606410923471873 12.333333333333334  1.2970166563552104 -3.6925124179224089 12.333333333333334  1.1657228969698024 -3.7407571995964171 12.333333333333334  1.1138140469384614 -3.7586215554618461 12.333333333333334  1.0615389847528165 -3.7754036482745286 12.333333333333334  1.0089241727460529 -3.7910885712904125 12.333333333333334  0.95599709949233991 -3.8056627439063813 12.333333333333334  0.77955327226260718 -3.8502660680855993 12.333333333333334  0.65479420093851626 -3.8753959382114984 12.333333333333334  0.52887065242161135 -3.8943505559262634 12.333333333333334  0.40215792018856944 -3.907023754722982 12.333333333333334  0.27504542426742867 -3.9133603462866127 12.333333333333334  -0.034049895688513063 -3.91336031316547 12.333333333333334  -0.21606121648532337 -3.9003712423656718 12.333333333333334  -0.39688363717076292 -3.8743870759815588 12.333333333333334  -0.57539300075035238 -3.8356537244451956 12.333333333333334  -0.7505428513386474 -3.7845970391232497 12.333333333333334  -1.0011423945565605 -3.6925124179224151 12.333333333333334  -1.0799799743215355 -3.6606410923471708 12.333333333333334  -1.1577841097058332 -3.6262737418594826 12.333333333333334  -1.2344672953525346 -3.589476261186102 12.333333333333334  -1.3099489870929137 -3.5503195347585503 12.333333333333334  -1.5159954697569764 -3.4352543644301168 12.333333333333334  -1.6438121606330962 -3.3544190482620118 12.333333333333334  -1.7671902325012534 -3.2667961704323001 12.333333333333334  -1.8857919549432482 -3.1728362774722285 12.333333333333334  -1.9993445275606414 -3.0730005233295854 12.333333333333334  -2.2277433524304753 -2.8509838194305002 12.333333333333334  -2.3413749627887843 -2.7275533745360176 12.333333333333334  -2.4482261564342616 -2.5980703686616398 12.333333333333334  -2.5480789815961771 -2.4631429024654512 12.333333333333334  -2.6407763177679469 -2.3233553678119732 12.333333333333334  -2.7832097903443311 -2.0830990972907499 12.333333333333334  -2.8369772956611463 -1.9850237314144363 12.333333333333334  -2.8874743072238434 -1.8851925214633902 12.333333333333334  -2.9346740925417549 -1.7837636455584991 12.333333333333334  -2.9785560811222949 -1.6808897700373104 12.333333333333334  -3.0469726330486586 -1.5051285717129792 12.333333333333334  -3.0732653539141181 -1.4329262509823264 12.333333333333334  -3.0979791065999311 -1.3601588669643982 12.333333333333334  -3.1211097527733296 -1.2868732159151675 12.333333333333334  -3.1426539362361856 -1.2131151106442473 12.333333333333334  -3.2124839767689775 -0.95351293395589642 12.333333333333334  -3.252431125534498 -0.76543058191316982 12.333333333333334  -3.2824114510379614 -0.57537273153833723 12.333333333333334  -3.3024037600253622 -0.38401330416878876 12.333333333333334  -3.3123999094865035 -0.19200923958597998 12.333333333333334  -3.3123999093528806 0.19200923912722953 12.333333333333334  -3.30240375974644 0.38401330378318688 12.333333333333334  -3.2824114506897941 0.57537273122600641 12.333333333333334  -3.2524311252577669 0.76543058169150524 12.333333333333334  -3.2124839767066922 0.95351293385678093 12.333333333333334  -3.1426539365367607 1.2131151107674552 12.333333333333334  -3.1211097531868428 1.286873216103732 12.333333333333334  -3.0979791071289391 1.3601588672222309 12.333333333333334  -3.0732653545547244 1.4329262513114724 12.333333333333334  -3.046972633789891 1.5051285721125489 12.333333333333334  -2.9785560820565284 1.6808897706170611 12.333333333333334  -2.9346740935489803 1.7837636462439597 12.333333333333334  -2.8874743082393977 1.8851925222301995 12.333333333333334  -2.8369772966031594 1.985023732224098 12.333333333333334  -2.7832097911231153 2.0830990980919055 12.333333333333334  -2.6407763177822536 2.3233553686649095 12.333333333333334  -2.5480789808773037 2.4631429033065979 12.333333333333334  -2.4482261547818491 2.5980703692904239 12.333333333333334  -2.3413749601113838 2.7275533748011185 12.333333333333334  -2.2277433487873535 2.8509838193055002 12.333333333333334  -1.9993445231604088 3.0730005220474323 12.333333333333334  -1.8857919507815002 3.1728362754569863 12.333333333333334  -1.7671902288723718 3.2667961680101971 12.333333333333334  -1.6438121578599774 3.3544190458847254 12.333333333333334  -1.5159954681031844 3.4352543625658361 12.333333333333334  -1.1510793141861073 3.6390392153577564 12.333333333333334  -0.90531437180476071 3.7467311808386583 12.333333333333334  -0.64933882019967903 3.829464575506214 12.333333333333334  -0.38610172618432659 3.885411735168613 12.333333333333334  -0.11900795351502495 3.9133605593710037 12.333333333333334  0.14793713089932012 3.9133602995997059 12.333333333333334 
 0 7 0.069084088037738411 5 0.10816155184228905 5 0.15150946647306177 5 0.1804348341648849 5 0.20031308439068427 5 0.24999588374289117 5 0.29967868307212525 5 0.31955693328984403 5 0.34848230096457039 5 0.39183021550038571 5 0.43090767946905006 5 0.45290259212899503 5 0.46710621547065173 5 0.50000093394652878 5 0.54709787872506455 5 0.56909276851825152 5 0.608170191860537 5 0.65151806133023782 5 0.68044339893305106 5 0.70032162848459678 5 0.75000437616176574 5 0.79968712386183227 5 0.81956535342146031 5 0.84849069104142039 5 0.89183856060612055 5 0.93091598378436657 5 1 7
8 -1.5429111304858685 2.6209332470095243
7 0 0  1 2 2  2.6333333333333337 1.734935157289748 5.8333333333333339  2.6333333333333337 -1.7349351572897469 5.8333333333333339 
 -1.5429111304858694 2 2.6209332470095243 2
8 0.76699400786186667 5.51619129931772
7 1 0  2 5 3  2.6333333333333337 1.7349351572897473 5.8333333333333339  1 -1.666666666666669 6.1961969903205274 5.8333333333333339  0.374165738677394 -1.6666666666666667 -7.9999999999999998e-16 5.8333333333333339  1 -1.6666666666666619 -6.1961969903205301 5.8333333333333339  0.374165738677394 2.6333333333333337 -1.7349351572897469 5.8333333333333339  1
 0.76699400786186667 3 3.1415926535897936 2 5.51619129931772 3
8 0 1.0000000000000002
7 0 0  3 382 380  4.4554130609300593 1.0000000000000001e-17 15.500000000000002  4.4448569577947978 0.18825760036043415 15.500000000000002  4.4042338243486059 0.37812448175312696 15.500000000000002  4.3526929351775179 0.56700782991300369 15.499999999999998  4.3503628593460109 0.57549377705603688 15.499999999999998  4.3488949006306683 0.58082327212955842 15.500000000000002  4.3470669534182145 0.58742424054565634 15.500000000000002  4.3042488791528779 0.74144230485087059 15.500000000000002  4.2526433882524151 0.90274345275149603 15.500000000000002  4.2338785195631203 1.0657475548570094 15.500000000000002  4.2322747959623488 1.0817736930121373 15.500000000000002  4.2314745144445949 1.0904151352645119 15.500000000000002  4.2307815657352306 1.09891270232758 15.500000000000002  4.2199594813098562 1.2406724918321785 15.500000000000002  4.2381004629583092 1.3963996544867934 15.500000000000002  4.2379117991153992 1.5538723156761274 15.500000000000002  4.2375174944996399 1.5770069211845994 15.500000000000002  4.2372181605780401 1.5890103566613338 15.500000000000002  4.2366233771681028 1.6052217223302865 15.500000000000002  4.2302525807204789 1.7394891220250008 15.500000000000002  4.1993801192832247 1.8892457128328597 15.500000000000002  4.1398287302477623 2.0203679095483138 15.500000000000002  4.1271882220627356 2.0458976885222886 15.500000000000002  4.1210741297622677 2.0577496672641931 15.500000000000002  4.1118463658575601 2.0747534462141535 15.500000000000002  4.0502611799654709 2.1833043143123558 15.500000000000002  3.9536274661682653 2.2911497549101263 15.500000000000002  3.8697277790192448 2.3986436127320183 15.500000000000002  3.8502418533796754 2.4247039066048428 15.500000000000002  3.8420226815687881 2.43594011231637 15.500000000000002  3.8290512849096876 2.4542678211283926 15.500000000000002  3.7618098133633726 2.5523113344364634 15.499999999999998  3.7031052382645786 2.6781267777506064 15.500000000000002  3.6588608435585321 2.8032028355128777 15.500000000000002  3.6474343055881495 2.837009981244198 15.500000000000002  3.6425742990466934 2.8517498669473849 15.500000000000002  3.6355518086885428 2.8735902998212626 15.500000000000002  3.5997610191578588 2.9870359283625589 15.500000000000002  3.5646258092854373 3.122146548704019 15.500000000000002  3.5111429322324912 3.2392062275328071 15.500000000000002  3.495050213752446 3.2706364165603405 15.500000000000002  3.4866226753232228 3.2860078325344078 15.500000000000002  3.4728059566836653 3.3094719818618774 15.500000000000002  3.411754096040533 3.4051299052870596 15.500000000000002  3.313486977735038 3.4934793642101223 15.500000000000005  3.2090478876590076 3.5665355280493913 15.500000000000002  3.1791831766987606 3.586559591842819 15.499999999999998  3.1608394940832714 3.5985294542353041 15.499999999999998  3.1365430875994185 3.6140731827567563 15.499999999999998  3.033176460063788 3.6787710680148309 15.499999999999998  2.9199166898192432 3.7422544984410377 15.499999999999998  2.8211272059638586 3.8152083938801495 15.499999999999998  2.7962074574105928 3.8348400193614061 15.499999999999996  2.777371936120836 3.8505720125704608 15.499999999999996  2.758727023223881 3.8669392938993261 15.499999999999998  2.6704675891308458 3.949004645046656 15.499999999999996  2.5999092779054833 4.051804547855788 15.500000000000002  2.5225455732134812 4.1556541872931643 15.500000000000002  2.5054194959629061 4.178158772264049 15.500000000000002  2.4875071680715228 4.2009512060769048 15.500000000000002  2.4714013727489688 4.2208991913310721 15.500000000000002  2.3861199002073485 4.3224187603604527 15.500000000000002  2.2900889791126975 4.4067862184982625 15.500000000000002  2.1773549581318403 4.4713392713242062 15.500000000000002  2.15791878873214 4.4816198307798034 15.500000000000002  2.1298977448047891 4.4949632301669835 15.500000000000002  2.1100114448008855 4.5037648558872103 15.500000000000002  1.9876489928205519 4.5525368483636077 15.500000000000002  1.8574205075708814 4.5679846770821166 15.500000000000005  1.7222577944212007 4.5890334851056709 15.500000000000002  1.70094450979468 4.5925508692335431 15.500000000000002  1.6753293609869506 4.5970640823414728 15.500000000000002  1.6545227742024404 4.6009187545458774 15.500000000000002  1.5201892143427829 4.6285840879163134 15.500000000000002  1.3885097955487629 4.6769112796979098 15.500000000000002  1.2646570524551057 4.7383975876562054 15.500000000000002  1.2433567151637512 4.7494105232716066 15.500000000000002  1.2274774230152241 4.7577653602183672 15.500000000000002  1.2144333598278656 4.7647710214203221 15.500000000000002  1.0904821401797105 4.832718611077695 15.500000000000002  0.96187840090433729 4.9196844672035507 15.500000000000002  0.82415212594819731 4.9740478785008611 15.500000000000002  0.79950980696170015 4.9825755019583857 15.500000000000002  0.78953840236516681 4.9858774680649853 15.500000000000002  0.77982726891007903 4.9889235283432267 15.500000000000002  0.64387320057328168 5.0295741368758913 15.499999999999998  0.4807926367284458 5.0292913351467847 15.499999999999998  0.31155095283074552 5.0098759220260192 15.500000000000002  0.28209997898236344 5.0060278826323392 15.500000000000002  0.27076509009207961 5.0044860718198905 15.500000000000002  0.26710070089423299 5.0039847779340354 15.500000000000002  0.10080610793582931 4.9810437404997563 15.500000000000002  -0.076566165817918613 4.942644045589689 15.500000000000005  -0.25759083547386152 4.9357219789240414 15.500000000000005  -0.28168837632794413 4.9354287983491263 15.500000000000005  -0.29756108636574113 4.9353924740593005 15.500000000000005  -0.31607438472251859 4.9355685956712385 15.500000000000007  -0.48151557680610635 4.9402766805766332 15.500000000000007  -0.65415135183727291 4.9738047815614754 15.500000000000002  -0.82381106398477222 4.9967913767310952 15.499999999999998  -0.84577504951729776 4.9995986833659698 15.500000000000002  -0.86729097747448358 5.0022757889541607 15.500000000000002  -0.90347951956396544 5.0064023443401764 15.500000000000002  -1.055758560053518 5.020813759664617 15.499999999999996  -1.2065391145381319 5.0192719551429423 15.499999999999998  -1.3321206522529458 4.9851901423796319 15.500000000000002  -1.3508468569847931 4.9795295861188533 15.500000000000002  -1.3754978889641887 4.9716649333014171 15.500000000000002  -1.419164257942888 4.9552403214989402 15.500000000000002  -1.5477802263275973 4.896752926366136 15.500000000000002  -1.6633847607979806 4.8217412255302952 15.500000000000005  -1.7644817071166774 4.7645177504994081 15.500000000000002  -1.7816183622745141 4.7550272153365603 15.500000000000002  -1.8094241399345306 4.7398463113411236 15.500000000000002  -1.8605145286956286 4.7134247719088043 15.500000000000002  -1.9865603314105338 4.6547635982694926 15.500000000000002  -2.1007301420819631 4.6156499319861313 15.500000000000002  -2.1989520346043263 4.5937371240194285 15.500000000000002  -2.2182860087426035 4.5897270307555074 15.500000000000002  -2.2582663668554077 4.5820530904149726 15.500000000000002  -2.3233626571100481 4.5715558443316588 15.500000000000002  -2.4576517589293139 4.552617408524477 15.500000000000002  -2.5720295649439153 4.5323303863668496 15.500000000000002  -2.6549643555256592 4.5029674600264169 15.499999999999998  -2.6739768096117196 4.495646359102845 15.499999999999998  -2.711980648454321 4.4798445721044997 15.499999999999998  -2.7767091698570772 4.4470610534537816 15.500000000000002  -2.8870452265954931 4.3736016559356568 15.500000000000002  -2.9695244238038705 4.2967963444136537 15.500000000000005  -3.0234761551470819 4.2360733029878599 15.500000000000002  -3.0376839404766147 4.2195292159407609 15.500000000000002  -3.067211213899395 4.183989506416677 15.500000000000002  -3.1156749867056246 4.1208209683974966 15.500000000000002  -3.1923827360436468 4.015556060572484 15.500000000000002  -3.2583486659354413 3.9331002549233895 15.500000000000002  -3.3090823398430698 3.8830121311737598 15.500000000000002  -3.3246216916705564 3.868474002508961 15.500000000000002  -3.3586680422062751 3.8381340076336756 15.500000000000002  -3.4229634064327552 3.7885593756865998 15.500000000000002  -3.5313017555055088 3.719109497321675 15.500000000000002  -3.6217017050816955 3.6669785959300527 15.500000000000002  -3.681998710717663 3.6305743123979273 15.500000000000002  -3.7007498866265363 3.6190922048856042 15.500000000000002  -3.7445387557590522 3.5918324831916224 15.500000000000002  -3.8176213321053996 3.5437461214922856 15.500000000000002  -3.9217185330166311 3.4627908127531968 15.500000000000002  -3.9909252989414354 3.3901074771836113 15.500000000000002  -4.0289662601736822 3.3371144419321848 15.500000000000002  -4.0399524018981881 3.3205422709503813 15.500000000000002  -4.0660487775792893 3.2784781385816122 15.500000000000002  -4.1033757628160696 3.2032111978493165 15.500000000000002  -4.1482182688638236 3.077921235701135 15.500000000000002  -4.1786212232749094 2.9727758793348777 15.500000000000002  -4.1988887405499131 2.9065939979539781 15.500000000000002  -4.204768358027124 2.8878707571418269 15.500000000000002  -4.2189987309882184 2.8430792054484599 15.500000000000002  -4.246565327438856 2.7623246759494009 15.500000000000002  -4.2979938082010722 2.6365530113325808 15.500000000000002  -4.3476404507369377 2.5421873257940564 15.500000000000002  -4.3858910210131326 2.4828545332969174 15.500000000000002  -4.3962188331748138 2.4676064715439723 15.500000000000002  -4.4227492356485412 2.4292501667636452 15.500000000000002  -4.4722554025946488 2.3650692643178468 15.500000000000002  -4.5612499850893107 2.2578771555762498 15.500000000000002  -4.63029891965276 2.1691069299470787 15.500000000000002  -4.6704215860249256 2.1037818672798907 15.500000000000002  -4.6798245990238918 2.087378432550766 15.500000000000002  -4.7013653806524642 2.0488637117680506 15.500000000000002  -4.7340918114819726 1.9793549025062305 15.500000000000002  -4.7793562850138072 1.8439847483039855 15.500000000000002  -4.8007020481414777 1.7240952154646654 15.500000000000007  -4.8070709876346029 1.63818025446403 15.500000000000007  -4.8081716560074961 1.6169292236407353 15.500000000000007  -4.8100459804419256 1.5761819026278749 15.500000000000007  -4.8102115787124262 1.5046648521425716 15.500000000000007  -4.804333434216761 1.3603701146733189 15.500000000000005  -4.7969866866076911 1.2320854170556697 15.500000000000002  -4.8004892804382582 1.1329452981188191 15.500000000000002  -4.8021541693404659 1.1082603223328711 15.500000000000002  -4.8047578877192594 1.0729370132631764 15.500000000000002  -4.8115869033022429 1.0142760422101389 15.500000000000002  -4.8376872909891944 0.87113267875140254 15.500000000000002  -4.8756519526992399 0.73659272681649501 15.500000000000002  -4.9083532177995517 0.62492939994367991 15.500000000000002  -4.917008498168518 0.59506020159739215 15.500000000000002  -4.926425093940682 0.56243976104380866 15.500000000000002  -4.9409782530928306 0.51117409978311013 15.500000000000002  -4.9835735595933386 0.35255334010311329 15.500000000000002  -5.0172431284851307 0.19178517126143887 15.500000000000002  -5.0265339429233427 0.044954752290093353 15.500000000000002  -5.0272758508214661 0.0073589901479211598 15.500000000000002  -5.0274709752149906 -0.023067580004480299 15.500000000000002  -5.0266727038794423 -0.062134723449440432 15.500000000000002  -5.0166611403338974 -0.22060998192389475 15.500000000000002  -4.9807166584201763 -0.39343305968661885 15.500000000000002  -4.9353370634028195 -0.56281473405665849 15.500000000000002  -4.9212651528747671 -0.61346231492828751 15.500000000000002  -4.9142385552479801 -0.63857419403370408 15.500000000000002  -4.9087800003798066 -0.65800810047329894 15.500000000000002  -4.8753898784049046 -0.77660159727911648 15.500000000000002  -4.8333137608611167 -0.92832515355809131 15.500000000000002  -4.8086380919597085 -1.0869713941335302 15.500000000000002  -4.8033618011591424 -1.1468964568820188 15.500000000000005  -4.8019379117035932 -1.168495558249997 15.500000000000005  -4.8014263287150767 -1.1772992350540425 15.500000000000005  -4.7962729157841766 -1.2800718571630907 15.500000000000007  -4.805548755626007 -1.4307963883164507 15.500000000000002  -4.8108793030822135 -1.5929403079632236 15.500000000000002  -4.8093488383191048 -1.6597913640619095 15.500000000000005  -4.8086276430464121 -1.6786212624468044 15.500000000000002  -4.8082437973353143 -1.6871861704794964 15.500000000000002  -4.8032647392074681 -1.7835256177557888 15.500000000000002  -4.7796369196107937 -1.9345578878970886 15.500000000000002  -4.7266280489788581 -2.076098805406569 15.500000000000002  -4.698532590715887 -2.1332380587789737 15.499999999999998  -4.6915475531099577 -2.147082796509669 15.500000000000002  -4.6836628233850011 -2.1619353434091333 15.500000000000002  -4.6358787499171212 -2.2470576157389308 15.500000000000002  -4.5488451653145692 -2.3581391472862334 15.500000000000002  -4.4587392852656684 -2.4695419362286399 15.500000000000002  -4.4233988937406883 -2.5181275774837037 15.500000000000002  -4.4115680733154683 -2.5346784542389234 15.500000000000002  -4.4009957945259472 -2.5499316260425537 15.500000000000002  -4.3444679739095751 -2.6353775032585633 15.500000000000002  -4.2864017104875165 -2.7526932562634641 15.500000000000002  -4.239244151957462 -2.8815201377803374 15.500000000000002  -4.2204420867338284 -2.9381762198471613 15.500000000000002  -4.2121396171204779 -2.9640643355573433 15.500000000000002  -4.2059352082778734 -2.9840111400196543 15.500000000000002  -4.1741863247015134 -3.0880012020880865 15.500000000000002  -4.1412202105790969 -3.2149954927693942 15.500000000000002  -4.0912435825513871 -3.3378214947728058 15.500000000000002  -4.0684364874823267 -3.3853358208343485 15.500000000000002  -4.0550854179580265 -3.4103471266055858 15.500000000000002  -4.0407227443670291 -3.4348107799931027 15.500000000000002  -3.9815324746177634 -3.5291945245481946 15.500000000000002  -3.8878105425847207 -3.6194201220033806 15.500000000000002  -3.7860506574022352 -3.6968775408208305 15.500000000000002  -3.7488444713495905 -3.7241639055188123 15.500000000000002  -3.7272296081641887 -3.7394723694456795 15.500000000000002  -3.7004016032033205 -3.7580930315012138 15.500000000000002  -3.5957585162911685 -3.829937403533501 15.500000000000005  -3.4806557973334007 -3.9023003169022874 15.499999999999998  -3.3851709055097929 -3.9827094442990538 15.500000000000002  -3.3613025034557786 -4.0035953021718109 15.500000000000002  -3.3444272462986708 -4.0192401756717944 15.500000000000002  -3.3245935927456767 -4.0388468546969305 15.500000000000002  -3.2319077967711647 -4.1337466913213161 15.500000000000002  -3.1622805024988971 -4.2486972132635472 15.500000000000002  -3.0828693357628505 -4.3637026666190035 15.500000000000002  -3.0713022964725383 -4.3802262173381701 15.500000000000002  -3.0572198862743112 -4.3997821022632086 15.500000000000002  -3.0428349825809526 -4.4193814951900512 15.500000000000002  -2.957355557777396 -4.5321793850621646 15.500000000000002  -2.8511032749884229 -4.6365956452890371 15.500000000000002  -2.7329918778642588 -4.709490117623865 15.500000000000002  -2.7139341363764715 -4.7204269464526671 15.500000000000002  -2.7015963946951307 -4.7271018647741014 15.500000000000002  -2.6842299065615354 -4.7362600884675912 15.500000000000002  -2.5596374959403563 -4.7973608349087566 15.500000000000002  -2.4087115744013441 -4.824168749643504 15.500000000000002  -2.2726769193836511 -4.8563179187591894 15.500000000000002  -2.2542907489989101 -4.8608378125684473 15.500000000000002  -2.2397508675945281 -4.8644843929853012 15.500000000000002  -2.2197917308504067 -4.8697042213576349 15.500000000000002  -2.07733262499766 -4.9091994608611174 15.500000000000002  -1.9416231147123502 -4.9702162948620874 15.500000000000005  -1.8177047934590651 -5.0415321594848663 15.500000000000002  -1.8070791182547039 -5.0477414069728077 15.500000000000002  -1.7947538541187211 -5.0549737653069498 15.500000000000002  -1.7809433483010677 -5.0632470650455232 15.500000000000002  -1.6428905375669498 -5.147558040380094 15.500000000000005  -1.5168254254948303 -5.2403017466928645 15.500000000000002  -1.3795268023240825 -5.2917418503667477 15.500000000000002  -1.3756536276559006 -5.2931628081369526 15.500000000000002  -1.3647193347158704 -5.2971557006575365 15.500000000000002  -1.3505726396141668 -5.301945964341674 15.500000000000002  -1.1919575812864045 -5.350109058452504 15.500000000000002  -1.0262055371406691 -5.3449803477272306 15.500000000000005  -0.86391306159332204 -5.3239836025146206 15.500000000000002  -0.85694976970687253 -5.3230600543089865 15.500000000000002  -0.84870862229044497 -5.3219390555547719 15.500000000000002  -0.83943028885426896 -5.320653330484876 15.500000000000002  -0.65278927467294623 -5.2939945809286115 15.500000000000002  -0.47244997984485931 -5.2501433050837649 15.499999999999998  -0.29347803576555237 -5.2430343808375612 15.500000000000002  -0.28348226071477561 -5.2426985860845425 15.500000000000002  -0.27377195479339644 -5.2424543076497718 15.500000000000002  -0.26047262536200377 -5.2422327447858121 15.500000000000002  -0.082519291386002891 -5.240966851054349 15.500000000000005  0.094647565845607337 -5.2723815545471364 15.500000000000002  0.27656674974053663 -5.2863069922625296 15.500000000000002  0.29020465789508382 -5.2873023276104627 15.500000000000002  0.30549581416422555 -5.2882959658390414 15.500000000000002  0.33065792690820406 -5.2897804296278794 15.500000000000002  0.48878558810171135 -5.2972391887179615 15.500000000000002  0.6479303366649477 -5.2855143013025438 15.500000000000002  0.78701821132165661 -5.2342464686660009 15.500000000000002  0.80468295221662212 -5.2271693093934681 15.500000000000002  0.82136030955785255 -5.2199035716026856 15.500000000000002  0.84749360995769352 -5.2081058425656908 15.500000000000002  0.97726261455300167 -5.1431644852935277 15.500000000000002  1.0962240182274963 -5.0527579372933182 15.500000000000002  1.2176191417972808 -4.9756690784520448 15.500000000000005  1.2362700675865288 -4.9641584390846889 15.500000000000005  1.2553756119151525 -4.9527742329409303 15.500000000000005  1.2812493785736432 -4.9374672045632959 15.500000000000005  1.3990225563481622 -4.8709920002625813 15.500000000000005  1.5266964423642575 -4.8168895591209306 15.500000000000005  1.6572481120849436 -4.7814494307687427 15.500000000000002  1.6880437815128322 -4.774073453034327 15.500000000000002  1.7156795188889582 -4.7679427380563668 15.500000000000002  1.7463272041377653 -4.7612512106110785 15.500000000000002  1.8716843531450433 -4.7357361737027226 15.500000000000002  1.999832399046606 -4.7099940503929574 15.500000000000002  2.1157943111939712 -4.6598656942572596 15.500000000000002  2.1491770222771445 -4.6432145026795704 15.500000000000002  2.1790634431592011 -4.6260240408231805 15.500000000000002  2.2087523680255683 -4.6081043358479121 15.500000000000002  2.306711168878703 -4.5430442449163122 15.500000000000002  2.397381314771529 -4.4555398393450689 15.500000000000002  2.4760450005558203 -4.3597054140991078 15.500000000000005  2.5009470543538934 -4.3273910400150504 15.500000000000002  2.5259992672950022 -4.2934930829270064 15.500000000000002  2.5481081729040929 -4.2630854766435657 15.500000000000002  2.6154854225872159 -4.1691683386595599 15.500000000000002  2.6826821312412559 -4.0777984300606072 15.500000000000002  2.7668610655064771 -3.9987363198314037 15.500000000000002  2.7945626416833598 -3.975394239047616 15.500000000000002  2.8303653211353961 -3.9476802332807681 15.500000000000002  2.8611787502635151 -3.9253614722395058 15.500000000000002  2.9541261087208723 -3.8626118933683546 15.500000000000002  3.0510130896636163 -3.8074727660504566 15.500000000000002  3.1515140585053292 -3.7450923868449135 15.500000000000002  3.1820628177233954 -3.7253228995444143 15.500000000000002  3.2220966002630465 -3.6984439175201884 15.500000000000002  3.255643021870875 -3.6748419754194637 15.500000000000002  3.3492069569434011 -3.6027349746585644 15.500000000000002  3.4262680663790008 -3.5269470342510321 15.500000000000002  3.4800136745239008 -3.4413568908907921 15.500000000000002  3.4983922879116758 -3.4081668967920198 15.500000000000002  3.5177830875578362 -3.3694613360610748 15.500000000000002  3.5374498167757569 -3.3233818197403355 15.500000000000002  3.5791297683686896 -3.2114253599516602 15.500000000000002  3.6082746945803277 -3.1038147382373831 15.499999999999998  3.6384008221873509 -3.0085480878629731 15.500000000000002  3.6500988885711947 -2.9726215871111039 15.500000000000002  3.6638508962771499 -2.9322596511151309 15.500000000000002  3.6833454772569203 -2.8793542206398377 15.500000000000002  3.7272306330096234 -2.7693404974465188 15.500000000000002  3.7748363787359596 -2.6748642458695224 15.500000000000005  3.8311903476569604 -2.5894854575925796 15.500000000000005  3.8540430477451215 -2.5566422237134039 15.500000000000002  3.8799818648174074 -2.5218431653358389 15.500000000000002  3.911698088584572 -2.4806974961089789 15.500000000000002  3.9875623209348263 -2.3848420093666292 15.500000000000002  4.0582468911223852 -2.2950481406220078 15.500000000000002  4.1122464196427044 -2.1993320589259633 15.500000000000002  4.1301926071277073 -2.1647659246632376 15.500000000000002  4.1458002013969475 -2.1295155078045171 15.500000000000002  4.1632728848937006 -2.0867753659056434 15.500000000000002  4.2069861435342304 -1.9656611106741722 15.500000000000002  4.229673502399244 -1.8323949553589023 15.500000000000002  4.2366341665968479 -1.7103649694815404 15.500000000000002  4.2376877369422017 -1.6804909551193559 15.500000000000002  4.2381018791757477 -1.6472703637004897 15.500000000000002  4.2380936180080298 -1.6086969153249555 15.500000000000002  4.2350997079115222 -1.4587777267292878 15.500000000000002  4.2231163689402731 -1.3091369391037007 15.500000000000002  4.2304688282658542 -1.1755502759683916 15.500000000000002  4.2317279941836574 -1.1582058320149395 15.500000000000002  4.2333678629300566 -1.1385492865061762 15.500000000000002  4.2360880301421995 -1.1106999888208189 15.500000000000002  4.2573569131712574 -0.94019079349223877 15.500000000000002  4.3027820940659467 -0.77940433596801717 15.500000000000002  4.3462075725371321 -0.62898588619260154 15.500000000000002  4.3482809959594393 -0.62180835663042278 15.500000000000002  4.3518647760186502 -0.60940080802861329 15.500000000000002  4.3565645424538575 -0.59312288371831945 15.500000000000002  4.4150564306443814 -0.38970502035322258 15.500000000000002  4.466208693296867 -0.19252936597027936 15.500000000000002  4.4554130609300593 -3.5000000000000002e-16 15.500000000000002 
 0 4 0.017799462772309219 1 0.018342089115001479 1 0.01835965653908159 1 0.018624448472716191 1 0.018860256380570348 1 0.019001539304922571 1 0.033602872229022272 1 0.034611103461343148 1 0.034678622355117858 1 0.035142460222787462 1 0.035440797901121562 1 0.035493822496612509 1 0.048736606332068319 1 0.050155925603515908 1 0.050267412540437741 1 0.050905616882244931 1 0.051280968498930879 1 0.05178625265100132 1 0.063480993412847062 1 0.065247700914312839 1 0.065362185454319405 1 0.066172239862198348 1 0.066508435887292564 1 0.067192827524472518 1 0.077989364036131215 1 0.080028116927515811 1 0.080077675844978893 1 0.081071626589356308 1 0.081348212115496366 1 0.082209697883167648 1 0.092371911699000289 1 0.094499384018498542 1 0.094596793507362054 1 0.095694225514651191 1 0.095941994680413853 1 0.096725694928089551 1 0.10671917900479147 1 0.10871084130927418 1 0.10903627365597236 1 0.11011786903934816 1 0.11040301512254165 1 0.11167051119933964 1 0.1211108015920611 1 0.12280202402619611 1 0.12342156446307334 1 0.12441753700775882 1 0.12481389465520096 1 0.12607047730594576 1 0.13561950818263213 1 0.13686929187506219 1 0.13782446932483433 1 0.13866904634351546 1 0.13923494633915631 1 0.14021961365657501 1 0.1503137543796142 1 0.1510114537886019 1 0.15231616296391579 1 0.15295035552448644 1 0.15371005282261979 1 0.15470021243779716 1 0.16526075413818009 1 0.1653255983748384 1 0.16696982519372552 1 0.16734264211028138 1 0.16827486542769229 1 0.16903990442673944 1 0.17990632555533206 1 0.18053168466611233 1 0.18186515098889242 1 0.18193332789968289 1 0.18297516998316316 1 0.18385480392859702 1 0.19485299973983691 1 0.19621255510311902 1 0.19682475183606113 1 0.19709820537095199 1 0.19789123675779818 1 0.19820855554941388 1 0.21029548003548004 1 0.2121587217227531 1 0.2124313583601336 1 0.21280695937908842 1 0.21317084273128326 1 0.2134123251363802 1 0.22648453656417208 1 0.22820318673780129 1 0.22910887929289961 1 0.22922539085196983 1 0.22925998872613454 1 0.2294506216673412 1 0.24474051456872223 1 0.24628806434446582 1 0.24687964577908333 1 0.24706061860171324 1 0.24781620552166533 1 0.24866186760909906 1 0.26298308068834375 1 0.26436966502984316 1 0.26451419893139311 1 0.26502978819440637 1 0.26637227946898845 1 0.26787311354188797 1 0.2791317704645615 1 0.28033138846028682 1 0.28040428208769524 1 0.2810169585475743 1 0.28282488042139864 1 0.28489237682217444 1 0.29452016714010515 1 0.29557358835965863 1 0.29572508354998839 1 0.29634888970318635 1 0.2985330644242235 1 0.30111118004330345 1 0.30942038855129533 1 0.30993409751657647 1 0.31060516720689613 1 0.31128112528357332 1 0.31376563379217781 1 0.31679205044968639 1 0.32398661954738217 1 0.32473977247968133 1 0.32519206634493736 1 0.32593004771692663 1 0.32866080982513246 1 0.33206298096812487 1 0.33833897744337232 1 0.33902109242580369 1 0.33959285869642458 1 0.34036314470975876 1 0.34331486275629458 1 0.34700998075158257 1 0.35258281441976758 1 0.35340149551483857 1 0.35389730656082569 1 0.35463946202946411 1 0.35780758663879042 1 0.36170422701458793 1 0.36681158516384199 1 0.36747635971275727 1 0.36818565580916096 1 0.3688318436104584 1 0.37221211698930873 1 0.37621293371000636 1 0.38110538911059322 1 0.38180501987456944 1 0.38253159750135912 1 0.38303230347279998 1 0.38659943868915564 1 0.3906045564291678 1 0.39553034949099058 1 0.39668468579776134 1 0.39700414648677479 1 0.3973479772285784 1 0.40104105498768772 1 0.40495182387463036 1 0.41014153530007946 1 0.41118033722886976 1 0.411670418237084 1 0.41189245975225741 1 0.41561162730518342 1 0.41933437166224652 1 0.42499105436807516 1 0.42621438544781576 1 0.42660108211307118 1 0.42678215301162897 1 0.43039338561179363 1 0.43384274237436127 1 0.44014366902524549 1 0.44167022311186227 1 0.44188173202570041 1 0.44213326560051003 1 0.44548574095333465 1 0.44858712949370538 1 0.45570851840456345 1 0.45764017205592711 1 0.45807093881940342 1 0.45807642433139745 1 0.46103032275700839 1 0.46372086358071568 1 0.47193178442982797 1 0.47413677467284004 1 0.47456356851186837 1 0.47482792892471043 1 0.47729837574641776 1 0.47952427297314176 1 0.49013937424043735 1 0.49272643101266672 1 0.49358461431822931 1 0.49373837864637199 1 0.49563893688307248 1 0.49732373564316906 1 0.50890591691368425 1 0.51219075551493043 1 0.51364686856757558 1 0.51379889553870628 1 0.51461899948972945 1 0.51552708651575063 1 0.52528224361981601 1 0.5293721415260666 1 0.53083975069360023 1 0.53103686025488572 1 0.5314426788271327 1 0.53168316005632765 1 0.54087615177691151 1 0.54573583912080847 1 0.54692187096522449 1 0.54714215072814454 1 0.54749979514451663 1 0.54772403858552909 1 0.55616309741745396 1 0.56159744721474825 1 0.56188860826771092 1 0.56218455154289571 1 0.56306458928073899 1 0.56348076226099464 1 0.57143490759061444 1 0.57634881986079889 1 0.57696149250739082 1 0.57712514827208328 1 0.57827725777167094 1 0.57872286762342795 1 0.5868624459252485 1 0.59070570590874694 1 0.59158084023927704 1 0.59242621378055393 1 0.593234479631221 1 0.59352030277762957 1 0.60250975888596947 1 0.60528101706548232 1 0.60613148507503189 1 0.6075706413315658 1 0.60801551711723578 1 0.60887422168264971 1 0.61834962471847543 1 0.62025596242597392 1 0.62069245990857491 1 0.62260300482471287 1 0.62269250574708102 1 0.62369813057224588 1 0.63428917891735148 1 0.63533709655448012 1 0.63566053671132428 1 0.63733547765217136 1 0.63755328615132767 1 0.63835062416677235 1 0.65013566565300751 1 0.65020626267778903 1 0.6513914224010684 1 0.65201557254539821 1 0.65244915655763802 1 0.65365225050272791 1 0.66515830419194821 1 0.66599435491284886 1 0.66680815941273308 1 0.66724620207344343 1 0.66732957267687953 1 0.66867816853992657 1 0.68048004148395891 1 0.68161141077670351 1 0.6817975798390421 1 0.68225894062481929 1 0.68302054570511617 1 0.68373903238387612 1 0.69619144602105065 1 0.69708691037694592 1 0.69712544667367526 1 0.69734257525858478 1 0.69842320726906482 1 0.69862868039295911 1 0.7124255382754261 1 0.71275146697927283 1 0.71275264245051972 1 0.71282307071912243 1 0.71387317773640857 1 0.71419265601320991 1 0.72880202123769044 1 0.72892211582468969 1 0.72928480988531885 1 0.72945009926575655 1 0.72968990554798463 1 0.73014993866555655 1 0.74687924368709491 1 0.74716120538424446 1 0.74738239990610189 1 0.74784149991690441 1 0.74809570305719897 1 0.74866186925225942 1 0.76495476978845167 1 0.76498356220890773 1 0.7655459526536198 1 0.76621932217368094 1 0.76639918083066416 1 0.76787363929991748 1 0.78082839637581647 1 0.78111467274017055 1 0.78214319043183234 1 0.78266009273742054 1 0.78286388929564221 1 0.7848982004737437 1 0.79655605173716149 1 0.7966288209450253 1 0.79831736219459348 1 0.79860399399774828 1 0.798710594964126 1 0.80113229297256339 1 0.81129182675021239 1 0.81179930499609521 1 0.81389667249139364 1 0.81427232446087439 1 0.81445952443734326 1 0.81684369771804777 1 0.82627299213303995 1 0.82675277670436897 1 0.8288871234107551 1 0.82981818666224616 1 0.83001738377343615 1 0.83216543507457441 1 0.84088613798429568 1 0.84156194851868094 1 0.84367703190980692 1 0.84468046654852946 1 0.84549177133260967 1 0.84718807344465286 1 0.85550501671946722 1 0.85627950535546948 1 0.85835009278031171 1 0.85899933062306277 1 0.86062787527812046 1 0.86198664209619535 1 0.86964246047918958 1 0.87095708491631829 1 0.87284679930239573 1 0.87298201275536469 1 0.87539331425946387 1 0.87663127803386709 1 0.88398157445807768 1 0.88565716303725539 1 0.88642299432709892 1 0.88764524914246801 1 0.88981902929809242 1 0.89119225197860696 1 0.89890018265667626 1 0.90003928478288353 1 0.90045948147816801 1 0.90241187641503273 1 0.90401494497773871 1 0.9057428958753676 1 0.91356157420157824 1 0.91406987310042287 1 0.91546285909054892 1 0.9173563529909069 1 0.91817217038599841 1 0.92036224277048229 1 0.92886157457878571 1 0.9289193326701457 1 0.93078438959940635 1 0.93255005264336244 1 0.93256002288452211 1 0.93513918314032196 1 0.94465294618606643 1 0.94500526584541333 1 0.9465610518399814 1 0.94745147047962652 1 0.9481209374379056 1 0.95018158369733696 1 0.96154291955574323 1 0.96229453192730185 1 0.96296705147402051 1 0.96320503239293054 1 0.96417965858159638 1 0.96564057447618801 1 0.97960453332241282 1 0.97980746213529413 1 0.98021960950150866 1 0.98030011208614187 1 0.98100975038967153 1 0.98179664844551751 1 1.0000000000000002 4
8 0.23999999999999999 4.7000000000000002
7 0 0  1 2 2  3.0636797711071666 -1.7349351572897473 2.1166666666666667  2.6333333333333337 -1.7349351572897473 5.8333333333333339 
 0.23999999999999999 2 4.7000000000000002 2
8 0.23999999999999999 4.7000000000000002
7 0 0  1 2 2  3.0636797711071666 1.7349351572897473 2.1166666666666667  2.6333333333333337 1.7349351572897473 5.8333333333333339 
 0.23999999999999999 2 4.7000000000000002 2
8 4.4e-16 4.1638443774953933
7 0 0  1 2 2  3.0636797711071666 -1.7349351572897473 2.1166666666666667  3.0636797711071666 1.7349351572897476 2.1166666666666667 
 -4.4e-16 2 4.1638443774953933 2
8 0 4.7491972914558538
7 1 0  2 5 3  3.0636797711071666 1.7349351572897473 2.1166666666666667  1 -1.2363202288928352 6.1961969903205283 2.1166666666666667  0.374165738677394 -1.2363202288928337 -5.6000000000000003e-16 2.1166666666666667  1 -1.2363202288928326 -6.1961969903205301 2.1166666666666667  0.374165738677394 3.0636797711071675 -1.7349351572897465 2.1166666666666667  1
 0 3 2.3745986457279269 2 4.7491972914558538 3
8 0 1
7 1 0  5 6 2  4.4554130609300593 1.0000000000000001e-17 15.500000000000002  1 7.1859226802038023 2.2e-16 26.329735276801411  1.0000000000000004 10.865195062914234 -4.2000000000000002e-16 37.549984219331186  0.99999999999999645 16.079985066178072 4.4e-16 45.648097127165556  1.0000000000000051 20.222714584279707 -2.1000000000000001e-16 57.658547945187479  0.99999999999999711 22.34656588197964 1.2e-16 68.333333333333343  1
 0 6 1 6
8 0 1.0000000000000002
7 0 0  3 382 380  22.34656588197964 1.2e-16 68.333333333333343  22.348231031480484 0.2902796967850923 68.333333333333343  22.336898408393978 0.59007445298394601 68.333333333333343  22.309982440777173 0.88868181753945674 68.333333333333343  22.308751498963584 0.9020975430321686 68.333333333333343  22.307971552155681 0.9105231904633978 68.333333333333343  22.306990413526503 0.92095901536952685 68.333333333333343  22.283831598251318 1.1644537063466678 68.333333333333343  22.248618519510917 1.4193950071554122 68.333333333333357  22.200564011689799 1.6707764663864553 68.333333333333357  22.19575654425638 1.6954469664331151 68.333333333333357  22.193142282795183 1.7087375983751263 68.333333333333357  22.190540561209438 1.7217896278837483 68.333333333333357  22.146899825657066 1.9393931749947169 68.333333333333357  22.089220519817037 2.1728881956180648 68.333333333333343  22.019433665885316 2.403792842787897 68.333333333333343  22.00900559897854 2.4376374724912098 68.333333333333343  22.003550389026802 2.4551780470777156 68.333333333333343  21.996101203795515 2.4788318240307401 68.333333333333343  21.933817048518659 2.6744829413369353 68.333333333333343  21.855285653124771 2.8887805149623103 68.333333333333343  21.768867374355487 3.0929044029282866 68.333333333333343  21.751457734373272 3.1332495040614714 68.333333333333343  21.743237979526622 3.1521218524634387 68.333333333333343  21.731187372190629 3.179474837659761 68.333333333333343  21.652737065809021 3.3557513023081573 68.333333333333343  21.55448259356557 3.5536196598067016 68.333333333333343  21.451980751726978 3.7373457357660409 68.333333333333343  21.427118616979591 3.7811017827973443 68.333333333333343  21.416397282487139 3.7998003756533225 68.333333333333343  21.398938434924364 3.8299166960021322 68.333333333333343  21.305722136760128 3.9891463046505136 68.333333333333343  21.189602016224026 4.1699533741425112 68.333333333333343  21.072543659542955 4.3348941549620941 68.333333333333343  21.040779389249405 4.3788667369477015 68.333333333333343  21.02690091194156 4.3978984127541887 68.333333333333343  21.006278396827916 4.425879827746936 68.333333333333343  20.898918835081339 4.5703727131026897 68.333333333333343  20.767814156724622 4.7326661630866429 68.333333333333343  20.634614572592518 4.8832025778228791 68.333333333333329  20.5974838447029 4.9244416480036302 68.333333333333329  20.578889135287646 4.9448769575695968 68.333333333333314  20.549781013913183 4.9765409307628268 68.333333333333314  20.427546604670731 5.1079746758898761 68.333333333333314  20.283802057797079 5.250705238758032 68.333333333333314  20.142238260961374 5.3802125397940195 68.333333333333314  20.102096193576738 5.4163167151170351 68.333333333333314  20.07754371773698 5.4381384867165456 68.333333333333314  20.045071564102102 5.4667052108431831 68.333333333333314  19.907023601332408 5.5866825058882963 68.333333333333329  19.753412858082928 5.7099431136755063 68.333333333333343  19.599220757249938 5.8241959248838899 68.333333333333343  19.558985344530775 5.853523755147453 68.333333333333343  19.527628656745861 5.8760749254301166 68.333333333333343  19.495767703864285 5.8987485265055977 68.333333333333343  19.34026449628691 6.0081339026666249 68.333333333333343  19.178707301681541 6.1126099037483828 68.333333333333343  19.009014910690201 6.2136511245664652 68.333333333333343  18.971878289876638 6.235420589521115 68.333333333333343  18.933722603327119 6.2574503336622485 68.333333333333343  18.899922599949743 6.2767524511001094 68.333333333333343  18.724803063585362 6.3753855269003132 68.333333333333343  18.555959077204363 6.4619949320673822 68.333333333333343  18.374661377797075 6.5471885460166215 68.333333333333343  18.34381875780872 6.5614723296042667 68.333333333333343  18.299995560401157 6.5814206319416568 68.333333333333343  18.269177304506666 6.5952921968352101 68.333333333333343  18.081678205610526 6.6784556880595893 68.333333333333343  17.895740924366876 6.7527378886629865 68.333333333333343  17.698667044645418 6.823476537332402 68.333333333333343  17.667453172897481 6.834468501688959 68.333333333333343  17.629769822106052 6.8475572023766809 68.333333333333343  17.599049369910443 6.8581106273865791 68.333333333333343  17.39917140064685 6.9254692251078653 68.333333333333343  17.191911541743906 6.9870938622031238 68.333333333333343  16.986923705918382 7.0401397330823379 68.333333333333343  16.951387754809691 7.0491205346324293 68.333333333333343  16.924801636004108 7.0557676289885025 68.333333333333343  16.902869070912555 7.0611800521014292 68.333333333333343  16.693537951223306 7.1121347478066079 68.333333333333343  16.46530062505013 7.1592212196267209 68.333333333333343  16.236307084340208 7.1976675538284995 68.333333333333343  16.195834255424131 7.2042288315075815 68.333333333333343  16.179519329767636 7.2068452081611145 68.333333333333343  16.163701733356866 7.2093503628259343 68.333333333333343  15.943102913798905 7.2439299715465335 68.333333333333343  15.699342069854847 7.2734929482488226 68.333333333333343  15.444038290667764 7.2951853973152332 68.333333333333329  15.399437539343376 7.2986914195448582 68.333333333333343  15.382237758509122 7.3000011261568583 68.333333333333343  15.376675658316461 7.3004226388718898 68.333333333333343  15.124146756138444 7.3194231831580998 68.333333333333329  14.846308790622652 7.3300158243323539 68.333333333333329  14.561773380519625 7.3328191843953734 68.333333333333343  14.523895213965563 7.333062202171087 68.333333333333343  14.498946399451102 7.3331918318607876 68.333333333333343  14.469849039851125 7.3333002127251348 68.333333333333343  14.209888811659326 7.3336292351843513 68.333333333333314  13.939626518785179 7.3278364876468984 68.333333333333314  13.681292802192749 7.3135149794231769 68.333333333333314  13.647945770634932 7.3115522175036762 68.333333333333314  13.61531997764194 7.309583631647893 68.333333333333314  13.560611678602434 7.3060522408607254 68.333333333333314  13.33102162343263 7.2897107750835906 68.333333333333329  13.104219669584257 7.266601919334942 68.333333333333343  12.901457251705775 7.2394234071206798 68.333333333333343  12.870967290153686 7.2352352300662544 68.333333333333343  12.830648690470927 7.2296247427288707 68.333333333333343  12.758141732828735 7.2190744381136502 68.333333333333343  12.540320950485008 7.1851362566524912 68.333333333333343  12.335684340564237 7.1467756691697044 68.333333333333343  12.162911120633266 7.109055392891257 68.333333333333343  12.133766205480713 7.1025895900498748 68.333333333333343  12.086622906514171 7.0920236119584041 68.333333333333343  12.000977395450835 7.0721186934549563 68.333333333333343  11.79379328378679 7.0210046763940328 68.333333333333343  11.614512078838962 6.9707623381544765 68.333333333333343  11.466417979801797 6.9250252531949537 68.333333333333343  11.437424794361386 6.9159584548118493 68.333333333333343  11.377799416629674 6.8970476389220998 68.333333333333343  11.281812947063377 6.8655976171202111 68.333333333333343  11.085798913910685 6.7977178026969689 68.333333333333343  10.918381697097447 6.7337733755027021 68.333333333333343  10.791538878292267 6.6816368302435398 68.333333333333343  10.762238962960316 6.6694624353891552 68.333333333333343  10.703217135476613 6.6446761131054206 68.333333333333343  10.60027523454708 6.6001006267797484 68.333333333333343  10.415983097259833 6.5159385977737347 68.333333333333343  10.264382526429358 6.4408314500986332 68.333333333333343  10.155516799720361 6.3837190006247813 68.333333333333343  10.126316272260791 6.3682438784263224 68.333333333333343  10.064522466416706 6.3351396906517179 68.333333333333343  9.9584961133753467 6.2766256860808802 68.333333333333343  9.7860259052964498 6.1763163977234949 68.333333333333343  9.6463432453170093 6.0890240228713921 68.333333333333343  9.5523309739706139 6.0273265527643023 68.333333333333343  9.5243424355689825 6.0087745473591641 68.333333333333343  9.4645529480923045 5.9687707263881071 68.333333333333343  9.3595883027329059 5.8964446609514827 68.333333333333343  9.1987886609695586 5.7796316611804013 68.333333333333343  9.0740923550105563 5.6827781746393224 68.333333333333343  8.991883882327329 5.616140605192447 68.333333333333343  8.966362782242479 5.5952429936769477 68.333333333333343  8.906778495379843 5.5459639965915253 68.333333333333343  8.8070009689531457 5.4609669136350139 68.333333333333343  8.6579874427344325 5.3269504490309361 68.333333333333343  8.5449966369946146 5.2184447603476976 68.333333333333343  8.4720758875566275 5.1454633739399904 68.333333333333343  8.4499559686623034 5.123090279303967 68.333333333333343  8.3951722651812908 5.0671737224169702 68.333333333333343  8.3043475388551773 4.9716329723316113 68.333333333333343  8.167959830667197 4.8198159732696979 68.333333333333343  8.0620537006552322 4.6936863669891862 68.333333333333343  7.9967029797889788 4.6121530156735675 68.333333333333343  7.9782703490863929 4.588893661271892 68.333333333333343  7.9342310790994643 4.5330374361992458 68.333333333333343  7.8554315690331444 4.4299195958551678 68.333333333333343  7.7333802197444408 4.2603700118735812 68.333333333333343  7.6413083678305407 4.1227470284526104 68.333333333333357  7.5824581327147991 4.0301689857318657 68.333333333333357  7.5672599842554806 4.0059548842175925 68.333333333333357  7.5289599523305402 3.9445706800091727 68.333333333333357  7.4642898227729644 3.8374282124465826 68.333333333333343  7.3589066329019195 3.6513015236368749 68.333333333333343  7.2789332652328378 3.4977230343136263 68.333333333333343  7.2268319658262881 3.3911259818932038 68.333333333333343  7.2141466818751132 3.364776196701682 68.333333333333343  7.1846782965307021 3.3032348337080819 68.333333333333329  7.1351068496822441 3.1958772974540279 68.333333333333329  7.0488091699947999 2.9954904940902138 68.333333333333343  6.9820367696144183 2.8238536263272072 68.333333333333343  6.9379028577248159 2.7002380693404797 68.333333333333343  6.9271704830557548 2.6695772007797451 68.333333333333343  6.906685952423568 2.6107438182137841 68.333333333333343  6.8720174693661908 2.5068878976492388 68.333333333333343  6.8066542952768616 2.2950866992211765 68.333333333333343  6.7549716076691109 2.1034404417165424 68.333333333333343  6.7192633895408989 1.9527702389568979 68.333333333333343  6.7106468246540407 1.9150818016765319 68.333333333333343  6.6983893606777611 1.8611049015750118 68.333333333333343  6.6788539139958258 1.7709445791825338 68.333333333333343  6.6350807604900419 1.5489866733184658 68.333333333333343  6.6011583870932284 1.3376222952394734 68.333333333333343  6.5788148206680086 1.1620083271827446 68.333333333333343  6.5732291951614732 1.1150562433566988 68.333333333333343  6.5672410487863093 1.0637881502295619 68.333333333333343  6.5585241198438222 0.98327013206230152 68.333333333333343  6.5351789605507404 0.73441281358115329 68.333333333333343  6.5213707884614083 0.48290599615955804 68.333333333333343  6.515792545368301 0.25341250447281499 68.333333333333343  6.5147985289221344 0.1946573925763658 68.333333333333357  6.5140945483041923 0.14710731913771299 68.333333333333357  6.5134512550144263 0.086056011402772456 68.333333333333357  6.5125759473847067 -0.16161384289885938 68.333333333333357  6.518229737322689 -0.43188313266300016 68.333333333333343  6.5336459691234863 -0.69786864465281295 68.333333333333343  6.5392765284499372 -0.7775324401647925 68.333333333333343  6.542245868109104 -0.81705484836108933 68.333333333333343  6.5446272530670697 -0.84765164183713793 68.333333333333343  6.5600785212375401 -1.0344532830625306 68.333333333333343  6.5872487347888855 -1.2738870385467547 68.333333333333343  6.6257994286678725 -1.5209246642449603 68.333333333333343  6.6418791529897794 -1.613494694694676 68.333333333333343  6.6478374904873601 -1.6467710920080914 68.333333333333343  6.6502900638748441 -1.6603212791484028 68.333333333333343  6.679221674520103 -1.8183409919946902 68.333333333333343  6.7280350243172951 -2.0466485403360828 68.333333333333343  6.7911902193024698 -2.287319500972488 68.333333333333329  6.8191562231986902 -2.3857243379244943 68.333333333333343  6.827160286732374 -2.4133889209547874 68.333333333333343  6.8308247265373208 -2.4259624599981282 68.333333333333343  6.8723120252391192 -2.5672800709671657 68.333333333333343  6.9436174753479163 -2.7862352058123969 68.333333333333343  7.025719533267103 -3.002479903940388 68.333333333333343  7.062461788761353 -3.0936693443594332 68.333333333333343  7.0714601110956723 -3.1158693387685741 68.333333333333343  7.0813251263107757 -3.1399204171732356 68.333333333333343  7.1392798923138452 -3.2793922398358144 68.333333333333329  7.2284333981825917 -3.4772160883686252 68.333333333333314  7.3280478962595215 -3.6735246617120052 68.333333333333314  7.3717411965640514 -3.7555155788588213 68.333333333333314  7.3866272577688532 -3.7832606506251762 68.333333333333314  7.4003448404437417 -3.8085371638282357 68.333333333333314  7.4769887288623851 -3.9478283103228424 68.333333333333314  7.580360972529312 -4.1225559261364078 68.333333333333343  7.6950900877477686 -4.298396228801586 68.333333333333343  7.746042801287631 -4.3736039334317747 68.333333333333343  7.7694173377527553 -4.4076389973108077 68.333333333333343  7.7875032301392855 -4.4336328376750513 68.333333333333343  7.882077611767965 -4.5683983306604965 68.333333333333343  8.0005562736417168 -4.7255367284102308 68.333333333333343  8.1315238159256769 -4.884440454990413 68.333333333333343  8.1849247829918177 -4.9474986166049471 68.333333333333343  8.2140651544776873 -4.9813258048870068 68.333333333333343  8.2435274321816348 -5.0150510047495978 68.333333333333343  8.3599490407181634 -5.1470352125204517 68.333333333333329  8.4978314347212507 -5.291876449023432 68.333333333333343  8.63656403337664 -5.4259997903217538 68.333333333333343  8.6869027666437635 -5.4738414102711648 68.333333333333343  8.7159730718073156 -5.5010003254983664 68.333333333333343  8.752075015198109 -5.5342409132353954 68.333333333333343  8.892954372320375 -5.662923494611813 68.333333333333343  9.0512145650361173 -5.7957334489668995 68.333333333333343  9.2059045821540693 -5.9149741376717939 68.333333333333343  9.2454447160455828 -5.9451464464693027 68.333333333333343  9.2743659325644039 -5.9668920415147984 68.333333333333343  9.3096470340656676 -5.9930510838296964 68.333333333333343  9.4779711912581615 -6.1169191944638959 68.333333333333329  9.6497826446342998 -6.2319481744902951 68.333333333333329  9.8313907805976495 -6.3430839760606661 68.333333333333343  9.8576397597032024 -6.3589915621041282 68.333333333333343  9.8890739624554875 -6.3777757835310425 68.333333333333343  9.9208277811171115 -6.3965952814343723 68.333333333333343  10.106030603401381 -6.5049634063128456 68.333333333333343  10.301705937955898 -6.6083662726655712 68.333333333333343  10.495534594149676 -6.7009124181845925 68.333333333333343  10.526375046216479 -6.71543271173518 68.333333333333343  10.54613544975714 -6.7246374265162441 68.333333333333343  10.573832342222856 -6.7374816119452303 68.333333333333343  10.770265191134191 -6.8274597801318766 68.333333333333343  10.98637047265184 -6.915468664719131 68.333333333333343  11.187842113223688 -6.9881755195462816 68.333333333333343  11.215200142939644 -6.997921897241941 68.333333333333343  11.23688697419394 -7.0055987339107757 68.333333333333343  11.266806155606611 -7.0160621234248444 68.333333333333343  11.4818570792164 -7.090166991532354 68.333333333333329  11.701991335664994 -7.1561578832041102 68.333333333333329  11.913620752067485 -7.2106702478819198 68.333333333333329  11.931831828739709 -7.2153082061271308 68.333333333333329  11.952976280765713 -7.2206764277776871 68.333333333333329  11.976784853074649 -7.2266252130028121 68.333333333333329  12.215891352673873 -7.2854219303340129 68.333333333333329  12.445285931440495 -7.332064398767514 68.333333333333343  12.672825100292837 -7.3694147888384194 68.333333333333343  12.679230319975622 -7.3704604359767325 68.333333333333343  12.697304386147746 -7.3734074528661715 68.333333333333343  12.720518533052745 -7.3771210742518818 68.333333333333343  12.978258866329183 -7.4173887859431566 68.333333333333343  13.222490055586867 -7.4456767151164884 68.333333333333343  13.468062805919239 -7.4651700274250254 68.333333333333343  13.478608931970863 -7.4659946122265826 68.333333333333343  13.491104234712603 -7.4669553665973645 68.333333333333343  13.505184621217071 -7.4680239768451102 68.333333333333343  13.788884999781907 -7.4890693577416174 68.333333333333343  14.074056672982346 -7.4983760241398469 68.333333333333343  14.355403749928589 -7.4998257167023263 68.333333333333343  14.371114201378633 -7.4998940057469978 68.333333333333343  14.386371562567 -7.4999438080816194 68.333333333333343  14.407261314692981 -7.499988606655581 68.333333333333343  14.686668869812895 -7.5002307684947001 68.333333333333343  14.962396154385942 -7.4933533579475382 68.333333333333343  15.237427719106899 -7.4761303318430468 68.333333333333343  15.25802479382873 -7.4748123077399837 68.333333333333343  15.281078269688736 -7.473270348940539 68.333333333333343  15.318979930540587 -7.4706584169611281 68.333333333333343  15.556798566177434 -7.4533310185602977 68.333333333333343  15.795773476970751 -7.4274273951571015 68.333333333333343  16.026363712284507 -7.3942929829203452 68.333333333333343  16.055948449398869 -7.3899374077651414 68.333333333333343  16.084183745233194 -7.385662555395438 68.333333333333343  16.128641293958594 -7.3788447052460722 68.333333333333343  16.352675745881207 -7.3431239778634234 68.333333333333343  16.573260394393834 -7.2995886994875914 68.333333333333343  16.786637733978189 -7.2499840993110309 68.333333333333343  16.819163688414228 -7.2422495945711836 68.333333333333343  16.85218127395213 -7.2341988132685442 68.333333333333343  16.896814558628545 -7.2232619102547009 68.333333333333343  17.097631418165943 -7.1724925921962175 68.333333333333343  17.302824466938212 -7.1124803975416331 68.333333333333343  17.500824101401214 -7.0475001956515984 68.333333333333343  17.546935633026031 -7.0319587765402369 68.333333333333343  17.587984259200145 -7.0177737934224051 68.333333333333343  17.633431043638264 -7.0019803515954218 68.333333333333343  17.817984291181919 -6.9361946437437183 68.333333333333343  18.004507388369468 -6.861839035889032 68.333333333333343  18.184732038676231 -6.783226551540948 68.333333333333343  18.237587888216886 -6.7596374840126749 68.333333333333343  18.28604013876161 -6.7374306992833191 68.333333333333343  18.334612912533597 -6.7149510943102815 68.333333333333343  18.498017055453136 -6.6377979917705368 68.333333333333343  18.665539025288815 -6.5512293002491147 68.333333333333343  18.829687021200968 -6.4596911776275814 68.333333333333343  18.883505364490112 -6.4290089399752341 68.333333333333343  18.938903726412988 -6.3966413286987889 68.333333333333343  18.988218280114289 -6.3674166121152505 68.333333333333343  19.13947828577383 -6.2760124674979245 68.333333333333343  19.287058443488455 -6.1797358039529495 68.333333333333343  19.436444344038247 -6.0753504620890606 68.333333333333343  19.482882351735149 -6.0422060061916962 68.333333333333343  19.540270523099622 -6.0004089241075604 68.333333333333343  19.587982100928389 -5.9650682050776886 68.333333333333343  19.7265158167301 -5.8601616892755484 68.333333333333343  19.857678295524444 -5.7540465106982843 68.333333333333343  19.991860195483163 -5.638127753149841 68.333333333333343  20.032707497775135 -5.60200733322496 68.333333333333343  20.086614380616322 -5.5536301983252914 68.333333333333329  20.132220926941745 -5.5119367907873054 68.333333333333329  20.263153811247044 -5.3890105951752565 68.333333333333343  20.381724943977762 -5.2704976343594598 68.333333333333343  20.491009279546173 -5.1538033203698577 68.333333333333343  20.531506239638123 -5.1097775152985525 68.333333333333343  20.577144413393444 -5.0594306818488572 68.333333333333343  20.628720748607481 -5.0010873260063491 68.333333333333343  20.748625594736293 -4.8618289593966137 68.333333333333343  20.853257097316856 -4.7317490839993361 68.333333333333343  20.944208606484725 -4.6108223042402843 68.333333333333343  20.978409786067374 -4.5648021117352453 68.333333333333343  21.016674349779265 -4.5123644678935282 68.333333333333343  21.066609174536453 -4.4420193804637149 68.333333333333343  21.170159782877779 -4.2922877221612143 68.333333333333343  21.258774409151098 -4.1540060704532813 68.333333333333343  21.340302456611635 -4.01784477238653 68.333333333333343  21.37176267069276 -3.9644657774109877 68.333333333333343  21.405079025400049 -3.9063572993271798 68.333333333333343  21.444181706384541 -3.8365707948043566 68.333333333333343  21.534211248952996 -3.6716932251578083 68.333333333333343  21.61230004760942 -3.5144658053547313 68.333333333333343  21.683309673045393 -3.3598237350615578 68.333333333333343  21.708065331772612 -3.3049223604483897 68.333333333333343  21.731799261033192 -3.2504216299369069 68.333333333333343  21.75977745885616 -3.1850549765522751 68.333333333333343  21.835869102516231 -3.0026746049504203 68.333333333333343  21.906086104495746 -2.8118793250631668 68.333333333333343  21.964530948080423 -2.6347879637836265 68.333333333333343  21.978566577321544 -2.5913047229731068 68.333333333333343  21.993787301899069 -2.5427655485570941 68.333333333333343  22.011173945945053 -2.4862683182325278 68.333333333333343  22.076798163439104 -2.2657544170530119 68.333333333333343  22.132690916693061 -2.0410478698271781 68.333333333333343  22.175284399114634 -1.8366905150061907 68.333333333333343  22.180702368064399 -1.8100994016151155 68.333333333333343  22.186761132913784 -1.7799230372724089 68.333333333333343  22.195191232114322 -1.7370937976616296 68.333333333333343  22.244908077416063 -1.4739922747442706 68.333333333333343  22.280334557780193 -1.221088418424485 68.333333333333357  22.303200799589643 -0.9841697520696262 68.333333333333343  22.30427067705368 -0.97286413333649513 68.333333333333343  22.30609073533218 -0.95331997173219662 68.333333333333343  22.308416684686556 -0.92767824748223859 68.333333333333343  22.336019048800019 -0.60724148199486527 68.333333333333343  22.344862948461788 -0.29686645250485139 68.333333333333343  22.34656588197964 5.1e-16 68.333333333333343 
 0 4 0.017799462772309219 1 0.018342089115001479 1 0.01835965653908159 1 0.018624448472716191 1 0.018860256380570348 1 0.019001539304922571 1 0.033602872229022272 1 0.034611103461343148 1 0.034678622355117858 1 0.035142460222787462 1 0.035440797901121562 1 0.035493822496612509 1 0.048736606332068319 1 0.050155925603515908 1 0.050267412540437741 1 0.050905616882244931 1 0.051280968498930879 1 0.05178625265100132 1 0.063480993412847062 1 0.065247700914312839 1 0.065362185454319405 1 0.066172239862198348 1 0.066508435887292564 1 0.067192827524472518 1 0.077989364036131215 1 0.080028116927515811 1 0.080077675844978893 1 0.081071626589356308 1 0.081348212115496366 1 0.082209697883167648 1 0.092371911699000289 1 0.094499384018498542 1 0.094596793507362054 1 0.095694225514651191 1 0.095941994680413853 1 0.096725694928089551 1 0.10671917900479147 1 0.10871084130927418 1 0.10903627365597236 1 0.11011786903934816 1 0.11040301512254165 1 0.11167051119933964 1 0.1211108015920611 1 0.12280202402619611 1 0.12342156446307334 1 0.12441753700775882 1 0.12481389465520096 1 0.12607047730594576 1 0.13561950818263213 1 0.13686929187506219 1 0.13782446932483433 1 0.13866904634351546 1 0.13923494633915631 1 0.14021961365657501 1 0.1503137543796142 1 0.1510114537886019 1 0.15231616296391579 1 0.15295035552448644 1 0.15371005282261979 1 0.15470021243779716 1 0.16526075413818009 1 0.1653255983748384 1 0.16696982519372552 1 0.16734264211028138 1 0.16827486542769229 1 0.16903990442673944 1 0.17990632555533206 1 0.18053168466611233 1 0.18186515098889242 1 0.18193332789968289 1 0.18297516998316316 1 0.18385480392859702 1 0.19485299973983691 1 0.19621255510311902 1 0.19682475183606113 1 0.19709820537095199 1 0.19789123675779818 1 0.19820855554941388 1 0.21029548003548004 1 0.2121587217227531 1 0.2124313583601336 1 0.21280695937908842 1 0.21317084273128326 1 0.2134123251363802 1 0.22648453656417208 1 0.22820318673780129 1 0.22910887929289961 1 0.22922539085196983 1 0.22925998872613454 1 0.2294506216673412 1 0.24474051456872223 1 0.24628806434446582 1 0.24687964577908333 1 0.24706061860171324 1 0.24781620552166533 1 0.24866186760909906 1 0.26298308068834375 1 0.26436966502984316 1 0.26451419893139311 1 0.26502978819440637 1 0.26637227946898845 1 0.26787311354188797 1 0.2791317704645615 1 0.28033138846028682 1 0.28040428208769524 1 0.2810169585475743 1 0.28282488042139864 1 0.28489237682217444 1 0.29452016714010515 1 0.29557358835965863 1 0.29572508354998839 1 0.29634888970318635 1 0.2985330644242235 1 0.30111118004330345 1 0.30942038855129533 1 0.30993409751657647 1 0.31060516720689613 1 0.31128112528357332 1 0.31376563379217781 1 0.31679205044968639 1 0.32398661954738217 1 0.32473977247968133 1 0.32519206634493736 1 0.32593004771692663 1 0.32866080982513246 1 0.33206298096812487 1 0.33833897744337232 1 0.33902109242580369 1 0.33959285869642458 1 0.34036314470975876 1 0.34331486275629458 1 0.34700998075158257 1 0.35258281441976758 1 0.35340149551483857 1 0.35389730656082569 1 0.35463946202946411 1 0.35780758663879042 1 0.36170422701458793 1 0.36681158516384199 1 0.36747635971275727 1 0.36818565580916096 1 0.3688318436104584 1 0.37221211698930873 1 0.37621293371000636 1 0.38110538911059322 1 0.38180501987456944 1 0.38253159750135912 1 0.38303230347279998 1 0.38659943868915564 1 0.3906045564291678 1 0.39553034949099058 1 0.39668468579776134 1 0.39700414648677479 1 0.3973479772285784 1 0.40104105498768772 1 0.40495182387463036 1 0.41014153530007946 1 0.41118033722886976 1 0.411670418237084 1 0.41189245975225741 1 0.41561162730518342 1 0.41933437166224652 1 0.42499105436807516 1 0.42621438544781576 1 0.42660108211307118 1 0.42678215301162897 1 0.43039338561179363 1 0.43384274237436127 1 0.44014366902524549 1 0.44167022311186227 1 0.44188173202570041 1 0.44213326560051003 1 0.44548574095333465 1 0.44858712949370538 1 0.45570851840456345 1 0.45764017205592711 1 0.45807093881940342 1 0.45807642433139745 1 0.46103032275700839 1 0.46372086358071568 1 0.47193178442982797 1 0.47413677467284004 1 0.47456356851186837 1 0.47482792892471043 1 0.47729837574641776 1 0.47952427297314176 1 0.49013937424043735 1 0.49272643101266672 1 0.49358461431822931 1 0.49373837864637199 1 0.49563893688307248 1 0.49732373564316906 1 0.50890591691368425 1 0.51219075551493043 1 0.51364686856757558 1 0.51379889553870628 1 0.51461899948972945 1 0.51552708651575063 1 0.52528224361981601 1 0.5293721415260666 1 0.53083975069360023 1 0.53103686025488572 1 0.5314426788271327 1 0.53168316005632765 1 0.54087615177691151 1 0.54573583912080847 1 0.54692187096522449 1 0.54714215072814454 1 0.54749979514451663 1 0.54772403858552909 1 0.55616309741745396 1 0.56159744721474825 1 0.56188860826771092 1 0.56218455154289571 1 0.56306458928073899 1 0.56348076226099464 1 0.57143490759061444 1 0.57634881986079889 1 0.57696149250739082 1 0.57712514827208328 1 0.57827725777167094 1 0.57872286762342795 1 0.5868624459252485 1 0.59070570590874694 1 0.59158084023927704 1 0.59242621378055393 1 0.593234479631221 1 0.59352030277762957 1 0.60250975888596947 1 0.60528101706548232 1 0.60613148507503189 1 0.6075706413315658 1 0.60801551711723578 1 0.60887422168264971 1 0.61834962471847543 1 0.62025596242597392 1 0.62069245990857491 1 0.62260300482471287 1 0.62269250574708102 1 0.62369813057224588 1 0.63428917891735148 1 0.63533709655448012 1 0.63566053671132428 1 0.63733547765217136 1 0.63755328615132767 1 0.63835062416677235 1 0.65013566565300751 1 0.65020626267778903 1 0.6513914224010684 1 0.65201557254539821 1 0.65244915655763802 1 0.65365225050272791 1 0.66515830419194821 1 0.66599435491284886 1 0.66680815941273308 1 0.66724620207344343 1 0.66732957267687953 1 0.66867816853992657 1 0.68048004148395891 1 0.68161141077670351 1 0.6817975798390421 1 0.68225894062481929 1 0.68302054570511617 1 0.68373903238387612 1 0.69619144602105065 1 0.69708691037694592 1 0.69712544667367526 1 0.69734257525858478 1 0.69842320726906482 1 0.69862868039295911 1 0.7124255382754261 1 0.71275146697927283 1 0.71275264245051972 1 0.71282307071912243 1 0.71387317773640857 1 0.71419265601320991 1 0.72880202123769044 1 0.72892211582468969 1 0.72928480988531885 1 0.72945009926575655 1 0.72968990554798463 1 0.73014993866555655 1 0.74687924368709491 1 0.74716120538424446 1 0.74738239990610189 1 0.74784149991690441 1 0.74809570305719897 1 0.74866186925225942 1 0.76495476978845167 1 0.76498356220890773 1 0.7655459526536198 1 0.76621932217368094 1 0.76639918083066416 1 0.76787363929991748 1 0.78082839637581647 1 0.78111467274017055 1 0.78214319043183234 1 0.78266009273742054 1 0.78286388929564221 1 0.7848982004737437 1 0.79655605173716149 1 0.7966288209450253 1 0.79831736219459348 1 0.79860399399774828 1 0.798710594964126 1 0.80113229297256339 1 0.81129182675021239 1 0.81179930499609521 1 0.81389667249139364 1 0.81427232446087439 1 0.81445952443734326 1 0.81684369771804777 1 0.82627299213303995 1 0.82675277670436897 1 0.8288871234107551 1 0.82981818666224616 1 0.83001738377343615 1 0.83216543507457441 1 0.84088613798429568 1 0.84156194851868094 1 0.84367703190980692 1 0.84468046654852946 1 0.84549177133260967 1 0.84718807344465286 1 0.85550501671946722 1 0.85627950535546948 1 0.85835009278031171 1 0.85899933062306277 1 0.86062787527812046 1 0.86198664209619535 1 0.86964246047918958 1 0.87095708491631829 1 0.87284679930239573 1 0.87298201275536469 1 0.87539331425946387 1 0.87663127803386709 1 0.88398157445807768 1 0.88565716303725539 1 0.88642299432709892 1 0.88764524914246801 1 0.88981902929809242 1 0.89119225197860696 1 0.89890018265667626 1 0.90003928478288353 1 0.90045948147816801 1 0.90241187641503273 1 0.90401494497773871 1 0.9057428958753676 1 0.91356157420157824 1 0.91406987310042287 1 0.91546285909054892 1 0.9173563529909069 1 0.91817217038599841 1 0.92036224277048229 1 0.92886157457878571 1 0.9289193326701457 1 0.93078438959940635 1 0.93255005264336244 1 0.93256002288452211 1 0.93513918314032196 1 0.94465294618606643 1 0.94500526584541333 1 0.9465610518399814 1 0.94745147047962652 1 0.9481209374379056 1 0.95018158369733696 1 0.96154291955574323 1 0.96229453192730185 1 0.96296705147402051 1 0.96320503239293054 1 0.96417965858159638 1 0.96564057447618801 1 0.97960453332241282 1 0.97980746213529413 1 0.98021960950150866 1 0.98030011208614187 1 0.98100975038967153 1 0.98179664844551751 1 1.0000000000000002 4
8 -2.0819221887476962 -1.9827253970229963
7 0 0  2 3 2  3.0636797711071684 -1.7349351572897473 2.116666666666668  2.9731007006124179 -1.6936031607377888 2.0142261896109948  2.8868374269514989 -1.6522711641858303 1.916666666666667 
 -2.0819221887476966 3 -1.9827253970229963 3
8 0.099196791724700306 4.0646475857706923
7 0 0  1 2 2  2.8868374269514985 -1.6522711641858299 1.9166666666666665  2.8868374269514985 1.6522711641858301 1.9166666666666665 
 0.099196791724700306 2 4.0646475857706923 2
8 -2.081922188747694 -1.9827253970229959
7 0 0  2 3 2  3.0636797711071639 1.7349351572897451 2.1166666666666627  2.973100700612413 1.6936031607377866 2.0142261896109899  2.8868374269514958 1.6522711641858288 1.9166666666666632 
 -2.081922188747694 3 -1.9827253970229943 3
8 0.034474975409883757 4.7147223160459699
7 1 0  2 5 3  2.8868374269514985 1.6522711641858303 1.9166666666666665  1 -1.0131625730485017 5.4288909680391573 1.9166666666666665  0.39009474880274692 -1.0131625730485014 -5.6000000000000003e-16 1.9166666666666665  1 -1.0131625730485005 -5.428890968039159 1.9166666666666665  0.39009474880274692 2.8868374269514994 -1.6522711641858299 1.9166666666666665  1
 0.034474975409883757 3 2.3745986457279269 2 4.7147223160459699 3
8 -3.6271709216487893 1.1982617014431511
7 0 0  1 2 2  16.496565881979649 2.0105969262883101 68.333333333333343  16.496565881979642 -2.0105969262883074 68.333333333333343 
 -3.6271709216487893 2 1.1982617014431511 2
8 1.5386412314412801 6.2785320914620399
7 1 0  2 5 3  16.496565881979649 -2.0105969262883221 68.333333333333343  1 11.546565881979616 -7.098638127507761 68.333333333333343  0.37632233139932891 11.546565881979616 -1.9000000000000001e-16 68.333333333333343  1 11.546565881979616 7.098638127507761 68.333333333333343  0.37632233139932891 16.496565881979649 2.0105969262883212 68.333333333333343  1
 1.5386412314412801 3 3.9085866614516598 2 6.2785320914620399 3
8 -2.4289092202056417 -2.4127163115459682
7 0 0  2 3 2  16.526039606005597 -2.0240910168380419 68.366666666666688  16.51125345627738 -2.0173439715631742 68.349944258016407  16.496565881979635 -2.010596926288307 68.333333333333343 
 -2.4289092202056501 3 -2.4127163115459682 3
8 -2.4289092202056417 -2.4127163115459731
7 0 0  2 3 2  16.526039606005586 2.0240910168380384 68.366666666666674  16.51125345627738 2.0173439715631747 68.349944258016407  16.496565881979645 2.010596926288311 68.333333333333343 
 -2.4289092202056457 3 -2.4127163115459731 3
8 8.9000000000000007e-16 4.8578184404112923
7 0 0  1 2 2  16.526039606005583 -2.0240910168380384 68.36666666666666  16.526039606005583 2.0240910168380388 68.36666666666666 
 -4.4e-16 2 4.8578184404112923 2
8 0 4.749197291455852
7 1 0  2 5 3  16.526039606005583 2.0240910168380384 68.36666666666666  1 11.509372939338911 7.2288964887072815 68.36666666666666  0.374165738677394 11.509372939338915 -9.2999999999999993e-16 68.36666666666666  1 11.509372939338919 -7.2288964887072833 68.36666666666666  0.374165738677394 16.526039606005583 -2.0240910168380375 68.36666666666666  1
 0 3 2.3745986457279269 2 4.7491972914558538 3
8 0.23999999999999999 5.96
7 0 0  1 2 2  16.526039606005583 -2.0240910168380384 68.36666666666666  15.974115475049006 -2.0240910168380384 73.133333333333326 
 0.23999999999999999 2 5.96 2
8 8.9000000000000007e-16 4.8578184404112923
7 0 0  1 2 2  15.974115475049006 -2.0240910168380384 73.133333333333326  15.974115475049006 2.0240910168380388 73.133333333333326 
 -4.4e-16 2 4.8578184404112923 2
8 0.23999999999999999 5.96
7 0 0  1 2 2  16.526039606005583 2.0240910168380384 68.36666666666666  15.974115475049006 2.0240910168380384 73.133333333333326 
 0.23999999999999999 2 5.96 2
8 0 4.749197291455852
7 1 0  2 5 3  15.974115475049006 2.0240910168380384 73.133333333333326  1 10.957448808382336 7.2288964887072815 73.133333333333326  0.374165738677394 10.95744880838234 -9.2999999999999993e-16 73.133333333333326  1 10.957448808382342 -7.2288964887072833 73.133333333333326  0.374165738677394 15.974115475049009 -2.0240910168380375 73.133333333333326  1
 0 3 2.3745986457279269 2 4.7491972914558538 3
8 -2.4289092202056426 -2.3300643767930542
7 0 0  2 3 2  15.974115475049015 -2.0240910168380379 73.133333333333326  15.860219132320488 -1.9829056654161248 73.235410353543628  15.75095781920469 -1.9417203139942119 73.333333333333329 
 -2.4289092202056453 3 -2.3300643767930542 3
8 0.098844843412591921 4.7589735969986995
7 0 0  1 2 2  15.750957819204675 -1.9417203139942116 73.333333333333343  15.750957819204675 1.9417203139942116 73.333333333333343 
 0.098844843412591921 2 4.7589735969986995 2
8 -2.4289092202056439 -2.3300643767930524
7 0 0  2 3 2  15.974115475049015 2.0240910168380384 73.133333333333326  15.860219132320488 1.9829056654161246 73.235410353543628  15.750957819204684 1.9417203139942105 73.333333333333329 
 -2.4289092202056457 3 -2.3300643767930524 3
8 0.02926352857730783 4.7199337628785454
7 1 0  2 5 3  15.750957819204675 1.9417203139942116 73.333333333333343  1 11.134291152538006 6.4591920649195185 73.333333333333343  0.38769414293519788 11.13429115253801 -9.2999999999999993e-16 73.333333333333343  1 11.13429115253801 -6.4591920649195185 73.333333333333343  0.38769414293519788 15.750957819204675 -1.9417203139942112 73.333333333333343  1
 0.02926352857730783 3 2.3745986457279269 2 4.7199337628785454 3
Polygon3D 0
PolygonOnTriangulations 0
Surfaces 20
9 1 0 0 0 14 5 15 6 2 2 5.8764592505332738 4.2316850971030471 5.8333333333333339  1 7.0110861502259221 5.287595332736716 6.9021627339665192  1.0000000000000127 5.0456792305692035 4.0769755438530044 11.415973980682288  0.9999999999999456 6.3201009885965522 4.9558594115362675 9.4554236316482569  1.0000000000001004 3.4863564927449371 2.8913997923527455 12.68042473222161  0.9999999999999315 3.3363984016481991 2.7318473411677924 12.333333333333334  1 
4.0013236204375504 6.4663847208721483 5.8333333333333339  1 5.0971174698604056 7.5685743836887411 6.9021627339665192  1.0000000000000127 2.3600371705015619 7.2775991173077976 11.415973980682288  0.9999999999999456 6.1192821793925418 5.1951859489849443 9.4554236316482569  1.0000000000001004 1.3120632772499665 5.4826215431963412 12.68042473222161  0.9999999999999315 2.2545893842853695 4.021097124111658 12.333333333333334  1 
0.54760990840745294 7.3765014639629722 5.8333333333333339  1 1.3683643253505482 8.3267698948758042 6.9021627339665192  1.0000000000000127 -2.5987022806499271 8.570869521534016 11.415973980682288  0.9999999999999456 5.529439385252223 5.108082754645844 9.4554236316482569  1.0000000000001004 -2.6287071688594805 6.5915945312961277 12.68042473222161  0.9999999999999315 0.39733844279794317 4.6596746854788309 12.333333333333334  1 
-4.0101414431072193 6.3964959508809773 5.8333333333333339  1 -3.6908056235221207 6.9849302564011646 6.9021627339665192  1.0000000000000127 -9.150883891449471 7.1467992894472623 11.415973980682288  0.9999999999999456 4.6013935287348575 4.6339828053116783 9.4554236316482569  1.0000000000001004 -7.7857065333824123 5.5625537650747026 12.68042473222161  0.9999999999999315 -1.9615809176907699 4.3213074537548248 12.333333333333334  1 
-8.7253086447715926 3.3570607645586712 5.8333333333333339  1 -9.0532977937401302 3.4213167444046575 6.9021627339665192  1.0000000000000127 -15.937071334735657 2.7659606686617466 11.415973980682288  0.9999999999999456 3.502312499492962 3.8099574127670883 9.4554236316482569  1.0000000000001004 -13.080415187192349 2.1831325328460025 12.68042473222161  0.9999999999999315 -4.3165001687569751 2.8743685826906518 12.333333333333334  1 
-12.349314697784404 -1.3123170981881087 5.8333333333333339  1 -13.322951841183173 -1.8235489685591271 6.9021627339665192  1.0000000000000127 -21.161709165586977 -3.9503971678770573 11.415973980682288  0.9999999999999456 2.4974786521758725 2.7923990886142316 9.4554236316482569  1.0000000000001004 -17.103306409603579 -3.0807553962822731 12.68042473222161  0.9999999999999315 -6.0279976055910263 0.49874649145231592 12.333333333333334  1 
-13.709560215373198 -6.5528021683269069 5.8333333333333339  1 -15.146954180923888 -7.5380624468984339 6.9021627339665192  1.0000000000000127 -23.136010160526443 -11.477927686538347 11.415973980682288  0.9999999999999456 1.8810065229501676 1.8361215230875692 9.4554236316482569  1.0000000000001004 -18.543699727738201 -9.0424600427355237 12.68042473222161  0.9999999999999315 -6.5232203434972771 -2.2816621626083995 12.333333333333334  1 
-12.199410183033114 -10.935770277664194 5.8333333333333339  1 -13.769519516855743 -12.149403218047235 6.9021627339665192  1.0000000000000127 -20.982942491931293 -17.763631343241183 11.415973980682288  0.9999999999999456 1.8654917625679106 1.2179984528579524 9.4554236316482569  1.0000000000001004 -16.741094810111989 -14.081447135322325 12.68042473222161  0.9999999999999315 -5.5429760569505051 -4.7188324920313249 12.333333333333334  1 
-8.145264008599348 -13.184072163016712 5.8333333333333339  1 -9.4674243927141042 -14.306662476229937 6.9021627339665192  1.0000000000000127 -15.166609074210074 -20.975490062138849 11.415973980682288  0.9999999999999456 2.4769182642802829 1.1259415647350779 9.4554236316482569  1.0000000000001004 -12.091680312683049 -16.731677360270382 12.68042473222161  0.9999999999999315 -3.3130494549715652 -6.1073948518538872 12.333333333333334  1 
-2.7481895268949814 -12.754492513529677 5.8333333333333339  1 -3.5229925323772981 -13.502685682122735 6.9021627339665192  1.0000000000000127 -7.4106048887732179 -20.33832509168608 11.415973980682288  0.9999999999999456 3.5257170865164662 1.5669922401049907 9.4554236316482569  1.0000000000001004 -5.9704256810277023 -16.348406000272369 12.68042473222161  0.9999999999999315 -0.48888693008124673 -6.1025085558579475 12.333333333333334  1 
2.4795520411920031 -9.9963722124668024 5.8333333333333339  1 2.3836095299960176 -10.208658646809225 6.9021627339665192  1.0000000000000127 0.11096521910948889 -16.359344548660758 11.415973980682288  0.9999999999999456 4.7023039799285105 2.3798632551723982 9.4554236316482569  1.0000000000001004 -0.08794030765959665 -13.300696081712298 12.68042473222161  0.9999999999999315 2.1478425346864412 -4.8295350579030751 12.333333333333334  1 
6.291591569340218 -5.8806313766433584 5.8333333333333339  1 6.8242707383833512 -5.5464497743105436 6.9021627339665192  1.0000000000000127 5.6036581403202037 -10.436979183884384 11.415973980682288  0.9999999999999456 5.7046639928727556 3.3191562659032745 9.4554236316482569  1.0000000000001004 4.159556431536708 -8.6732562877457067 12.68042473222161  0.9999999999999315 3.9817265894887406 -2.7616506198155539 12.333333333333334  1 
8.0481538131045482 -1.5622986808729344 5.8333333333333339  1 9.024240459815795 -0.79714799282719173 6.9021627339665192  1.0000000000000127 8.1438679421984599 -4.2316271352823662 11.415973980682288  0.9999999999999456 6.3327147705250342 4.1507764284650346 9.4554236316482569  1.0000000000001004 6.0684672981584544 -3.7732943852280587 12.68042473222161  0.9999999999999315 4.7245753108931057 -0.49732539808091736 12.333333333333334  1 
7.7515948806280068 1.9969854733379804 5.8333333333333339  1 8.925054830603532 3.0066162817982867 6.9021627339665192  1.0000000000000127 7.7313212905806328 0.8763519703639866 11.415973980682288  0.9999999999999456 6.5209197979184692 4.7165328741801895 9.4554236316482569  1.0000000000001004 5.6606497081621079 0.30017804145320376 12.68042473222161  0.9999999999999315 4.4182074190104803 1.4425975582266792 12.333333333333334  1 
5.8764592505332702 4.2316850971030489 5.8333333333333339  1 7.0110861502259416 5.2875953327367773 6.9021627339665192  1.0000000000000127 5.0456792305692524 4.0769755438527637 11.415973980682288  0.9999999999999456 6.3201009885963684 4.9558594115365828 9.4554236316482569  1.0000000000001004 3.4863564927450836 2.8913997923525705 12.68042473222161  0.9999999999999315 3.3363984016482005 2.7318473411677853 12.333333333333334  1 

0 15
1 15

0 6
1 6

9 0 0 0 0 1 1 2 2 2 2 1.6258137298905744 4.7704427691717912 12.333333333333334  5.7133509359828816 -0.10089438105121112 12.333333333333334  
-1.3551224623071538 2.2691403097356706 12.333333333333334  2.7324147437851525 -2.6021968404873328 12.333333333333334  

-2.0363000000000001e-13 2
4.6696030011949823 2

-3.1934367980588823 2
4.4374580315766039 2

9 0 0 0 0 14 2 15 3 2 2 0.18684877434573385 3.9166666666666723 11.416666666666666  0.0086447518756863993 3.8623896577994494 14.135779838980145  0.57896030843202795 4.3333333333333304 16.666666666666668  
-1.3465476399075704 3.9166666666667713 11.416666666666666  -1.5752580993414156 3.8623896578013328 14.135779838980145  -1.1414356685350828 4.3333333333339841 16.666666666666668  
-2.8799446201695074 3.0670854186356484 11.416666666666666  -3.159161535206843 3.0245818724663116 14.135779838980145  -2.8618322805363356 3.3933711014666423 16.666666666666668  
-4.0252839931143587 1.3679218364614742 11.416666666666666  -4.3422256675921718 1.3489652307884445 14.135779838980145  -4.1468471867670127 1.5134454360925909 16.666666666666668  
-4.3945513447225748 -0.9267249077139047 11.416666666666666  -4.72365580894839 -0.91388239133156179 14.135779838980145  -4.5611471422302037 -1.0253126638702035 16.666666666666668  
-3.738822167446183 -3.3087046699347153 11.416666666666666  -4.046328469579958 -3.2628527738366224 14.135779838980145  -3.825450992114467 -3.6606945284097545 16.666666666666668  
-2.0882591469633973 -5.1270799981327073 11.416666666666666  -2.3413998222822019 -5.0560291302037861 14.135779838980145  -1.9735997984036862 -5.6725140405275241 16.666666666666668  
0.18684877428720567 -5.8116620247236188 11.416666666666666  0.0086447517910986892 -5.7311242463990544 14.135779838980145  0.57896030836793955 -6.4299239422012118 16.666666666666668  
2.4619566957621792 -5.1270799981330155 11.416666666666666  2.3586893261876383 -5.0560291302078202 14.135779838980145  3.1315204153853458 -5.6725140405309631 16.666666666666668  
4.1125197160554441 -3.3087046699343285 11.416666666666666  4.0636179732154867 -3.262852773830498 14.135779838980145  4.9833716088882003 -3.6606945284047665 16.666666666666668  
4.7682488934657288 -0.92672490771413452 11.416666666666666  4.7409453127705259 -0.91388239133719373 14.135779838980145  5.719067759151188 -1.0253126638744663 16.666666666666668  
4.3989815417800795 1.3679218364615298 11.416666666666666  4.3595151713094706 1.3489652307920028 14.135779838980145  5.3047678036026387 1.5134454360950631 16.666666666666668  
3.2536421688704493 3.0670854186356538 11.416666666666666  3.1764510389702965 3.0245818724647999 14.135779838980145  4.0197528974108439 3.3933711014656573 16.666666666666668  
1.7202451885969481 3.9166666666667571 11.416666666666666  1.5925476030901806 3.8623896578016956 14.135779838980145  2.2993562853968252 4.3333333333342106 16.666666666666668  
0.18684877434574015 3.9166666666666714 11.416666666666666  0.0086447518756834398 3.8623896577994508 14.135779838980145  0.57896030843202428 4.3333333333333286 16.666666666666668  

0 15
1 15

0 3
1 3

9 0 0 0 0 1 1 2 2 2 2 -2.0660562671387002 3.2149478482971214 12.333333333333334  2.7946925367267133 -2.5778670014074905 12.333333333333334  
-6.6356210847536747 -0.61937230480428085 12.333333333333334  -1.77487228088826 -6.4121871545088913 12.333333333333334  

4.5935872296124387 2
11.751759096001534 2

-4.6112488583325586 2
4.463130418335445 2

9 0 0 0 0 1 1 2 2 2 2 11.478889593549583 -2.445031391443715 5.8333333333333339  0.27402890758070669 10.908401585577327 5.8333333333333339  
-6.596979839945293 -17.612486766297923 5.8333333333333339  -17.801840525914169 -4.2590537892768845 5.8333333333333339  

-1.34293e-12 2
28.315646063401932 2

-10.459001247545874 2
10.459001247430075 2

9 0 0 0 0 1 1 2 2 2 2 4.4687326721191223 5.0277248276380186 15.499999999999998  4.4637136953026104 -5.3528435602599478 15.500000000000005  
-5.0250267113564373 5.0323150346928411 15.499999999999998  -5.0300456881729501 -5.3482533532051253 15.500000000000005  

-0.013066462227874 2
11.379446129554358 2

-6.0332768159624832 2
6.4234067055120434 2

9 0 0 0 0 1 1 2 2 2 2 3.0636797711071666 1.7349351572897476 2.1166666666666667  3.0636797711071666 -1.7349351572897473 2.1166666666666667  
2.6333333333333337 1.7349351572897476 5.8333333333333339  2.6333333333333337 -1.7349351572897473 5.8333333333333339  

1.24 2
5.7000000000000002 2

-6.0819221887476971 2
-1.9180778112523034 2

9 0 1 0 0 2 1 5 2 3 2 3.0636797711071666 1.7349351572897473 2.1166666666666667  1 2.6333333333333337 1.7349351572897473 5.8333333333333339  1 
-1.2363202288928354 6.1961969903205274 2.1166666666666667  0.374165738677394 -1.6666666666666685 6.1961969903205274 5.8333333333333339  0.374165738677394 
-1.2363202288928337 -7.9999999999999998e-16 2.1166666666666667  1 -1.6666666666666667 -7.9999999999999998e-16 5.8333333333333339  1 
-1.2363202288928292 -6.196196990320531 2.1166666666666667  0.374165738677394 -1.6666666666666623 -6.196196990320531 5.8333333333333339  0.374165738677394 
3.0636797711071666 -1.7349351572897469 2.1166666666666667  1 2.6333333333333337 -1.7349351572897469 5.8333333333333339  1 

0.76699400786186656 3
3.1415926535897936 2
5.51619129931772 3

0.23999999999999999 2
4.7000000000000002 2

9 1 0 0 0 3 5 382 6 380 2 4.4554130609300593 1.0000000000000001e-17 15.500000000000002  1 7.1859226802038023 2.2e-16 26.329735276801411  1.0000000000000004 10.865195062914234 -4.2000000000000002e-16 37.549984219331186  0.99999999999999645 16.079985066178072 4.4e-16 45.648097127165556  1.0000000000000051 20.222714584279707 -2.1000000000000001e-16 57.658547945187479  0.99999999999999711 22.34656588197964 1.2e-16 68.333333333333343  1 
4.4448569577947978 0.18825760036043415 15.500000000000002  1 7.2061355874022661 0.21094215693576465 26.329735276801266  1.0000000000000004 10.846696457681851 0.28858767928182116 37.549984219331755  0.99999999999999645 16.093571903227286 0.13548061120422566 45.648097127164824  1.0000000000000051 20.220066309116422 0.32435814626842374 57.658547945187799  0.99999999999999711 22.348231031480484 0.2902796967850923 68.333333333333343  1 
4.4042338243486059 0.37812448175312696 15.500000000000002  1 7.2582589479888648 0.43635327070215635 26.329735276800982  1.0000000000000004 10.776385305987834 0.57849420364597059 37.549984219332607  0.99999999999999645 16.127296494730601 0.28062492017222057 45.64809712716383  1.0000000000000051 20.196949845217592 0.6574732194401337 57.658547945188268  0.99999999999999711 22.336898408393978 0.59007445298394601 68.333333333333343  1 
4.3526929351775179 0.56700782991300369 15.499999999999998  1 7.3049740748792864 0.66202016113249895 26.329735276801372  1.0000000000000004 10.689464874307161 0.86698648577903603 37.549984219331407  0.99999999999999645 16.155392884377452 0.42551805998181436 45.648097127165229  1.0000000000000051 20.158929667992957 0.98973188533643197 57.658547945187642  0.99999999999999711 22.309982440777173 0.88868181753945674 68.333333333333343  1 
4.3503628593460109 0.57549377705603688 15.499999999999998  1 7.3070641335870645 0.67216014585116601 26.329735276801372  1.0000000000000004 10.685537957811338 0.87994772775785124 37.549984219331407  0.99999999999999645 16.156646511334866 0.43202800550550891 45.648097127165229  1.0000000000000051 20.15720110250809 1.0046602081873586 57.658547945187642  0.99999999999999711 22.308751498963584 0.9020975430321686 68.333333333333343  1 
4.3488949006306683 0.58082327212955842 15.500000000000002  1 7.3083739955895739 0.67852889808341488 26.329735276801411  1.0000000000000004 10.683064803674114 0.88808793207691883 37.549984219331186  0.99999999999999645 16.157431084327605 0.43611660174685951 45.648097127165556  1.0000000000000051 20.156109029790407 1.0140360614972976 57.658547945187479  0.99999999999999711 22.307971552155681 0.9105231904633978 68.333333333333343  1 
4.3470669534182145 0.58742424054565634 15.500000000000002  1 7.3099897119910136 0.6864179034300999 26.329735276801411  1.0000000000000004 10.679987014635211 0.89817029967727025 37.549984219331186  0.99999999999999645 16.158396391628543 0.44118074864518392 45.648097127165556  1.0000000000000051 20.154742309423323 1.0256493261168023 57.658547945187479  0.99999999999999711 22.306990413526503 0.92095901536952685 68.333333333333343  1 
4.3042488791528779 0.74144230485087059 15.500000000000002  1 7.3475634132557524 0.87050137277888762 26.329735276801372  1.0000000000000004 10.60792529774316 1.1334213253008183 37.549984219331407  0.99999999999999645 16.18080059004771 0.55934092863986473 45.648097127165229  1.0000000000000051 20.122606412042952 1.2966266753829681 57.658547945187642  0.99999999999999711 22.283831598251318 1.1644537063466678 68.333333333333343  1 
4.2526433882524151 0.90274345275149603 15.500000000000002  1 7.3815597790361149 1.0637249292482196 26.329735276801213  1.0000000000000004 10.52242197398664 1.3799118936605679 37.549984219331826  0.99999999999999645 16.199235365945583 0.68305498170848733 45.648097127164824  1.0000000000000051 20.07883978258192 1.5807639018102835 57.658547945187799  0.99999999999999711 22.248618519510917 1.4193950071554122 68.333333333333357  1 
4.2338785195631203 1.0657475548570094 15.500000000000002  1 7.3397518252519873 1.2488614269072127 26.329735276801411  1.0000000000000004 10.497660105354019 1.6299381153012467 37.549984219331186  0.99999999999999645 16.164636250506913 0.80079848822955824 45.648097127165556  1.0000000000000051 20.038714428750808 1.8631999235691918 57.658547945187479  0.99999999999999711 22.200564011689799 1.6707764663864553 68.333333333333357  1 
4.2322747959623488 1.0817736930121373 15.500000000000002  1 7.3351014762800855 1.2669911850118929 26.329735276801411  1.0000000000000004 10.495669470763403 1.6545267069512977 37.549984219331186  0.99999999999999645 16.160858335806807 0.8123227442771167 45.648097127165556  1.0000000000000051 20.034802982534277 1.8909348361442913 57.658547945187479  0.99999999999999711 22.19575654425638 1.6954469664331151 68.333333333333357  1 
4.2314745144445949 1.0904151352645119 15.500000000000002  1 7.3324498353199914 1.2767475885936996 26.329735276801411  1.0000000000000004 10.494714730290763 1.6677868775309301 37.549984219331186  0.99999999999999645 16.158720803612493 0.8185228596100057 45.648097127165556  1.0000000000000051 20.032702964121714 1.9058808119997284 57.658547945187479  0.99999999999999711 22.193142282795183 1.7087375983751263 68.333333333333357  1 
4.2307815657352306 1.09891270232758 15.500000000000002  1 7.3296338337600382 1.2863134597348 26.329735276801411  1.0000000000000004 10.493948475407516 1.6808289521049367 37.549984219331186  0.99999999999999645 16.156473911261767 0.82459947637076747 45.648097127165556  1.0000000000000051 20.030651843087522 1.920564971247164 57.658547945187479  0.99999999999999711 22.190540561209438 1.7217896278837483 68.333333333333357  1 
4.2199594813098562 1.2406724918321785 15.500000000000002  1 7.2810267183971495 1.4456753555936777 26.329735276801127  1.0000000000000004 10.482520875974361 1.898422422775734 37.549984219332075  0.99999999999999645 16.117857591453106 0.92581364506494834 45.648097127164519  1.0000000000000051 19.996547805868389 2.1654300983999049 57.658547945187948  0.99999999999999711 22.146899825657066 1.9393931749947169 68.333333333333357  1 
4.2381004629583092 1.3963996544867934 15.500000000000002  1 7.1612251976535068 1.6117522014740322 26.329735276801372  1.0000000000000004 10.525131430241718 2.1382851391380693 37.549984219331407  0.99999999999999645 16.029267124594277 1.0305235541880831 45.648097127165229  1.0000000000000051 19.963660631229725 2.4302541438392473 57.658547945187642  0.99999999999999711 22.089220519817037 2.1728881956180648 68.333333333333343  1 
4.2379117991153992 1.5538723156761274 15.500000000000002  1 7.0524483913702136 1.7715307231786657 26.329735276801372  1.0000000000000004 10.538787838124602 2.3823391854573024 37.549984219331407  0.99999999999999645 15.946387062046668 1.1299245286727591 45.648097127165229  1.0000000000000051 19.915518388408671 2.6947901964909304 57.658547945187642  0.99999999999999711 22.019433665885316 2.403792842787897 68.333333333333343  1 
4.2375174944996399 1.5770069211845994 15.500000000000002  1 7.0367955619550671 1.7948824795964273 26.329735276801372  1.0000000000000004 10.540198376548995 2.4182175291884946 37.549984219331407  0.99999999999999645 15.934407258057355 1.1444298561672226 45.648097127165229  1.0000000000000051 19.908185785817203 2.733606283875698 57.658547945187642  0.99999999999999711 22.00900559897854 2.4376374724912098 68.333333333333343  1 
4.2372181605780401 1.5890103566613338 15.500000000000002  1 7.0287600510704298 1.8069677659886967 26.329735276801372  1.0000000000000004 10.540776063876541 2.4368391610430353 37.549984219331407  0.99999999999999645 15.928243192241668 1.1519311593875803 45.648097127165229  1.0000000000000051 19.904314621632221 2.7537340851798531 57.658547945187642  0.99999999999999711 22.003550389026802 2.4551780470777156 68.333333333333343  1 
4.2366233771681028 1.6052217223302865 15.500000000000002  1 7.0180936247701009 1.8232339208101744 26.329735276801372  1.0000000000000004 10.541244077081176 2.4620003370449179 37.549984219331407  0.99999999999999645 15.92003221143619 1.1620166957428735 45.648097127165229  1.0000000000000051 19.898957976899919 2.7808965120300928 57.658547945187642  0.99999999999999711 21.996101203795515 2.4788318240307401 68.333333333333343  1 
4.2302525807204789 1.7394891220250008 15.500000000000002  1 6.9312115284951776 1.9575565502555552 26.329735276801177  1.0000000000000004 10.542746091447944 2.6704762514521101 37.549984219332003  0.99999999999999645 15.8529278613871 1.2452220036915393 45.648097127164519  1.0000000000000051 19.85364084102816 3.0057118387268953 57.658547945187948  0.99999999999999711 21.933817048518659 2.6744829413369353 68.333333333333343  1 
4.1993801192832247 1.8892457128328597 15.500000000000002  1 6.8593868355827476 2.1012807403328355 26.329735276801411  1.0000000000000004 10.505125136702302 2.9043155309496562 37.549984219331186  0.99999999999999645 15.793716330801962 1.333007801064013 45.648097127165556  1.0000000000000051 19.787842388464952 3.2541635067728669 57.658547945187479  0.99999999999999711 21.855285653124771 2.8887805149623103 68.333333333333343  1 
4.1398287302477623 2.0203679095483138 15.500000000000002  1 6.8222654039851296 2.2593607456368709 26.329735276801323  1.0000000000000004 10.419777703788425 3.1076083969015276 37.549984219331456  0.99999999999999645 15.756296502538881 1.4293961097869448 45.648097127165229  1.0000000000000051 19.705841634198158 3.4880845460045062 57.658547945187642  0.99999999999999711 21.768867374355487 3.0929044029282866 68.333333333333343  1 
4.1271882220627356 2.0458976885222886 15.500000000000002  1 6.8158384973526083 2.2913085097398684 26.329735276801323  1.0000000000000004 10.401479077490039 3.1471327377729268 37.549984219331456  0.99999999999999645 15.749452941452038 1.4488772240333234 45.648097127165229  1.0000000000000051 19.689078695813247 3.5342201077543263 57.658547945187642  0.99999999999999711 21.751457734373272 3.1332495040614714 68.333333333333343  1 
4.1210741297622677 2.0577496672641931 15.500000000000002  1 6.8130427034123775 2.3064167599921754 26.329735276801323  1.0000000000000004 10.392588919068613 3.1654679593130983 37.549984219331456  0.99999999999999645 15.746379459745945 1.458090287522215 45.648097127165229  1.0000000000000051 19.681109098578823 3.555777894165538 57.658547945187642  0.99999999999999711 21.743237979526622 3.1521218524634387 68.333333333333343  1 
4.1118463658575601 2.0747534462141535 15.500000000000002  1 6.8093751385119052 2.3286295335596932 26.329735276801323  1.0000000000000004 10.379101654172265 3.1917463661260124 37.549984219331456  0.99999999999999645 15.742158756722654 1.4716367730918807 45.648097127165229  1.0000000000000051 19.669325262509911 3.5869773372880749 57.658547945187642  0.99999999999999711 21.731187372190629 3.179474837659761 68.333333333333343  1 
4.0502611799654709 2.1833043143123558 15.500000000000002  1 6.7879650016870032 2.4736432581307626 26.329735276801323  1.0000000000000004 10.288703694681329 3.3593441138958435 37.549984219331456  0.99999999999999645 15.716311247833826 1.5600815075815635 45.648097127165229  1.0000000000000051 19.592040100170696 3.7877691973371972 57.658547945187642  0.99999999999999711 21.652737065809021 3.3557513023081573 68.333333333333343  1 
3.9536274661682653 2.2911497549101263 15.500000000000002  1 6.7930535925051867 2.6617358154137003 26.329735276801401  1.0000000000000004 10.141875266543821 3.5235212958594349 37.549984219331186  0.99999999999999645 15.705031273820204 1.6749698167778415 45.648097127165556  1.0000000000000051 19.487840427046486 4.0093619707468067 57.658547945187479  0.99999999999999711 21.55448259356557 3.5536196598067016 68.333333333333343  1 
3.8697277790192448 2.3986436127320183 15.500000000000002  1 6.7685119678507251 2.8255839487620715 26.329735276801401  1.0000000000000004 10.019227181400096 3.6904096755995459 37.549984219331186  0.99999999999999645 15.672032255516184 1.7718473173760267 45.648097127165556  1.0000000000000051 19.385487862688404 4.2199939393552892 57.658547945187479  0.99999999999999711 21.451980751726978 3.7373457357660409 68.333333333333343  1 
3.8502418533796754 2.4247039066048428 15.500000000000002  1 6.7610497594794241 2.8638922398178108 26.329735276801411  1.0000000000000004 9.991026901859426 3.7310298624103844 37.549984219331186  0.99999999999999645 15.662966954520993 1.7943313852611287 45.648097127165556  1.0000000000000051 19.360984452211149 4.2704178380677975 57.658547945187479  0.99999999999999711 21.427118616979591 3.7811017827973443 68.333333333333343  1 
3.8420226815687881 2.43594011231637 15.500000000000002  1 6.757510865826621 2.8801079293334872 26.329735276801411  1.0000000000000004 9.9791952911699493 3.7485778492152333 37.549984219331186  0.99999999999999645 15.658832087556858 1.8038122025836083 45.648097127165556  1.0000000000000051 19.35048641270394 4.2920220762008867 57.658547945187479  0.99999999999999711 21.416397282487139 3.7998003756533225 68.333333333333343  1 
3.8290512849096876 2.4542678211283926 15.500000000000002  1 6.7510294937185851 2.9058619963800516 26.329735276801411  1.0000000000000004 9.9606654426475494 3.777275751798773 37.549984219331186  0.99999999999999645 15.65159662634313 1.8187900040913867 45.648097127165556  1.0000000000000051 19.333545017315377 4.3269427471333906 57.658547945187479  0.99999999999999711 21.398938434924364 3.8299166960021322 68.333333333333343  1 
3.7618098133633726 2.5523113344364634 15.499999999999998  1 6.712918717470175 3.0402218802684962 26.329735276801411  1.0000000000000004 9.865327812903093 3.9311564440865276 37.549984219331186  0.99999999999999645 15.610517045839527 1.8965351619536062 45.648097127165556  1.0000000000000051 19.243842900105076 4.5121841199078219 57.658547945187479  0.99999999999999711 21.305722136760128 3.9891463046505136 68.333333333333343  1 
3.7031052382645786 2.6781267777506064 15.500000000000002  1 6.6218488496690266 3.1696609749487283 26.329735276800985  1.0000000000000004 9.7913821197543598 4.1330697153329528 37.549984219332558  0.99999999999999645 15.528934244004281 1.9665686456664937 45.648097127163901  1.0000000000000051 19.141486831824036 4.7300657454348451 57.658547945188268  0.99999999999999711 21.189602016224026 4.1699533741425112 68.333333333333343  1 
3.6588608435585321 2.8032028355128777 15.500000000000002  1 6.5035656253115528 3.2721574054192102 26.329735276800985  1.0000000000000004 9.7434858698886888 4.3370404749582834 37.549984219332558  0.99999999999999645 15.427758382552591 2.0165113531690588 45.648097127163901  1.0000000000000051 19.043710830662313 4.9351479158408518 57.658547945188268  0.99999999999999711 21.072543659542955 4.3348941549620941 68.333333333333343  1 
3.6474343055881495 2.837009981244198 15.500000000000002  1 6.4704312871629233 3.2987947722833706 26.329735276801248  1.0000000000000004 9.7315214397323864 4.3923125642036576 37.549984219331705  0.99999999999999645 15.399555234609181 2.0291846942178244 45.648097127164917  1.0000000000000051 19.017382816210151 4.9901185474062375 57.658547945187799  0.99999999999999711 21.040779389249405 4.3788667369477015 68.333333333333343  1 
3.6425742990466934 2.8517498669473849 15.500000000000002  1 6.4557167994391458 3.3101632785608559 26.329735276801248  1.0000000000000004 9.7265298786427419 4.4164434931661631 37.549984219331705  0.99999999999999645 15.387061499758365 2.0345200387738047 45.648097127164917  1.0000000000000051 19.005926029267027 5.0139795960219979 57.658547945187799  0.99999999999999711 21.02690091194156 4.3978984127541887 68.333333333333343  1 
3.6355518086885428 2.8735902998212626 15.500000000000002  1 6.4334931234649453 3.3266293023327038 26.329735276801248  1.0000000000000004 9.7194653936464324 4.4522504841072772 37.549984219331705  0.99999999999999645 15.368238362649469 2.0421264460415975 45.648097127164917  1.0000000000000051 18.988970149761276 5.0491730633569745 57.658547945187799  0.99999999999999711 21.006278396827916 4.425879827746936 68.333333333333343  1 
3.5997610191578588 2.9870359283625589 15.500000000000002  1 6.3164116306430813 3.4106839439245502 26.329735276801411  1.0000000000000004 9.6840479552034413 4.6384452468951682 37.549984219331186  0.99999999999999645 15.269247637828432 2.0804671778831789 45.648097127165556  1.0000000000000051 18.900960714047926 5.2313497098284634 57.658547945187479  0.99999999999999711 20.898918835081339 4.5703727131026897 68.333333333333343  1 
3.5646258092854373 3.122146548704019 15.500000000000002  1 6.157841783941147 3.4938714520009784 26.329735276801401  1.0000000000000004 9.6560036096344461 4.8626437615172584 37.549984219331186  0.99999999999999645 15.137088396208322 2.1125051066902216 45.648097127165556  1.0000000000000051 18.796376141980193 5.4412092799079295 57.658547945187479  0.99999999999999711 20.767814156724622 4.7326661630866429 68.333333333333343  1 
3.5111429322324912 3.2392062275328071 15.500000000000002  1 6.0258301136769878 3.5870769034425285 26.329735276801312  1.0000000000000004 9.5956270867818088 5.0576991620001284 37.549984219331456  0.99999999999999645 15.02209985334153 2.148779811832926 45.648097127165229  1.0000000000000051 18.682704562018447 5.6354682792440771 57.658547945187642  0.99999999999999711 20.634614572592518 4.8832025778228791 68.333333333333329  1 
3.495050213752446 3.2706364165603405 15.500000000000002  1 5.9909822964546118 3.6138029849545847 26.329735276801312  1.0000000000000004 9.5766759075907064 5.1101012988853052 37.549984219331456  0.99999999999999645 14.991350110587017 2.1592815043777334 45.648097127165229  1.0000000000000051 18.650529345101159 5.6885939873226343 57.658547945187642  0.99999999999999711 20.5974838447029 4.9244416480036302 68.333333333333329  1 
3.4866226753232228 3.2860078325344078 15.500000000000002  1 5.9741390566406505 3.6274250715541712 26.329735276801312  1.0000000000000004 9.5665247738868047 5.1357375857802605 37.549984219331456  0.99999999999999645 14.976358647937914 2.1646678071238408 45.648097127165229  1.0000000000000051 18.634264208622376 5.7148881471192015 57.658547945187642  0.99999999999999711 20.578889135287646 4.9448769575695968 68.333333333333314  1 
3.4728059566836653 3.3094719818618774 15.500000000000002  1 5.9488065165039545 3.6491826067876461 26.329735276801312  1.0000000000000004 9.5495131480642517 5.1748779082616085 37.549984219331456  0.99999999999999645 14.953588699247952 2.1733423610337943 45.648097127165229  1.0000000000000051 18.608545556155097 5.755565222340036 57.658547945187642  0.99999999999999711 20.549781013913183 4.9765409307628268 68.333333333333314  1 
3.411754096040533 3.4051299052870596 15.500000000000002  1 5.8474491917672244 3.7426878389866425 26.329735276801312  1.0000000000000004 9.4726344774430959 5.3344727000636549 37.549984219331456  0.99999999999999645 14.861361860437231 2.21097769200101 45.648097127165229  1.0000000000000051 18.49929740500772 5.9240804438937102 57.658547945187642  0.99999999999999711 20.427546604670731 5.1079746758898761 68.333333333333314  1 
3.313486977735038 3.4934793642101223 15.500000000000005  1 5.772423271533409 3.8726004075936347 26.329735276801312  1.0000000000000004 9.3344642988107207 5.4816983870572518 37.549984219331456  0.99999999999999645 14.782878941939604 2.2669152827451047 45.648097127165229  1.0000000000000051 18.359918750521931 6.1037057826919403 57.658547945187642  0.99999999999999711 20.283802057797079 5.250705238758032 68.333333333333314  1 
3.2090478876590076 3.5665355280493913 15.500000000000002  1 5.7108396658640617 4.0048227736472208 26.329735276801163  1.0000000000000004 9.1834692722569891 5.6036669101851624 37.549984219331954  0.99999999999999645 14.714410982441908 2.3230011581496157 45.648097127164611  1.0000000000000051 18.2185885620897 6.2664511125823585 57.658547945187948  0.99999999999999711 20.142238260961374 5.3802125397940195 68.333333333333314  1 
3.1791831766987606 3.586559591842819 15.499999999999998  1 5.6937608280915937 4.0424048017406982 26.329735276801163  1.0000000000000004 9.1401290351959865 5.637116482289513 37.549984219331954  0.99999999999999645 14.695288598445018 2.3388572137284225 45.648097127164611  1.0000000000000051 18.17834825557102 6.3118376900984865 57.658547945187948  0.99999999999999711 20.102096193576738 5.4163167151170351 68.333333333333314  1 
3.1608394940832714 3.5985294542353041 15.499999999999998  1 5.6834291583593357 4.0654056592429102 26.329735276801163  1.0000000000000004 9.1134471364253891 5.6571192527950851 37.549984219331954  0.99999999999999645 14.683686254168963 2.3485212360892405 45.648097127164611  1.0000000000000051 18.153675448653917 6.339280735203789 57.658547945187948  0.99999999999999711 20.07754371773698 5.4381384867165456 68.333333333333314  1 
3.1365430875994185 3.6140731827567563 15.499999999999998  1 5.6698070405742209 4.095799102384647 26.329735276801163  1.0000000000000004 9.0780508257643646 5.6831019920290453 37.549984219331954  0.99999999999999645 14.668391802968745 2.3612372535802124 45.648097127164611  1.0000000000000051 18.120993871330125 6.3752268622727275 57.658547945187948  0.99999999999999711 20.045071564102102 5.4667052108431831 68.333333333333314  1 
3.033176460063788 3.6787710680148309 15.499999999999998  1 5.6119310630464669 4.2247905945868744 26.329735276801323  1.0000000000000004 8.9272127707140996 5.791291694175615 37.549984219331456  0.99999999999999645 14.603507433673636 2.4149134301060911 45.648097127165229  1.0000000000000051 17.981841379129829 6.5263188084054748 57.658547945187642  0.99999999999999711 19.907023601332408 5.5866825058882963 68.333333333333329  1 
2.9199166898192432 3.7422544984410377 15.499999999999998  1 5.5438430263052521 4.3648983313105489 26.329735276801411  1.0000000000000004 8.7609173231231665 5.8977453522620964 37.549984219331186  0.99999999999999645 14.529670196205638 2.4707233274500071 45.648097127165556  1.0000000000000051 17.826337597382373 6.6827929402477517 57.658547945187479  0.99999999999999711 19.753412858082928 5.7099431136755063 68.333333333333343  1 
2.8211272059638586 3.8152083938801495 15.499999999999998  1 5.449336149144683 4.4733744261611177 26.329735276801213  1.0000000000000004 8.618719662065919 6.0215480666948293 37.549984219331826  0.99999999999999645 14.439230325323601 2.5036547756162313 45.648097127164824  1.0000000000000051 17.674340376389903 6.8353221446698154 57.658547945187799  0.99999999999999711 19.599220757249938 5.8241959248838899 68.333333333333343  1 
2.7962074574105928 3.8348400193614061 15.499999999999996  1 5.4231711300598642 4.4998244357955643 26.329735276801411  1.0000000000000004 8.5830482429637449 6.0549342095805478 37.549984219331186  0.99999999999999645 14.414687905050986 2.5109256073275334 45.648097127165556  1.0000000000000051 17.634921043716272 6.87493394258499 57.658547945187479  0.99999999999999711 19.558985344530775 5.853523755147453 68.333333333333343  1 
2.777371936120836 3.8505720125704608 15.499999999999996  1 5.4017568938230678 4.5191726231431755 26.329735276801411  1.0000000000000004 8.5562282663779001 6.0817310666881577 37.549984219331186  0.99999999999999645 14.394920017635119 2.5156994999926634 45.648097127165556  1.0000000000000051 17.604368482115916 6.9057042464984226 57.658547945187479  0.99999999999999711 19.527628656745861 5.8760749254301166 68.333333333333343  1 
2.758727023223881 3.8669392938993261 15.499999999999998  1 5.3791367431013084 4.5377648011025169 26.329735276800982  1.0000000000000004 8.5298052085495595 6.1096424570670669 37.549984219332607  0.99999999999999645 14.374293763039571 2.5198021368847714 45.64809712716383  1.0000000000000051 17.573468354656683 6.9369044538181397 57.658547945188268  0.99999999999999711 19.495767703864285 5.8987485265055977 68.333333333333343  1 
2.6704675891308458 3.949004645046656 15.499999999999996  1 5.2639533942143881 4.622578362358241 26.329735276801411  1.0000000000000004 8.4054533527164565 6.2497648162797503 37.549984219331186  0.99999999999999645 14.270618631079909 2.5356807621398927 45.648097127165556  1.0000000000000051 17.423461324519913 7.0888908290394372 57.658547945187479  0.99999999999999711 19.34026449628691 6.0081339026666249 68.333333333333343  1 
2.5999092779054833 4.051804547855788 15.500000000000002  1 5.1073230771472335 4.6647805908737148 26.329735276801038  1.0000000000000004 8.3121176804098553 6.426793216835609 37.549984219332366  0.99999999999999645 14.139575006660223 2.5201693454389691 45.648097127164135  1.0000000000000051 17.273974540420188 7.2454185155007673 57.658547945188104  0.99999999999999711 19.178707301681541 6.1126099037483828 68.333333333333343  1 
2.5225455732134812 4.1556541872931643 15.500000000000002  1 4.9470035870993945 4.7004062646452862 26.329735276801053  1.0000000000000004 8.2068009797976185 6.6056487332306162 37.549984219332366  0.99999999999999645 14.00719823772512 2.4978647444971589 45.648097127164135  1.0000000000000051 17.113838527586179 7.4002426684798195 57.658547945188104  0.99999999999999711 19.009014910690201 6.2136511245664652 68.333333333333343  1 
2.5054194959629061 4.178158772264049 15.500000000000002  1 4.9121966679889342 4.7079592961460328 26.329735276801038  1.0000000000000004 8.1833467959680277 6.6444046975939699 37.549984219332366  0.99999999999999645 13.978514557043566 2.4928162389028174 45.648097127164135  1.0000000000000051 17.07864383886109 7.433722786558925 57.658547945188104  0.99999999999999711 18.971878289876638 6.235420589521115 68.333333333333343  1 
2.4875071680715228 4.2009512060769048 15.500000000000002  1 4.8769179171320571 4.7156669626274068 26.329735276801038  1.0000000000000004 8.1586294722612855 6.6836422403189184 37.549984219332366  0.99999999999999645 13.949471856876439 2.4876026591986875 45.648097127164135  1.0000000000000051 17.042287633783189 7.4676773204265059 57.658547945188104  0.99999999999999711 18.933722603327119 6.2574503336622485 68.333333333333343  1 
2.4714013727489688 4.2208991913310721 15.500000000000002  1 4.8460365492078834 4.7225193204609424 26.329735276801038  1.0000000000000004 8.1362743143266911 6.717970793352448 37.549984219332366  0.99999999999999645 13.924060084073105 2.4830094157975169 45.648097127164135  1.0000000000000051 17.009943111308903 7.4974609388209279 57.658547945188104  0.99999999999999711 18.899922599949743 6.2767524511001094 68.333333333333343  1 
2.3861199002073485 4.3224187603604527 15.500000000000002  1 4.6889297060771318 4.7586259735052536 26.329735276800982  1.0000000000000004 8.0169612205195584 6.8925849155035452 37.549984219332607  0.99999999999999645 13.794783402085974 2.4596881875039585 45.64809712716383  1.0000000000000051 16.841355608635471 7.6497633584850924 57.658547945188268  0.99999999999999711 18.724803063585362 6.3753855269003132 68.333333333333343  1 
2.2900889791126975 4.4067862184982625 15.500000000000002  1 4.5595271012142335 4.8008503661664079 26.329735276801372  1.0000000000000004 7.8759297660383849 7.0369662462528337 37.549984219331407  0.99999999999999645 13.687797106963798 2.4427525785344879 45.648097127165229  1.0000000000000051 16.671602412805484 7.7832989116230795 57.658547945187642  0.99999999999999711 18.555959077204363 6.4619949320673822 68.333333333333343  1 
2.1773549581318403 4.4713392713242062 15.500000000000002  1 4.4351343075952894 4.8755222825579372 26.329735276801372  1.0000000000000004 7.7065318358882609 7.1457829386745875 37.549984219331407  0.99999999999999645 13.58567694687715 2.4459723719682747 45.648097127165229  1.0000000000000051 16.483804618801752 7.9087782414704773 57.658547945187642  0.99999999999999711 18.374661377797075 6.5471885460166215 68.333333333333343  1 
2.15791878873214 4.4816198307798034 15.500000000000002  1 4.4143621321359738 4.8890168845215145 26.329735276801372  1.0000000000000004 7.6772324346556955 7.1630502329906944 37.549984219331407  0.99999999999999645 13.568645969201203 2.4470975453644925 45.648097127165229  1.0000000000000051 16.451708119809989 7.9296433015339387 57.658547945187642  0.99999999999999711 18.34381875780872 6.5614723296042667 68.333333333333343  1 
2.1298977448047891 4.4949632301669835 15.500000000000002  1 4.3854517570057512 4.9096708834526162 26.329735276801372  1.0000000000000004 7.6348497020474992 7.1853354388785906 37.549984219331407  0.99999999999999645 13.544985421393884 2.4497834694172567 45.648097127165229  1.0000000000000051 16.405867786865887 7.958444152388906 57.658547945187642  0.99999999999999711 18.299995560401157 6.5814206319416568 68.333333333333343  1 
2.1100114448008855 4.5037648558872103 15.500000000000002  1 4.3653896148339735 4.9248822094989348 26.329735276801372  1.0000000000000004 7.6047089871746332 7.1999711824257124 37.549984219331407  0.99999999999999645 13.528586780881717 2.4521770076640599 45.648097127165229  1.0000000000000051 16.373525495344001 7.9783112290766223 57.658547945187642  0.99999999999999711 18.269177304506666 6.5952921968352101 68.333333333333343  1 
1.9876489928205519 4.5525368483636077 15.500000000000002  1 4.2453557959009238 5.0231580961647841 26.329735276801127  1.0000000000000004 7.4187913131110372 7.2805201134700805 37.549984219332075  0.99999999999999645 13.430646473058884 2.4709455765371486 45.648097127164519  1.0000000000000051 16.175945685657616 8.0960619837833523 57.658547945187948  0.99999999999999711 18.081678205610526 6.6784556880595893 68.333333333333343  1 
1.8574205075708814 4.5679846770821166 15.500000000000005  1 4.1393800712580511 5.1607201544648449 26.329735276800999  1.0000000000000004 7.2179489052605712 7.3017343993889519 37.549984219332416  0.99999999999999645 13.34543134735628 2.5190015818263016 45.648097127164135  1.0000000000000051 15.974723429748259 8.1915699243983671 57.658547945188104  0.99999999999999711 17.895740924366876 6.7527378886629865 68.333333333333343  1 
1.7222577944212007 4.5890334851056709 15.500000000000002  1 4.0202049491164837 5.2821576731043525 26.329735276801411  1.0000000000000004 7.0094992102939671 7.3325619470090881 37.549984219331186  0.99999999999999645 13.253633684517643 2.5566195897873003 45.648097127165556  1.0000000000000051 15.760654680563459 8.2855848760882385 57.658547945187479  0.99999999999999711 17.698667044645418 6.823476537332402 68.333333333333343  1 
1.70094450979468 4.5925508692335431 15.500000000000002  1 4.0011154962818978 5.3006428185846621 26.329735276801411  1.0000000000000004 6.9766348851888438 7.3377712813932545 37.549984219331186  0.99999999999999645 13.239032436852982 2.5621575457145243 45.648097127165556  1.0000000000000051 15.726735575723788 8.3003056008256806 57.658547945187479  0.99999999999999711 17.667453172897481 6.834468501688959 68.333333333333343  1 
1.6753293609869506 4.5970640823414728 15.500000000000002  1 3.9778277706019156 5.322128821671356 26.329735276801411  1.0000000000000004 6.9371515340786711 7.3445340805602033 37.549984219331186  0.99999999999999645 13.221310484816534 2.5683602646348742 45.648097127165556  1.0000000000000051 15.685789187969167 8.3179708820058984 57.658547945187479  0.99999999999999711 17.629769822106052 6.8475572023766809 68.333333333333343  1 
1.6545227742024404 4.6009187545458774 15.500000000000002  1 3.9586854516157195 5.3391039324537699 26.329735276801411  1.0000000000000004 6.905089689532903 7.3503587204538929 37.549984219331186  0.99999999999999645 13.206800952994836 2.5731017992792791 45.648097127165556  1.0000000000000051 15.652410946505002 8.3323048644351605 57.658547945187479  0.99999999999999711 17.599049369910443 6.8581106273865791 68.333333333333343  1 
1.5201892143427829 4.6285840879163134 15.500000000000002  1 3.8320441647281176 5.4424189418267215 26.329735276800999  1.0000000000000004 6.6982458711727046 7.3928660336156993 37.549984219332416  0.99999999999999645 13.111472174646837 2.5997019519582829 45.648097127164135  1.0000000000000051 15.435344527028541 8.4250519028395718 57.658547945188104  0.99999999999999711 17.39917140064685 6.9254692251078653 68.333333333333343  1 
1.3885097955487629 4.6769112796979098 15.500000000000002  1 3.6856921828601017 5.4987369696872781 26.32973527680149  1.0000000000000004 6.496823460964209 7.4721414217752349 37.549984219330945  0.99999999999999645 13.005513710284511 2.5965383588389512 45.648097127165869  1.0000000000000051 15.211352735317075 8.5192763040256345 57.658547945187323  0.99999999999999711 17.191911541743906 6.9870938622031238 68.333333333333343  1 
1.2646570524551057 4.7383975876562054 15.500000000000002  1 3.5279550273562221 5.5133486702955743 26.329735276801411  1.0000000000000004 6.309047510850589 7.5758230253035821 37.549984219331186  0.99999999999999645 12.894597196547124 2.5700161048912977 45.648097127165556  1.0000000000000051 14.990782608088468 8.6083053784326218 57.658547945187479  0.99999999999999711 16.986923705918382 7.0401397330823379 68.333333333333343  1 
1.2433567151637512 4.7494105232716066 15.500000000000002  1 3.5002614856563752 5.5147921739816743 26.32973527680149  1.0000000000000004 6.2768049318366437 7.5944511661432657 37.549984219330945  0.99999999999999645 12.875201563747964 2.5648081537904015 45.648097127165869  1.0000000000000051 14.952572866691378 8.6236158807945618 57.658547945187323  0.99999999999999711 16.951387754809691 7.0491205346324293 68.333333333333343  1 
1.2274774230152241 4.7577653602183672 15.500000000000002  1 3.4794267029835875 5.5155120059216536 26.32973527680149  1.0000000000000004 6.2527861090853278 7.6086014707154748 37.549984219330945  0.99999999999999645 12.8606345561476 2.5607118283514581 45.648097127165869  1.0000000000000051 14.923995847578814 8.6350275235470164 57.658547945187323  0.99999999999999711 16.924801636004108 7.0557676289885025 68.333333333333343  1 
1.2144333598278656 4.7647710214203221 15.500000000000002  1 3.4621242628844637 5.515750797417363 26.32973527680149  1.0000000000000004 6.2330736604792909 7.6204848544236947 37.549984219330945  0.99999999999999645 12.848561663793088 2.557135756776217 45.648097127165869  1.0000000000000051 14.900430343302235 8.6443986419378529 57.658547945187323  0.99999999999999711 16.902869070912555 7.0611800521014292 68.333333333333343  1 
1.0904821401797105 4.832718611077695 15.500000000000002  1 3.2958629770775216 5.514570055224346 26.329735276801411  1.0000000000000004 6.0459345959282684 7.7359284711226923 37.549984219331186  0.99999999999999645 12.732787954659942 2.5210947233798366 45.648097127165556  1.0000000000000051 14.675607729105876 8.7334020917810946 57.658547945187479  0.99999999999999711 16.693537951223306 7.1121347478066079 68.333333333333343  1 
0.96187840090433729 4.9196844672035507 15.500000000000002  1 3.1011275362081143 5.4718323461342919 26.329735276801127  1.0000000000000004 5.853930576151023 7.8859573353258741 37.549984219332075  0.99999999999999645 12.599998248864752 2.4589536890582697 45.648097127164519  1.0000000000000051 14.431608283655766 8.8251169188826726 57.658547945187948  0.99999999999999711 16.46530062505013 7.1592212196267209 68.333333333333343  1 
0.82415212594819731 4.9740478785008611 15.500000000000002  1 2.9188337325809472 5.4631844999602315 26.329735276801127  1.0000000000000004 5.6459960105116913 7.9806979728578149 37.549984219332075  0.99999999999999645 12.477902655281081 2.4261146999757193 45.648097127164519  1.0000000000000051 14.182310456341039 8.8938554519360071 57.658547945187948  0.99999999999999711 16.236307084340208 7.1976675538284995 68.333333333333343  1 
0.79950980696170015 4.9825755019583857 15.500000000000002  1 2.8870825566452174 5.4629095155649434 26.329735276801323  1.0000000000000004 5.6087176478348555 7.9956037767910528 37.549984219331456  0.99999999999999645 12.456694637149468 2.4213251899844694 45.648097127165229  1.0000000000000051 14.138106318999817 8.9053095223400422 57.658547945187642  0.99999999999999711 16.195834255424131 7.2042288315075815 68.333333333333343  1 
0.78953840236516681 4.9858774680649853 15.500000000000002  1 2.8743426696821546 5.4629578104236778 26.329735276801127  1.0000000000000004 5.5936238178858488 8.0013816425778401 37.549984219332075  0.99999999999999645 12.448192254952199 2.4195224315437138 45.648097127164519  1.0000000000000051 14.120269420306116 8.9098405906313527 57.658547945187948  0.99999999999999711 16.179519329767636 7.2068452081611145 68.333333333333343  1 
0.77982726891007903 4.9889235283432267 15.500000000000002  1 2.8620598551726455 5.463189640921617 26.329735276801127  1.0000000000000004 5.5789131903173441 8.0067190199845157 37.549984219332075  0.99999999999999645 12.4400027754909 2.4179220684619103 45.648097127164519  1.0000000000000051 14.10295590413919 8.9141364055316838 57.658547945187948  0.99999999999999711 16.163701733356866 7.2093503628259343 68.333333333333343  1 
0.64387320057328168 5.0295741368758913 15.499999999999998  1 2.6915782852357357 5.4686345035522432 26.329735276801223  1.0000000000000004 5.3728386834785935 8.0780374667009234 37.549984219331904  0.99999999999999645 12.326425201168435 2.3973515925422477 45.648097127164611  1.0000000000000051 13.861254991345165 8.9729185897714387 57.658547945187948  0.99999999999999711 15.943102913798905 7.2439299715465335 68.333333333333343  1 
0.4807926367284458 5.0292913351467847 15.499999999999998  1 2.5235866035496417 5.529797847845872 26.329735276800985  1.0000000000000004 5.1224420164436353 8.0797144558523062 37.549984219332558  0.99999999999999645 12.216684513457738 2.418034525516302 45.648097127163901  1.0000000000000051 13.588271701929518 9.0102277505758206 57.658547945188268  0.99999999999999711 15.699342069854847 7.2734929482488226 68.333333333333343  1 
0.31155095283074552 5.0098759220260192 15.500000000000002  1 2.3444010050412913 5.6033787929647252 26.329735276801127  1.0000000000000004 4.8627625484542794 8.050688529990385 37.549984219332075  0.99999999999999645 12.100733827522401 2.4517912379786488 45.648097127164519  1.0000000000000051 13.302297446212737 9.0310634484690464 57.658547945187948  0.99999999999999711 15.444038290667764 7.2951853973152332 68.333333333333329  1 
0.28209997898236344 5.0060278826323392 15.500000000000002  1 2.3128869108903141 5.6163195281086882 26.329735276801127  1.0000000000000004 4.8176012808986091 8.0448542261607265 37.549984219332075  0.99999999999999645 12.080356989807886 2.4579831533956717 45.648097127164519  1.0000000000000051 13.252368818798377 9.0341636233475811 57.658547945187948  0.99999999999999711 15.399437539343376 7.2986914195448582 68.333333333333343  1 
0.27076509009207961 5.0044860718198905 15.500000000000002  1 2.3006937301611035 5.6213048660241336 26.329735276801127  1.0000000000000004 4.8002246840069063 8.0425101685061868 37.549984219332075  0.99999999999999645 12.0724747141577 2.4604038880293566 45.648097127164519  1.0000000000000051 13.233121108020207 9.0352818800050851 57.658547945187948  0.99999999999999711 15.382237758509122 7.3000011261568583 68.333333333333343  1 
0.26710070089423299 5.0039847779340354 15.500000000000002  1 2.2967486998626256 5.6229166932183707 26.329735276801127  1.0000000000000004 4.794607345483592 8.0417477506004609 37.549984219332075  0.99999999999999645 12.06992453012281 2.4611882260168869 45.648097127164519  1.0000000000000051 13.22689707961637 9.03563982829907 57.658547945187948  0.99999999999999711 15.376675658316461 7.3004226388718898 68.333333333333343  1 
0.10080610793582931 4.9810437404997563 15.500000000000002  1 2.117504189792339 5.6960714322275772 26.329735276801127  1.0000000000000004 4.5397015978423179 8.0068375505302178 37.549984219332075  0.99999999999999645 11.954060868551272 2.4969000211089618 45.648097127164519  1.0000000000000051 12.944338189822043 9.0516429108739871 57.658547945187948  0.99999999999999711 15.124146756138444 7.3194231831580998 68.333333333333329  1 
-0.076566165817918613 4.942644045589689 15.500000000000005  1 1.9103483206136482 5.7738781354859698 26.329735276801127  1.0000000000000004 4.2690123589712661 7.9470960286141974 37.549984219332075  0.99999999999999645 11.820557538698168 2.5432654409751638 45.648097127164519  1.0000000000000051 12.635137968250129 9.0507923796100069 57.658547945187948  0.99999999999999711 14.846308790622652 7.3300158243323539 68.333333333333329  1 
-0.25759083547386152 4.9357219789240414 15.500000000000005  1 1.6974710792295427 5.7796826412357838 26.329735276801213  1.0000000000000004 3.992409675623767 7.9440685887951501 37.549984219331826  0.99999999999999645 11.683755442128149 2.548875530640923 45.648097127164824  1.0000000000000051 12.318473249731914 9.0512224344130647 57.658547945187799  0.99999999999999711 14.561773380519625 7.3328191843953734 68.333333333333343  1 
-0.28168837632794413 4.9354287983491263 15.500000000000005  1 1.6691373195695502 5.7790662266341961 26.329735276801213  1.0000000000000004 3.9555815153384919 7.9448627136731282 37.549984219331826  0.99999999999999645 11.66555215157703 2.5487162179093943 45.648097127164824  1.0000000000000051 12.276315282022404 9.0513863920713451 57.658547945187799  0.99999999999999711 14.523895213965563 7.333062202171087 68.333333333333343  1 
-0.29756108636574113 4.9353924740593005 15.500000000000005  1 1.6504778145559393 5.7783200393688752 26.329735276801213  1.0000000000000004 3.9313213407387932 7.94567956508652 37.549984219331826  0.99999999999999645 11.653565232824551 2.5483870985264447 45.648097127164824  1.0000000000000051 12.248546667437413 9.0515240435263404 57.658547945187799  0.99999999999999711 14.498946399451102 7.3331918318607876 68.333333333333343  1 
-0.31607438472251859 4.9355685956712385 15.500000000000007  1 1.6287201420228752 5.7769755818192845 26.329735276801401  1.0000000000000004 3.9030223556386576 7.9470399996655789 37.549984219331186  0.99999999999999645 11.639589481313232 2.5476900799322539 45.648097127165556  1.0000000000000051 12.216159309152802 9.0517258835125123 57.658547945187479  0.99999999999999711 14.469849039851125 7.3333002127251348 68.333333333333343  1 
-0.48151557680610635 4.9402766805766332 15.500000000000007  1 1.4344454948952872 5.7580145383986521 26.329735276801312  1.0000000000000004 3.6500815019865618 7.965125698423563 37.549984219331456  0.99999999999999645 11.514818914279557 2.5367864539229639 45.648097127165229  1.0000000000000051 11.926779371535783 9.0541652151950593 57.658547945187642  0.99999999999999711 14.209888811659326 7.3336292351843513 68.333333333333314  1 
-0.65415135183727291 4.9738047815614754 15.500000000000002  1 1.2340324427240421 5.6732954359931878 26.329735276800992  1.0000000000000004 3.385553312026389 8.0382622097205818 37.549984219332437  0.99999999999999645 11.386264145378977 2.4821158232977969 45.648097127164135  1.0000000000000051 11.625602649275011 9.0615214450617749 57.658547945188104  0.99999999999999711 13.939626518785179 7.3278364876468984 68.333333333333314  1 
-0.82381106398477222 4.9967913767310952 15.499999999999998  1 1.0517523096727244 5.5847151318270871 26.329735276801163  1.0000000000000004 3.1236471638552237 8.0961244640476036 37.549984219331954  0.99999999999999645 11.268988757055443 2.4273905092891082 45.648097127164611  1.0000000000000051 11.336229174471056 9.0556270688621083 57.658547945187948  0.99999999999999711 13.681292802192749 7.3135149794231769 68.333333333333314  1 
-0.84577504951729776 4.9995986833659698 15.500000000000002  1 1.0283502071764625 5.5732571422287132 26.329735276801152  1.0000000000000004 3.0897117532736531 8.1033497217400239 37.549984219331954  0.99999999999999645 11.253932367002815 2.4203623568154535 45.648097127164611  1.0000000000000051 11.298852653524614 9.054674140431942 57.658547945187948  0.99999999999999711 13.647945770634932 7.3115522175036762 68.333333333333314  1 
-0.86729097747448358 5.0022757889541607 15.500000000000002  1 1.0055084577305666 5.5620398945524725 26.329735276801152  1.0000000000000004 3.0564562875771002 8.1103127824766013 37.549984219331954  0.99999999999999645 11.239236555282233 2.4135034603914165 45.648097127164611  1.0000000000000051 11.262274841385153 9.0536598471926855 57.658547945187948  0.99999999999999711 13.61531997764194 7.309583631647893 68.333333333333314  1 
-0.90347951956396544 5.0064023443401764 15.500000000000002  1 0.96743208932792246 5.5432465513767264 26.329735276801152  1.0000000000000004 3.0004701089605548 8.1214365970126021 37.549984219331954  0.99999999999999645 11.214738517962484 2.4021185680789374 45.648097127164611  1.0000000000000051 11.200900666640084 9.0515558843486552 57.658547945187948  0.99999999999999711 13.560611678602434 7.3060522408607254 68.333333333333314  1 
-1.055758560053518 5.020813759664617 15.499999999999996  1 0.80861022704866437 5.4654818011216673 26.329735276801163  1.0000000000000004 2.7646059704173878 8.1634681306509709 37.549984219331954  0.99999999999999645 11.112542937513066 2.3558387196370103 45.648097127164611  1.0000000000000051 10.943189886768302 9.0398098968086646 57.658547945187948  0.99999999999999711 13.33102162343263 7.2897107750835906 68.333333333333329  1 
-1.2065391145381319 5.0192719551429423 15.499999999999998  1 0.65362804283811804 5.398441405171309 26.329735276801213  1.0000000000000004 2.5301944704022219 8.1792206197376665 37.549984219331904  0.99999999999999645 11.012598445924056 2.3197846724390945 45.648097127164611  1.0000000000000051 10.688620262414467 9.0143334234949428 57.658547945187948  0.99999999999999711 13.104219669584257 7.266601919334942 68.333333333333343  1 
-1.3321206522529458 4.9851901423796319 15.500000000000002  1 0.50085321651143033 5.3792005828324898 26.329735276801411  1.0000000000000004 2.3364437612452384 8.1366927850544091 37.549984219331186  0.99999999999999645 10.912948644388772 2.3166816332726845 45.648097127165556  1.0000000000000051 10.464942908824382 8.9721596734630875 57.658547945187479  0.99999999999999711 12.901457251705775 7.2394234071206798 68.333333333333343  1 
-1.3508468569847931 4.9795295861188533 15.500000000000002  1 0.47763485876609801 5.3769881408086464 26.329735276801411  1.0000000000000004 2.3075796716179866 8.129367434097901 37.549984219331186  0.99999999999999645 10.897788660653989 2.3166999100449814 45.648097127165556  1.0000000000000051 10.431373834589202 8.9655060673385893 57.658547945187479  0.99999999999999711 12.870967290153686 7.2352352300662544 68.333333333333343  1 
-1.3754978889641887 4.9716649333014171 15.500000000000002  1 0.4467586429428605 5.3745436427847508 26.329735276801411  1.0000000000000004 2.2696024738872618 8.1190218781250376 37.549984219331186  0.99999999999999645 10.877617833833513 2.3170668104427667 45.648097127165556  1.0000000000000051 10.387030196718444 8.9564862649078041 57.658547945187479  0.99999999999999711 12.830648690470927 7.2296247427288707 68.333333333333343  1 
-1.419164257942888 4.9552403214989402 15.500000000000002  1 0.39021127667842681 5.3729782221795457 26.329735276801411  1.0000000000000004 2.2024399193439677 8.0964667934898298 37.549984219331186  0.99999999999999645 10.840611811956025 2.3197453867526985 45.648097127165556  1.0000000000000051 10.307563379264137 8.9389092285028422 57.658547945187479  0.99999999999999711 12.758141732828735 7.2190744381136502 68.333333333333343  1 
-1.5477802263275973 4.896752926366136 15.500000000000002  1 0.21652199839093539 5.3787851231246151 26.329735276801411  1.0000000000000004 2.0050031758021287 8.0129062261872637 37.549984219331186  0.99999999999999645 10.726676701354741 2.3353504496062323 45.648097127165556  1.0000000000000051 10.06993255929148 8.8802560576325806 57.658547945187479  0.99999999999999711 12.540320950485008 7.1851362566524912 68.333333333333343  1 
-1.6633847607979806 4.8217412255302952 15.500000000000005  1 0.046071836734548441 5.4040075718863694 26.329735276801213  1.0000000000000004 1.8281945253881069 7.8998862635576961 37.549984219331826  0.99999999999999645 10.614183261530021 2.3644668789648366 45.648097127164824  1.0000000000000051 9.849077557612393 8.8107347333198049 57.658547945187799  0.99999999999999711 12.335684340564237 7.1467756691697044 68.333333333333343  1 
-1.7644817071166774 4.7645177504994081 15.500000000000002  1 -0.090519001923830375 5.4038107443295722 26.329735276801411  1.0000000000000004 1.6723558068173165 7.8156822515004638 37.549984219331186  0.99999999999999645 10.523752842701656 2.3746545217958053 45.648097127165556  1.0000000000000051 9.6616926661647398 8.7489661836144954 57.658547945187479  0.99999999999999711 12.162911120633266 7.109055392891257 68.333333333333343  1 
-1.7816183622745141 4.7550272153365603 15.500000000000002  1 -0.11339270683661584 5.403289027141204 26.329735276801411  1.0000000000000004 1.6459129438074627 7.8017709830925952 37.549984219331186  0.99999999999999645 10.508605391077086 2.3760459225233324 45.648097127165556  1.0000000000000051 9.6300588224890049 8.7385036925672548 57.658547945187479  0.99999999999999711 12.133766205480713 7.1025895900498748 68.333333333333343  1 
-1.8094241399345306 4.7398463113411236 15.500000000000002  1 -0.15021695558415149 5.4019342032643296 26.329735276801411  1.0000000000000004 1.6029788221840939 7.7795757601875621 37.549984219331186  0.99999999999999645 10.484215758302895 2.3779545941648812 45.648097127165556  1.0000000000000051 9.5788643165887581 8.7215357105506861 57.658547945187479  0.99999999999999711 12.086622906514171 7.0920236119584041 68.333333333333343  1 
-1.8605145286956286 4.7134247719088043 15.500000000000002  1 -0.21595246862716411 5.3960504187741396 26.329735276801411  1.0000000000000004 1.52390774572402 7.7413308948024353 37.549984219331186  0.99999999999999645 10.440654649259507 2.3791282430002876 45.648097127165556  1.0000000000000051 9.4856902140697041 8.6904266539862096 57.658547945187479  0.99999999999999711 12.000977395450835 7.0721186934549563 68.333333333333343  1 
-1.9865603314105338 4.6547635982694926 15.500000000000002  1 -0.37004949076876426 5.3669009812078015 26.329735276801234  1.0000000000000004 1.3281030399082421 7.658198362627008 37.549984219331705  0.99999999999999645 10.338480130547216 2.3719161332704766 45.648097127164917  1.0000000000000051 9.259565856195989 8.6141535245398639 57.658547945187799  0.99999999999999711 11.79379328378679 7.0210046763940328 68.333333333333343  1 
-2.1007301420819631 4.6156499319861313 15.500000000000002  1 -0.49325337819768483 5.3099202807487424 26.329735276800982  1.0000000000000004 1.1494059190269117 7.6070509406176647 37.549984219332607  0.99999999999999645 10.256697829800856 2.3440130612705685 45.64809712716383  1.0000000000000051 9.0624244690770208 8.5466222515872552 57.658547945188268  0.99999999999999711 11.614512078838962 6.9707623381544765 68.333333333333343  1 
-2.1989520346043263 4.5937371240194285 15.500000000000002  1 -0.58750296636643518 5.2370371469112111 26.329735276800982  1.0000000000000004 0.99497296874996943 7.5833104593747498 37.549984219332607  0.99999999999999645 10.19416189703011 2.3028716217776632 45.64809712716383  1.0000000000000051 8.8984617835344952 8.4908092663966848 57.658547945188268  0.99999999999999711 11.466417979801797 6.9250252531949537 68.333333333333343  1 
-2.2182860087426035 4.5897270307555074 15.500000000000002  1 -0.60575403606617839 5.2220768110659597 26.329735276800982  1.0000000000000004 0.96455666538442508 7.5791600528147329 37.549984219332607  0.99999999999999645 10.182053353024289 2.2943329086262576 45.64809712716383  1.0000000000000051 8.8663319581112869 8.4798827833244665 57.658547945188268  0.99999999999999711 11.437424794361386 6.9159584548118493 68.333333333333343  1 
-2.2582663668554077 4.5820530904149726 15.500000000000002  1 -0.64286231232970725 5.1898341411107669 26.329735276800982  1.0000000000000004 0.90162474488790745 7.5716363308963732 37.549984219332607  0.99999999999999645 10.157437783890584 2.2757382187023518 45.64809712716383  1.0000000000000051 8.800195512210367 8.4573789300861684 57.658547945188268  0.99999999999999711 11.377799416629674 6.8970476389220998 68.333333333333343  1 
-2.3233626571100481 4.5715558443316588 15.500000000000002  1 -0.7011568607846046 5.1328776322053518 26.329735276800982  1.0000000000000004 0.79905543506821186 7.5627858332269415 37.549984219332607  0.99999999999999645 10.118783407598775 2.2422521501410135 45.64809712716383  1.0000000000000051 8.6935357320457918 8.4208997537552968 57.658547945188268  0.99999999999999711 11.281812947063377 6.8655976171202111 68.333333333333343  1 
-2.4576517589293139 4.552617408524477 15.500000000000002  1 -0.81716995659340697 5.0054856828766141 26.329735276800982  1.0000000000000004 0.58732065760763474 7.5490547125003129 37.549984219332607  0.99999999999999645 10.041954594002396 2.1658633025938654 45.64809712716383  1.0000000000000051 8.4755018244283278 8.3438946271023546 57.658547945188268  0.99999999999999711 11.085798913910685 6.7977178026969689 68.333333333333343  1 
-2.5720295649439153 4.5323303863668496 15.500000000000002  1 -0.91558152778667401 4.8925891196743851 26.329735276801213  1.0000000000000004 0.40720872377330058 7.5299993681619073 37.549984219331826  0.99999999999999645 9.9769924311619462 2.096872200716541 45.648097127164824  1.0000000000000051 8.2898566412301342 8.2710538923326542 57.658547945187799  0.99999999999999711 10.918381697097447 6.7337733755027021 68.333333333333343  1 
-2.6549643555256592 4.5029674600264169 15.499999999999998  1 -0.99569439633652435 4.8240492215852218 26.329735276801411  1.0000000000000004 0.27738998680375587 7.4908645029746248 37.549984219331186  0.99999999999999645 9.9243084065598968 2.0553093625349517 45.648097127165556  1.0000000000000051 8.1508397883178052 8.2072838426795087 57.658547945187479  0.99999999999999711 10.791538878292267 6.6816368302435398 68.333333333333343  1 
-2.6739768096117196 4.495646359102845 15.499999999999998  1 -1.0144187308489787 4.8088914180872164 26.329735276801411  1.0000000000000004 0.24766098785838872 7.4808727660668195 37.549984219331186  0.99999999999999645 9.9120015803466703 2.0461383295606295 45.648097127165556  1.0000000000000051 8.1187905214842075 8.1922321193555554 57.658547945187479  0.99999999999999711 10.762238962960316 6.6694624353891552 68.333333333333343  1 
-2.711980648454321 4.4798445721044997 15.499999999999998  1 -1.0525826408100503 4.7796666649411774 26.329735276801411  1.0000000000000004 0.18829962159194488 7.4588837880222494 37.549984219331186  0.99999999999999645 9.8869317278590945 2.0284974206428772 45.648097127165556  1.0000000000000051 8.0543574760817442 8.1612783765952059 57.658547945187479  0.99999999999999711 10.703217135476613 6.6446761131054206 68.333333333333343  1 
-2.7767091698570772 4.4470610534537816 15.500000000000002  1 -1.1214995919855357 4.7350805797790763 26.329735276801127  1.0000000000000004 0.087525719515201272 7.4113402948491398 37.549984219332075  0.99999999999999645 9.8417372967003196 2.0017746405383496 45.648097127164519  1.0000000000000051 7.9426422605462177 8.1041181923292278 57.658547945187948  0.99999999999999711 10.60027523454708 6.6001006267797484 68.333333333333343  1 
-2.8870452265954931 4.3736016559356568 15.500000000000002  1 -1.2533881691286728 4.6723112155330915 26.329735276801127  1.0000000000000004 -0.083036632096832319 7.3003166059516662 37.549984219332075  0.99999999999999645 9.7555435878067112 1.9645772745145922 45.648097127164519  1.0000000000000051 7.7449710504358071 7.9923286978753607 57.658547945187948  0.99999999999999711 10.415983097259833 6.5159385977737347 68.333333333333343  1 
-2.9695244238038705 4.2967963444136537 15.500000000000005  1 -1.3747706654200074 4.6376962760023019 26.329735276801323  1.0000000000000004 -0.20861114904941397 7.1804778718489732 37.549984219331456  0.99999999999999645 9.6766681263944747 1.9441679237249352 45.648097127165229  1.0000000000000051 7.585788249743092 7.889103088795272 57.658547945187642  0.99999999999999711 10.264382526429358 6.4408314500986332 68.333333333333343  1 
-3.0234761551470819 4.2360733029878599 15.500000000000002  1 -1.4703117191549895 4.616439895144536 26.329735276801127  1.0000000000000004 -0.28939166901537566 7.0849721619729369 37.549984219332075  0.99999999999999645 9.6148824849631378 1.9311310155371884 45.648097127164519  1.0000000000000051 7.4735930465020424 7.8102140871521719 57.658547945187948  0.99999999999999711 10.155516799720361 6.3837190006247813 68.333333333333343  1 
-3.0376839404766147 4.2195292159407609 15.500000000000002  1 -1.4963571625003622 4.6108867873663959 26.329735276801127  1.0000000000000004 -0.31058941235493764 7.0589201770468986 37.549984219332075  0.99999999999999645 9.5980520553037021 1.9276959653791457 45.648097127164519  1.0000000000000051 7.4436051448464005 7.7888260004802259 57.658547945187948  0.99999999999999711 10.126316272260791 6.3682438784263224 68.333333333333343  1 
-3.067211213899395 4.183989506416677 15.500000000000002  1 -1.5523234116003701 4.5993787580373109 26.329735276801127  1.0000000000000004 -0.35448792343458657 7.0028960864603551 37.549984219332075  0.99999999999999645 9.5619199532369219 1.9205059266139723 45.648097127164519  1.0000000000000051 7.3803622011934795 7.7430652720685984 57.658547945187948  0.99999999999999711 10.064522466416706 6.3351396906517179 68.333333333333343  1 
-3.1156749867056246 4.1208209683974966 15.500000000000002  1 -1.6517551148061804 4.5801884737598693 26.329735276801294  1.0000000000000004 -0.42590901158570488 6.9031209503236219 37.549984219331655  0.99999999999999645 9.4979141844756487 1.9081369248223805 45.648097127164917  1.0000000000000051 7.2727386071418554 7.6622811798392521 57.658547945187799  0.99999999999999711 9.9584961133753467 6.2766256860808802 68.333333333333343  1 
-3.1923827360436468 4.015556060572484 15.500000000000002  1 -1.8160993017606113 4.5438119062722127 26.329735276801127  1.0000000000000004 -0.5383771766158737 6.7370807574877478 37.549984219332075  0.99999999999999645 9.3929972562722579 1.8833793334002569 45.648097127164519  1.0000000000000051 7.0986125462298384 7.52559759617432 57.658547945187948  0.99999999999999711 9.7860259052964498 6.1763163977234949 68.333333333333343  1 
-3.2583486659354413 3.9331002549233895 15.500000000000002  1 -1.9414511160981383 4.4985102736616289 26.329735276801284  1.0000000000000004 -0.63644938621242098 6.6084969109565339 37.549984219331655  0.99999999999999645 9.3145430350284357 1.8512449190880347 45.648097127164917  1.0000000000000051 6.9562250931247585 7.4109510193565056 57.658547945187799  0.99999999999999711 9.6463432453170093 6.0890240228713921 68.333333333333343  1 
-3.3090823398430698 3.8830121311737598 15.500000000000002  1 -2.0144383302847562 4.4534299786725393 26.329735276801127  1.0000000000000004 -0.7138489633138505 6.5320538712235567 37.549984219332075  0.99999999999999645 9.2701649429664368 1.8190842094441644 45.648097127164519  1.0000000000000051 6.8579820008860244 7.333428818471341 57.658547945187948  0.99999999999999711 9.5523309739706139 6.0273265527643023 68.333333333333343  1 
-3.3246216916705564 3.868474002508961 15.500000000000002  1 -2.0353895296602116 4.4390371825453716 26.329735276801127  1.0000000000000004 -0.73767297736336879 6.5099893494201746 37.549984219332075  0.99999999999999645 9.2575239832555383 1.8088128110109258 45.648097127164519  1.0000000000000051 6.828568639762457 7.310339998919348 57.658547945187948  0.99999999999999711 9.5243424355689825 6.0087745473591641 68.333333333333343  1 
-3.3586680422062751 3.8381340076336756 15.500000000000002  1 -2.0786250611592982 4.4063938694359122 26.329735276801294  1.0000000000000004 -0.79008985473545068 6.464183081298116 37.549984219331577  0.99999999999999645 9.2316372823260284 1.7855115915029527 45.64809712716513  1.0000000000000051 6.7654137253932722 7.2609806431551212 57.658547945187642  0.99999999999999711 9.4645529480923045 5.9687707263881071 68.333333333333343  1 
-3.4229634064327552 3.7885593756865998 15.500000000000002  1 -2.146438289250661 4.3390158303903315 26.32973527680149  1.0000000000000004 -0.89019597587616095 6.3906086680258056 37.549984219330945  0.99999999999999645 9.1921523050662568 1.7373863851871452 45.648097127165869  1.0000000000000051 6.6528376272810847 7.1739805246419985 57.658547945187323  0.99999999999999711 9.3595883027329059 5.8964446609514827 68.333333333333343  1 
-3.5313017555055088 3.719109497321675 15.500000000000002  1 -2.2324240221363754 4.2138429033661167 26.329735276801213  1.0000000000000004 -1.0612654657078244 6.2903431293768453 37.549984219331826  0.99999999999999645 9.1451448317361397 1.6478177290808123 45.648097127164824  1.0000000000000051 6.4766827705660859 7.0381179674632683 57.658547945187799  0.99999999999999711 9.1987886609695586 5.7796316611804013 68.333333333333343  1 
-3.6217017050816955 3.6669785959300527 15.500000000000002  1 -2.286986931917609 4.1024336193593509 26.329735276801213  1.0000000000000004 -1.2056586678556458 6.2167649981493938 37.549984219331826  0.99999999999999645 9.1183382319502648 1.5677251410728705 45.648097127164824  1.0000000000000051 6.3376383387727566 6.9282228849097685 57.658547945187799  0.99999999999999711 9.0740923550105563 5.6827781746393224 68.333333333333343  1 
-3.681998710717663 3.6305743123979273 15.500000000000002  1 -2.3211798485966706 4.0273301561267596 26.329735276801213  1.0000000000000004 -1.3023504807660606 6.16522033308547 37.549984219331826  0.99999999999999645 9.1025261022213577 1.5134566264026699 45.648097127164824  1.0000000000000051 6.2456692608593922 6.8526979478725671 57.658547945187799  0.99999999999999711 8.991883882327329 5.616140605192447 68.333333333333343  1 
-3.7007498866265363 3.6190922048856042 15.500000000000002  1 -2.3316952342908106 4.0039350672044662 26.329735276801213  1.0000000000000004 -1.3324442810874508 6.148941676674724 37.549984219331826  0.99999999999999645 9.0977329023756663 1.4965308350564117 45.648097127164824  1.0000000000000051 6.217103517749857 6.8290088595813838 57.658547945187799  0.99999999999999711 8.966362782242479 5.5952429936769477 68.333333333333343  1 
-3.7445387557590522 3.5918324831916224 15.500000000000002  1 -2.3561247264236753 3.9491824558434874 26.329735276801294  1.0000000000000004 -1.4027655340542278 6.1102359637441719 37.549984219331577  0.99999999999999645 9.0867322110648487 1.4568711676819377 45.64809712716513  1.0000000000000051 6.150403058730924 6.7731242350422907 57.658547945187642  0.99999999999999711 8.906778495379843 5.5459639965915253 68.333333333333343  1 
-3.8176213321053996 3.5437461214922856 15.500000000000002  1 -2.3969245269752202 3.8570695857523414 26.329735276801294  1.0000000000000004 -1.5203119240623313 6.0416319634853819 37.549984219331577  0.99999999999999645 9.0689254104888555 1.3899076349281569 45.64809712716513  1.0000000000000051 6.0387835500818188 6.6765625148513852 57.658547945187642  0.99999999999999711 8.8070009689531457 5.4609669136350139 68.333333333333343  1 
-3.9217185330166311 3.4627908127531968 15.500000000000002  1 -2.464907903894463 3.721983338984026 26.329735276801294  1.0000000000000004 -1.6876498777947488 5.9245193608919609 37.549984219331577  0.99999999999999645 9.0390027756605829 1.2910073833102653 45.64809712716513  1.0000000000000051 5.8739672746397726 6.5229654275817675 57.658547945187642  0.99999999999999711 8.6579874427344325 5.3269504490309361 68.333333333333343  1 
-3.9909252989414354 3.3901074771836113 15.500000000000002  1 -2.5314525027000978 3.6260466713267379 26.329735276801294  1.0000000000000004 -1.7981707897634778 5.8172747484370371 37.549984219331577  0.99999999999999645 9.0075393316574583 1.2199571906832922 45.64809712716513  1.0000000000000051 5.7525838093770565 6.3965014688464725 57.658547945187642  0.99999999999999711 8.5449966369946146 5.2184447603476976 68.333333333333343  1 
-4.0289662601736822 3.3371144419321848 15.500000000000002  1 -2.5849586817631507 3.568993200271271 26.32973527680149  1.0000000000000004 -1.8582137064958926 5.737991900269674 37.549984219330945  0.99999999999999645 8.980659657396588 1.1772629286956215 45.648097127165869  1.0000000000000051 5.6766951374402641 6.3101196834384368 57.658547945187323  0.99999999999999711 8.4720758875566275 5.1454633739399904 68.333333333333343  1 
-4.0399524018981881 3.3205422709503813 15.500000000000002  1 -2.6020742694655139 3.5520956982362994 26.32973527680149  1.0000000000000004 -1.8754825064215013 5.7131179461908665 37.549984219330945  0.99999999999999645 8.9719508487357569 1.1645795338694529 45.648097127165869  1.0000000000000051 5.653880203224424 6.2835324334406675 57.658547945187323  0.99999999999999711 8.4499559686623034 5.123090279303967 68.333333333333343  1 
-4.0660487775792893 3.2784781385816122 15.500000000000002  1 -2.6462309518597711 3.5110384770811516 26.329735276801411  1.0000000000000004 -1.9163624300417197 5.6498317454266127 37.549984219331186  0.99999999999999645 8.9492788579127893 1.1336839538659214 45.648097127165556  1.0000000000000051 5.5977867467043447 6.2168770103032962 57.658547945187479  0.99999999999999711 8.3951722651812908 5.0671737224169702 68.333333333333343  1 
-4.1033757628160696 3.2032111978493165 15.500000000000002  1 -2.7288119930787373 3.4470713996156364 26.329735276800982  1.0000000000000004 -1.974111066143277 5.5358405227660521 37.549984219332607  0.99999999999999645 8.9058692986113979 1.085131488939892 45.64809712716383  1.0000000000000051 5.5069778212454574 6.1019164122404925 57.658547945188268  0.99999999999999711 8.3043475388551773 4.9716329723316113 68.333333333333343  1 
-4.1482182688638236 3.077921235701135 15.500000000000002  1 -2.8698676913191417 3.3564155174899235 26.329735276801127  1.0000000000000004 -2.0423758116098893 5.3449119938450398 37.549984219332075  0.99999999999999645 8.830564161765583 1.015707570923005 45.648097127164519  1.0000000000000051 5.3747247614641749 5.9176330393258114 57.658547945187948  0.99999999999999711 8.167959830667197 4.8198159732696979 68.333333333333343  1 
-4.1786212232749094 2.9727758793348777 15.500000000000002  1 -2.9850218782442188 3.2842603262275145 26.329735276801127  1.0000000000000004 -2.0889598744490723 5.1845573896054136 37.549984219332075  0.99999999999999645 8.7696710571988135 0.96052094829870083 45.648097127164519  1.0000000000000051 5.2734981426852974 5.7646487251898666 57.658547945187948  0.99999999999999711 8.0620537006552322 4.6936863669891862 68.333333333333343  1 
-4.1988887405499131 2.9065939979539781 15.500000000000002  1 -3.052696036987014 3.2352040121053314 26.329735276801127  1.0000000000000004 -2.121013027452241 5.0840518143526907 37.549984219332075  0.99999999999999645 8.7349949312374502 0.92341704629487265 45.648097127164519  1.0000000000000051 5.2103598041417287 5.6666235116824719 57.658547945187948  0.99999999999999711 7.9967029797889788 4.6121530156735675 68.333333333333343  1 
-4.204768358027124 2.8878707571418269 15.500000000000002  1 -3.0714494838122466 3.2209859806507199 26.329735276801127  1.0000000000000004 -2.1303865766691596 5.0556560287311019 37.549984219332075  0.99999999999999645 8.7254816876575472 0.91269529711543551 45.648097127164519  1.0000000000000051 5.1924827475442639 5.6387314659737333 57.658547945187948  0.99999999999999711 7.9782703490863929 4.588893661271892 68.333333333333343  1 
-4.2189987309882184 2.8430792054484599 15.500000000000002  1 -3.1158827481088629 3.1865972019668041 26.329735276801127  1.0000000000000004 -2.153152533843699 4.9877660238275636 37.549984219332075  0.99999999999999645 8.7030484678195297 0.88679747678823106 45.648097127164519  1.0000000000000051 5.1496946953161595 5.571828385874495 57.658547945187948  0.99999999999999711 7.9342310790994643 4.5330374361992458 68.333333333333343  1 
-4.246565327438856 2.7623246759494009 15.500000000000002  1 -3.1911266349666048 3.120340240956236 26.329735276801294  1.0000000000000004 -2.1981344672894436 4.865827449457572 37.549984219331577  0.99999999999999645 8.6662751375736171 0.8372883530568711 45.64809712716513  1.0000000000000051 5.0722614423905439 5.4491966364714868 57.658547945187642  0.99999999999999711 7.8554315690331444 4.4299195958551678 68.333333333333343  1 
-4.2979938082010722 2.6365530113325808 15.500000000000002  1 -3.2908861058070755 3.0010912922092476 26.329735276801348  1.0000000000000004 -2.2847572378402097 4.6775915543167645 37.549984219331506  0.99999999999999645 8.6220271245659319 0.74950580213614404 45.64809712716513  1.0000000000000051 4.9488464663105347 5.2506336164879546 57.658547945187642  0.99999999999999711 7.7333802197444408 4.2603700118735812 68.333333333333343  1 
-4.3476404507369377 2.5421873257940564 15.500000000000002  1 -3.3459344189469129 2.8926989424601182 26.329735276801348  1.0000000000000004 -2.3707388336468065 4.5383125838575262 37.549984219331506  0.99999999999999645 8.6036379213862393 0.67098673233545558 45.64809712716513  1.0000000000000051 4.8513922422210012 5.0927953382255255 57.658547945187642  0.99999999999999711 7.6413083678305407 4.1227470284526104 68.333333333333357  1 
-4.3858910210131326 2.4828545332969174 15.500000000000002  1 -3.3692645846499287 2.8134129664985643 26.329735276800982  1.0000000000000004 -2.4378796411113961 4.4518718438906175 37.549984219332607  0.99999999999999645 8.6005041368196622 0.61414230825288285 45.64809712716383  1.0000000000000051 4.7865123441337944 4.9883556154210371 57.658547945188268  0.99999999999999711 7.5824581327147991 4.0301689857318657 68.333333333333357  1 
-4.3962188331748138 2.4676064715439723 15.500000000000002  1 -3.3744750184008465 2.7922579558145277 26.329735276800982  1.0000000000000004 -2.456056016905463 4.4297367319308449 37.549984219332607  0.99999999999999645 8.6002839495295103 0.59900965708391751 45.64809712716383  1.0000000000000051 4.7695793417656906 4.9611521823971376 57.658547945188268  0.99999999999999711 7.5672599842554806 4.0059548842175925 68.333333333333357  1 
-4.4227492356485412 2.4292501667636452 15.500000000000002  1 -3.3866909298080072 2.7381720642550884 26.329735276801127  1.0000000000000004 -2.5027997728187299 4.3741439862870015 37.549984219332075  0.99999999999999645 8.6003914439815325 0.56035946170789341 45.648097127164519  1.0000000000000051 4.7267085818869727 4.8923151329074965 57.658547945187948  0.99999999999999711 7.5289599523305402 3.9445706800091727 68.333333333333357  1 
-4.4722554025946488 2.3650692643178468 15.500000000000002  1 -3.3987602424129548 2.6395509325233695 26.329735276801127  1.0000000000000004 -2.5905038567239016 4.2819353656013108 37.549984219332075  0.99999999999999645 8.6067776418218802 0.49024629083617721 45.648097127164519  1.0000000000000051 4.6524625127622183 4.7733281885697032 57.658547945187948  0.99999999999999711 7.4642898227729644 3.8374282124465826 68.333333333333343  1 
-4.5612499850893107 2.2578771555762498 15.500000000000002  1 -3.4026046832871222 2.4625233255999248 26.329735276801312  1.0000000000000004 -2.7495123160408301 4.1290200596123592 37.549984219331456  0.99999999999999645 8.6291172278301165 0.36528171683880822 45.648097127165229  1.0000000000000051 4.5281244817785193 4.5685946544289626 57.658547945187642  0.99999999999999711 7.3589066329019195 3.6513015236368749 68.333333333333343  1 
-4.63029891965276 2.1691069299470787 15.500000000000002  1 -3.4012881664978307 2.3186691120230534 26.329735276801401  1.0000000000000004 -2.8742946498162638 4.0018156837670986 37.549984219331186  0.99999999999999645 8.6502414303854582 0.26441138791333713 45.648097127165556  1.0000000000000051 4.4328812322546369 4.3998572218010761 57.658547945187479  0.99999999999999711 7.2789332652328378 3.4977230343136263 68.333333333333343  1 
-4.6704215860249256 2.1037818672798907 15.500000000000002  1 -3.407859662609781 2.2259744031916564 26.329735276801401  1.0000000000000004 -2.9477248503285165 3.906643813063408 37.549984219331186  0.99999999999999645 8.6596383607062624 0.19964717582746622 45.648097127165556  1.0000000000000051 4.3724943036818011 4.2814494182714471 57.658547945187479  0.99999999999999711 7.2268319658262881 3.3911259818932038 68.333333333333343  1 
-4.6798245990238918 2.087378432550766 15.500000000000002  1 -3.4100317178649986 2.2035440473735983 26.329735276801401  1.0000000000000004 -2.9649994611276882 3.8826474499076777 37.549984219331186  0.99999999999999645 8.6615776485273415 0.18398767533544838 45.648097127165556  1.0000000000000051 4.3579198061787174 4.2520898730806591 57.658547945187479  0.99999999999999711 7.2141466818751132 3.364776196701682 68.333333333333343  1 
-4.7013653806524642 2.0488637117680506 15.500000000000002  1 -3.4155503437721522 2.1515418990133797 26.329735276801312  1.0000000000000004 -3.0046301852476094 3.8262280460008777 37.549984219331456  0.99999999999999645 8.6657946467314098 0.14769304420178281 45.648097127165229  1.0000000000000051 4.324168553730865 4.1834475560144435 57.658547945187642  0.99999999999999711 7.1846782965307021 3.3032348337080819 68.333333333333329  1 
-4.7340918114819726 1.9793549025062305 15.500000000000002  1 -3.4303102843246411 2.0652196737614221 26.329735276801312  1.0000000000000004 -3.0655218405380764 3.7235362423977003 37.549984219331456  0.99999999999999645 8.6695549001008381 0.087562440001492117 45.648097127165229  1.0000000000000051 4.2686174420626122 4.0628892875707869 57.658547945187642  0.99999999999999711 7.1351068496822441 3.1958772974540279 68.333333333333329  1 
-4.7793562850138072 1.8439847483039855 15.500000000000002  1 -3.4743797926653563 1.915146463578753 26.329735276801411  1.0000000000000004 -3.1522081459471836 3.5213671961752686 37.549984219331186  0.99999999999999645 8.6649415596307833 -0.016522516882229821 45.648097127165556  1.0000000000000051 4.1759966384176419 3.8359679181361104 57.658547945187479  0.99999999999999711 7.0488091699947999 2.9954904940902138 68.333333333333343  1 
-4.8007020481414777 1.7240952154646654 15.500000000000007  1 -3.5300473752590942 1.7949570005719528 26.329735276801411  1.0000000000000004 -3.1967235048070988 3.3406333324269761 37.549984219331186  0.99999999999999645 8.6484271061081621 -0.09927216660213517 45.648097127165556  1.0000000000000051 4.108972630820384 3.6403714807181675 57.658547945187479  0.99999999999999711 6.9820367696144183 2.8238536263272072 68.333333333333343  1 
-4.8070709876346029 1.63818025446403 15.500000000000007  1 -3.5791078718880893 1.7085340006665106 26.329735276801401  1.0000000000000004 -3.2133668860564848 3.2109061185042362 37.549984219331186  0.99999999999999645 8.6302710035417807 -0.15837622449003841 45.648097127165556  1.0000000000000051 4.0672439600926813 3.4997914718655219 57.658547945187479  0.99999999999999711 6.9379028577248159 2.7002380693404797 68.333333333333343  1 
-4.8081716560074961 1.6169292236407353 15.500000000000007  1 -3.5917501815504935 1.6870445462486117 26.329735276801401  1.0000000000000004 -3.2166708845895089 3.178817314296702 37.549984219331186  0.99999999999999645 8.6254330011419089 -0.17305269622905153 45.648097127165556  1.0000000000000051 4.0572466103072875 3.4649526843933653 57.658547945187479  0.99999999999999711 6.9271704830557548 2.6695772007797451 68.333333333333343  1 
-4.8100459804419256 1.5761819026278749 15.500000000000007  1 -3.6162392543512389 1.6457821879905781 26.329735276800999  1.0000000000000004 -3.2226021034612087 3.1172889335486582 37.549984219332416  0.99999999999999645 8.6159862880995988 -0.20122323696424649 45.648097127164135  1.0000000000000051 4.0382406384666991 3.3981177907003586 57.658547945188104  0.99999999999999711 6.906685952423568 2.6107438182137841 68.333333333333343  1 
-4.8102115787124262 1.5046648521425716 15.500000000000007  1 -3.6624390357513033 1.5725662562683056 26.329735276800999  1.0000000000000004 -3.2276785792639688 3.0092906100362797 37.549984219332416  0.99999999999999645 8.5972005438111925 -0.25107170325815242 45.648097127164135  1.0000000000000051 4.0070728822620101 3.2803456973942202 57.658547945188104  0.99999999999999711 6.8720174693661908 2.5068878976492388 68.333333333333343  1 
-4.804333434216761 1.3603701146733189 15.500000000000005  1 -3.7589221422852224 1.4217258201950065 26.329735276801234  1.0000000000000004 -3.2275175586251144 2.7913698497577273 37.549984219331705  0.99999999999999645 8.5569759669043357 -0.35330788321690942 45.648097127164917  1.0000000000000051 3.9501620327667761 3.0409410754556205 57.658547945187799  0.99999999999999711 6.8066542952768616 2.2950866992211765 68.333333333333343  1 
-4.7969866866076911 1.2320854170556697 15.500000000000002  1 -3.8382920664935023 1.2828840407325695 26.329735276801248  1.0000000000000004 -3.2244220192816955 2.597572410773004 37.549984219331705  0.99999999999999645 8.5255831553354025 -0.4467440195464944 45.648097127164917  1.0000000000000051 3.9052677771904007 2.825375696728027 57.658547945187799  0.99999999999999711 6.7549716076691109 2.1034404417165424 68.333333333333343  1 
-4.8004892804382582 1.1329452981188191 15.500000000000002  1 -3.8776164063696803 1.171797297590373 26.329735276801248  1.0000000000000004 -3.2387268935853823 2.4477302256229141 37.549984219331705  0.99999999999999645 8.5164513214470094 -0.52103315225326996 45.648097127164917  1.0000000000000051 3.87024050217159 2.6566124793246528 57.658547945187799  0.99999999999999711 6.7192633895408989 1.9527702389568979 68.333333333333343  1 
-4.8021541693404659 1.1082603223328711 15.500000000000002  1 -3.8856478041169469 1.1438791313901739 26.329735276801248  1.0000000000000004 -3.2437207036282936 2.4104174749113856 37.549984219331705  0.99999999999999645 8.5153892650453571 -0.53967595962813586 45.648097127164917  1.0000000000000051 3.8614203449901625 2.6144454109660198 57.658547945187799  0.99999999999999711 6.7106468246540407 1.9150818016765319 68.333333333333343  1 
-4.8047578877192594 1.0729370132631764 15.500000000000002  1 -3.896655463181979 1.1038601915676236 26.329735276801248  1.0000000000000004 -3.2512658982184264 2.3570232318697379 37.549984219331705  0.99999999999999645 8.5142034166093588 -0.5663920345684208 45.648097127164917  1.0000000000000051 3.8487683597948781 2.5540667040856411 57.658547945187799  0.99999999999999711 6.6983893606777611 1.8611049015750118 68.333333333333343  1 
-4.8115869033022429 1.0142760422101389 15.500000000000002  1 -3.9094472085041199 1.0366200702002413 26.329735276801248  1.0000000000000004 -3.2683149289039131 2.2683403101590991 37.549984219331705  0.99999999999999645 8.5160130578143924 -0.6111990664128425 45.648097127164917  1.0000000000000051 3.8274098934984835 2.4533536317879352 57.658547945187799  0.99999999999999711 6.6788539139958258 1.7709445791825338 68.333333333333343  1 
-4.8376872909891944 0.87113267875140254 15.500000000000002  1 -3.9187986256579705 0.86971288122529322 26.329735276801401  1.0000000000000004 -3.3270310777453806 2.0518384740753457 37.549984219331186  0.99999999999999645 8.5355361557775993 -0.72205316169296752 45.648097127165556  1.0000000000000051 3.7745503322387139 2.2059492609207192 57.658547945187479  0.99999999999999711 6.6350807604900419 1.5489866733184658 68.333333333333343  1 
-4.8756519526992399 0.73659272681649501 15.500000000000002  1 -3.8940019585065366 0.70905409577214873 26.329735276801401  1.0000000000000004 -3.406771507870999 1.8480563197340942 37.549984219331186  0.99999999999999645 8.5772044206496094 -0.82804181332071591 45.648097127165556  1.0000000000000051 3.7249861358029346 1.9710480559588692 57.658547945187479  0.99999999999999711 6.6011583870932284 1.3376222952394734 68.333333333333343  1 
-4.9083532177995517 0.62492939994367991 15.500000000000002  1 -3.8627799625325077 0.57613299217059133 26.329735276801401  1.0000000000000004 -3.4757135899882297 1.6784446410474108 37.549984219331186  0.99999999999999645 8.619465842966914 -0.91507656680351379 45.648097127165556  1.0000000000000051 3.6875509672240865 1.7758519605089826 57.658547945187479  0.99999999999999711 6.5788148206680086 1.1620083271827446 68.333333333333343  1 
-4.917008498168518 0.59506020159739215 15.500000000000002  1 -3.8540253464528114 0.54066469029981945 26.329735276801401  1.0000000000000004 -3.4939585567428377 1.6330502805934488 37.549984219331186  0.99999999999999645 8.630969510439197 -0.93827128343376998 45.648097127165556  1.0000000000000051 3.67790098695817 1.7236601621448198 57.658547945187479  0.99999999999999711 6.5732291951614732 1.1150562433566988 68.333333333333343  1 
-4.926425093940682 0.56243976104380866 15.500000000000002  1 -3.8443647513419972 0.5019579196457532 26.329735276801401  1.0000000000000004 -3.5138122036007324 1.5834671894535239 37.549984219331186  0.99999999999999645 8.6435771836143971 -0.96357553458649037 45.648097127165556  1.0000000000000051 3.6674707676452365 1.6666690403234607 57.658547945187479  0.99999999999999711 6.5672410487863093 1.0637881502295619 68.333333333333343  1 
-4.9409782530928306 0.51117409978311013 15.500000000000002  1 -3.8286018886294189 0.44130280283958806 26.329735276801401  1.0000000000000004 -3.544533589131917 1.5054965807537488 37.549984219331186  0.99999999999999645 8.6636351018599544 -1.003177779329034 45.648097127165556  1.0000000000000051 3.6517637452297498 1.5771528112378144 57.658547945187479  0.99999999999999711 6.5585241198438222 0.98327013206230152 68.333333333333343  1 
-4.9835735595933386 0.35255334010311329 15.500000000000002  1 -3.7790492426861384 0.25445314659023732 26.329735276801003  1.0000000000000004 -3.6347619197096988 1.2640460268323181 37.549984219332437  0.99999999999999645 8.7250023596452024 -1.1249636405774863 45.648097127164135  1.0000000000000051 3.6074682008380794 1.3004610261449487 57.658547945188104  0.99999999999999711 6.5351789605507404 0.73441281358115329 68.333333333333343  1 
-5.0172431284851307 0.19178517126143887 15.500000000000002  1 -3.7321886551881787 0.067103388385193627 26.329735276801163  1.0000000000000004 -3.7080136120380867 1.0187478834947632 37.549984219331954  0.99999999999999645 8.7817878793942405 -1.246403385164937 45.648097127164611  1.0000000000000051 3.5746975831543404 1.0205777353768999 57.658547945187948  0.99999999999999711 6.5213707884614083 0.48290599615955804 68.333333333333343  1 
-5.0265339429233427 0.044954752290093353 15.500000000000002  1 -3.7173231018368811 -0.10317799574029429 26.329735276801248  1.0000000000000004 -3.7351129957713955 0.79421557983084168 37.549984219331705  0.99999999999999645 8.8113659169154346 -1.356015226948752 45.648097127164917  1.0000000000000051 3.5594694513447678 0.76491401843552032 57.658547945187799  0.99999999999999711 6.515792545368301 0.25341250447281499 68.333333333333343  1 
-5.0272758508214661 0.0073589901479211598 15.500000000000002  1 -3.7156997633399933 -0.14674118560731553 26.329735276801248  1.0000000000000004 -3.7393565483936904 0.736694065408254 37.549984219331705  0.99999999999999645 8.8176805460989076 -1.3840073677120333 45.648097127164917  1.0000000000000051 3.556393439365698 0.69944106880325407 57.658547945187799  0.99999999999999711 6.5147985289221344 0.1946573925763658 68.333333333333357  1 
-5.0274709752149906 -0.023067580004480299 15.500000000000002  1 -3.7149395063101709 -0.18198965476738044 26.329735276801248  1.0000000000000004 -3.7421143487765391 0.69013387138125448 37.549984219331705  0.99999999999999645 8.8224803242672944 -1.4066445729214365 45.648097127164917  1.0000000000000051 3.5540979791497529 0.64644995796923743 57.658547945187799  0.99999999999999711 6.5140945483041923 0.14710731913771299 68.333333333333357  1 
-5.0266727038794423 -0.062134723449440432 15.500000000000002  1 -3.7153960382120608 -0.22722896674795101 26.329735276801248  1.0000000000000004 -3.743902716402645 0.63033165193868079 37.549984219331705  0.99999999999999645 8.8278459089127548 -1.4356661448558705 45.648097127164917  1.0000000000000051 3.5516495290613324 0.57840134378370367 57.658547945187799  0.99999999999999711 6.5134512550144263 0.086056011402772456 68.333333333333357  1 
-5.0166611403338974 -0.22060998192389475 15.500000000000002  1 -3.7260587452348277 -0.41067980996048192 26.329735276801127  1.0000000000000004 -3.740316661769449 0.38760518418993523 37.549984219332075  0.99999999999999645 8.8455192229704984 -1.5531164690657682 45.648097127164519  1.0000000000000051 3.5445110203853236 0.30226438858840021 57.658547945187948  0.99999999999999711 6.5125759473847067 -0.16161384289885938 68.333333333333357  1 
-4.9807166584201763 -0.39343305968661885 15.500000000000002  1 -3.7688403241536639 -0.61074735787210832 26.329735276801372  1.0000000000000004 -3.6968307951974477 0.12231948769000771 37.549984219331407  0.99999999999999645 8.8511477256604945 -1.6801823133729152 45.648097127165229  1.0000000000000051 3.5479828424560989 0.00056312051754188995 57.658547945187642  0.99999999999999711 6.518229737322689 -0.43188313266300016 68.333333333333343  1 
-4.9353370634028195 -0.56281473405665849 15.500000000000002  1 -3.8112097964701861 -0.80879738307433602 26.329735276801411  1.0000000000000004 -3.6445794672288452 -0.13845383889185597 37.549984219331186  0.99999999999999645 8.8685056698466393 -1.8043510613595548 45.648097127165556  1.0000000000000051 3.5570080623103291 -0.2969366289745779 57.658547945187479  0.99999999999999711 6.5336459691234863 -0.69786864465281295 68.333333333333343  1 
-4.9212651528747671 -0.61346231492828751 15.500000000000002  1 -3.8230619263639971 -0.86824267013386192 26.329735276801372  1.0000000000000004 -3.6287059470986422 -0.21657361760962229 37.549984219331407  0.99999999999999645 8.8751883693210889 -1.8413616975805622 45.648097127165229  1.0000000000000051 3.5602219044159242 -0.38614254408204163 57.658547945187642  0.99999999999999711 6.5392765284499372 -0.7775324401647925 68.333333333333343  1 
-4.9142385552479801 -0.63857419403370408 15.500000000000002  1 -3.8287305132291114 -0.89775890650771317 26.329735276801372  1.0000000000000004 -3.6208643337831221 -0.25533098907640089 37.549984219331407  0.99999999999999645 8.8787983564870636 -1.8596909955022809 45.648097127165229  1.0000000000000051 3.5618937417382908 -0.43041818533280013 57.658547945187642  0.99999999999999711 6.542245868109104 -0.81705484836108933 68.333333333333343  1 
-4.9087800003798066 -0.65800810047329894 15.500000000000002  1 -3.8330153625009755 -0.92062028899500592 26.329735276801372  1.0000000000000004 -3.6148139857043691 -0.28533654338927028 37.549984219331407  0.99999999999999645 8.881733966990554 -1.8738652313654645 45.648097127165229  1.0000000000000051 3.5632235804355323 -0.46470399829483711 57.658547945187642  0.99999999999999711 6.5446272530670697 -0.84765164183713793 68.333333333333343  1 
-4.8753898784049046 -0.77660159727911648 15.500000000000002  1 -3.8577940122547627 -1.0602790511704083 26.329735276801372  1.0000000000000004 -3.5783547501733803 -0.46858243012542805 37.549984219331407  0.99999999999999645 8.9013494428973683 -1.9601947047655193 45.648097127165229  1.0000000000000051 3.5716925839192433 -0.67414427668036603 57.658547945187642  0.99999999999999711 6.5600785212375401 -1.0344532830625306 68.333333333333343  1 
-4.8333137608611167 -0.92832515355809131 15.500000000000002  1 -3.8763047936179529 -1.2396498632934085 26.329735276801411  1.0000000000000004 -3.5378646034352164 -0.7042216292079313 37.549984219331186  0.99999999999999645 8.9416593369190949 -2.0689388431317202 45.648097127165556  1.0000000000000051 3.584696759401651 -0.94358017734464938 57.658547945187479  0.99999999999999711 6.5872487347888855 -1.2738870385467547 68.333333333333343  1 
-4.8086380919597085 -1.0869713941335302 15.500000000000002  1 -3.8444386704930018 -1.421036912396215 26.329735276801411  1.0000000000000004 -3.5391470228572373 -0.95369452935279986 37.549984219331186  0.99999999999999645 9.0277839945892335 -2.1746480198995184 45.648097127165556  1.0000000000000051 3.5936447589570442 -1.2245834131299382 57.658547945187479  0.99999999999999711 6.6257994286678725 -1.5209246642449603 68.333333333333343  1 
-4.8033618011591424 -1.1468964568820188 15.500000000000005  1 -3.8227090033068167 -1.4881836708872425 26.329735276800999  1.0000000000000004 -3.5481780293200567 -1.0484774985048826 37.549984219332416  0.99999999999999645 9.0680656509175694 -2.2130276818603285 45.648097127164135  1.0000000000000051 3.5959691439466352 -1.3304441634200448 57.658547945188104  0.99999999999999711 6.6418791529897794 -1.613494694694676 68.333333333333343  1 
-4.8019379117035932 -1.168495558249997 15.500000000000005  1 -3.8137591849206576 -1.5122223327733124 26.329735276800999  1.0000000000000004 -3.5524298201030144 -1.0827016374111871 37.549984219332416  0.99999999999999645 9.0834627498319414 -2.2266826254594103 45.648097127164135  1.0000000000000051 3.5966789478128134 -1.3685627530617916 57.658547945188104  0.99999999999999711 6.6478374904873601 -1.6467710920080914 68.333333333333343  1 
-4.8014263287150767 -1.1772992350540425 15.500000000000005  1 -3.8099493273235638 -1.5219963670637742 26.329735276800999  1.0000000000000004 -3.5543067683876801 -1.0966602053307186 37.549984219332416  0.99999999999999645 9.089865972493552 -2.2322220405274669 45.648097127164135  1.0000000000000051 3.5969500833674926 -1.3840942350735823 57.658547945188104  0.99999999999999711 6.6502900638748441 -1.6603212791484028 68.333333333333343  1 
-4.7962729157841766 -1.2800718571630907 15.500000000000007  1 -3.7635155453433886 -1.6357970961846744 26.329735276801046  1.0000000000000004 -3.5779465030064213 -1.2597249208818 37.549984219332167  0.99999999999999645 9.1661624970220537 -2.2965587449307518 45.648097127164448  1.0000000000000051 3.5999047210906188 -1.5653398708959174 57.658547945187948  0.99999999999999711 6.679221674520103 -1.8183409919946902 68.333333333333343  1 
-4.805548755626007 -1.4307963883164507 15.500000000000002  1 -3.6547522822087286 -1.7963482400919228 26.329735276800999  1.0000000000000004 -3.6483625780737112 -1.5013316145820235 37.549984219332416  0.99999999999999645 9.3102480427320202 -2.3839224953065568 45.648097127164135  1.0000000000000051 3.5999791349446904 -1.8297659362916294 57.658547945188104  0.99999999999999711 6.7280350243172951 -2.0466485403360828 68.333333333333343  1 
-4.8108793030822135 -1.5929403079632236 15.500000000000002  1 -3.5238019968874599 -1.9592164384867898 26.329735276801312  1.0000000000000004 -3.7270398509971647 -1.7667913082876556 37.549984219331456  0.99999999999999645 9.480950421436555 -2.466196746959004 45.648097127165229  1.0000000000000051 3.605792550186 -2.1132202087350422 57.658547945187642  0.99999999999999711 6.7911902193024698 -2.287319500972488 68.333333333333329  1 
-4.8093488383191048 -1.6597913640619095 15.500000000000005  1 -3.4721042110008402 -2.0246650502978376 26.329735276801234  1.0000000000000004 -3.7547469150777353 -1.8773040399627159 37.549984219331705  0.99999999999999645 9.550423985267015 -2.4980962863988432 45.648097127164917  1.0000000000000051 3.6105271096329203 -2.2299767104584185 57.658547945187799  0.99999999999999711 6.8191562231986902 -2.3857243379244943 68.333333333333343  1 
-4.8086276430464121 -1.6786212624468044 15.500000000000002  1 -3.4577672360423746 -2.042989390320423 26.329735276801401  1.0000000000000004 -3.7621608664536206 -1.9085025085033063 37.549984219331186  0.99999999999999645 9.5698772358441158 -2.5069504212501506 45.648097127165556  1.0000000000000051 3.612033848833744 -2.262857095504879 57.658547945187479  0.99999999999999711 6.827160286732374 -2.4133889209547874 68.333333333333343  1 
-4.8082437973353143 -1.6871861704794964 15.500000000000002  1 -3.4512906964135333 -2.051303690377094 26.329735276801401  1.0000000000000004 -3.7654572195134537 -1.9227065610176335 37.549984219331186  0.99999999999999645 9.5787020370309541 -2.5109533300740341 45.648097127165556  1.0000000000000051 3.6127523049306038 -2.2778118148256672 57.658547945187479  0.99999999999999711 6.8308247265373208 -2.4259624599981282 68.333333333333343  1 
-4.8032647392074681 -1.7835256177557888 15.500000000000002  1 -3.3789987040644354 -2.1445903560434227 26.329735276801401  1.0000000000000004 -3.8016195651131497 -2.0826268260670693 37.549984219331186  0.99999999999999645 9.6776582640209057 -2.5557019857105385 45.648097127165556  1.0000000000000051 3.6212227371361991 -2.446012645736046 57.658547945187479  0.99999999999999711 6.8723120252391192 -2.5672800709671657 68.333333333333343  1 
-4.7796369196107937 -1.9345578878970886 15.500000000000002  1 -3.279365762178597 -2.2853945288796154 26.329735276801401  1.0000000000000004 -3.8362035119281241 -2.3368588777956667 37.549984219331186  0.99999999999999645 9.8251063325999102 -2.6194254898289633 45.648097127165556  1.0000000000000051 3.6437518404479783 -2.7094244327301689 57.658547945187479  0.99999999999999711 6.9436174753479163 -2.7862352058123969 68.333333333333343  1 
-4.7266280489788581 -2.076098805406569 15.500000000000002  1 -3.2070968992558404 -2.4358972130438894 26.329735276801401  1.0000000000000004 -3.8271759327626009 -2.5803313927063978 37.549984219331186  0.99999999999999645 9.9539852540336948 -2.6857672903049608 45.648097127165556  1.0000000000000051 3.68447780494866 -2.9701196074099605 57.658547945187479  0.99999999999999711 7.025719533267103 -3.002479903940388 68.333333333333343  1 
-4.698532590715887 -2.1332380587789737 15.499999999999998  1 -3.182004658496949 -2.5034115422181711 26.329735276801411  1.0000000000000004 -3.8145944650163477 -2.6795004925041899 37.549984219331186  0.99999999999999645 10.004363476625201 -2.7159150702278358 45.648097127165556  1.0000000000000051 3.7053860983643423 -3.0796358258175887 57.658547945187479  0.99999999999999711 7.062461788761353 -3.0936693443594332 68.333333333333343  1 
-4.6915475531099577 -2.147082796509669 15.500000000000002  1 -3.1760324845033407 -2.5199524993930988 26.329735276801411  1.0000000000000004 -3.8113092258168946 -2.7035520344695585 37.549984219331186  0.99999999999999645 10.016526853285795 -2.7233113276554173 45.648097127165556  1.0000000000000051 3.7105708004631284 -3.1062862427753597 57.658547945187479  0.99999999999999711 7.0714601110956723 -3.1158693387685741 68.333333333333343  1 
-4.6836628233850011 -2.1619353434091333 15.500000000000002  1 -3.1698627440643041 -2.5381068951523651 26.329735276801411  1.0000000000000004 -3.8072617212416793 -2.7294036711370682 37.549984219331186  0.99999999999999645 10.029480405304179 -2.7314531217727942 45.648097127165556  1.0000000000000051 3.7163952565288216 -3.1351326964868078 57.658547945187479  0.99999999999999711 7.0813251263107757 -3.1399204171732356 68.333333333333343  1 
-4.6358787499171212 -2.2470576157389308 15.500000000000002  1 -3.1360769343197497 -2.6450112347376726 26.329735276801323  1.0000000000000004 -3.780566937461094 -2.8778623559232406 37.549984219331456  0.99999999999999645 10.103084302903067 -2.77959341900053 45.648097127165229  1.0000000000000051 3.7515346514520806 -3.3022122577433262 57.658547945187642  0.99999999999999711 7.1392798923138452 -3.2793922398358144 68.333333333333329  1 
-4.5488451653145692 -2.3581391472862334 15.500000000000002  1 -3.1069527634006913 -2.8123095999109133 26.329735276801323  1.0000000000000004 -3.7123639596038283 -3.0743146564112087 37.549984219331456  0.99999999999999645 10.193099255627622 -2.8569222592645307 45.648097127165229  1.0000000000000051 3.8141733249139209 -3.5371817245975197 57.658547945187642  0.99999999999999711 7.2284333981825917 -3.4772160883686252 68.333333333333314  1 
-4.4587392852656684 -2.4695419362286399 15.500000000000002  1 -3.0642539184076325 -2.9758258669283695 26.329735276801323  1.0000000000000004 -3.639626092981477 -3.2747079751905974 37.549984219331456  0.99999999999999645 10.285776254234888 -2.9312579826393588 45.648097127165229  1.0000000000000051 3.8886843552085688 -3.7725861648149182 57.658547945187642  0.99999999999999711 7.3280478962595215 -3.6735246617120052 68.333333333333314  1 
-4.4233988937406883 -2.5181275774837037 15.500000000000002  1 -3.0389815677834733 -3.0406153181561688 26.329735276801323  1.0000000000000004 -3.6131296459214277 -3.3624814004004384 37.549984219331456  0.99999999999999645 10.328060016873687 -2.9600548885102946 45.648097127165229  1.0000000000000051 3.9212042694797442 -3.8719001650289395 57.658547945187642  0.99999999999999711 7.3717411965640514 -3.7555155788588213 68.333333333333314  1 
-4.4115680733154683 -2.5346784542389234 15.500000000000002  1 -3.0300425483901985 -3.0623532650899548 26.329735276801323  1.0000000000000004 -3.6043791644654828 -3.3923969827393514 37.549984219331456  0.99999999999999645 10.342558267899452 -2.9696809559536179 45.648097127165229  1.0000000000000051 3.9322707420345466 -3.9055583645234404 57.658547945187642  0.99999999999999711 7.3866272577688532 -3.7832606506251762 68.333333333333314  1 
-4.4009957945259472 -2.5499316260425537 15.500000000000002  1 -3.0212867206659402 -3.0818610125151515 26.329735276801323  1.0000000000000004 -3.5967535804265545 -3.4199895671940359 37.549984219331456  0.99999999999999645 10.356068055948302 -2.978262472977609 45.648097127165229  1.0000000000000051 3.9424465499438988 -3.9363025194975583 57.658547945187642  0.99999999999999711 7.4003448404437417 -3.8085371638282357 68.333333333333314  1 
-4.3444679739095751 -2.6353775032585633 15.500000000000002  1 -2.9683439125662274 -3.1870243202998316 26.329735276801127  1.0000000000000004 -3.5576338473199152 -3.5746671110243162 37.549984219332075  0.99999999999999645 10.43289713930155 -3.0240856248776367 45.648097127164519  1.0000000000000051 3.9990498544007975 -4.1063302894269684 57.658547945187948  0.99999999999999711 7.4769887288623851 -3.9478283103228424 68.333333333333314  1 
-4.2864017104875165 -2.7526932562634641 15.500000000000002  1 -2.8681279519130158 -3.3019406300436422 26.329735276801127  1.0000000000000004 -3.5300576267738202 -3.7876559180222955 37.549984219332075  0.99999999999999645 10.546602495673092 -3.0709413110863522 45.648097127164519  1.0000000000000051 4.0733886832788038 -4.3239513320574785 57.658547945187948  0.99999999999999711 7.580360972529312 -4.1225559261364078 68.333333333333343  1 
-4.239244151957462 -2.8815201377803374 15.500000000000002  1 -2.7326053808630562 -3.4014436009640292 26.329735276801213  1.0000000000000004 -3.5162461417448565 -4.0193016460660376 37.549984219331826  0.99999999999999645 10.673756418092827 -3.1110639386491226 45.648097127164824  1.0000000000000051 4.1578313706861492 -4.5462798667429096 57.658547945187799  0.99999999999999711 7.6950900877477686 -4.298396228801586 68.333333333333343  1 
-4.2204420867338284 -2.9381762198471613 15.500000000000002  1 -2.6697537539606326 -3.4418781855523801 26.329735276801472  1.0000000000000004 -3.511420576366433 -4.1205717438112002 37.549984219331137  0.99999999999999645 10.729433468262311 -3.1276675334635531 45.648097127165556  1.0000000000000051 4.195981528662589 -4.6417138230440296 57.658547945187479  0.99999999999999711 7.746042801287631 -4.3736039334317747 68.333333333333343  1 
-4.2121396171204779 -2.9640643355573433 15.500000000000002  1 -2.6405337424195792 -3.4598475059954366 26.329735276801472  1.0000000000000004 -3.5093691505537956 -4.1667373740800997 37.549984219331137  0.99999999999999645 10.754813082107882 -3.1351137035902492 45.648097127165556  1.0000000000000051 4.2135998397919501 -4.6849506678386499 57.658547945187479  0.99999999999999711 7.7694173377527553 -4.4076389973108077 68.333333333333343  1 
-4.2059352082778734 -2.9840111400196543 15.500000000000002  1 -2.617673012599198 -3.473346571141029 26.329735276801472  1.0000000000000004 -3.5078654210522382 -4.2022217277614473 37.549984219331137  0.99999999999999645 10.774307710738736 -3.1407688234445477 45.648097127165556  1.0000000000000051 4.2273265297092779 -4.7180013196251904 57.658547945187479  0.99999999999999711 7.7875032301392855 -4.4336328376750513 68.333333333333343  1 
-4.1741863247015134 -3.0880012020880865 15.500000000000002  1 -2.4973709719336976 -3.542618771368061 26.329735276801472  1.0000000000000004 -3.5001744399908339 -4.3868959140382016 37.549984219331137  0.99999999999999645 10.87568470575296 -3.1700387351742982 45.648097127165556  1.0000000000000051 4.2994581149936391 -4.8894309395137769 57.658547945187479  0.99999999999999711 7.882077611767965 -4.5683983306604965 68.333333333333343  1 
-4.1412202105790969 -3.2149954927693942 15.500000000000002  1 -2.3393732786266219 -3.6163637304832594 26.329735276801472  1.0000000000000004 -3.4918770748480199 -4.6091189521419231 37.549984219331137  0.99999999999999645 10.996740581490142 -3.2038843579857077 45.648097127165556  1.0000000000000051 4.3934635981547121 -5.0900333538229576 57.658547945187479  0.99999999999999711 8.0005562736417168 -4.7255367284102308 68.333333333333343  1 
-4.0912435825513871 -3.3378214947728058 15.500000000000002  1 -2.194852927296413 -3.7063392619132394 26.329735276801213  1.0000000000000004 -3.4420940606898696 -4.81555700735231 37.549984219331826  0.99999999999999645 11.095099784942278 -3.2574522557927827 45.648097127164824  1.0000000000000051 4.5115068636147955 -5.2870360524769024 57.658547945187799  0.99999999999999711 8.1315238159256769 -4.884440454990413 68.333333333333343  1 
-4.0684364874823267 -3.3853358208343485 15.500000000000002  1 -2.1409467130118935 -3.7449621035312508 26.329735276801213  1.0000000000000004 -3.4154592977547558 -4.8941055753915776 37.549984219331826  0.99999999999999645 11.130037470391079 -3.2819048684665901 45.648097127164824  1.0000000000000051 4.56163470813435 -5.364217567020197 57.658547945187799  0.99999999999999711 8.1849247829918177 -4.9474986166049471 68.333333333333343  1 
-4.0550854179580265 -3.4103471266055858 15.500000000000002  1 -2.1133771115054496 -3.7667917215209274 26.329735276801213  1.0000000000000004 -3.3986262871135837 -4.9349642994837595 37.549984219331826  0.99999999999999645 11.147256816985491 -3.2962049826338053 45.648097127164824  1.0000000000000051 4.5896968228466397 -5.4052502327647183 57.658547945187799  0.99999999999999711 8.2140651544776873 -4.9813258048870068 68.333333333333343  1 
-4.0407227443670291 -3.4348107799931027 15.500000000000002  1 -2.0872330228846621 -3.7896221214509529 26.329735276801213  1.0000000000000004 -3.3794927326943975 -4.9744783030009829 37.549984219331826  0.99999999999999645 11.163006083531606 -3.3115557309381338 45.648097127164824  1.0000000000000051 4.6186996946797567 -5.4458118417133434 57.658547945187799  0.99999999999999711 8.2435274321816348 -5.0150510047495978 68.333333333333343  1 
-3.9815324746177634 -3.5291945245481946 15.500000000000002  1 -1.9887760591824986 -3.8820079296560239 26.329735276801312  1.0000000000000004 -3.2979838525351206 -5.1256409723299319 37.549984219331456  0.99999999999999645 11.220634537171854 -3.374717009878323 45.648097127165229  1.0000000000000051 4.7350510919776774 -5.6035672005558457 57.658547945187642  0.99999999999999711 8.3599490407181634 -5.1470352125204517 68.333333333333329  1 
-3.8878105425847207 -3.6194201220033806 15.500000000000002  1 -1.9188394629454308 -4.0129604179089542 26.329735276801323  1.0000000000000004 -3.1451976677521638 -5.257774843430445 37.549984219331456  0.99999999999999645 11.245484796522412 -3.4735416482541899 45.648097127165229  1.0000000000000051 4.8891977778470554 -5.7672415499681593 57.658547945187642  0.99999999999999711 8.4978314347212507 -5.291876449023432 68.333333333333343  1 
-3.7860506574022352 -3.6968775408208305 15.500000000000002  1 -1.8682589002436201 -4.1541471449616711 26.329735276801323  1.0000000000000004 -2.9628972646133946 -5.3547119207227833 37.549984219331456  0.99999999999999645 11.245750513768366 -3.590972910657404 45.648097127165229  1.0000000000000051 5.054628440213893 -5.9102492161792393 57.658547945187642  0.99999999999999711 8.63656403337664 -5.4259997903217538 68.333333333333343  1 
-3.7488444713495905 -3.7241639055188123 15.500000000000002  1 -1.8508965867934517 -4.2058567654013297 26.329735276801323  1.0000000000000004 -2.8951566608665362 -5.3875127730523422 37.549984219331456  0.99999999999999645 11.24439346310916 -3.634745617897885 45.648097127165229  1.0000000000000051 5.1152886957028612 -5.9606346613149581 57.658547945187642  0.99999999999999711 8.6869027666437635 -5.4738414102711648 68.333333333333343  1 
-3.7272296081641887 -3.7394723694456795 15.500000000000002  1 -1.8413766424157434 -4.2359658897107213 26.329735276801323  1.0000000000000004 -2.8551909442233461 -5.4051311167194962 37.549984219331456  0.99999999999999645 11.242825043023549 -3.6606695160327125 45.648097127165229  1.0000000000000051 5.1506665741276132 -5.9888807901005041 57.658547945187642  0.99999999999999711 8.7159730718073156 -5.5010003254983664 68.333333333333343  1 
-3.7004016032033205 -3.7580930315012138 15.500000000000002  1 -1.8298189049348084 -4.2734952105537563 26.329735276801323  1.0000000000000004 -2.8049559235313462 -5.4257522496473047 37.549984219331456  0.99999999999999645 11.240254371084925 -3.6934619374106155 45.648097127165229  1.0000000000000051 5.1949003050949285 -6.0230949718311981 57.658547945187642  0.99999999999999711 8.752075015198109 -5.5342409132353954 68.333333333333343  1 
-3.5957585162911685 -3.829937403533501 15.500000000000005  1 -1.7852514408239288 -4.4202229355795328 26.329735276801401  1.0000000000000004 -2.6076801719051619 -5.5035713512382936 37.549984219331186  0.99999999999999645 11.228925463611196 -3.822683830936787 45.648097127165556  1.0000000000000051 5.368136919675341 -6.1547824723024496 57.658547945187479  0.99999999999999711 8.892954372320375 -5.662923494611813 68.333333333333343  1 
-3.4806557973334007 -3.9023003169022874 15.499999999999998  1 -1.7378841629278379 -4.5866885151022609 26.329735276801401  1.0000000000000004 -2.3754957989712002 -5.5622895333786628 37.549984219331186  0.99999999999999645 11.203967275103336 -3.9812278743181038 45.648097127165556  1.0000000000000051 5.5690149135083491 -6.2822004695505482 57.658547945187479  0.99999999999999711 9.0512145650361173 -5.7957334489668995 68.333333333333343  1 
-3.3851709055097929 -3.9827094442990538 15.500000000000002  1 -1.667679896407035 -4.7227330609952993 26.329735276801401  1.0000000000000004 -2.1673645762833655 -5.6222160595446571 37.549984219331186  0.99999999999999645 11.188949656793239 -4.1300196504695386 45.648097127165556  1.0000000000000051 5.7641800053782717 -6.3940042155737844 57.658547945187479  0.99999999999999711 9.2059045821540693 -5.9149741376717939 68.333333333333343  1 
-3.3613025034557786 -4.0035953021718109 15.500000000000002  1 -1.6489619878479298 -4.7566479345010286 26.329735276801411  1.0000000000000004 -2.1147966724262899 -5.6376968437987554 37.549984219331186  0.99999999999999645 11.185446182894934 -4.1678119404956897 45.648097127165556  1.0000000000000051 5.8140103770675955 -6.4222325708199817 57.658547945187479  0.99999999999999711 9.2454447160455828 -5.9451464464693027 68.333333333333343  1 
-3.3444272462986708 -4.0192401756717944 15.500000000000002  1 -1.6344286385374867 -4.7805192622387382 26.329735276801411  1.0000000000000004 -2.07704227670841 -5.6492215339283662 37.549984219331186  0.99999999999999645 11.183258128529019 -4.1951812448832069 45.648097127165556  1.0000000000000051 5.8503927338213142 -6.4425171045046072 57.658547945187479  0.99999999999999711 9.2743659325644039 -5.9668920415147984 68.333333333333343  1 
-3.3245935927456767 -4.0388468546969305 15.500000000000002  1 -1.6155701970355922 -4.8083915293872828 26.329735276800982  1.0000000000000004 -2.0319649733709482 -5.6637035283210642 37.549984219332607  0.99999999999999645 11.18115131628632 -4.2281255013114976 45.64809712716383  1.0000000000000051 5.8946557855738693 -6.4668906464032956 57.658547945188268  0.99999999999999711 9.3096470340656676 -5.9930510838296964 68.333333333333343  1 
-3.2319077967711647 -4.1337466913213161 15.500000000000002  1 -1.522675140039552 -4.9381387918451711 26.329735276800893  1.0000000000000004 -1.8194521239655619 -5.7339348001585009 37.549984219332856  0.99999999999999645 11.17257314725058 -4.3841297592543444 45.648097127163524  1.0000000000000051 6.105512234647942 -6.5822469156377927 57.658547945188424  0.99999999999999711 9.4779711912581615 -6.1169191944638959 68.333333333333329  1 
-3.1622805024988971 -4.2486972132635472 15.500000000000002  1 -1.3896540190586057 -5.0284421284881704 26.329735276801127  1.0000000000000004 -1.6364763352453202 -5.8224052065437188 37.549984219332075  0.99999999999999645 11.183889602732258 -4.5270834684815906 45.648097127164519  1.0000000000000051 6.3161122614976142 -6.6893219191998901 57.658547945187948  0.99999999999999711 9.6497826446342998 -6.2319481744902951 68.333333333333329  1 
-3.0828693357628505 -4.3637026666190035 15.500000000000002  1 -1.2598961359284808 -5.1238221719838597 26.329735276801411  1.0000000000000004 -1.4285479477633622 -5.8911593386133356 37.549984219331186  0.99999999999999645 11.187839005714636 -4.6879322459571462 45.648097127165556  1.0000000000000051 6.5428000071704631 -6.7844789743955047 57.658547945187479  0.99999999999999711 9.8313907805976495 -6.3430839760606661 68.333333333333343  1 
-3.0713022964725383 -4.3802262173381701 15.500000000000002  1 -1.2413071945286955 -5.1376105975837678 26.329735276801411  1.0000000000000004 -1.3982743166692255 -5.9007244431911454 37.549984219331186  0.99999999999999645 11.188288087153575 -4.7113281188702318 45.648097127165556  1.0000000000000051 6.5756261342570079 -6.7979635402831846 57.658547945187479  0.99999999999999711 9.8576397597032024 -6.3589915621041282 68.333333333333343  1 
-3.0572198862743112 -4.3997821022632086 15.500000000000002  1 -1.2194543356190528 -5.1542304041247888 26.329735276801411  1.0000000000000004 -1.3615186316950627 -5.911437760652718 37.549984219331186  0.99999999999999645 11.188544302696085 -4.7396578024309202 45.648097127165556  1.0000000000000051 6.6150652038717883 -6.8136316958089385 57.658547945187479  0.99999999999999711 9.8890739624554875 -6.3777757835310425 68.333333333333343  1 
-3.0428349825809526 -4.4193814951900512 15.500000000000002  1 -1.1976574600035381 -5.1711133795862452 26.329735276801411  1.0000000000000004 -1.3240560185767434 -5.9217943090271552 37.549984219331186  0.99999999999999645 11.18861510045833 -4.7684762761808184 45.648097127165556  1.0000000000000051 6.6549878847150863 -6.8291717708254751 57.658547945187479  0.99999999999999711 9.9208277811171115 -6.3965952814343723 68.333333333333343  1 
-2.957355557777396 -4.5321793850621646 15.500000000000002  1 -1.0732657729840804 -5.2706213065723286 26.329735276801411  1.0000000000000004 -1.1023255906692451 -5.9778295423959626 37.549984219331186  0.99999999999999645 11.187199801380116 -4.9384663701753739 45.648097127165556  1.0000000000000051 6.8886202317543477 -6.9171979535420238 57.658547945187479  0.99999999999999711 10.106030603401381 -6.5049634063128456 68.333333333333343  1 
-2.8511032749884229 -4.6365956452890371 15.500000000000002  1 -0.96899278789147414 -5.388328512761821 26.329735276801479  1.0000000000000004 -0.83705705146706655 -5.9980084284241277 37.549984219330945  0.99999999999999645 11.168104806273135 -5.1356149370961415 45.648097127165869  1.0000000000000051 7.1426538122547152 -6.9886922891549004 57.658547945187323  0.99999999999999711 10.301705937955898 -6.6083662726655712 68.333333333333343  1 
-2.7329918778642588 -4.709490117623865 15.500000000000002  1 -0.88343925815804414 -5.5426666358139149 26.329735276801411  1.0000000000000004 -0.556542866466185 -5.9574411556750997 37.549984219331186  0.99999999999999645 11.143622834917391 -5.3595336281078678 45.648097127165556  1.0000000000000051 7.3968103509074226 -7.0362954556544368 57.658547945187479  0.99999999999999711 10.495534594149676 -6.7009124181845925 68.333333333333343  1 
-2.7139341363764715 -4.7204269464526671 15.500000000000002  1 -0.87018455183492649 -5.5680493142152159 26.329735276801213  1.0000000000000004 -0.51155711539409054 -5.9496883107836016 37.549984219331826  0.99999999999999645 11.139628064179679 -5.3957768877594541 45.648097127164824  1.0000000000000051 7.4372956680516129 -7.0433810415928484 57.658547945187799  0.99999999999999711 10.526375046216479 -6.71543271173518 68.333333333333343  1 
-2.7015963946951307 -4.7271018647741014 15.500000000000002  1 -0.86186019288303095 -5.5847313111324866 26.329735276801411  1.0000000000000004 -0.48256928281728895 -5.9440752207322092 37.549984219331186  0.99999999999999645 11.137026146158044 -5.4193047076034926 45.648097127165556  1.0000000000000051 7.4632558684283357 -7.0476823264781343 57.658547945187479  0.99999999999999711 10.54613544975714 -6.7246374265162441 68.333333333333343  1 
-2.6842299065615354 -4.7362600884675912 15.500000000000002  1 -0.85028894367188157 -5.6083630226631156 26.329735276801411  1.0000000000000004 -0.44184540755908425 -5.9358264621580892 37.549984219331186  0.99999999999999645 11.133356376176733 -5.4524624478864432 45.648097127165556  1.0000000000000051 7.4996535740824983 -7.0535716945051359 57.658547945187479  0.99999999999999711 10.573832342222856 -6.7374816119452303 68.333333333333343  1 
-2.5596374959403563 -4.7973608349087566 15.500000000000002  1 -0.77009175295594967 -5.7808339494623944 26.329735276800982  1.0000000000000004 -0.15121288855544351 -5.8699011335797975 37.549984219332607  0.99999999999999645 11.106891965185643 -5.6911346304420132 45.64809712716383  1.0000000000000051 7.7580050647610967 -7.0926302340395271 57.658547945188268  0.99999999999999711 10.770265191134191 -6.8274597801318766 68.333333333333343  1 
-2.4087115744013441 -4.824168749643504 15.500000000000002  1 -0.69954638574406169 -6.02215346980039 26.329735276800822  1.0000000000000004 0.18523984610837929 -5.7210013752552626 37.54998421933302  0.99999999999999645 11.074536274226634 -5.9896179644703755 45.648097127163425  1.0000000000000051 8.0438829225550705 -7.108558140438185 57.658547945188424  0.99999999999999711 10.98637047265184 -6.915468664719131 68.333333333333343  1 
-2.2726769193836511 -4.8563179187591894 15.500000000000002  1 -0.61704984097455218 -6.2136854368552408 26.329735276801213  1.0000000000000004 0.47701850932811285 -5.6024592034470881 37.549984219331826  0.99999999999999645 11.068002769227991 -6.2363958250066869 45.648097127164824  1.0000000000000051 8.3025753263138995 -7.1215008155629658 57.658547945187799  0.99999999999999711 11.187842113223688 -6.9881755195462816 68.333333333333343  1 
-2.2542907489989101 -4.8608378125684473 15.500000000000002  1 -0.60557691639197631 -6.2391334741131921 26.329735276801213  1.0000000000000004 0.5162925888587877 -5.5867547503898738 37.549984219331826  0.99999999999999645 11.06747251050378 -6.2693934289338262 45.648097127164824  1.0000000000000051 8.3375843217925603 -7.1232613593845118 57.658547945187799  0.99999999999999711 11.215200142939644 -6.997921897241941 68.333333333333343  1 
-2.2397508675945281 -4.8644843929853012 15.500000000000002  1 -0.59637438780203855 -6.2590817411565149 26.329735276801213  1.0000000000000004 0.54728764703821309 -5.5744656950746823 37.549984219331826  0.99999999999999645 11.067192759099473 -6.2953463040767712 45.648097127164824  1.0000000000000051 8.365289184250237 -7.1246599167519316 57.658547945187799  0.99999999999999711 11.23688697419394 -7.0055987339107757 68.333333333333343  1 
-2.2197917308504067 -4.8697042213576349 15.500000000000002  1 -0.58338073608233332 -6.2859753541253918 26.329735276801213  1.0000000000000004 0.58967210730288877 -5.557975193150738 37.549984219331826  0.99999999999999645 11.067184144565315 -6.3305852839671228 45.648097127164824  1.0000000000000051 8.4033848530040842 -7.1266089874024097 57.658547945187799  0.99999999999999711 11.266806155606611 -7.0160621234248444 68.333333333333343  1 
-2.07733262499766 -4.9091994608611174 15.500000000000002  1 -0.48715178989944929 -6.4732150263710997 26.329735276800967  1.0000000000000004 0.89078202467695311 -5.4441667051627265 37.549984219332536  0.99999999999999645 11.070573053763406 -6.5784644089103219 45.648097127164043  1.0000000000000051 8.6760527890861336 -7.1409650521493546 57.658547945188104  0.99999999999999711 11.4818570792164 -7.090166991532354 68.333333333333329  1 
-1.9416231147123502 -4.9702162948620874 15.500000000000005  1 -0.36116170523115221 -6.6050428530119829 26.329735276801117  1.0000000000000004 1.1650389832139518 -5.3761408017835706 37.549984219332117  0.99999999999999645 11.106444744331663 -6.7792855605918847 45.648097127164448  1.0000000000000051 8.9443279712271337 -7.1603118231346699 57.658547945187948  0.99999999999999711 11.701991335664994 -7.1561578832041102 68.333333333333329  1 
-1.8177047934590651 -5.0415321594848663 15.500000000000002  1 -0.21740081127881247 -6.6784933896727301 26.329735276801127  1.0000000000000004 1.3989121647794249 -5.3599712736578731 37.549984219332117  0.99999999999999645 11.169958942684918 -6.913290866667916 45.648097127164448  1.0000000000000051 9.192274442923047 -7.1876910505587723 57.658547945187948  0.99999999999999711 11.913620752067485 -7.2106702478819198 68.333333333333329  1 
-1.8070791182547039 -5.0477414069728077 15.500000000000002  1 -0.20489660201259641 -6.6844980315567177 26.329735276801127  1.0000000000000004 1.4188608987929623 -5.3588744757710449 37.549984219332117  0.99999999999999645 11.175596654788706 -6.9244666691381376 45.648097127164448  1.0000000000000051 9.2135513375265852 -7.190101161686794 57.658547945187948  0.99999999999999711 11.931831828739709 -7.2153082061271308 68.333333333333329  1 
-1.7947538541187211 -5.0549737653069498 15.500000000000002  1 -0.19033594013532329 -6.6913695859621765 26.329735276801177  1.0000000000000004 1.4419668854514649 -5.357694586457435 37.549984219331904  0.99999999999999645 11.182197140543364 -6.9373296567349092 45.648097127164753  1.0000000000000051 9.2382366018961743 -7.1929166896478769 57.658547945187799  0.99999999999999711 11.952976280765713 -7.2206764277776871 68.333333333333329  1 
-1.7809433483010677 -5.0632470650455232 15.500000000000002  1 -0.17369991624745323 -6.6985351959985309 26.329735276801127  1.0000000000000004 1.4676654083836314 -5.3569001033231958 37.549984219332117  0.99999999999999645 11.189940058309658 -6.9511678317295758 45.648097127164448  1.0000000000000051 9.2659250505120081 -7.1961856198161174 57.658547945187948  0.99999999999999711 11.976784853074649 -7.2266252130028121 68.333333333333329  1 
-1.6428905375669498 -5.147558040380094 15.500000000000005  1 -0.0042742146424978901 -6.7648497989926506 26.329735276801117  1.0000000000000004 1.7226352444592317 -5.3542564938341544 37.549984219332117  0.99999999999999645 11.27072716603468 -7.0836699397631797 45.648097127164448  1.0000000000000051 9.5429550832224947 -7.2300290915827832 57.658547945187948  0.99999999999999711 12.215891352673873 -7.2854219303340129 68.333333333333329  1 
-1.5168254254948303 -5.2403017466928645 15.500000000000002  1 0.18211222736499186 -6.7712958166842325 26.32973527680149  1.0000000000000004 1.9355391378779023 -5.4057200429247079 37.549984219330945  0.99999999999999645 11.379115567541689 -7.1445619050633757 45.648097127165869  1.0000000000000051 9.7981004273648988 -7.2727865087349182 57.658547945187323  0.99999999999999711 12.445285931440495 -7.332064398767514 68.333333333333343  1 
-1.3795268023240825 -5.2917418503667477 15.500000000000002  1 0.35511427742003776 -6.8016025993920906 26.329735276801411  1.0000000000000004 2.155002378738295 -5.4336976571243225 37.549984219331186  0.99999999999999645 11.487042267981144 -7.1841076702641571 45.648097127165556  1.0000000000000051 10.050871146538451 -7.3124894927635227 57.658547945187479  0.99999999999999711 12.672825100292837 -7.3694147888384194 68.333333333333343  1 
-1.3756536276559006 -5.2931628081369526 15.500000000000002  1 0.35997603853463178 -6.8024724623689981 26.329735276801411  1.0000000000000004 2.1611862326268922 -5.4344691047473139 37.549984219331186  0.99999999999999645 11.490080208696643 -7.1852080540278775 45.648097127165556  1.0000000000000051 10.057986584308354 -7.3136051769780765 57.658547945187479  0.99999999999999711 12.679230319975622 -7.3704604359767325 68.333333333333343  1 
-1.3647193347158704 -5.2971557006575365 15.500000000000002  1 0.37368972688387275 -6.8049373506076645 26.329735276801411  1.0000000000000004 2.1786393442583543 -5.4366359949923106 37.549984219331186  0.99999999999999645 11.498652463436136 -7.1883051644248477 45.648097127165556  1.0000000000000051 10.078064693590848 -7.3167521760957879 57.658547945187479  0.99999999999999711 12.697304386147746 -7.3734074528661715 68.333333333333343  1 
-1.3505726396141668 -5.301945964341674 15.500000000000002  1 0.39119970632971496 -6.8083142233262617 26.329735276801411  1.0000000000000004 2.2011317364259257 -5.4392155473879988 37.549984219331186  0.99999999999999645 11.509658863588363 -7.1921264677979169 45.648097127165556  1.0000000000000051 10.103852649242775 -7.3207690665916703 57.658547945187479  0.99999999999999711 12.720518533052745 -7.3771210742518818 68.333333333333343  1 
-1.1919575812864045 -5.350109058452504 15.500000000000002  1 0.58390223057361235 -6.8493540657925918 26.329735276801127  1.0000000000000004 2.4522281293539443 -5.4643863477131234 37.549984219332075  0.99999999999999645 11.631540289580457 -7.2329392530013772 45.648097127164519  1.0000000000000051 10.390259757503221 -7.3648613668469416 57.658547945187948  0.99999999999999711 12.978258866329183 -7.4173887859431566 68.333333333333343  1 
-1.0262055371406691 -5.3449803477272306 15.500000000000005  1 0.74965100637366133 -6.923108293381274 26.329735276801479  1.0000000000000004 2.7036187924867709 -5.4542849338371475 37.549984219330945  0.99999999999999645 11.744000310988246 -7.2541207379833894 45.648097127165869  1.0000000000000051 10.662514495544622 -7.401761935866138 57.658547945187323  0.99999999999999711 13.222490055586867 -7.4456767151164884 68.333333333333343  1 
-0.86391306159332204 -5.3239836025146206 15.500000000000002  1 0.92450007996046124 -6.9799276769648833 26.32973527680149  1.0000000000000004 2.9489978481932426 -5.4609143229752473 37.549984219330945  0.99999999999999645 11.860749676752008 -7.2330764318394172 45.648097127165869  1.0000000000000051 10.935509194205521 -7.4423883956657901 57.658547945187323  0.99999999999999711 13.468062805919239 -7.4651700274250254 68.333333333333343  1 
-0.85694976970687253 -5.3230600543089865 15.500000000000002  1 0.93202074001043822 -6.9823427826014202 26.32973527680149  1.0000000000000004 2.9595251100833 -5.4612233884801311 37.549984219330945  0.99999999999999645 11.865768648094773 -7.2321127523583462 45.648097127165869  1.0000000000000051 10.947231900330902 -7.4441382142752506 57.658547945187323  0.99999999999999711 13.478608931970863 -7.4659946122265826 68.333333333333343  1 
-0.84870862229044497 -5.3219390555547719 15.500000000000002  1 0.94094778202031604 -6.9851693970002806 26.32973527680149  1.0000000000000004 2.9719833418759007 -5.4616238037878606 37.549984219330945  0.99999999999999645 11.871722605367808 -7.2308921279668166 45.648097127165869  1.0000000000000051 10.961119637045202 -7.4462184223201247 57.658547945187323  0.99999999999999711 13.491104234712603 -7.4669553665973645 68.333333333333343  1 
-0.83943028885426896 -5.320653330484876 15.500000000000002  1 0.95102186764307373 -6.9883234520390642 26.32973527680149  1.0000000000000004 2.9860088315439066 -5.4621057345967907 37.549984219330945  0.99999999999999645 11.87843843718241 -7.2294478813428427 45.648097127165869  1.0000000000000051 10.976767645782552 -7.4485688485287485 57.658547945187323  0.99999999999999711 13.505184621217071 -7.4680239768451102 68.333333333333343  1 
-0.65278927467294623 -5.2939945809286115 15.500000000000002  1 1.1545315757963752 -7.0507399638023633 26.329735276801038  1.0000000000000004 3.2681257859022765 -5.4729416372382014 37.549984219332366  0.99999999999999645 12.013994114630959 -7.197924180261345 45.648097127164135  1.0000000000000051 11.291999258772696 -7.4961602340776015 57.658547945188104  0.99999999999999711 13.788884999781907 -7.4890693577416174 68.333333333333343  1 
-0.47244997984485931 -5.2501433050837649 15.499999999999998  1 1.3713613580524735 -7.0831491319726503 26.329735276801411  1.0000000000000004 3.5409298956256503 -5.5142841427403111 37.549984219331186  0.99999999999999645 12.155459488315795 -7.1050772786780003 45.648097127165556  1.0000000000000051 11.607772021761074 -7.55038042198687 57.658547945187479  0.99999999999999711 14.074056672982346 -7.4983760241398469 68.333333333333343  1 
-0.29347803576555237 -5.2430343808375612 15.500000000000002  1 1.5795377355142937 -7.0146609172317183 26.329735276801411  1.0000000000000004 3.8194242790124733 -5.6608950942911171 37.549984219331186  0.99999999999999645 12.284885748495968 -6.9162071919488 45.648097127165556  1.0000000000000051 11.923218362058265 -7.627466950692793 57.658547945187479  0.99999999999999711 14.355403749928589 -7.4998257167023263 68.333333333333343  1 
-0.28348226071477561 -5.2426985860845425 15.500000000000002  1 1.5911523640679892 -7.0106693385768084 26.329735276801411  1.0000000000000004 3.8349913690965654 -5.6692563878165982 37.549984219331186  0.99999999999999645 12.292095805603809 -6.9055011044548538 45.648097127165556  1.0000000000000051 11.940839494064432 -7.6318101461537315 57.658547945187479  0.99999999999999711 14.371114201378633 -7.4998940057469978 68.333333333333343  1 
-0.27377195479339644 -5.2424543076497718 15.500000000000002  1 1.6024184048908463 -7.0065715064438674 26.329735276801411  1.0000000000000004 3.8501311274099121 -5.6776074402158576 37.549984219331186  0.99999999999999645 12.299074768216441 -6.8948923453771993 45.648097127165556  1.0000000000000051 11.957961310197609 -7.6360798341058658 57.658547945187479  0.99999999999999711 14.386371562567 -7.4999438080816194 68.333333333333343  1 
-0.26047262536200377 -5.2422327447858121 15.500000000000002  1 1.6178228504423173 -7.0006533773351309 26.329735276801411  1.0000000000000004 3.8708923628799794 -5.6893615070276846 37.549984219331186  0.99999999999999645 12.308595231554714 -6.8800687925275241 45.648097127165556  1.0000000000000051 11.981417140938721 -7.6419993328622056 57.658547945187479  0.99999999999999711 14.407261314692981 -7.499988606655581 68.333333333333343  1 
-0.082519291386002891 -5.240966851054349 15.500000000000005  1 1.8235378526301715 -6.9168560709110185 26.329735276801127  1.0000000000000004 4.1490933131767305 -5.851390534293432 37.549984219332075  0.99999999999999645 12.435385020775177 -6.6772771028296614 45.648097127164519  1.0000000000000051 12.295357197814491 -7.722275182107265 57.658547945187948  0.99999999999999711 14.686668869812895 -7.5002307684947001 68.333333333333343  1 
0.094647565845607337 -5.2723815545471364 15.500000000000002  1 2.0194528876911182 -6.7426594121482566 26.329735276801213  1.0000000000000004 4.4347457491257503 -6.1059772162072177 37.549984219331826  0.99999999999999645 12.548624622224489 -6.3871562446983949 45.648097127164824  1.0000000000000051 12.609696182124971 -7.822864558307514 57.658547945187799  0.99999999999999711 14.962396154385942 -7.4933533579475382 68.333333333333343  1 
0.27656674974053663 -5.2863069922625296 15.500000000000002  1 2.1939187128910893 -6.5518820640736584 26.329735276801213  1.0000000000000004 4.7506707086138684 -6.3728830571014381 37.549984219331826  0.99999999999999645 12.629627143093177 -6.0513018753622374 45.648097127164824  1.0000000000000051 12.935124979769864 -7.9259264706067496 57.658547945187799  0.99999999999999711 15.237427719106899 -7.4761303318430468 68.333333333333343  1 
0.29020465789508382 -5.2873023276104627 15.500000000000002  1 2.2069276459587668 -6.5375487790540419 26.329735276801213  1.0000000000000004 4.7744143833184323 -6.3929065270566801 37.549984219331826  0.99999999999999645 12.635606611186855 -6.0260236003988323 45.648097127164824  1.0000000000000051 12.959528584269508 -7.9336521032443814 57.658547945187799  0.99999999999999711 15.25802479382873 -7.4748123077399837 68.333333333333343  1 
0.30549581416422555 -5.2882959658390414 15.500000000000002  1 2.2213640366174427 -6.5214088545795237 26.329735276801213  1.0000000000000004 4.8011777680831536 -6.4153941035445188 37.549984219331826  0.99999999999999645 12.642100409553086 -5.9974344938355921 45.648097127164824  1.0000000000000051 12.986916819848197 -7.9423158178392139 57.658547945187799  0.99999999999999711 15.281078269688736 -7.473270348940539 68.333333333333343  1 
0.33065792690820406 -5.2897804296278794 15.500000000000002  1 2.2449702446171722 -6.4947811231535999 26.329735276801213  1.0000000000000004 4.8453790014424643 -6.4524290156879518 37.549984219331826  0.99999999999999645 12.652559065551618 -5.9501175932445642 45.648097127164824  1.0000000000000051 13.032026812401961 -7.9565682804223572 57.658547945187799  0.99999999999999711 15.318979930540587 -7.4706584169611281 68.333333333333343  1 
0.48878558810171135 -5.2972391887179615 15.500000000000002  1 2.3915739458588963 -6.3266685652864902 26.329735276801372  1.0000000000000004 5.1251118354086085 -6.6854635740979447 37.549984219331407  0.99999999999999645 12.71556524858285 -5.649501665982247 45.648097127165229  1.0000000000000051 13.316058596328519 -8.0460578367059554 57.658547945187642  0.99999999999999711 15.556798566177434 -7.4533310185602977 68.333333333333343  1 
0.6479303366649477 -5.2855143013025438 15.500000000000002  1 2.5288475190791182 -6.1551591478536736 26.329735276801411  1.0000000000000004 5.4234972284344529 -6.9172120641350121 37.549984219331186  0.99999999999999645 12.758277263664315 -5.321338564731362 45.648097127165556  1.0000000000000051 13.609197398145868 -8.1341834711386944 57.658547945187479  0.99999999999999711 15.795773476970751 -7.4274273951571015 68.333333333333343  1 
0.78701821132165661 -5.2342464686660009 15.500000000000002  1 2.6781315052591355 -6.0381470513275755 26.329735276801411  1.0000000000000004 5.6985561921524459 -7.0744517882960158 37.549984219331186  0.99999999999999645 12.799681254746348 -5.033941014731572 45.648097127165556  1.0000000000000051 13.892473648563048 -8.1977922505121192 57.658547945187479  0.99999999999999711 16.026363712284507 -7.3942929829203452 68.333333333333343  1 
0.80468295221662212 -5.2271693093934681 15.500000000000002  1 2.6974913664087214 -6.0237372819176329 26.329735276801411  1.0000000000000004 5.7336904909659943 -7.0937913069937766 37.549984219331186  0.99999999999999645 12.804990025610147 -4.9974351648661033 45.648097127165556  1.0000000000000051 13.928825232824801 -8.2056805571216955 57.658547945187479  0.99999999999999711 16.055948449398869 -7.3899374077651414 68.333333333333343  1 
0.82136030955785255 -5.2199035716026856 15.500000000000002  1 2.7161646256700012 -6.0105889577712395 26.329735276801411  1.0000000000000004 5.7670836833428796 -7.1113754551452804 37.549984219331186  0.99999999999999645 12.81002904934247 -4.9629773026365021 45.648097127165556  1.0000000000000051 13.963534319311409 -8.2129096713118948 57.658547945187479  0.99999999999999711 16.084183745233194 -7.385662555395438 68.333333333333343  1 
0.84749360995769352 -5.2081058425656908 15.500000000000002  1 2.7456978276037809 -5.9903030450718759 26.329735276801411  1.0000000000000004 5.8195732257600854 -7.1384461155344416 37.549984219331186  0.99999999999999645 12.817935538234931 -4.9089894729955743 45.648097127165556  1.0000000000000051 14.018198722490814 -8.2240759749420995 57.658547945187479  0.99999999999999711 16.128641293958594 -7.3788447052460722 68.333333333333343  1 
0.97726261455300167 -5.1431644852935277 15.500000000000002  1 2.8965114555142804 -5.8944297337309539 26.329735276800982  1.0000000000000004 6.0827505522658534 -7.2653722835518533 37.549984219332607  0.99999999999999645 12.857307495830751 -4.6410271662224378 45.64809712716383  1.0000000000000051 14.293892739756842 -8.2769838606702368 57.658547945188268  0.99999999999999711 16.352675745881207 -7.3431239778634234 68.333333333333343  1 
1.0962240182274963 -5.0527579372933182 15.500000000000002  1 3.0526972758091699 -5.8280110898714783 26.329735276801213  1.0000000000000004 6.3377915351975656 -7.3427684508976361 37.549984219331826  0.99999999999999645 12.890981884728275 -4.3964666105713279 45.648097127164824  1.0000000000000051 14.567293388538664 -8.310259614435445 57.658547945187799  0.99999999999999711 16.573260394393834 -7.2995886994875914 68.333333333333343  1 
1.2176191417972808 -4.9756690784520448 15.500000000000005  1 3.1894426211104201 -5.7367771775420264 26.329735276801213  1.0000000000000004 6.6003254025949261 -7.4253975505575376 37.549984219331826  0.99999999999999645 12.908516435088684 -4.1493526949764146 45.648097127164824  1.0000000000000051 14.836425457477247 -8.3341350794385836 57.658547945187799  0.99999999999999711 16.786637733978189 -7.2499840993110309 68.333333333333343  1 
1.2362700675865288 -4.9641584390846889 15.500000000000005  1 3.2099561976830109 -5.7222459833904935 26.329735276800999  1.0000000000000004 6.6407095499526436 -7.4381724259578048 37.549984219332416  0.99999999999999645 12.910842506703677 -4.1114411795004342 45.648097127164135  1.0000000000000051 14.877557795461598 -8.3375821659552098 57.658547945188104  0.99999999999999711 16.819163688414228 -7.2422495945711836 68.333333333333343  1 
1.2553756119151525 -4.9527742329409303 15.500000000000005  1 3.2304025640408502 -5.7067575172027363 26.329735276800999  1.0000000000000004 6.6821113751978336 -7.4513577139961331 37.549984219332416  0.99999999999999645 12.912820573121415 -4.0726857542363666 45.648097127164135  1.0000000000000051 14.919428394020589 -8.3408548634160411 57.658547945188104  0.99999999999999711 16.85218127395213 -7.2341988132685442 68.333333333333343  1 
1.2812493785736432 -4.9374672045632959 15.500000000000005  1 3.2579404065838649 -5.6856201806496545 26.329735276800999  1.0000000000000004 6.7381876541017789 -7.4692406510790921 37.549984219332416  0.99999999999999645 12.91539213885938 -4.0202235231134038 45.648097127164135  1.0000000000000051 14.976060214304646 -8.3452174416933182 57.658547945188104  0.99999999999999711 16.896814558628545 -7.2232619102547009 68.333333333333343  1 
1.3990225563481622 -4.8709920002625813 15.500000000000005  1 3.3788953795212784 -5.5847084720619575 26.329735276800999  1.0000000000000004 6.9936464303375052 -7.5514172178326202 37.549984219332416  0.99999999999999645 12.924004415184562 -3.7820836975632188 45.648097127164135  1.0000000000000051 15.231755326278893 -8.363061482160143 57.658547945188104  0.99999999999999711 17.097631418165943 -7.1724925921962175 68.333333333333343  1 
1.5266964423642575 -4.8168895591209306 15.500000000000005  1 3.4875186528809761 -5.4499664582668554 26.329735276801323  1.0000000000000004 7.2699716792463898 -7.6452963255307163 37.549984219331456  0.99999999999999645 12.918857905532416 -3.5280801753956377 45.648097127165229  1.0000000000000051 15.497010788743614 -8.371917574710162 57.658547945187642  0.99999999999999711 17.302824466938212 -7.1124803975416331 68.333333333333343  1 
1.6572481120849436 -4.7814494307687427 15.500000000000002  1 3.5804533097168667 -5.2873557668002364 26.329735276801127  1.0000000000000004 7.5462887124338254 -7.7479133730912171 37.549984219332075  0.99999999999999645 12.906544571399404 -3.2744929586313112 45.648097127164519  1.0000000000000051 15.754364601960003 -8.3717679280349486 57.658547945187948  0.99999999999999711 17.500824101401214 -7.0475001956515984 68.333333333333343  1 
1.6880437815128322 -4.774073453034327 15.500000000000002  1 3.6014749223321774 -5.2477690818293006 26.329735276801127  1.0000000000000004 7.611124015311618 -7.7723273909092674 37.549984219332075  0.99999999999999645 12.903307774549905 -3.2150706876699151 45.648097127164519  1.0000000000000051 15.814360116985972 -8.371188929688671 57.658547945187948  0.99999999999999711 17.546935633026031 -7.0319587765402369 68.333333333333343  1 
1.7156795188889582 -4.7679427380563668 15.500000000000002  1 3.6198799500270904 -5.2116346835848608 26.329735276801127  1.0000000000000004 7.6689994155716263 -7.793880831631621 37.549984219332075  0.99999999999999645 12.90029987639266 -3.1622944287921007 45.648097127164519  1.0000000000000051 15.86775347230977 -8.3700612526139047 57.658547945187948  0.99999999999999711 17.587984259200145 -7.0177737934224051 68.333333333333343  1 
1.7463272041377653 -4.7612512106110785 15.500000000000002  1 3.6401889270431687 -5.1714280621768483 26.329735276801127  1.0000000000000004 7.7331045892839985 -7.8176703126738651 37.549984219332075  0.99999999999999645 12.896946202774163 -3.1039134774395274 45.648097127164519  1.0000000000000051 15.926860865113438 -8.3686514211356364 57.658547945187948  0.99999999999999711 17.633431043638264 -7.0019803515954218 68.333333333333343  1 
1.8716843531450433 -4.7357361737027226 15.500000000000002  1 3.7214861993948967 -5.0046548266167425 26.329735276801127  1.0000000000000004 7.99385476469193 -7.9126595885043933 37.549984219332075  0.99999999999999645 12.882969664167682 -2.8679374736201733 45.648097127164519  1.0000000000000051 16.166732800935026 -8.3598660965905367 57.658547945187948  0.99999999999999711 17.817984291181919 -6.9361946437437183 68.333333333333343  1 
1.999832399046606 -4.7099940503929574 15.500000000000002  1 3.8033614963040749 -4.8329940856948896 26.329735276801323  1.0000000000000004 8.2533809041686439 -7.9868111878765182 37.549984219331456  0.99999999999999645 12.871665209705041 -2.6441974458441106 45.648097127165229  1.0000000000000051 16.406803667276098 -8.333334255520116 57.658547945187642  0.99999999999999711 18.004507388369468 -6.861839035889032 68.333333333333343  1 
2.1157943111939712 -4.6598656942572596 15.500000000000002  1 3.8993189682360851 -4.7080836322465665 26.329735276801401  1.0000000000000004 8.4812831600583305 -7.9939748271766922 37.549984219331186  0.99999999999999645 12.877716504235165 -2.4714152512208831 45.648097127165556  1.0000000000000051 16.631596578321549 -8.282433753537763 57.658547945187479  0.99999999999999711 18.184732038676231 -6.783226551540948 68.333333333333343  1 
2.1491770222771445 -4.6432145026795704 15.500000000000002  1 3.928806200413518 -4.6746065703131947 26.329735276801312  1.0000000000000004 8.5462959909834559 -7.9910674778148261 37.549984219331456  0.99999999999999645 12.880851992999304 -2.4241179210157986 45.648097127165229  1.0000000000000051 16.696949113442219 -8.2655289276942927 57.658547945187642  0.99999999999999711 18.237587888216886 -6.7596374840126749 68.333333333333343  1 
2.1790634431592011 -4.6260240408231805 15.500000000000002  1 3.957383281838752 -4.6470112957791079 26.329735276801401  1.0000000000000004 8.6037915254163568 -7.9833084531583687 37.549984219331186  0.99999999999999645 12.885315889485856 -2.3842175451641472 45.648097127165556  1.0000000000000051 16.75618947052843 -8.2479504231691241 57.658547945187479  0.99999999999999711 18.28604013876161 -6.7374306992833191 68.333333333333343  1 
2.2087523680255683 -4.6081043358479121 15.500000000000002  1 3.9866210274470282 -4.6204445858635843 26.329735276801401  1.0000000000000004 8.6606289752179499 -7.973690034001212 37.549984219331186  0.99999999999999645 12.890400605582601 -2.3454695868871829 45.648097127165556  1.0000000000000051 16.81532175117048 -8.2295648123874958 57.658547945187479  0.99999999999999711 18.334612912533597 -6.7149510943102815 68.333333333333343  1 
2.306711168878703 -4.5430442449163122 15.500000000000002  1 4.0891411701654201 -4.5386963074954148 26.329735276801401  1.0000000000000004 8.8461820691926167 -7.9284927038821547 37.549984219331186  0.99999999999999645 12.911814910495707 -2.2238558584013028 45.648097127165556  1.0000000000000051 17.012444851726439 -8.1623691429040761 57.658547945187479  0.99999999999999711 18.498017055453136 -6.6377979917705368 68.333333333333343  1 
2.397381314771529 -4.4555398393450689 15.500000000000002  1 4.2154571327362245 -4.4875805331888916 26.329735276801401  1.0000000000000004 9.0076291879049197 -7.824489296118788 37.549984219331186  0.99999999999999645 12.955909030870963 -2.1384782330370475 45.648097127165556  1.0000000000000051 17.205301811838108 -8.0686002028651078 57.658547945187479  0.99999999999999711 18.665539025288815 -6.5512293002491147 68.333333333333343  1 
2.4760450005558203 -4.3597054140991078 15.500000000000005  1 4.3615427150767694 -4.4513083710480297 26.329735276800999  1.0000000000000004 9.1357332379681271 -7.6878225471266237 37.549984219332416  0.99999999999999645 13.022962180342777 -2.0787371701886443 45.648097127164135  1.0000000000000051 17.384495323176203 -7.9583323036938527 57.658547945188104  0.99999999999999711 18.829687021200968 -6.4596911776275814 68.333333333333343  1 
2.5009470543538934 -4.3273910400150504 15.500000000000002  1 4.4114522626306387 -4.4405930111472278 26.329735276801312  1.0000000000000004 9.1749489381143459 -7.6397619938692962 37.549984219331456  0.99999999999999645 13.047192982752192 -2.0613938219267887 45.648097127165229  1.0000000000000051 17.442313254050795 -7.9203928237974477 57.658547945187642  0.99999999999999711 18.883505364490112 -6.4290089399752341 68.333333333333343  1 
2.5259992672950022 -4.2934930829270064 15.500000000000002  1 4.4644096349451248 -4.4302104563667415 26.329735276801401  1.0000000000000004 9.2128468216296078 -7.5872701977050001 37.549984219331186  0.99999999999999645 13.074279760720739 -2.0456463920002177 45.648097127165556  1.0000000000000051 17.500891274681756 -7.8794255432249116 57.658547945187479  0.99999999999999711 18.938903726412988 -6.3966413286987889 68.333333333333343  1 
2.5481081729040929 -4.2630854766435657 15.500000000000002  1 4.5121917107024085 -4.4211284321584419 26.329735276801411  1.0000000000000004 9.2454816896754366 -7.5391524674994299 37.549984219331186  0.99999999999999645 13.099397335814283 -2.0326027442893864 45.648097127165556  1.0000000000000051 17.552583368274441 -7.8419987581924691 57.658547945187479  0.99999999999999711 18.988218280114289 -6.3674166121152505 68.333333333333343  1 
2.6154854225872159 -4.1691683386595599 15.500000000000002  1 4.6608325092556235 -4.3933294611399747 26.329735276801411  1.0000000000000004 9.3415450498453882 -7.3862884573243717 37.549984219331186  0.99999999999999645 13.180325978078764 -1.9963112232839686 45.648097127165556  1.0000000000000051 17.709331924511918 -7.7232546966719502 57.658547945187479  0.99999999999999711 19.13947828577383 -6.2760124674979245 68.333333333333343  1 
2.6826821312412559 -4.0777984300606072 15.500000000000002  1 4.8086851248436702 -4.361175953727515 26.329735276800982  1.0000000000000004 9.4248405089486447 -7.2217774753469302 37.549984219332607  0.99999999999999645 13.271216971512651 -1.9717886024489604 45.64809712716383  1.0000000000000051 17.856232882607561 -7.5929711953708168 57.658547945188268  0.99999999999999711 19.287058443488455 -6.1797358039529495 68.333333333333343  1 
2.7668610655064771 -3.9987363198314037 15.500000000000002  1 4.9357478154659997 -4.299558312781917 26.329735276801411  1.0000000000000004 9.5254365732321045 -7.0668525550914998 37.549984219331186  0.99999999999999645 13.358040552113453 -1.9391668188032756 45.648097127165556  1.0000000000000051 18.004572832351258 -7.4533899361676754 57.658547945187479  0.99999999999999711 19.436444344038247 -6.0753504620890606 68.333333333333343  1 
2.7945626416833598 -3.975394239047616 15.500000000000002  1 4.9731318223647047 -4.277668645330059 26.329735276801411  1.0000000000000004 9.5581798144169507 -7.0196774658104433 37.549984219331186  0.99999999999999645 13.384620371257432 -1.9283510225974896 45.648097127165556  1.0000000000000051 18.050613477230502 -7.4091943062961176 57.658547945187479  0.99999999999999711 19.482882351735149 -6.0422060061916962 68.333333333333343  1 
2.8303653211353961 -3.9476802332807681 15.500000000000002  1 5.017268810721375 -4.2478979962863086 26.329735276801411  1.0000000000000004 9.599905968251953 -6.962001057596356 37.549984219331186  0.99999999999999645 13.417319843788684 -1.9145088174195639 45.648097127165556  1.0000000000000051 18.107309192056906 -7.3535054334020069 57.658547945187479  0.99999999999999711 19.540270523099622 -6.0004089241075604 68.333333333333343  1 
2.8611787502635151 -3.9253614722395058 15.500000000000002  1 5.0526124007135627 -4.2213514389625653 26.329735276801411  1.0000000000000004 9.6353769766919086 -6.9143675263027715 37.549984219331186  0.99999999999999645 13.444475545712693 -1.9027362698610926 45.648097127165556  1.0000000000000051 18.154278966054765 -7.3064288408452178 57.658547945187479  0.99999999999999711 19.587982100928389 -5.9650682050776886 68.333333333333343  1 
2.9541261087208723 -3.8626118933683546 15.500000000000002  1 5.1509044565220066 -4.138421075076482 26.329735276801401  1.0000000000000004 9.7404761066217986 -6.7762443723387591 37.549984219331186  0.99999999999999645 13.523818080171752 -1.8681300347383438 45.648097127165556  1.0000000000000051 18.289820971175356 -7.1665554949430632 57.658547945187479  0.99999999999999711 19.7265158167301 -5.8601616892755484 68.333333333333343  1 
3.0510130896636163 -3.8074727660504566 15.500000000000002  1 5.2333189996723606 -4.0452563882958499 26.329735276801401  1.0000000000000004 9.8441009493254352 -6.6435431396254554 37.549984219331186  0.99999999999999645 13.601713497319444 -1.8354541180976929 45.648097127165556  1.0000000000000051 18.415270919199529 -7.0243353824499613 57.658547945187479  0.99999999999999711 19.857678295524444 -5.7540465106982843 68.333333333333343  1 
3.1515140585053292 -3.7450923868449135 15.500000000000002  1 5.3187687914042598 -3.9496915059429401 26.329735276801411  1.0000000000000004 9.942132157030187 -6.4911398442074768 37.549984219331186  0.99999999999999645 13.692146461836472 -1.8100849167344235 45.648097127165556  1.0000000000000051 18.538081571122234 -6.8659485528939745 57.658547945187479  0.99999999999999711 19.991860195483163 -5.638127753149841 68.333333333333343  1 
3.1820628177233954 -3.7253228995444143 15.500000000000002  1 5.3452297917170402 -3.9207004410607227 26.329735276801411  1.0000000000000004 9.9707523235366491 -6.4427606960938313 37.549984219331186  0.99999999999999645 13.721092791179549 -1.803311311668564 45.648097127165556  1.0000000000000051 18.574778260145891 -6.8162683300406757 57.658547945187479  0.99999999999999711 20.032707497775135 -5.60200733322496 68.333333333333343  1 
3.2220966002630465 -3.6984439175201884 15.500000000000002  1 5.3809163060663945 -3.8826802213350575 26.329735276801127  1.0000000000000004 10.007102758726125 -6.377108625381708 37.549984219332075  0.99999999999999645 13.760737724015799 -1.7952196522754287 45.648097127164519  1.0000000000000051 18.622546120062509 -6.7494533335045661 57.658547945187948  0.99999999999999711 20.086614380616322 -5.5536301983252914 68.333333333333329  1 
3.255643021870875 -3.6748419754194637 15.500000000000002  1 5.4119630736632569 -3.8507860655681778 26.329735276801127  1.0000000000000004 10.036294631452794 -6.3196050061752462 37.549984219332075  0.99999999999999645 13.795855174847096 -1.7892935337007032 45.648097127164519  1.0000000000000051 18.662239119803068 -6.6915740286664978 57.658547945187948  0.99999999999999711 20.132220926941745 -5.5119367907873054 68.333333333333329  1 
3.3492069569434011 -3.6027349746585644 15.500000000000002  1 5.5067996681274884 -3.7613212379163059 26.329735276801401  1.0000000000000004 10.111480201069831 -6.1454861063387911 37.549984219331186  0.99999999999999645 13.904574479907737 -1.7764420994306356 45.648097127165556  1.0000000000000051 18.772785445802519 -6.5196693877238285 57.658547945187479  0.99999999999999711 20.263153811247044 -5.3890105951752565 68.333333333333343  1 
3.4262680663790008 -3.5269470342510321 15.500000000000002  1 5.6077216798884066 -3.6860520816474125 26.329735276801401  1.0000000000000004 10.158166498560139 -5.9668414764684439 37.549984219331186  0.99999999999999645 14.021885171661571 -1.7743756076297443 45.648097127165556  1.0000000000000051 18.864941476847953 -6.3511795138023288 57.658547945187479  0.99999999999999711 20.381724943977762 -5.2704976343594598 68.333333333333343  1 
3.4800136745239008 -3.4413568908907921 15.500000000000002  1 5.7303259079070434 -3.629073504754996 26.32973527680107  1.0000000000000004 10.165730158507003 -5.7752207084387708 37.549984219332167  0.99999999999999645 14.157221776233401 -1.7843251547898458 45.648097127164448  1.0000000000000051 18.939361741268435 -6.1822456334840581 57.658547945187948  0.99999999999999711 20.491009279546173 -5.1538033203698577 68.333333333333343  1 
3.4983922879116758 -3.4081668967920198 15.500000000000002  1 5.778337073164332 -3.6089067449749965 26.32973527680107  1.0000000000000004 10.165396277125252 -5.7017891295479277 37.549984219332167  0.99999999999999645 14.20982300823407 -1.7889567321572752 45.648097127164448  1.0000000000000051 18.965975281088461 -6.1183189538349723 57.658547945187948  0.99999999999999711 20.531506239638123 -5.1097775152985525 68.333333333333343  1 
3.5177830875578362 -3.3694613360610748 15.500000000000002  1 5.8346304531274713 -3.5869156817173709 26.32973527680107  1.0000000000000004 10.162338125122643 -5.6169436121846275 37.549984219332167  0.99999999999999645 14.271218352123052 -1.7949307340022325 45.648097127164448  1.0000000000000051 18.99512641423172 -6.0450827844792752 57.658547945187948  0.99999999999999711 20.577144413393444 -5.0594306818488572 68.333333333333343  1 
3.5374498167757569 -3.3233818197403355 15.500000000000002  1 5.9019183895165694 -3.5631086902151563 26.329735276801177  1.0000000000000004 10.154302287476321 -5.5173881683826256 37.549984219332003  0.99999999999999645 14.34428377282125 -1.8028287614562231 45.648097127164519  1.0000000000000051 19.026581208256577 -5.9600810825115804 57.658547945187948  0.99999999999999711 20.628720748607481 -5.0010873260063491 68.333333333333343  1 
3.5791297683686896 -3.2114253599516602 15.500000000000002  1 6.0646911992403751 -3.5085910292756459 26.329735276800982  1.0000000000000004 10.127308591175058 -5.2787749004235236 37.549984219332607  0.99999999999999645 14.521154955198339 -1.8225445549038204 45.64809712716383  1.0000000000000051 19.096760074048117 -5.7574131013932375 57.658547945188268  0.99999999999999711 20.748625594736293 -4.8618289593966137 68.333333333333343  1 
3.6082746945803277 -3.1038147382373831 15.499999999999998  1 6.2175279949628859 -3.4603743703737484 26.329735276801411  1.0000000000000004 10.088787537616177 -5.0565093759750859 37.549984219331186  0.99999999999999645 14.688741327812259 -1.8408468680902672 45.648097127165556  1.0000000000000051 19.152212916911587 -5.5693611350823282 57.658547945187479  0.99999999999999711 20.853257097316856 -4.7317490839993361 68.333333333333343  1 
3.6384008221873509 -3.0085480878629731 15.500000000000002  1 6.3396029692544031 -3.4050040621613653 26.329735276801223  1.0000000000000004 10.064568625433639 -4.8646482031694616 37.549984219331776  0.99999999999999645 14.830252427908132 -1.8473952247459036 45.648097127164824  1.0000000000000051 19.200802812788332 -5.3992327503529198 57.658547945187799  0.99999999999999711 20.944208606484725 -4.6108223042402843 68.333333333333343  1 
3.6500988885711947 -2.9726215871111039 15.500000000000002  1 6.3846859116490062 -3.3832137082330727 26.329735276801223  1.0000000000000004 10.056194036777185 -4.7926350944929794 37.549984219331776  0.99999999999999645 14.883106095439922 -1.849168608837725 45.648097127164824  1.0000000000000051 19.21912751845424 -5.3348079538715103 57.658547945187799  0.99999999999999711 20.978409786067374 -4.5648021117352453 68.333333333333343  1 
3.6638508962771499 -2.9322596511151309 15.500000000000002  1 6.433659621263736 -3.3571354479273352 26.329735276801223  1.0000000000000004 10.048143128267053 -4.7123199196435754 37.549984219331776  0.99999999999999645 14.941576356099818 -1.8499361895873156 45.648097127164824  1.0000000000000051 19.239736038400022 -5.2619554544154017 57.658547945187799  0.99999999999999711 21.016674349779265 -4.5123644678935282 68.333333333333343  1 
3.6833454772569203 -2.8793542206398377 15.500000000000002  1 6.494248324606632 -3.3195197473784024 26.329735276801223  1.0000000000000004 10.040757082855885 -4.608229161271157 37.549984219331776  0.99999999999999645 15.016163476508847 -1.8482870289047537 45.648097127164824  1.0000000000000051 19.266988960912222 -5.1654016272487571 57.658547945187799  0.99999999999999711 21.066609174536453 -4.4420193804637149 68.333333333333343  1 
3.7272306330096234 -2.7693404974465188 15.500000000000002  1 6.6126031947148984 -3.2340384655965586 26.329735276801038  1.0000000000000004 10.03248652466133 -4.3941638800091392 37.549984219332366  0.99999999999999645 15.166742365468368 -1.8392019230366106 45.648097127164135  1.0000000000000051 19.324481288228039 -4.9623197227642635 57.658547945188104  0.99999999999999711 21.170159782877779 -4.2922877221612143 68.333333333333343  1 
3.7748363787359596 -2.6748642458695224 15.500000000000005  1 6.6930641225242828 -3.1405422004350929 26.329735276801223  1.0000000000000004 10.045963977432642 -4.2164233193198459 37.549984219331776  0.99999999999999645 15.283218649518705 -1.8159273303271084 45.648097127164824  1.0000000000000051 19.376892862159821 -4.781236946047084 57.658547945187799  0.99999999999999711 21.258774409151098 -4.1540060704532813 68.333333333333343  1 
3.8311903476569604 -2.5894854575925796 15.500000000000005  1 6.7422034168669853 -3.0338788249734443 26.329735276800999  1.0000000000000004 10.084351702902088 -4.0606760285421277 37.549984219332416  0.99999999999999645 15.373164820828471 -1.7784687047660073 45.648097127164135  1.0000000000000051 19.430318462917562 -4.6090583602595752 57.658547945188104  0.99999999999999711 21.340302456611635 -4.01784477238653 68.333333333333343  1 
3.8540430477451215 -2.5566422237134039 15.500000000000002  1 6.7589535583533102 -2.9908610176972594 26.329735276801223  1.0000000000000004 10.101479837441001 -4.0012268933991981 37.549984219331776  0.99999999999999645 15.406332041849833 -1.7625598431985612 45.648097127164824  1.0000000000000051 19.451400320689654 -4.5420801341155963 57.658547945187799  0.99999999999999711 21.37176267069276 -3.9644657774109877 68.333333333333343  1 
3.8799818648174074 -2.5218431653358389 15.500000000000002  1 6.7731313569469087 -2.94217413479296 26.329735276801401  1.0000000000000004 10.123370307340112 -3.9391073498024487 37.549984219331186  0.99999999999999645 15.438916436715115 -1.7432088398226084 45.648097127165556  1.0000000000000051 19.474492144701273 -4.4700568236019746 57.658547945187479  0.99999999999999711 21.405079025400049 -3.9063572993271798 68.333333333333343  1 
3.911698088584572 -2.4806974961089789 15.500000000000002  1 6.7870165058047593 -2.8823949766453851 26.329735276801223  1.0000000000000004 10.152022210014005 -3.8665160513841119 37.549984219331776  0.99999999999999645 15.475086183812941 -1.7183072980205947 45.648097127164824  1.0000000000000051 19.502219296999247 -4.3843232560378436 57.658547945187799  0.99999999999999711 21.444181706384541 -3.8365707948043566 68.333333333333343  1 
3.9875623209348263 -2.3848420093666292 15.500000000000002  1 6.8126042802899658 -2.7383433580439172 26.329735276801223  1.0000000000000004 10.224931662909354 -3.6996344384340616 37.549984219331776  0.99999999999999645 15.553391021543183 -1.6555361082767759 45.648097127164824  1.0000000000000051 19.567562085113408 -4.1836303482097161 57.658547945187799  0.99999999999999711 21.534211248952996 -3.6716932251578083 68.333333333333343  1 
4.0582468911223852 -2.2950481406220078 15.500000000000002  1 6.8215170149889222 -2.5968376948348553 26.329735276801117  1.0000000000000004 10.303180498961483 -3.5501859895649219 37.549984219332117  0.99999999999999645 15.609838499972856 -1.5863984269212872 45.648097127164448  1.0000000000000051 19.627690582648796 -3.9971418408066195 57.658547945187948  0.99999999999999711 21.61230004760942 -3.5144658053547313 68.333333333333343  1 
4.1122464196427044 -2.1993320589259633 15.500000000000002  1 6.8436165769626447 -2.4700482590538417 26.32973527680149  1.0000000000000004 10.361153202829819 -3.3937679667455787 37.549984219330945  0.99999999999999645 15.667764603137611 -1.5225578261505566 45.648097127165869  1.0000000000000051 19.680142357871176 -3.8136305915416191 57.658547945187323  0.99999999999999711 21.683309673045393 -3.3598237350615578 68.333333333333343  1 
4.1301926071277073 -2.1647659246632376 15.500000000000002  1 6.8525219936252224 -2.4260149715687018 26.32973527680149  1.0000000000000004 10.380231252072946 -3.3374879319741586 37.549984219330945  0.99999999999999645 15.688527692260086 -1.5002251926074552 45.648097127165869  1.0000000000000051 19.698236601989002 -3.7484709820503848 57.658547945187323  0.99999999999999711 21.708065331772612 -3.3049223604483897 68.333333333333343  1 
4.1458002013969475 -2.1295155078045171 15.500000000000002  1 6.8632586956856629 -2.3838795835995183 26.32973527680149  1.0000000000000004 10.396465354646505 -3.280469981878019 37.549984219330945  0.99999999999999645 15.70943562407672 -1.4785225231176067 45.648097127165869  1.0000000000000051 19.715252848056064 -3.6838161737571804 57.658547945187323  0.99999999999999711 21.731799261033192 -3.2504216299369069 68.333333333333343  1 
4.1632728848937006 -2.0867753659056434 15.500000000000002  1 6.8771963491250183 -2.3341265592744627 26.32973527680149  1.0000000000000004 10.414421290650866 -3.2115468845298922 37.549984219330945  0.99999999999999645 15.734636197030978 -1.452683981102981 45.648097127165869  1.0000000000000051 19.735133155417536 -3.6063126397807794 57.658547945187323  0.99999999999999711 21.75977745885616 -3.1850549765522751 68.333333333333343  1 
4.2069861435342304 -1.9656611106741722 15.500000000000002  1 6.9203686691930839 -2.1984714432971089 26.329735276801372  1.0000000000000004 10.458398963527324 -3.0170747047592701 37.549984219331407  0.99999999999999645 15.805450344939842 -1.3813619445459007 45.648097127165229  1.0000000000000051 19.788465595231635 -3.390237757246954 57.658547945187642  0.99999999999999711 21.835869102516231 -3.0026746049504203 68.333333333333343  1 
4.229673502399244 -1.8323949553589023 15.500000000000002  1 6.9849989144333531 -2.0679211105068003 26.329735276801411  1.0000000000000004 10.476093702850449 -2.8067884081513133 37.549984219331186  0.99999999999999645 15.88158235520339 -1.308427760732874 45.648097127165556  1.0000000000000051 19.834279650519854 -3.1655549841516506 57.658547945187479  0.99999999999999711 21.906086104495746 -2.8118793250631668 68.333333333333343  1 
4.2366341665968479 -1.7103649694815404 15.500000000000002  1 7.0565170029496107 -1.9447559156626597 26.329735276801127  1.0000000000000004 10.474259858174877 -2.6163283022302823 37.549984219332075  0.99999999999999645 15.952872765349309 -1.2364241755028027 45.648097127164519  1.0000000000000051 19.869987245316803 -2.959563167652612 57.658547945187948  0.99999999999999711 21.964530948080423 -2.6347879637836265 68.333333333333343  1 
4.2376877369422017 -1.6804909551193559 15.500000000000002  1 7.0746135868319389 -1.9144009279516825 26.329735276801127  1.0000000000000004 10.472957786331907 -2.5698027371581684 37.549984219332075  0.99999999999999645 15.970405868657201 -1.2185314148804947 45.648097127164519  1.0000000000000051 19.878436289170036 -2.9091064737421783 57.658547945187948  0.99999999999999711 21.978566577321544 -2.5913047229731068 68.333333333333343  1 
4.2381018791757477 -1.6472703637004897 15.500000000000002  1 7.0953073998474476 -1.8803576541309195 26.329735276801127  1.0000000000000004 10.470569456873138 -2.5181982314079852 37.549984219332075  0.99999999999999645 15.989844997798615 -1.1982709194281524 45.648097127164519  1.0000000000000051 19.887473332163804 -2.8529497115935842 57.658547945187948  0.99999999999999711 21.993787301899069 -2.5427655485570941 68.333333333333343  1 
4.2380936180080298 -1.6086969153249555 15.500000000000002  1 7.119641870191038 -1.8406168748289187 26.329735276801127  1.0000000000000004 10.467223391605687 -2.4583709540916288 37.549984219332075  0.99999999999999645 16.012293735773891 -1.1744846860013856 45.648097127164519  1.0000000000000051 19.897727934722507 -2.7877051290889572 57.658547945187948  0.99999999999999711 22.011173945945053 -2.4862683182325278 68.333333333333343  1 
4.2350997079115222 -1.4587777267292878 15.500000000000002  1 7.2157224027866143 -1.6847197374660081 26.329735276801323  1.0000000000000004 10.450905166023302 -2.2264533136737521 37.549984219331456  0.99999999999999645 16.098370773695073 -1.080284911024626 45.648097127165229  1.0000000000000051 19.936067071569763 -2.533845424555571 57.658547945187642  0.99999999999999711 22.076798163439104 -2.2657544170530119 68.333333333333343  1 
4.2231163689402731 -1.3091369391037007 15.500000000000002  1 7.310120998178899 -1.5220559443720119 26.329735276801312  1.0000000000000004 10.427366625919005 -1.9975956338600702 37.549984219331456  0.99999999999999645 16.173090206446869 -0.97805928796940411 45.648097127165229  1.0000000000000051 19.968775996778295 -2.2788129386455309 57.658547945187642  0.99999999999999711 22.132690916693061 -2.0410478698271781 68.333333333333343  1 
4.2304688282658542 -1.1755502759683916 15.500000000000002  1 7.3530518828719922 -1.3713871049786741 26.329735276801312  1.0000000000000004 10.441313323455146 -1.7937927424977205 37.549984219331456  0.99999999999999645 16.206722532517432 -0.88215780311993475 45.648097127165229  1.0000000000000051 20.001677880524529 -2.0486894164471066 57.658547945187642  0.99999999999999711 22.175284399114634 -1.8366905150061907 68.333333333333343  1 
4.2317279941836574 -1.1582058320149395 15.500000000000002  1 7.357943330726024 -1.351739681096416 26.329735276801312  1.0000000000000004 10.443710176141101 -1.7673392959827814 37.549984219331456  0.99999999999999645 16.210550914903465 -0.86963555123238101 45.648097127165229  1.0000000000000051 20.006016415485107 -2.0187723322864084 57.658547945187642  0.99999999999999711 22.180702368064399 -1.8100994016151155 68.333333333333343  1 
4.2333678629300566 -1.1385492865061762 15.500000000000002  1 7.3630054780920302 -1.3294138655466854 26.329735276801312  1.0000000000000004 10.446836592512936 -1.7373646357539172 37.549984219331456  0.99999999999999645 16.214510221069524 -0.85539531969280658 45.648097127165229  1.0000000000000051 20.010977847115555 -1.9848400314394776 57.658547945187642  0.99999999999999711 22.186761132913784 -1.7799230372724089 68.333333333333343  1 
4.2360880301421995 -1.1106999888208189 15.500000000000002  1 7.3692774598370399 -1.2976725210282829 26.329735276801312  1.0000000000000004 10.452029708326849 -1.6949055856401067 37.549984219331456  0.99999999999999645 16.219411220128311 -0.83513008779724918 45.648097127165229  1.0000000000000051 20.018088437461817 -1.936714068994192 57.658547945187642  0.99999999999999711 22.195191232114322 -1.7370937976616296 68.333333333333343  1 
4.2573569131712574 -0.94019079349223877 15.500000000000002  1 7.3970646191920242 -1.1020576886640843 26.329735276801063  1.0000000000000004 10.492703957035287 -1.4350513056267353 37.549984219332188  0.99999999999999645 16.241055078193483 -0.71000731098787218 45.648097127164448  1.0000000000000051 20.062503057647746 -1.6414778246075865 57.658547945187948  0.99999999999999711 22.244908077416063 -1.4739922747442706 68.333333333333343  1 
4.3027820940659467 -0.77940433596801717 15.500000000000002  1 7.3635444870911737 -0.9106508606144933 26.329735276801411  1.0000000000000004 10.57970990706405 -1.1905230773723405 37.549984219331186  0.99999999999999645 16.214596536957469 -0.5863548668784806 45.648097127165556  1.0000000000000051 20.1083070264546 -1.3598389833702749 57.658547945187479  0.99999999999999711 22.280334557780193 -1.221088418424485 68.333333333333357  1 
4.3462075725371321 -0.62898588619260154 15.500000000000002  1 7.3175685487869924 -0.73193894927015823 26.329735276801248  1.0000000000000004 10.661686390372266 -0.96133125165001154 37.549984219331705  0.99999999999999645 16.17952642787451 -0.471062593685113 45.648097127164917  1.0000000000000051 20.143815258307541 -1.0962297921797648 57.658547945187799  0.99999999999999711 22.303200799589643 -0.9841697520696262 68.333333333333343  1 
4.3482809959594393 -0.62180835663042278 15.500000000000002  1 7.315345865130042 -0.72341226642125578 26.329735276801411  1.0000000000000004 10.665597708754476 -0.95039395705915874 37.549984219331186  0.99999999999999645 16.177832807156562 -0.46556214911089877 45.648097127165556  1.0000000000000051 20.145494046234266 -1.0836509370944751 57.658547945187479  0.99999999999999711 22.30427067705368 -0.97286413333649513 68.333333333333343  1 
4.3518647760186502 -0.60940080802861329 15.500000000000002  1 7.3114682806502014 -0.70867416509378223 26.329735276801411  1.0000000000000004 10.672353323875376 -0.93148565525770932 37.549984219331186  0.99999999999999645 16.174880933623999 -0.45605541779087738 45.648097127165556  1.0000000000000051 20.148373278817481 -1.0619061758095472 57.658547945187479  0.99999999999999711 22.30609073533218 -0.95331997173219662 68.333333333333343  1 
4.3565645424538575 -0.59312288371831945 15.500000000000002  1 7.3063089088792355 -0.68934239803334785 26.329735276801411  1.0000000000000004 10.681201443015665 -0.9066762411049436 37.549984219331186  0.99999999999999645 16.170959851311409 -0.4435868687020243 45.648097127165556  1.0000000000000051 20.152101725002321 -1.0333782206328743 57.658547945187479  0.99999999999999711 22.308416684686556 -0.92767824748223859 68.333333333333343  1 
4.4150564306443814 -0.38970502035322258 15.500000000000002  1 7.2404992697525667 -0.44788175574888484 26.329735276801411  1.0000000000000004 10.791037378015691 -0.59657434677647292 37.549984219331186  0.99999999999999645 16.121154562705449 -0.28788206689762896 45.648097127165556  1.0000000000000051 20.197410182713224 -0.67688844145800886 57.658547945187479  0.99999999999999711 22.336019048800019 -0.60724148199486527 68.333333333333343  1 
4.466208693296867 -0.19252936597027936 15.500000000000002  1 7.165251120596853 -0.21572865931303786 26.329735276801294  1.0000000000000004 10.884113421216059 -0.29513604132098076 37.549984219331655  0.99999999999999645 16.066089929314852 -0.13855481067680803 45.648097127164917  1.0000000000000051 20.225422951628971 -0.3317181783300962 57.658547945187799  0.99999999999999711 22.344862948461788 -0.29686645250485139 68.333333333333343  1 
4.4554130609300593 -3.5000000000000002e-16 15.500000000000002  1 7.1859226802038023 2.0599999999999999e-15 26.329735276801411  1.0000000000000004 10.865195062914234 -1.25e-15 37.549984219331186  0.99999999999999645 16.079985066178072 1.6200000000000001e-15 45.648097127165556  1.0000000000000051 20.222714584279707 -9.1999999999999996e-16 57.658547945187479  0.99999999999999711 22.34656588197964 5.1e-16 68.333333333333343  1 

0 4
0.017799462772309219 1
0.018342089115001479 1
0.01835965653908159 1
0.018624448472716191 1
0.018860256380570348 1
0.019001539304922571 1
0.033602872229022272 1
0.034611103461343148 1
0.034678622355117858 1
0.035142460222787462 1
0.035440797901121562 1
0.035493822496612509 1
0.048736606332068319 1
0.050155925603515908 1
0.050267412540437741 1
0.050905616882244931 1
0.051280968498930879 1
0.05178625265100132 1
0.063480993412847062 1
0.065247700914312839 1
0.065362185454319405 1
0.066172239862198348 1
0.066508435887292564 1
0.067192827524472518 1
0.077989364036131215 1
0.080028116927515811 1
0.080077675844978893 1
0.081071626589356308 1
0.081348212115496366 1
0.082209697883167648 1
0.092371911699000289 1
0.094499384018498542 1
0.094596793507362054 1
0.095694225514651191 1
0.095941994680413853 1
0.096725694928089551 1
0.10671917900479147 1
0.10871084130927418 1
0.10903627365597236 1
0.11011786903934816 1
0.11040301512254165 1
0.11167051119933964 1
0.1211108015920611 1
0.12280202402619611 1
0.12342156446307334 1
0.12441753700775882 1
0.12481389465520096 1
0.12607047730594576 1
0.13561950818263213 1
0.13686929187506219 1
0.13782446932483433 1
0.13866904634351546 1
0.13923494633915631 1
0.14021961365657501 1
0.1503137543796142 1
0.1510114537886019 1
0.15231616296391579 1
0.15295035552448644 1
0.15371005282261979 1
0.15470021243779716 1
0.16526075413818009 1
0.1653255983748384 1
0.16696982519372552 1
0.16734264211028138 1
0.16827486542769229 1
0.16903990442673944 1
0.17990632555533206 1
0.18053168466611233 1
0.18186515098889242 1
0.18193332789968289 1
0.18297516998316316 1
0.18385480392859702 1
0.19485299973983691 1
0.19621255510311902 1
0.19682475183606113 1
0.19709820537095199 1
0.19789123675779818 1
0.19820855554941388 1
0.21029548003548004 1
0.2121587217227531 1
0.2124313583601336 1
0.21280695937908842 1
0.21317084273128326 1
0.2134123251363802 1
0.22648453656417208 1
0.22820318673780129 1
0.22910887929289961 1
0.22922539085196983 1
0.22925998872613454 1
0.2294506216673412 1
0.24474051456872223 1
0.24628806434446582 1
0.24687964577908333 1
0.24706061860171324 1
0.24781620552166533 1
0.24866186760909906 1
0.26298308068834375 1
0.26436966502984316 1
0.26451419893139311 1
0.26502978819440637 1
0.26637227946898845 1
0.26787311354188797 1
0.2791317704645615 1
0.28033138846028682 1
0.28040428208769524 1
0.2810169585475743 1
0.28282488042139864 1
0.28489237682217444 1
0.29452016714010515 1
0.29557358835965863 1
0.29572508354998839 1
0.29634888970318635 1
0.2985330644242235 1
0.30111118004330345 1
0.30942038855129533 1
0.30993409751657647 1
0.31060516720689613 1
0.31128112528357332 1
0.31376563379217781 1
0.31679205044968639 1
0.32398661954738217 1
0.32473977247968133 1
0.32519206634493736 1
0.32593004771692663 1
0.32866080982513246 1
0.33206298096812487 1
0.33833897744337232 1
0.33902109242580369 1
0.33959285869642458 1
0.34036314470975876 1
0.34331486275629458 1
0.34700998075158257 1
0.35258281441976758 1
0.35340149551483857 1
0.35389730656082569 1
0.35463946202946411 1
0.35780758663879042 1
0.36170422701458793 1
0.36681158516384199 1
0.36747635971275727 1
0.36818565580916096 1
0.3688318436104584 1
0.37221211698930873 1
0.37621293371000636 1
0.38110538911059322 1
0.38180501987456944 1
0.38253159750135912 1
0.38303230347279998 1
0.38659943868915564 1
0.3906045564291678 1
0.39553034949099058 1
0.39668468579776134 1
0.39700414648677479 1
0.3973479772285784 1
0.40104105498768772 1
0.40495182387463036 1
0.41014153530007946 1
0.41118033722886976 1
0.411670418237084 1
0.41189245975225741 1
0.41561162730518342 1
0.41933437166224652 1
0.42499105436807516 1
0.42621438544781576 1
0.42660108211307118 1
0.42678215301162897 1
0.43039338561179363 1
0.43384274237436127 1
0.44014366902524549 1
0.44167022311186227 1
0.44188173202570041 1
0.44213326560051003 1
0.44548574095333465 1
0.44858712949370538 1
0.45570851840456345 1
0.45764017205592711 1
0.45807093881940342 1
0.45807642433139745 1
0.46103032275700839 1
0.46372086358071568 1
0.47193178442982797 1
0.47413677467284004 1
0.47456356851186837 1
0.47482792892471043 1
0.47729837574641776 1
0.47952427297314176 1
0.49013937424043735 1
0.49272643101266672 1
0.49358461431822931 1
0.49373837864637199 1
0.49563893688307248 1
0.49732373564316906 1
0.50890591691368425 1
0.51219075551493043 1
0.51364686856757558 1
0.51379889553870628 1
0.51461899948972945 1
0.51552708651575063 1
0.52528224361981601 1
0.5293721415260666 1
0.53083975069360023 1
0.53103686025488572 1
0.5314426788271327 1
0.53168316005632765 1
0.54087615177691151 1
0.54573583912080847 1
0.54692187096522449 1
0.54714215072814454 1
0.54749979514451663 1
0.54772403858552909 1
0.55616309741745396 1
0.56159744721474825 1
0.56188860826771092 1
0.56218455154289571 1
0.56306458928073899 1
0.56348076226099464 1
0.57143490759061444 1
0.57634881986079889 1
0.57696149250739082 1
0.57712514827208328 1
0.57827725777167094 1
0.57872286762342795 1
0.5868624459252485 1
0.59070570590874694 1
0.59158084023927704 1
0.59242621378055393 1
0.593234479631221 1
0.59352030277762957 1
0.60250975888596947 1
0.60528101706548232 1
0.60613148507503189 1
0.6075706413315658 1
0.60801551711723578 1
0.60887422168264971 1
0.61834962471847543 1
0.62025596242597392 1
0.62069245990857491 1
0.62260300482471287 1
0.62269250574708102 1
0.62369813057224588 1
0.63428917891735148 1
0.63533709655448012 1
0.63566053671132428 1
0.63733547765217136 1
0.63755328615132767 1
0.63835062416677235 1
0.65013566565300751 1
0.65020626267778903 1
0.6513914224010684 1
0.65201557254539821 1
0.65244915655763802 1
0.65365225050272791 1
0.66515830419194821 1
0.66599435491284886 1
0.66680815941273308 1
0.66724620207344343 1
0.66732957267687953 1
0.66867816853992657 1
0.68048004148395891 1
0.68161141077670351 1
0.6817975798390421 1
0.68225894062481929 1
0.68302054570511617 1
0.68373903238387612 1
0.69619144602105065 1
0.69708691037694592 1
0.69712544667367526 1
0.69734257525858478 1
0.69842320726906482 1
0.69862868039295911 1
0.7124255382754261 1
0.71275146697927283 1
0.71275264245051972 1
0.71282307071912243 1
0.71387317773640857 1
0.71419265601320991 1
0.72880202123769044 1
0.72892211582468969 1
0.72928480988531885 1
0.72945009926575655 1
0.72968990554798463 1
0.73014993866555655 1
0.74687924368709491 1
0.74716120538424446 1
0.74738239990610189 1
0.74784149991690441 1
0.74809570305719897 1
0.74866186925225942 1
0.76495476978845167 1
0.76498356220890773 1
0.7655459526536198 1
0.76621932217368094 1
0.76639918083066416 1
0.76787363929991748 1
0.78082839637581647 1
0.78111467274017055 1
0.78214319043183234 1
0.78266009273742054 1
0.78286388929564221 1
0.7848982004737437 1
0.79655605173716149 1
0.7966288209450253 1
0.79831736219459348 1
0.79860399399774828 1
0.798710594964126 1
0.80113229297256339 1
0.81129182675021239 1
0.81179930499609521 1
0.81389667249139364 1
0.81427232446087439 1
0.81445952443734326 1
0.81684369771804777 1
0.82627299213303995 1
0.82675277670436897 1
0.8288871234107551 1
0.82981818666224616 1
0.83001738377343615 1
0.83216543507457441 1
0.84088613798429568 1
0.84156194851868094 1
0.84367703190980692 1
0.84468046654852946 1
0.84549177133260967 1
0.84718807344465286 1
0.85550501671946722 1
0.85627950535546948 1
0.85835009278031171 1
0.85899933062306277 1
0.86062787527812046 1
0.86198664209619535 1
0.86964246047918958 1
0.87095708491631829 1
0.87284679930239573 1
0.87298201275536469 1
0.87539331425946387 1
0.87663127803386709 1
0.88398157445807768 1
0.88565716303725539 1
0.88642299432709892 1
0.88764524914246801 1
0.88981902929809242 1
0.89119225197860696 1
0.89890018265667626 1
0.90003928478288353 1
0.90045948147816801 1
0.90241187641503273 1
0.90401494497773871 1
0.9057428958753676 1
0.91356157420157824 1
0.91406987310042287 1
0.91546285909054892 1
0.9173563529909069 1
0.91817217038599841 1
0.92036224277048229 1
0.92886157457878571 1
0.9289193326701457 1
0.93078438959940635 1
0.93255005264336244 1
0.93256002288452211 1
0.93513918314032196 1
0.94465294618606643 1
0.94500526584541333 1
0.9465610518399814 1
0.94745147047962652 1
0.9481209374379056 1
0.95018158369733696 1
0.96154291955574323 1
0.96229453192730185 1
0.96296705147402051 1
0.96320503239293054 1
0.96417965858159638 1
0.96564057447618801 1
0.97960453332241282 1
0.97980746213529413 1
0.98021960950150866 1
0.98030011208614187 1
0.98100975038967153 1
0.98179664844551751 1
1.0000000000000002 4

0 6
1 6

9 0 0 0 0 1 1 2 2 2 2 3.0636797711071679 -1.7349351572897473 2.1166666666666685  2.8868374269514958 -1.7349351572897473 1.9166666666666636  
3.0636797711071679 1.7349351572897476 2.1166666666666685  2.8868374269514958 1.7349351572897476 1.9166666666666636  

-4.4e-16 2
4.1638443774953933 2

-0.16970562748477391 2
0.16970562748477658 2

9 0 1 0 0 2 1 5 2 3 2 3.0636797711071679 1.7349351572897485 2.116666666666668  1 2.9428374269514967 1.5961403447065654 1.9166666666666632  1 
-1.236320228892837 6.1961969903205327 2.116666666666668  0.374165738677394 -1.0131625730484992 5.7005012310948784 1.9166666666666632  0.374165738677394 
-1.2363202288928352 -5.6000000000000003e-16 2.116666666666668  1 -1.0131625730484981 -5.6000000000000003e-16 1.9166666666666632  1 
-1.2363202288928341 -6.1961969903205345 2.116666666666668  0.374165738677394 -1.0131625730484972 -5.7005012310948802 1.9166666666666632  0.374165738677394 
3.0636797711071679 -1.7349351572897473 2.116666666666668  1 2.9428374269514976 -1.5961403447065645 1.9166666666666632  1 

0 3
2.3745986457279269 2
4.7491972914558538 3

-2.3600000000000001e-15 2
0.33941125496954827 2

9 0 0 0 0 1 1 2 2 2 2 22.318364724771833 7.3678458322356635 68.333333333333343  22.38096884648229 -7.4677619340657948 68.333333333333329  
6.481084732525086 7.3010147984273033 68.333333333333371  6.5436888542355476 -7.5345929678741541 68.333333333333343  

-0.0034680745888664398 2
19.00143712573913 2

-8.8414790838963953 2
8.9614087431698337 2

9 0 0 0 0 1 1 2 2 2 2 -1.0131625730485014 -2.3000000000000003 1.9166666666666665  -1.0131625730485014 2.2999999999999998 1.9166666666666665  
2.8868374269514994 -2.3000000000000003 1.9166666666666665  2.8868374269514994 2.2999999999999998 1.9166666666666665  

-2.7599999999999998 2
1.9200000000000008 2

-2.7600000000000002 2
2.7599999999999998 2

9 0 0 0 0 1 1 2 2 2 2 16.526039606005597 -2.0240910168380419 68.366666666666688  16.496565881979635 -2.0240910168380419 68.333333333333343  
16.526039606005597 2.0240910168380388 68.366666666666688  16.496565881979635 2.0240910168380388 68.333333333333343  

-4.4400000000000004e-15 2
4.8578184404112923 2

-0.16970562748479701 2
-0.11313708498984631 2

9 0 1 0 0 2 1 5 2 3 2 16.52603960600559 2.0240910168380486 68.366666666666688  1 16.505899215312972 2.0009585480741743 68.333333333333343  1 
11.509372939338888 7.2288964887073233 68.366666666666688  0.37416573867739361 11.54656588197963 7.1462805288363462 68.333333333333343  0.37416573867739361 
11.509372939338897 -3.3300000000000001e-15 68.366666666666688  1 11.546565881979639 -3.1499999999999999e-15 68.333333333333343  1 
11.509372939338906 -7.2288964887073321 68.366666666666688  0.37416573867739361 11.546565881979644 -7.1462805288363525 68.333333333333343  0.37416573867739361 
16.526039606005597 -2.0240910168380437 68.366666666666688  1 16.505899215312976 -2.0009585480741694 68.333333333333343  1 

0 3
2.3745986457279278 2
4.7491972914558556 3

-2.4650000000000001e-14 2
0.056568542494925683 2

9 0 0 0 0 1 1 2 2 2 2 16.526039606005583 2.0240910168380388 68.36666666666666  16.526039606005583 -2.0240910168380384 68.36666666666666  
15.974115475049006 2.0240910168380388 73.133333333333326  15.974115475049006 -2.0240910168380384 73.133333333333326  

1.24 2
6.96 2

-6.9289092202056466 2
-2.0710907797943539 2

9 0 1 0 0 2 1 5 2 3 2 16.526039606005583 2.0240910168380384 68.36666666666666  1 15.974115475049006 2.0240910168380384 73.133333333333326  1 
11.509372939338911 7.2288964887072833 68.36666666666666  0.374165738677394 10.957448808382336 7.2288964887072833 73.133333333333326  0.374165738677394 
11.509372939338915 -9.4000000000000009e-16 68.36666666666666  1 10.95744880838234 -9.4000000000000009e-16 73.133333333333326  1 
11.50937293933892 -7.228896488707286 68.36666666666666  0.374165738677394 10.957448808382345 -7.228896488707286 73.133333333333326  0.374165738677394 
16.526039606005583 -2.0240910168380384 68.36666666666666  1 15.974115475049006 -2.0240910168380384 73.133333333333326  1 

0.76699400786186656 3
3.1415926535897936 2
5.51619129931772 3

0.23999999999999999 2
5.96 2

9 0 0 0 0 1 1 2 2 2 2 15.750957819204675 -2.0240910168380384 73.333333333333343  15.974115475049015 -2.0240910168380384 73.133333333333326  
15.750957819204675 2.0240910168380388 73.333333333333343  15.974115475049015 2.0240910168380388 73.133333333333326  

-4.4e-16 2
4.8578184404112923 2

-0.16970562748477169 2
0.16970562748478635 2

9 0 1 0 0 2 1 5 2 3 2 15.974115475049011 2.0240910168380442 73.133333333333326  1 15.806957819204674 1.8852962042548591 73.333333333333343  1 
10.957448808382324 7.2288964887073082 73.133333333333326  0.37416573867739361 11.134291152538001 6.7332007294816467 73.333333333333343  0.37416573867739361 
10.957448808382331 -3.1499999999999999e-15 73.133333333333326  1 11.134291152538006 -2.96e-15 73.333333333333343  1 
10.95744880838234 -7.2288964887073162 73.133333333333326  0.37416573867739361 11.134291152538015 -6.733200729481652 73.333333333333343  0.37416573867739361 
15.974115475049018 -2.0240910168380393 73.133333333333326  1 15.806957819204678 -1.8852962042548547 73.333333333333343  1 

0 3
2.3745986457279278 2
4.7491972914558556 3

-1.319e-14 2
0.33941125496954283 2

9 0 0 0 0 1 1 2 2 2 2 11.13429115253801 -2.7166666666666668 73.333333333333343  11.13429115253801 2.7166666666666668 73.333333333333343  
15.750957819204675 -2.7166666666666668 73.333333333333343  15.750957819204675 2.7166666666666668 73.333333333333343  

-3.2599999999999998 2
2.2800000000000002 2

-3.2599999999999998 2
3.2599999999999998 2

Triangulations 0

TShapes 109
Ve
1e-07
5.87645925053327 4.23168509710305 5.83333333333333
0 0

0101101
*
Ve
1e-07
3.3363984016482 2.73184734116779 12.3333333333333
0 0

0101101
*
Ed
 8.3333333e-08 1 1 0
1  1 3 0 1
3  1 2G2 1 3 0 1
0

0101000
+109 3 -108 3 *
Ve
1.0505567504e-05
0.569623412548413 3.88419386343697 12.3333333333333
0 0

0101101
*
Ed
 8.3333333e-08 1 1 0
1  2 3 0 0.125574051959375
2  3 1 3 0 0.125574051959375
2  4 2 3 0 0.125574051959375
0

0101000
+108 3 -106 3 *
Ve
4.1666675e-06
0.14769695175607 3.91352901867497 12.3461387506317
0 0

0101101
*
Ed
 4.166666667e-06 1 1 0
1  3 0 0 1
2  5 1 0 0 1
2  6 3 0 0 1
0

0101000
+104 0 -106 0 *
Ve
6.531533529e-06
-1.96721914834888 3.09715835689769 12.3333333333333
0 0

0101101
*
Ed
 4.166666667e-06 1 1 0
1  4 0 0 1
2  7 1 0 0 1
2  8 3 0 0 1
0

0101000
+102 0 -104 0 *
Ve
6.531533529e-06
1.6955482609682 -3.50015855780708 12.3333333333333
0 0

0101101
*
Ed
 8.3333333e-08 1 1 0
1  5 3 0.221240969351153 0.729612690411478
2  9 1 3 0.221240969351153 0.729612690411478
2  10 4 3 0.221240969351153 0.729612690411478
0

0101000
+102 3 -100 3 *
Ve
1.0505567504e-05
2.73241474037094 -2.60219683641846 12.3333333333333
0 0

0101101
*
Ed
 4.166666667e-06 1 1 0
1  6 0 0 1
2  11 1 0 0 1
2  12 3 0 0 1
0

0101000
+98 0 -100 0 *
Ed
 8.3333333e-08 1 1 0
1  7 3 0.776565557393666 1
2  13 1 3 0.776565557393666 1
2  14 2 3 0.776565557393666 1
0

0101000
+98 3 -108 3 *
Ed
 8.3333333e-08 1 1 0
1  8 3 0 1
2  15 1 3 0 1
2  16 5 3 0 1
0

0101000
+109 3 -109 3 *
Wi

0101100
-107 2 -105 2 +103 0 +101 0 -99 2 +97 0 -96 2 +107 2 +95 2 *
Fa
0  8.3333333e-08 1 0

0101000
+94 0 *
Ed
 1.0505567504e-05 1 1 0
1  9 0 0.018243470959017 0.370606641200039
2  17 2 0 0.018243470959017 0.370606641200039
2  18 3 0 0.018243470959017 0.370606641200039
0

0101000
+106 0 -98 0 *
Wi

0101100
+96 2 +92 0 +105 2 *
Fa
0  8.3333333e-08 2 0

0101000
+91 0 *
Ve
1.0791822673e-05
0.357373295568718 4.14550453329096 15.5
0 0

0101101
*
Ed
 8.3333333e-08 1 1 0
1  10 0 0.171937776148509 0.771456551265324
3  19 20C2 3 0 0.171937776148509 0.771456551265324
0

0101000
+104 0 -89 0 *
Ed
 1.0791822673e-05 1 1 0
1  11 0 0 1
2  21 3 0 0 1
2  22 6 0 0 1
0

0101100
+89 0 -89 0 *
Ed
 6.531533529e-06 1 1 0
1  12 0 0.430139915098869 0.900075074561248
2  23 3 0 0.430139915098869 0.900075074561248
2  24 4 0 0.430139915098869 0.900075074561248
0

0101000
+100 0 -102 0 *
Wi

0101100
-88 0 +87 0 +88 0 -103 0 -92 0 -97 0 -86 0 -101 0 *
Fa
0  8.3333333e-08 3 0

0101000
+85 0 *
Wi

0101100
+86 0 +99 2 *
Fa
0  8.3333333e-08 4 0

0101000
+83 0 *
Wi

0101100
-95 2 *
Ve
1.25000001e-07
2.63333333333333 1.73493515728975 5.83333333333333
0 0

0101101
*
Ve
1.25e-07
2.63333333333333 -1.73493515728975 5.83333333333333
0 0

0101101
*
Ed
 1.25e-07 1 1 0
1  13 0 -1.54291113048587 2.62093324700952
2  25 5 0 -1.54291113048587 2.62093324700952
2  26 7 0 -1.54291113048587 2.62093324700952
0

0101000
+80 0 -79 0 *
Ed
 8.3333333e-08 1 1 0
1  14 0 0.766994007861867 5.51619129931772
2  27 5 0 0.766994007861867 5.51619129931772
2  28 8 0 0.766994007861867 5.51619129931772
0

0101000
+80 0 -79 0 *
Wi

0101100
-78 0 +77 0 *
Fa
0  8.3333333e-08 5 0

0101000
+81 0 +76 0 *
Ve
1e-07
4.45541306093006 0 15.5
0 0

0101101
*
Ed
 8.3333333e-08 1 1 0
1  15 0 0 1
2  29 6 0 0 1
2  30 9 0 0 1
0

0101000
+74 0 -74 0 *
Wi

0101100
+73 0 *
Wi

0101100
+87 0 *
Fa
0  8.3333333e-08 6 0

0101000
+72 0 +71 0 *
Ve
1e-07
3.06367977110717 -1.73493515728975 2.11666666666667
0 0

0101101
*
Ed
 8.3333333e-08 1 1 0
1  16 5 0.24 4.7
2  31 7 5 0.24 4.7
2  32 8 5 0.24 4.7
0

0101000
+69 5 -79 5 *
Ve
1e-07
3.06367977110717 1.73493515728975 2.11666666666667
0 0

0101101
*
Ed
 8.3333333e-08 1 1 0
1  17 5 0.24 4.7
2  33 7 5 0.24 4.7
2  34 8 5 0.24 4.7
0

0101000
+67 5 -80 5 *
Ed
 8.3333333e-08 1 1 0
1  18 5 0 4.16384437749539
2  35 7 5 0 4.16384437749539
2  36 10 5 0 4.16384437749539
0

0101000
+69 5 -67 5 *
Wi

0101100
-68 4 +78 0 +66 4 +65 4 *
Fa
0  8.3333333e-08 7 0

0101000
+64 0 *
Ed
 8.3333333e-08 1 1 0
1  19 5 0 4.74919729145585
2  37 8 5 0 4.74919729145585
2  38 11 5 0 4.74919729145585
0

0101000
+67 5 -69 5 *
Wi

0101100
+62 4 -66 4 -77 0 +68 4 *
Fa
0  8.3333333e-08 8 0

0101000
+61 0 *
Ve
1e-07
22.3465658819796 0 68.3333333333333
0 0

0101101
*
Ed
 8.3333333e-08 1 1 0
1  20 0 0 1
3  39 40C1 9 0 0 1
0

0101000
+74 0 -59 0 *
Ed
 8.3333333e-08 1 1 0
1  21 0 0 1
2  41 9 0 0 1
2  42 12 0 0 1
0

0101000
+59 0 -59 0 *
Wi

0101000
+73 0 +58 0 -57 0 -58 0 *
Fa
0  8.3333333e-08 9 0

0101000
+56 0 *
Ve
1e-07
2.8868374269515 -1.65227116418583 1.91666666666667
0 0

0101101
*
Ed
 8.3333333e-08 1 1 0
1  22 5 -2.0819221887477 -1.982725397023
2  43 10 5 -2.0819221887477 -1.982725397023
2  44 11 5 -2.0819221887477 -1.982725397023
0

0101000
+69 5 -54 5 *
Ve
1e-07
2.8868374269515 1.65227116418583 1.91666666666667
0 0

0101101
*
Ed
 8.3333333e-08 1 1 0
1  23 5 0.0991967917247 4.06464758577069
2  45 10 5 0.0991967917247 4.06464758577069
2  46 13 5 0.0991967917247 4.06464758577069
0

0101000
+54 5 -52 5 *
Ed
 8.3333333e-08 1 1 0
1  24 5 -2.08192218874769 -1.982725397023
2  47 10 5 -2.08192218874769 -1.982725397023
2  48 11 5 -2.08192218874769 -1.982725397023
0

0101000
+67 5 -52 5 *
Wi

0101100
-53 0 +65 0 -51 0 +50 0 *
Fa
0  8.3333333e-08 10 5

0101000
+49 0 *
Ed
 8.3333333e-08 1 1 0
1  25 5 0.034474975409884 4.71472231604597
2  49 11 5 0.034474975409884 4.71472231604597
2  50 13 5 0.034474975409884 4.71472231604597
0

0101000
+52 5 -54 5 *
Wi

0101100
-50 0 +62 0 -47 0 +53 0 *
Fa
0  8.3333333e-08 11 5

0101000
+46 0 *
Wi

0101100
+57 0 *
Ve
1.25000009e-07
16.4965658819796 2.01059692628831 68.3333333333333
0 0

0101101
*
Ve
1.25000013e-07
16.4965658819796 -2.01059692628831 68.3333333333333
0 0

0101101
*
Ed
 1.25e-07 1 1 0
1  26 0 -3.62717092164879 1.19826170144315
2  51 12 0 -3.62717092164879 1.19826170144315
2  52 14 0 -3.62717092164879 1.19826170144315
0

0101000
+43 0 -42 0 *
Ed
 8.3333333e-08 1 1 0
1  27 0 1.53864123144128 6.27853209146204
2  53 12 0 1.53864123144128 6.27853209146204
2  54 15 0 1.53864123144128 6.27853209146204
0

0101000
+42 0 -43 0 *
Wi

0101100
+41 0 +40 0 *
Fa
0  8.3333333e-08 12 0

0101000
+44 0 +39 0 *
Wi

0101100
+47 0 +51 0 *
Fa
0  8.3333333e-08 13 5

0101000
+37 0 *
Ve
1e-07
16.5260396060056 -2.02409101683804 68.3666666666667
0 0

0101101
*
Ed
 8.3333333e-08 1 1 0
1  28 7 -2.42890922020564 -2.41271631154597
2  55 14 7 -2.42890922020564 -2.41271631154597
2  56 15 7 -2.42890922020564 -2.41271631154597
0

0101000
+35 7 -42 7 *
Ve
1e-07
16.5260396060056 2.02409101683804 68.3666666666667
0 0

0101101
*
Ed
 8.3333333e-08 1 1 0
1  29 7 -2.42890922020564 -2.41271631154597
2  57 14 7 -2.42890922020564 -2.41271631154597
2  58 15 7 -2.42890922020564 -2.41271631154597
0

0101000
+33 7 -43 7 *
Ed
 8.3333333e-08 1 1 0
1  30 7 1e-15 4.85781844041129
2  59 14 7 1e-15 4.85781844041129
2  60 16 7 1e-15 4.85781844041129
0

0101000
+35 7 -33 7 *
Wi

0101100
-34 6 +41 0 +32 6 +31 6 *
Fa
0  8.3333333e-08 14 0

0101000
+30 0 *
Ed
 8.3333333e-08 1 1 0
1  31 7 0 4.74919729145585
2  61 15 7 0 4.74919729145585
2  62 17 7 0 4.74919729145585
0

0101000
+33 7 -35 7 *
Wi

0101100
-32 6 +40 0 +34 6 +28 6 *
Fa
0  8.3333333e-08 15 0

0101000
+27 0 *
Ve
1e-07
15.974115475049 -2.02409101683804 73.1333333333333
0 0

0101101
*
Ed
 8.3333333e-08 1 1 0
1  32 7 0.24 5.96
2  63 16 7 0.24 5.96
2  64 17 7 0.24 5.96
0

0101000
+35 7 -25 7 *
Ve
1e-07
15.974115475049 2.02409101683804 73.1333333333333
0 0

0101101
*
Ed
 8.3333333e-08 1 1 0
1  33 7 1e-15 4.85781844041129
2  65 16 7 1e-15 4.85781844041129
2  66 18 7 1e-15 4.85781844041129
0

0101000
+25 7 -23 7 *
Ed
 8.3333333e-08 1 1 0
1  34 7 0.24 5.96
2  67 16 7 0.24 5.96
2  68 17 7 0.24 5.96
0

0101000
+33 7 -23 7 *
Wi

0101100
-24 0 +31 0 -22 0 +21 0 *
Fa
0  8.3333333e-08 16 7

0101000
+20 0 *
Ed
 8.3333333e-08 1 1 0
1  35 7 0 4.74919729145585
2  69 17 7 0 4.74919729145585
2  70 19 7 0 4.74919729145585
0

0101000
+23 7 -25 7 *
Wi

0101100
+24 0 +28 0 -18 0 -21 0 *
Fa
0  8.3333333e-08 17 7

0101000
+17 0 *
Ve
1e-07
15.7509578192047 -1.94172031399421 73.3333333333333
0 0

0101101
*
Ed
 8.3333333e-08 1 1 0
1  36 7 -2.42890922020564 -2.33006437679305
2  71 18 7 -2.42890922020564 -2.33006437679305
2  72 19 7 -2.42890922020564 -2.33006437679305
0

0101000
+25 7 -15 7 *
Ve
1e-07
15.7509578192047 1.94172031399421 73.3333333333333
0 0

0101101
*
Ed
 8.3333333e-08 1 1 0
1  37 7 0.098844843412592 4.7589735969987
2  73 18 7 0.098844843412592 4.7589735969987
2  74 20 7 0.098844843412592 4.7589735969987
0

0101000
+15 7 -13 7 *
Ed
 8.3333333e-08 1 1 0
1  38 7 -2.42890922020564 -2.33006437679305
2  75 18 7 -2.42890922020564 -2.33006437679305
2  76 19 7 -2.42890922020564 -2.33006437679305
0

0101000
+23 7 -13 7 *
Wi

0101100
+14 0 -22 0 +12 0 -11 0 *
Fa
0  8.3333333e-08 18 7

0101000
+10 0 *
Ed
 8.3333333e-08 1 1 0
1  39 7 0.029263528577308 4.71993376287855
2  77 19 7 0.029263528577308 4.71993376287855
2  78 20 7 0.029263528577308 4.71993376287855
0

0101000
+13 7 -15 7 *
Wi

0101100
-11 0 +18 0 -8 0 +14 0 *
Fa
0  8.3333333e-08 19 7

0101000
+7 0 *
Wi

0101100
+8 0 +12 0 *
Fa
0  8.3333333e-08 20 7

0101000
+5 0 *
Sh

0101100
+93 0 +90 0 +84 0 +82 0 +75 0 -70 0 +63 0 +60 0 +55 0 -48 4 
-45 4 +38 0 -36 4 -29 0 -26 0 +19 6 +16 6 -9 6 +6 6 +4 6 
*
So

0100000
+3 0 *
Co

0100000
+2 0 *

+1 1 