DBRep_DrawableShape

CASCADE Topology V1, (c) Matra-Datavision
Locations 5
1
0.990268068741571 0.139173100960064               0 0.282226006494458 
-0.139173100960064 0.990268068741571              -0 4.0360199278419 
             -0               0               1               0 
1
0.99026806874157 0.139173100960065               0 0.282226006494458 
-0.139173100960065 0.99026806874157               0 4.0360199278419 
              0               0               1               0 
2  2 -1 0
1
              1               0               0              31 
              0               1               0               3 
              0               0               1             166 
2  2 -1 4 -1 0
Curve2ds 30
8 0.062429113731313407 1
7 0 0  5 10 3  0.01087152235539543 0.8068693130716198  0.016146449525654919 0.81375680375208503  0.02169635184034302 0.82041010757421873  0.02753355936590296 0.8268210762948911  0.033648855220458351 0.83299799001618169  0.046448515810454623 0.84487436694925577  0.053131916081808228 0.85057472490359487  0.060101814919875103 0.85603488482777834  0.067356732477509951 0.86125507434221049  0.074897244683281489 0.86622705291448698 
 0.062429113731313407 6 0.53121455686565666 4 1 6
8 0.062429113731313407 1
7 0 0  8 23 4  5.9263344649368923 0.94014927220486111  5.9343928602288791 0.94669450427043145  5.9426270976141806 0.95321715615493197  5.9510419727810087 0.95971709142501616  5.9596422555750328 0.9661942650318589  5.9684326899993954 0.97264872331115637  5.9774179942147105 0.97908060398312458  5.9866028605390618 0.98549013615250114  6.0100758123171545 1.0014588375820495  6.0246181241818704 1.0109907283876964  6.0396437373419758 1.0204720788897248  6.0551444567390718 1.0299104702644399  6.071175427059643 1.039298065683397  6.0877406278304989 1.048640292872733  6.1048746753731393 1.05793582319302  6.140333714272856 1.0764362036979946  6.1586611395759974 1.0856405083031859  6.1776104876771569 1.0948007527404116  6.1972375524346717 1.1039124883900513  6.2175470634247176 1.112983281374909  6.2386077230039518 1.1220080488492385  6.2604668461026449 1.1309869712772525  6.2831853071796013 1.1399192576441559 
 0.062429113731313407 9 0.29682183529848505 7 0.64841091764924252 7 1 9
8 0 0.99284424159583862
7 0 0  8 113 15  0.074897244683281308 0.86622705291449276  0.086248613822628523 0.87371197737328898  0.098210223719206471 0.8806963071588344  0.11079035250802451 0.88716453730675737  0.12400104536015784 0.89309277495408423  0.13785374875718098 0.8984401811571946  0.15234030671045393 0.90315018869940911  0.16739931892526091 0.90716149588821515  0.18286786090980198 0.91042883634212413  0.1886687144070307 0.91165409448893941  0.19452719350405101 0.91277474993306318  0.20043566460871029 0.91378848922236044  0.20638404930790646 0.91469335681307484  0.21236083967713335 0.91548790312547845  0.21835411359002568 0.91617133259952166  0.22435255002790447 0.91674365175048178  0.23034644438932214 0.91720581722461347  0.23559106589024276 0.9176103297041468  0.24083271708019266 0.91792960979981741  0.24606458413687446 0.91816763544422419  0.25128128693904728 0.91832032502286753  0.25647986005453099 0.91838565059455024  0.26165954140332909 0.91836719680361656  0.26682036859586894 0.91827116548402454  0.27196058294636111 0.91809682595525632  0.27420943306297801 0.91802057371666679  0.27645449820783718 0.91792940779545196  0.27869574767515848 0.91782338884268821  0.28093315075916225 0.91770257750945017  0.28316667675406865 0.91756703444681376  0.28539629495409785 0.9174168203058547  0.28762197465347 0.91725199573764837  0.28984368514640541 0.91707262139327039  0.29010403875404139 0.91705159921034396  0.29036433676456497 0.9170303771017968  0.29062457917797646 0.91700895506762825  0.2908847659942756 0.91698733310783886  0.29114489721346243 0.91696551122242831  0.29140497283553696 0.91694348941139669  0.29166499286049929 0.91692126767474424  0.29192495728834927 0.9168988460124704  0.29205392383465018 0.91688772283110065  0.2921828765340525 0.91687655054598449  0.29231181538655604 0.91686532915712193  0.292440740392161 0.91685405866451297  0.292569651550867 0.91684273906815728  0.29269854886267416 0.91683137036805529  0.29282743232758263 0.91681995256420701  0.29295630194559236 0.91680848565661222  0.29302048502935563 0.91680277460176052  0.2930846646603032 0.91679705142744172  0.29314884083843523 0.91679131613365639  0.29321301356375157 0.91678556872040384  0.2932771828362522 0.9167798091876842  0.2933413486559372 0.9167740375354978  0.29340551102280649 0.91676825376384441  0.29346966993686019 0.91676245787272392  0.29359749551974801 0.91675091076558601  0.29372978902847535 0.91673891165009991  0.29383545595919713 0.91672925397870131  0.29396688045017072 0.91671726215281524  0.29407576004086877 0.91670724256255198  0.29420039410433674 0.91669576883577975  0.29432113469488286 0.91668458970025313  0.29444362311247646 0.91667320627213666  0.29450456962765581 0.91666754199960643  0.29456563742939323 0.91666185447914472  0.29462628468351681 0.91665619622466465  0.29468796836658839 0.91665042647673545  0.29474774927015801 0.916644825882031  0.29480519267126226 0.9166394379792564  0.29486601851375283 0.91663371833137874  0.29492595494504131 0.91662807214398889  0.29504597791171694 0.9166167668123153  0.29516688851736272 0.91660533168170655  0.29528838169198102 0.91659379599713076  0.29541015236557422 0.91658218900355748  0.29553189546814501 0.91657053994595516  0.29565330592969585 0.9165588780692927  0.29577407868022915 0.91654723261853877  0.29589390864974746 0.91653563283866191  0.29637038503846674 0.91648951455732897  0.29684389511761111 0.91644299755162706  0.29732277579316246 0.91639526788731018  0.29779904657743828 0.91634709707250295  0.29827493090033386 0.91629826623568533  0.2987543794048122 0.9162483889961095  0.29923185324086532 0.91619800052857048  0.29971062537217097 0.91614678032445263  0.3147877329606672 0.91453372122668952  0.33028644131627516 0.91218013833531586  0.34576658036894514 0.90903423372947145  0.36081245905006654 0.90514393662306247  0.37538338212107192 0.90056835444556782  0.38937199868996686 0.89535993724712171  0.40277308160693792 0.88956467027855979  0.41556505018179329 0.88321655131597498  0.42196111310273504 0.88004253793668052  0.42820518320991174 0.87673032036467391  0.43429541997272519 0.87328418406953268  0.44023071408804382 0.86970780571378625  0.44601040824471921 0.86600426916460715  0.45163401788810226 0.86217608150550207  0.45710095198455897 0.85822518904800493  0.46241023378598728 0.85415299334336758  0.46771949426953074 0.85008076988303105  0.47287218951690591 0.8458880199964085  0.47786402141616691 0.84157352708422195  0.48270340646558907 0.83714467299068929  0.48738869351967651 0.83260191334920819  0.49191265131153727 0.82794096775452886  0.49627491717071914 0.82316133375280298  0.50048309835559934 0.81826973364089661 
 0 9 0.24821106039895965 8 0.34129020804856952 8 0.42273446224197819 8 0.45836632345159445 8 0.46254193218709638 8 0.46461342558322427 8 0.4656451263957489 8 0.4677044979394992 8 0.46873016150132796 8 0.47077748212669712 8 0.47893477524340244 8 0.73588950841962053 8 0.86436687500772957 8 0.99284424159583862 9
8 0 0.99284424159583862
7 0 0  8 223 29  0 1.1399192576441648  0.018240431683437919 1.1470908637440218  0.036679398364156103 1.1542353662192615  0.055322012424687129 1.161352948834369  0.074180302327867764 1.1684424975569527  0.093266416126427887 1.1755030178809867  0.11259083327014843 1.1825340138396252  0.13216558471058873 1.189534828707586  0.17061901669257953 1.2030355389981331  0.18946286744194651 1.2095397948710911  0.20856311412663331 1.2160132914278847  0.22792985491719264 1.2224558219959363  0.24758304165055733 1.2288651397307149  0.26754806534691511 1.2352379131463067  0.28784735677294326 1.241571600818512  0.32787606089404947 1.2537610669325727  0.34756127868597492 1.2596220752910385  0.36758595260160631 1.2654430490050574  0.38797608498813524 1.2712203813333809  0.40875886295435443 1.2769503114462912  0.42996276838298858 1.2826289062593121  0.4516195839669816 1.2882514993371585  0.47376829526973996 1.2938115868679232  0.49453230242219787 1.2990242728843777  0.51572842097911853 1.304182073353898  0.53738431731132974 1.3092807313511128  0.55953161357706716 1.314315029981211  0.58220493548855612 1.3192789156625555  0.60544096007859782 1.3241656214092954  0.62927746346715085 1.3289677901139809  0.65375236862791508 1.3336775978301763  0.67669762004648948 1.338093023430903  0.70020406498724197 1.3424273103256921  0.72430471470757318 1.3466734186682932  0.7490329289076223 1.3508239609840098  0.7744220051819013 1.3548710660794716  0.80050476847092988 1.3588062429524059  0.82731316051287018 1.3626202447014126  0.85487782929516165 1.3663029324357352  0.88071949080516421 1.3697555286760947  0.90722582254777173 1.3730925919541102  0.93441978488497479 1.3763066111492195  0.96232346540038505 1.3793891492271928  0.99095632588498817 1.3823312308974973  1.0203334493228957 1.3851237302706578  1.0504637868770983 1.3877577585156209  1.0813484048752173 1.3902250515171171  1.1103027287119616 1.3925381879826364  1.1399204198696218 1.3947044206189847  1.1702023966502944 1.396717679155385  1.2011457047260756 1.398570246484756  1.2327406049350358 1.4002556130997426  1.2649698457283878 1.4017692163697235  1.2978101202688501 1.4031070646588037  1.3312357081802055 1.4042622462847836  1.3625721422215524 1.405345116796322  1.3944228127654128 1.4062683644846743  1.4267639769770994 1.4070242547649059  1.4595669018917761 1.4076159536907653  1.4927979875775463 1.4080347505345117  1.526417087885477 1.408275819164885  1.5603796446480209 1.408351280035441  1.5946482511873064 1.4082593245954718  1.626774914486258 1.4081731694033857  1.6591704222277714 1.4079409997523582  1.6918004027691829 1.4075642159946862  1.7246337311019517 1.4070471567198086  1.7576397616913246 1.4063936291843788  1.7907874667517532 1.405605814052592  1.8240464799580662 1.4046855444467499  1.8573900455923928 1.4036379593080723  1.873019829721065 1.4031468698350054  1.8886681335752835 1.4026276966787727  1.9043321176044585 1.4020808216312977  1.9200090456484051 1.4015066368738727  1.9356962849373436 1.400905544977155  1.9513913060919001 1.4002779589011685  1.9670916831231049 1.3996243019953034  1.9827950934323937 1.3989450079983159  1.9904014406261299 1.3986159741039459  1.9980084751944254 1.3982809211960534  2.0056159489690026 1.3979398984831082  2.0132236137815878 1.3975929551735808  2.0208312214639017 1.3972401404759416  2.0284385238476697 1.3968815035986604  2.0360452727646154 1.3965170937502074  2.0436512200464629 1.3961469601390528  2.0455230100227184 1.3960558698108185  2.0473947431281063 1.3959644354150447  2.0492664193626262 1.395872656951733  2.0511380387262785 1.3957805344208825  2.0530096012190624 1.3956880678224934  2.0548811068409787 1.3955952571565657  2.0567525555920265 1.3955021024230994  2.0586239474722063 1.3954086036220945  2.0590899655118591 1.3953853209716376  2.0595559794492933 1.3953620172301049  2.0600219892845124 1.3953386923974958  2.0604879950175143 1.3953153464738106  2.0609539966483004 1.3952919794590493  2.0614199941768701 1.3952685913532124  2.0618859876032229 1.3952451821562997  2.0623519769273599 1.3952217518683103  2.0628177192102157 1.3951983341371488  2.0632837856683182 1.3951748788786063  2.063730765337823 1.3951523581636138  2.0641912689170567 1.3951291416597087  2.0646306177368388 1.3951069651375292  2.0650775813992368 1.3950843901038752  2.0655173281920725 1.3950621580725056  2.0659560891908408 1.395039957886407  2.0677089167958371 1.3949512524202401  2.0694282856515636 1.3948639873359752  2.0711509548658324 1.394776261772859  2.0728979695702447 1.394686985556326  2.0746746609201909 1.3945958791980018  2.0764706460948501 1.3945034738956994  2.0782598282971918 1.3944111115334208  2.0800003967539742 1.3943209446813574  2.0804341741541066 1.3942984776977028  2.0808608292936697 1.3942763638588076  2.0813011811987963 1.3942535191163188  2.0817292683204869 1.3942312939470867  2.0821689121221425 1.3942084499940393  2.0826037484148401 1.3941858373109426  2.0830415886057381 1.39416304961469  2.0834797487547516 1.3941402265699643  2.0843553706566795 1.3940946174719542  2.0852340366014182 1.3940487741845278  2.0861151243843281 1.3940027289742558  2.0869980118007696 1.393956514107711  2.0878820766461019 1.393910161851466  2.0887666967156862 1.3938637044720936  2.0896512498048825 1.3938171742361665  2.090535113709052 1.3937706034102568  2.0914172269030331 1.3937241208246518  2.0922993919079431 1.3936775932077694  2.0931786519975049 1.3936310487777064  2.0940584746913373 1.3935845142750622  2.0949363799225011 1.3935380147481737  2.095809104978116 1.3934915735826507  2.0966788984895208 1.3934452125270758  2.097544535748447 1.3933989514667298  2.0984083849706598 1.393352786001322  2.0992676002179564 1.3933067531395977  2.1001309047014729 1.3932603859647088  2.100990883564009 1.3932140814313243  2.1018492467921988 1.3931677480721874  2.1027096534498924 1.39312119008423  2.1035673825842531 1.3930746602209647  2.1044251361560735 1.3930280139178721  2.1592079527196057 1.3900488912595288  2.2112272696478499 1.3867472464802404  2.2605580041058602 1.3831381506701064  2.3072999348623853 1.379235302080815  2.3515892702719157 1.3750587432906514  2.3935797495418001 1.3706307909201314  2.4334217854486484 1.3659705320070159  2.4712681566682377 1.3610972411494571  2.5043839062357822 1.3568331832248872  2.5359709071727261 1.352405790080335  2.5661341912037545 1.3478291233126172  2.5949728367145006 1.3431151024920249  2.6225817261048285 1.3382748501163833  2.649051623462765 1.3333191992433644  2.6744675725590779 1.3282583638010537  2.6989056151625053 1.32310077157677  2.7202887689387554 1.3185878451563706  2.7409234662305217 1.3140009023854644  2.760859241665405 1.3093453750290289  2.7801451050600656 1.3046269038201705  2.7988257917153589 1.2998505271989516  2.8169405089131239 1.2950204043553664  2.8345241786146524 1.2901400725764558  2.8516111763608256 1.2852132388975697  2.8815137267220052 1.2765913642506348  2.9098910644970601 1.2678260970278643  2.9369421038718428 1.2589412242814433  2.9627728871710133 1.2499410065211123  2.9875569615105633 1.2408499673256301  3.0113693715757108 1.2316705268785881  3.0343041034302587 1.2224119200445784  3.0564388294613103 1.2130814079242438  3.0730398546185458 1.2060835164817361  3.0891903427776697 1.1990450281333551  3.1049230343869567 1.1919689104920508  3.1202609849297005 1.1848562873319679  3.135230915479724 1.1777097552995883  3.1498564885430369 1.1705315259395093  3.1641516439607882 1.1633216399002584  3.1781341296486612 1.1560815001855465  3.1886209355269375 1.150651384758925  3.1989316446568812 1.1452041782985563  3.2090733319604805 1.1397403814213594  3.2190523700703544 1.1342603926216361  3.2288744293297493 1.1287645082710744  3.238544477792543 1.1232529226187453  3.2480667812232391 1.1177257277911041  3.2574449030969705 1.112182913791991  3.2715123361238696 1.1038687464446808  3.2852556929986632 1.0955195102379314  3.2986916985257064 1.0871363588557363  3.3118299974625764 1.0787188578385016  3.3246805589740887 1.0702669813602279  3.337256081302526 1.061781720263167  3.3495693966540934 1.0532643013499645  3.3616258763015732 1.0447140179332821  3.3676540958046726 1.0404388767156219  3.3736186043836192 1.0361556660559146  3.3795196909721059 1.0318641960433257  3.3853576924583035 1.0275643012437587  3.3911329936848489 1.0232558406998549  3.396846027448853 1.0189386979309936  3.402497274501894 1.0146127809332928  3.4080872635500223 1.0102780221796088  3.4136773529526554 1.005943291042489  3.4192055049610914 1.0015995236834596  3.4246741086545573 0.99724718335254381  3.4300822900425252 0.99288580930656911  3.4354297457573471 0.98851511460889729  3.4407182326957595 0.98413541053435805  3.4459507136092582 0.97974735757938536  3.4511281586433502 0.97535104307735676 
 0 9 0.062052765099739907 7 0.12022723238074608 7 0.17476579545668935 8 0.2258956983403862 8 0.27382998229385203 8 0.31876837350022619 8 0.36089811525620197 8 0.40039474815242926 8 0.43742284149264232 8 0.45477976024586719 8 0.46318701776696047 8 0.46525599129754203 8 0.46577121419822398 8 0.46628593395154194 8 0.46834280234077746 8 0.46885501077754999 8 0.46987842724399198 8 0.47089984485014791 8 0.47191926750004182 8 0.53703488926201637 8 0.59401105830374412 8 0.64386520621525589 8 0.7311099650604016 8 0.79654353419426083 8 0.84561871104465525 8 0.91923147632024693 8 0.95603785895804272 8 0.99284424159583862 9
8 0 0.66698947566077871
7 0 0  8 37 6  0.49758699716813232 0.43999737690500768  0.49797592191839612 0.44608324887281015  0.49832313901879388 0.45215904291671905  0.4985911490257422 0.45821241163866944  0.49884160211513517 0.46426088970838464  0.49903237889520824 0.47029107174603269  0.49920185744485934 0.47631370055023581  0.49933963261514691 0.48232506725912572  0.49965785743129243 0.49883174528992424  0.49979021606587865 0.50930755801008831  0.49987706614501615 0.51975974108540113  0.49993780263493137 0.53019197762563763  0.49998727750919053 0.54060704748916966  0.50003643581819013 0.55100702755253173  0.50009295175864665 0.56139349197998722  0.50026520702908783 0.58732888827330498  0.50039631671097595 0.60286402761812496  0.50057156280672643 0.61836897652392508  0.50079334397742059 0.63386949969572015  0.50105184852145612 0.64932986053099739  0.50132910242791695 0.66478370429103961  0.50159912032654574 0.68021372131715907  0.50194589047911087 0.70332930910505431  0.50205181438142998 0.71102939673365184  0.50214404447336058 0.71872420807395054  0.50221825596233349 0.72641357670773132  0.50226984013133158 0.73409737754532767  0.50229390433888843 0.74177552682562542  0.50228527201908868 0.74944798211606267  0.50219169427083699 0.76478154406798793  0.50210685021491153 0.7724420682520341  0.5019785029642595 0.78009629678490255  0.50180105560505794 0.78774417391315632  0.50156876185919419 0.7953856062097886  0.50127572608426496 0.80302046257422199  0.50091590327357638 0.81064857423230841  0.50048309905614419 0.81826973473632936 
 0 9 0.083373684457597338 7 0.22927763225839268 7 0.44813355395958571 7 0.55756151481018223 7 0.66698947566077871 9
8 0 0.66698947566077871
7 0 0  8 51 8  0 8.7103153935862156  0.090492001672686229 8.7220886349293014  0.18092974993456323 8.734279633651818  0.27131091011162312 8.7468888904207258  0.36163322239454487 8.7599162014221665  0.45189447687172901 8.7733609068113072  0.5420924885619911 8.7872221391622478  0.63222507244753956 8.8014990719178794  0.82085885809993897 8.8322704851499747  0.91934669660855661 8.8488470245100554  1.017750698411362 8.8659197706494215  1.1160680197654926 8.8834877856693328  1.2142958088066109 8.9015502090429006  1.3124312055489042 8.9201062576151227  1.4104713418851418 8.9391552256028266  2.0482815261306371 9.0664102748769384  2.5851425026106938 9.1890781475107435  3.1185581873938872 9.3266041864839213  3.6480135911589855 9.4790193824639548  4.1729258399781202 9.6464700904247582  4.6926606078538668 9.829155449890516  5.2065402501636129 10.027288380426297  6.2184147523176705 10.453882502671599  6.7163966965235886 10.682140694682998  7.207077640208098 10.926210303217177  7.6896116738093383 11.186389453915821  8.1629966435504571 11.463005642312153  8.6260733732219705 11.756417905097875  9.0775305622719031 12.067008956229516  9.853888949454614 12.648161574427769  10.184040885217712 12.911558973071388  10.505706942521073 13.185529401691232  10.818118631400097 13.470210365409164  11.120420651881659 13.765687858078076  11.411674143802458 14.071991901301805  11.690845731460826 14.389106720979742  12.141331657545436 14.944537189534332  12.319492698097406 15.177249771622487  12.490880932149878 15.415116152967178  12.655061737993776 15.658098312338884  12.811565751432994 15.906124178417206  12.959884609260428 16.159091691737324  13.099475220734149 16.416867977583259  13.364932622345691 16.951332254714451  13.490113302873766 17.228388329983218  13.604711543669652 17.51016899706859  13.708127580014377 17.796333135798321  13.799752603961679 18.086520758408199  13.879155254638874 18.380228757865844  13.945982679106038 18.676896826618069  13.999999999999972 18.975855368002748 
 0 9 0.039537396264056071 7 0.082807896506260789 7 0.32132014335934617 7 0.55856252616158009 7 0.74146498997072496 7 0.86839192154606182 7 1 9
8 0 1
7 0 0  8 24 4  0.49758699716813221 0.43999737690500845  0.48230238234222594 0.43999737686003332  0.46701794493524412 0.43999737695939367  0.45173393334632339 0.43999737697581498  0.43645013124970433 0.43999737689901758  0.42116611723205172 0.43999737682609191  0.40588152442977232 0.43999737685187612  0.39059630016633462 0.43999737695933294  0.35238304604126824 0.43999737677791018  0.32945440808634885 0.43999737750800705  0.30652349030242476 0.43999737554622698  0.28359976924548391 0.43999737848935183  0.26065977781945548 0.43999737575359177  0.23773821467602829 0.43999737725971499  0.21480881912464156 0.43999737679905593  0.19188129206956137 0.43999737691256691  0.16895354710942456 0.43999737697026831  0.14602635724804713 0.43999737626654678  0.12309848189033801 0.43999737896228908  0.10017291667691097 0.43999737289414043  0.077246871297575126 0.43999738149432233  0.054320852183536772 0.43999737380727311  0.031395182257654142 0.43999737779904535  0.0084707022968478901 0.43999737690500945 
 0 9 0.25 7 0.625 8 1 9
8 0 1
7 0 0  8 212 31  8.7103153935862156 0  8.7160660787382813 0.095376221655479654  8.7228660394983901 0.19068907804896007  8.7307101636026996 0.28592550057611632  8.7396008972969934 0.38107187854042213  8.7495305175667486 0.47611555561181618  8.7604935763415295 0.57104354517809774  8.772497494080417 0.66584160670649695  8.7990898880323574 0.8588449919862402  8.8137613646320165 0.95703870013470294  8.8295541020619925 1.0550625553890658  8.8464676379204921 1.1529012561683025  8.8645010595404568 1.2505395226772968  8.8836534082436263 1.3479620259845992  8.9039240835945233 1.4451533171001554  8.9544807912576925 1.6742969921855115  8.9857277929925328 1.8060374416690408  9.0190397746785411 1.9372822740034321  9.0544037541455697 2.0679946768442701  9.0918058177604255 2.1981384153799519  9.1312304035226912 2.3276779703129602  9.1726612947298793 2.4565782544453336  9.2479280421746584 2.6788365350688359  9.2808426361647367 2.7725059580955245  9.3148204907672554 2.8657992041658193  9.349853942223616 2.9587033629900485  9.3859352784315409 3.0512055867715127  9.4230567389450304 3.1432930902064733  9.4612105149743666 3.2349531504841682  9.5324436593576021 3.4008075962271835  9.5651840792531235 3.4751477056129296  9.5986065088326686 3.5491858236173623  9.6327066752395805 3.622914964956772  9.6674797377085913 3.6963286467091958  9.7029204922737495 3.7694207641331836  9.7390235764764856 3.8421854664865798  9.8288815205851296 4.0192402641344049  9.8833500759736612 4.1231679237262657  9.9391738501896878 4.2263814841768941  9.996335777277233 4.3288636180881372  10.054819949733728 4.4305966832330625  10.114611929579636 4.5315625910826594  10.17569663613793 4.6317440587338528  10.305206502115924 4.8381533959446816  10.37383523770769 4.9442534783829135  10.44391845857592 5.0494077335824148  10.515432875621345 5.1535984656986695  10.58835602812813 5.2568078736873538  10.662666947360114 5.3590174934414314  10.738344924993081 5.4602092493917613  10.930895388155209 5.7106022661508611  11.049446657443122 5.8585132737535215  11.170939706009174 6.0040481150485778  11.295299078610002 6.1471590921455057  11.422431428733562 6.2878061772616718  11.552291419791453 6.4259235024252064  11.684773177867074 6.5614931001339709  11.961265529635886 6.8337812699804736  12.105524097770152 6.9702475072940864  12.25248586776909 7.1038356723880778  12.402073490437184 7.2344938480033694  12.55419344323847 7.3621932466757745  12.708748931984827 7.4869121688566178  12.86565774414264 7.6086152111483489  13.212942699176123 7.8675125782011452  13.404218177198738 8.0035002154297388  13.598519070650225 8.1351973476480932  13.7956993211055 8.2625725419780505  13.995613877528525 8.3856086965385668  14.198142656376953 8.5042484173459947  14.403141343715282 8.6184923199830088  14.825791046498358 8.8423626521900491  15.043624762940334 8.9516430632693353  15.263834120746465 9.0561398036374783  15.486282019350453 9.1558256838497627  15.710823721924816 9.2506967114485334  15.937317390964646 9.3407509179614685  16.165634588957154 9.425969018499039  16.531939519273614 9.553985839876292  16.668831003422071 9.5999214455367969  16.806288366142681 9.6441587736088117  16.94428452050122 9.6866974463573658  17.082792760772151 9.7275370867882547  17.221786742965236 9.7666774938416143  17.361240465352147 9.8041188175854455  17.710957981189047 9.8934756131183565  17.921763645765836 9.9432687175501044  18.133457905205027 9.9892462761233869  18.345955001330964 10.031413867583122  18.55917075531071 10.069777421000145  18.773022567654074 10.104343215771245  18.987429418213594 10.135117881619115  19.309752105135331 10.175603533352819  19.417311741372835 10.188153238561632  19.524979918114681 10.199755115570374  19.632745651574488 10.210417019971498  19.740599268963244 10.220133461678538  19.848531469630267 10.228901622666065  19.9565323417307 10.236735693101304  20.181661404500836 10.251116187477759  20.29879992511372 10.257501348491184  20.415995843913493 10.262800974488149  20.533237066966443 10.267022300110435  20.650511791137404 10.270172529792729  20.767808504089857 10.27225883776266  20.885115984285854 10.273288368040758  21.110709504782186 10.273249649145033  21.218995546077799 10.272335844119628  21.327272172012762 10.270522055849016  21.435530148463371 10.26780278315618  21.543760255121036 10.264172121332473  21.651953280571242 10.259624096267798  21.760100017372245 10.254152998580738  21.985291588814448 10.240821075384744  22.102327558615748 10.232798001784845  22.219286858129365 10.223682469236499  22.336155918371588 10.213454976464563  22.452922821403021 10.202117369534223  22.569575721182666 10.189676594491166  22.686101134372805 10.176124162033668  22.981544777114905 10.138904593383186  23.160271896672867 10.113719242297158  23.338621795959249 10.085902040198278  23.51654770920355 10.055449140029053  23.694002129388956 10.022356858729667  23.870936808252175 9.9866216772379861  24.047302756283543 9.9482402404895449  24.398797603473334 9.8661785036914402  24.573926483093032 9.8224984771539621  24.748386373852938 9.7761651936356184  24.922127056177224 9.727175209164967  25.0950979746898 9.6755307483726831  25.267247413153726 9.621233841817725  25.438522212321786 9.5642819904632024  25.830321770502373 9.4271914337238467  26.050206326597042 9.3452221379784834  26.268403075641757 9.2587697743946666  26.484796969800541 9.167850121118521  26.699262064091606 9.0724659336706548  26.911669624003096 8.9726211341221038  27.12189667402378 8.8683372898318513  27.545727321012912 8.6467432661946457  27.75914857921935 8.5290855811894613  27.969933301729178 8.4066850902574206  28.177919545303446 8.2795413981790116  28.382971717665669 8.1477125901563738  28.584930462255983 8.0112250818214594  28.783630514392065 7.870109058382889  29.130808583498563 7.6110957840002964  29.280635937096982 7.4950073009962086  29.428321144343371 7.3761704697733208  29.57379426249652 7.2546168960951931  29.716971116465338 7.1303655850193497  29.857769363383063 7.0034403619721779  29.996121673534283 6.8738848006689768  30.203092562673469 6.6725064556441538  30.273545304198464 6.6025695662422823  30.343293274893966 6.5319252956923748  30.412325182311676 6.4605784662168997  30.48062942495929 6.3885339538230586  30.548194444153275 6.315797001585338  30.615009075871811 6.2423735329281094  30.747116489617397 6.0941676658267898  30.812408688120236 6.0193857081854922  30.876928244682652 5.9439314876124936  30.940663906934944 5.8678119009385714  31.003604423571119 5.7910338461970756  31.065738544348854 5.7136042226239372  31.127055020089557 5.6355299306576701  31.27002730925841 5.4494811130569349  31.350969360294364 5.3409591487335515  31.430340531353224 5.2312710729507685  31.508114927066082 5.12043883180033  31.584266442584045 5.0084849664425555  31.658767705265035 4.8954316863838212  31.731590496591664 4.7813012730731952  31.854860420248009 4.5816496463437257  31.906096489332164 4.4966140718712673  31.956404105436739 4.4110202755932644  32.005774028181499 4.3248792125874349  32.054197262477651 4.238202099084825  32.10166404606769 4.1509997493009099  32.148164095069752 4.0632827578298816  32.230935102443333 3.9028821926621902  32.267528565587497 3.8303649300095479  32.303463546029455 3.7575166292761804  32.338734572513559 3.6843430559151074  32.373336072987819 3.6108500663576066  32.407262794134105 3.5370438231704764  32.440510220898616 3.462931010213337  32.520113274435516 3.2810344853441347  32.565726504814194 3.1729262046397952  32.609901375957392 3.0642148091712276  32.652625885978317 2.9549213882868743  32.693887401823602 2.8450670945401528  32.733672257638467 2.7346730787570337  32.771966891976895 2.623760782826257  32.848385089178215 2.3923725561693656  32.886269311475459 2.2718178163814553  32.92240140106307 2.1507170423962503  32.95676949989975 2.0290991220505115  32.989361681588711 1.9069931594700673  33.020165951377606 1.7844284750697863  33.049170246158525 1.6614346055535929  33.118179517451715 1.3482828381541525  33.155712645653345 1.1575824321076915  33.188951311620031 0.96605378464066494  33.217910892880703 0.77381581214372019  33.242542144377026 0.58097440621593943  33.262907199647117 0.38765293283157831  33.278942476925359 0.19395756993558688  33.290646350280092 0 
 0 9 0.021645674202176581 7 0.044135848638059687 7 0.074804795851771397 7 0.097295472272520847 7 0.11569692957882113 7 0.14227677619264381 7 0.17090071978585941 7 0.21383544954068612 7 0.25881355099995501 7 0.31196803936086426 7 0.36716574260194296 7 0.39987496103939174 7 0.44893833431212549 7 0.47346979603890293 7 0.5000463148130414 7 0.5245790584570198 7 0.55115653526342245 7 0.59204586664943715 7 0.63293516879080025 7 0.6860918531869673 7 0.74129380274047851 7 0.78422965080974594 7 0.80672016410102909 7 0.82921059576862766 7 0.85987997578961883 7 0.88237093364682995 7 0.90077266380622401 7 0.92735309321947923 7 0.95597864355873197 7 1 9
8 0 0.64619352917777428
7 0 0  8 46 7  0.0084707022968479005 0.43999737690500934  0.0084038498032608395 0.4429317990620299  0.0083390791586630108 0.44586637632094583  0.0082777149789583105 0.44879668788456989  0.0082196512412981305 0.4517266136821223  0.0081644916726218795 0.4546589402464859  0.0081121111762889192 0.45759191123088921  0.0080626382968022794 0.46052172256501855  0.0078404415813486394 0.47443537182143602  0.0077031616504446704 0.48540405183996738  0.0075989969066270202 0.49636171208541424  0.0075236633165074304 0.50731057687647763  0.0074735238792068299 0.51825097329807546  0.00744549766896769 0.52918191942812121  0.0074369688777665196 0.54010171256430173  0.0074522441932255096 0.55918847844342623  0.0074685129748763802 0.56736141365752246  0.00749355828644571 0.57552412934660424  0.0075266136899045898 0.58367933793579141  0.0075669889559675197 0.59182181034913128  0.0076141175634552001 0.59994760304562078  0.0076676026497532598 0.60806174533490187  0.0078163644052922192 0.62830698284219866  0.0079192024863264307 0.64041972806319769  0.0080345308193705799 0.65249433347987307  0.0081618435034153999 0.66452890236188333  0.0083012232546135697 0.67652331597521775  0.0084533414062797595 0.68847923358219776  0.0086194579088905605 0.70040009244147605  0.0088014213300845207 0.71229110780803662  0.0088924092444884195 0.71823643617153721  0.0089873941618634507 0.72417539417619992  0.0090864950439026905 0.73010175533636357  0.0091903628713225806 0.73603642707166728  0.0092987177973782292 0.74194498215365456  0.0094124859484168207 0.74785990524287627  0.0095318552607679408 0.75376613171056306  0.0096574461430984793 0.75967019462083851  0.0097830264354320708 0.76557416737772344  0.0099148377260584505 0.77147501316382816  0.01005337637832703 0.77737387196227337  0.01019924117752039 0.78327175593588505  0.010353133330854259 0.78916954942719653  0.01051585646747754 0.79506800895844743  0.01068831663847227 0.80096776323158381  0.010871522316853651 0.80686931312825838 
 0 9 0.040387095573610893 7 0.19183870397465175 7 0.30542741027543241 7 0.47581046972660335 8 0.56100199945218887 8 0.64619352917777428 9
8 0 0.64619352917777428
7 0 0  8 65 10  0 33.290646350280092  0.031380845028053272 33.286275453529832  0.062760585435427174 33.281896602207269  0.094139336094542614 33.277510633954712  0.12551745610954868 33.273120121559323  0.15689539149005327 33.268728252517661  0.18827351782474011 33.264337708600564  0.21965198295509936 33.259949545417619  0.28634026583927152 33.250624929909399  0.32165661839303539 33.245687443757411  0.35697922197812204 33.240747889861076  0.39230769497532947 33.235804567338988  0.42764165947835409 33.230855798093479  0.46298074129390443 33.225899926810513  0.49832456994164431 33.22093532095969  0.61231344733815263 33.204892386816553  0.6909474715811541 33.193777174662522  0.76957234419268161 33.182596882260306  0.84818555474529944 33.171334243173753  0.92678458957459497 33.159972576602286  1.0053669317792924 33.148495787381023  1.0839300612210536 33.136888365980845  1.6358573807545156 33.054297657054832  2.1085038190585408 32.978164150885007  2.5797898817297096 32.893469650182197  3.0490614199007666 32.797688247283908  3.5156137375647916 32.688948709177211  3.9786801777084975 32.565981026430251  4.4374219382221156 32.428069992864188  5.0593592336642246 32.218132416408793  5.2270966109389292 32.159174912292542  5.3940865700595282 32.09810441655771  5.5602912673307685 32.034913664484371  5.7256747353671926 31.969602037176834  5.8902025660842128 31.902174740743746  6.0538415936893557 31.832641985478311  6.5581766280836007 31.610648072693721  6.8957325469992838 31.451061883999714  7.2289367701447134 31.282390053261132  7.5575417860695211 31.104831873060846  7.8813241542779053 30.918620797697024  8.2000676887963948 30.723993862223431  8.5135488071805696 30.521165197093268  9.3590445082518556 29.942279236401916  9.8792409726413553 29.550162851586549  10.381613721027918 29.13443289199941  10.864719183284649 28.695385934465676  11.326055529395717 28.233022726287032  11.762006779324054 27.746980052455264  12.167581273942915 27.236257299535396  12.669149273279942 26.507255649110093  12.796753607001392 26.31167497745578  12.919336636823203 26.112835770075847  13.03657660950347 25.910752114436676  13.148138615635503 25.705462801844483  13.253686755991822 25.497038020736952  13.352899880357825 25.285588062128014  13.541315595089998 24.849475242134467  13.63005853270522 24.624583848588827  13.711383014227863 24.39681107125152  13.785015704131411 24.166393551729527  13.850753890707693 23.933597603620846  13.908486340425242 23.698724582789602  13.958206899824205 23.462114777313275  14 23.224147211566027 
 0 9 0.013773757285056041 7 0.029273109609026449 7 0.063755180280253981 7 0.27158606125185086 7 0.34878253016371907 7 0.51085207752462036 7 0.79371799496361017 7 0.89508884383949028 7 1 9
8 7.4231045648237544 7.7554148392446152
7 0 0  2 3 2  6.2831853071795853 1.1399192576441672  6.283185307179588 1.3060743948545974  6.2831853071795862 1.4722295320650285 
 7.4231045648237544 3 7.7554148392446152 3
8 7.4231045648237544 7.7554148392446152
7 0 0  2 3 2  3.5000000000000002e-16 1.1399192576441679  1.13e-15 1.306074394854597  9.9999999999999998e-17 1.4722295320650285 
 7.4231045648237544 3 7.7554148392446152 3
8 0.29471584222788705 0.53184841672601835
7 0 0  5 11 3  5.7452251983043841 1.1626923593170944  5.7732430298481745 1.1412889744001546  5.7976164967208206 1.1195356605771849  5.8191679700321401 1.0975484158921063  5.8384153555664398 1.0753748418368474  5.8557426358879869 1.0530470838434733  5.8730693321737704 1.0307198272267186  5.8884725840334795 1.0082423921160171  5.9023310507468523 0.98564732541387912  5.914888772720019 0.9629475850733229  5.9263344646161169 0.94014927229634904 
 0.29471584222788705 6 0.4132821294769527 5 0.53184841672601835 6
8 0.29471584222788705 0.53184841672601835
7 0 0  8 37 6  12.965445510917277 21.648950602531102  12.961542731815911 21.737987019298473  12.957018216942942 21.827215442676049  12.951866454021513 21.916638715065147  12.946081817757715 22.006255669063577  12.939658777069525 22.096061298872513  12.932592102315652 22.186046931703402  12.924877072524282 22.27620039918488  12.900186930881972 22.542670977923734  12.881381193255493 22.719420572037698  12.860062111252972 22.896642323231823  12.836206624515967 23.074207481442635  12.809799347104843 23.251982310111785  12.780832032852373 23.429836300498479  12.749302129783814 23.607647504615549  12.631432298073463 24.221886563655843  12.532205643868366 24.65742539718088  12.417491989582828 25.090618071635703  12.287371698482104 25.520292478872697  12.141985325662404 25.945487098312952  11.981495837450154 26.365361394942852  11.806057752217185 26.779207663121426  11.355621887781695 27.74318988079505  11.067819824466142 28.28734840224697  10.752840550053577 28.817049638541619  10.411260357793651 29.330467472491968  10.043775522912597 29.825784512059599  9.6512114437654475 30.301194880374602  9.2345368610076832 30.754913673876317  8.4777137168596539 31.495600637229082  8.1485874281230792 31.793806731161233  7.8079446747291854 32.079141406271312  7.456267705414831 32.350952169678898  7.094085316803671 32.608604711051676  6.7219760554068841 32.851487302573588  6.3405725252661966 33.079016815068613  5.9505668012398303 33.290646350280092 
 0 9 0.05255438545233547 7 0.15507526670915189 7 0.40701358899749807 7 0.75148923055659733 7 1 9
8 0.071492496004234907 1
7 0 0  8 44 7  5.7452251970533448 1.1626923595055201  5.7515733340834041 1.1673554515009121  5.7579842431561108 1.1720222037202177  5.7644567520103314 1.1766929828806523  5.7709911297013488 1.1813679690730914  5.7775867725227634 1.1860474404990484  5.7842417572673197 1.1907318250622529  5.7909542618267009 1.1954215188148321  5.8095763423037017 1.2083326211646896  5.8216046478137287 1.2165652359812498  5.8338200182583932 1.2248142369554671  5.8462035554875911 1.2330823463380511  5.8587639569445855 1.2413694473676742  5.8715095935087902 1.2496753612574594  5.8844213546037265 1.2580026133732183  5.9073277172970604 1.2726118682212579  5.9172429745162844 1.2788848896706213  5.927261588705278 1.2851696222430746  5.9373759653935849 1.2914670142035902  5.9475908602289564 1.2977769804741683  5.9579137196069496 1.3040992148843316  5.9683422109030246 1.3104342715703758  5.9867849364761332 1.3215431219584217  5.9947507411711962 1.3263113035992842  6.0027814094407228 1.3310866956668688  6.0108790397902352 1.3358693302253872  6.0190455133661809 1.3406592687032828  6.0272833128645953 1.3454565620224865  6.035596341439792 1.3502612107276784  6.0565821305062855 1.3622910102671995  6.069355182160507 1.3695253127370961  6.0823294124566019 1.3767759140100679  6.0955001197871752 1.3840436304308241  6.108949696586933 1.3913261458219495  6.1226424378255615 1.3986258798213385  6.1366725063671765 1.4059404928220829  6.1655003021842276 1.42059940581521  6.1803048975416459 1.4279435498428938  6.1955407882924192 1.4353019458285416  6.2113624670892023 1.4426723948563449  6.2277798383147456 1.4500549400545424  6.2450563942256849 1.4574452499655308  6.2633750873465033 1.4648400780952215  6.2831853071795907 1.4722295320650558 
 0.071492496004234907 9 0.18755593400370554 7 0.39066695050277916 7 0.54300021287708433 7 0.6572501596578133 7 0.82862507982890665 7 1 9
8 0.071492496004234907 1
7 0 0  8 16 3  0.018183255991140991 0.87209747968988871  0.026172241105513191 0.87678411887054608  0.034508121618500809 0.88131313529629551  0.043193474575673463 0.88568117346585495  0.052243963736600563 0.88987727361381985  0.061689358763942437 0.8938888843767927  0.071530362147086635 0.89770518905061181  0.081801636052006188 0.9013080698223348  0.10322636932318649 0.90805532401687805  0.11438236283740366 0.9111995148252845  0.12599253623743323 0.91409732914678443  0.13808045564644544 0.91673107840324519  0.15063543678955682 0.91908224747248823  0.16363779327066652 0.92113327854633553  0.17705706053294581 0.92286884681510406  0.1907236336039129 0.9242742503210869 
 0.071492496004234907 9 0.53574624800211745 7 1 9
8 0 0.9650116421573951
7 0 0  8 309 40  1.47e-15 1.4722295320650522  0.0066953715496895199 1.4747269609657876  0.01351373476570732 1.477224449657311  0.020469138409117588 1.4797217330798993  0.027577062004517899 1.4822184794008115  0.034855316048725757 1.4847142672545386  0.042324942219463743 1.4872085629830523  0.050011113584044503 1.489700697876053  0.065628990879161186 1.4946011611455889  0.073546259493059638 1.4970099527663938  0.081721745141155322 1.4994147074467099  0.090189280814829187 1.5018147612527821  0.098988554773113829 1.5042092665906068  0.10816530533861375 1.5065966532822539  0.11777378372167076 1.5089745832719312  0.13277733863757757 1.5124863282715171  0.13779049533014562 1.5136294502554355  0.14292813266170115 1.5147693575399706  0.14819864406631897 1.5159057225568111  0.15361136258273214 1.5170382176398172  0.15917628473613665 1.5181664351219373  0.16490379441999656 1.5192898074321235  0.18242126627308153 1.5226080662268942  0.19471148628554147 1.5247872464606189  0.20775780337498873 1.5269398213422392  0.22167160045864875 1.5290622053289553  0.23652570430203923 1.5311407580156811  0.25248092750280193 1.5331747002128395  0.26960662385874912 1.535145364429809  0.29686347249262057 1.5379620187437097  0.30604768353012612 1.5388638697634598  0.31552844569293576 1.539747091358646  0.32531050919878501 1.5406102916448916  0.33539602455209122 1.541452111022712  0.34578383666756174 1.5422712724866894  0.35646877899380169 1.5430666319346511  0.36744096763692186 1.5438372284768445  0.37824197422222006 1.5445958018591186  0.38931850171037752 1.5453301863435627  0.4006738281090918 1.5460403988150802  0.41228673595628607 1.5467250069532383  0.42414509923639798 1.5473838055307851  0.43623876715165011 1.5480171419936255  0.44854721422634058 1.5486248149734125  0.46105742622219287 1.5492074693839089  0.47337197660878461 1.5497810097271882  0.48588215601306217 1.5503302731659119  0.49856991573949472 1.5508555785664839  0.51142565416193975 1.5513576646126239  0.52442999284966163 1.551837137038774  0.53756533207405255 1.5522947456959741  0.55082628884861173 1.55273161969254  0.56419812065473873 1.5531485888518803  0.57736097825727484 1.5535590422414316  0.59063266423436289 1.5539502488318249  0.6039980142704735 1.5543229844333837  0.61745817080372944 1.5546784567413852  0.63098418165100156 1.555017030070303  0.64459203049045755 1.55534022244683  0.65825737914565252 1.5556484024800739  0.67197905391980151 1.5559425101531377  0.69899367052539596 1.5565215356473516  0.72622562518019751 1.5570459862980079  0.7536340218190879 1.5575221180806833  0.78118513974155335 1.5579553168124227  0.80885171268336198 1.5583502024569491  0.83661220788824453 1.558710733429876  0.86445010517957355 1.5590403109039155  0.89235317603204223 1.5593418831140911  0.90586886521267607 1.5594879578000094  0.91939907819423183 1.5596274557881316  0.93294553659507073 1.5597607331529844  0.94650227477359294 1.5598880633351655  0.96007150227228522 1.5600097548191343  0.97365591980792487 1.5601260930927197  0.98725004161055974 1.5602372804511602  1.0008530769138835 1.5603435472084914  1.0276343175667308 1.5605527605728211  1.0544513559205084 1.5607429087654667  1.0812979668453266 1.560915698962638  1.1081697116864251 1.5610725897552027  1.135063356322747 1.5612148258463725  1.1619762892255121 1.5613434727493869  1.1889059395167907 1.5614594514851965  1.2158491950280774 1.5615635732801483  1.2419507190911645 1.5616644411384186  1.2680635346951021 1.5617541766259819  1.2941952723704162 1.5618335307590314  1.3203156019444577 1.5619030786474468  1.3464763788506389 1.5619634722679621  1.3726275149201683 1.5620150675931654  1.3987899463118083 1.5620583322370294  1.4249566150926618 1.5620936056867645  1.4503057842002818 1.5621277770505912  1.47565872519408 1.5621544522255135  1.5010206511069555 1.5621739536800305  1.5263764932169579 1.5621865660650656  1.5517514655803097 1.5621925167361042  1.5771174819492444 1.5621920154881082  1.6024866678098988 1.5621852370231863  1.6278582796318288 1.5621723232782403  1.6770153713910794 1.5621473035357694  1.7261798783813447 1.5620992545728427  1.7753454111774545 1.5620292418047939  1.8245141395727842 1.5619379189192841  1.8736804413733807 1.5618256567044  1.9228394886083606 1.5616925589300763  1.9719948304913333 1.5615384568102919  2.021139032467604 1.5613629735734842  2.0268981179000378 1.561342411723887  2.0326570599147091 1.5613215540844794  2.0384158585116197 1.5613004006552607  2.0441745136907681 1.5612789514362309  2.0499330254521544 1.5612572064273904  2.055691393795779 1.5612351656287393  2.0614496187216429 1.5612128290402771  2.0672077002297438 1.5611901966620036  2.0700642492665127 1.5611789679115218  2.0729207658945099 1.5611676654204392  2.075777250113735 1.5611562891887543  2.0786337019241876 1.5611448392164686  2.0814901213258672 1.5611333155035816  2.0843465083187733 1.5611217180500936  2.0872028629029069 1.5611100468560046  2.0900591850782679 1.5610983019213138  2.0907705429510917 1.5610953771324576  2.0914817294318024 1.5610924475803702  2.0921929483290382 1.5610895134336635  2.0929042888723468 1.5610865747796836  2.093615725712195 1.5610836316245087  2.094327118919963 1.5610806838929538  2.0950382139879462 1.561077731428566  2.0957486418293567 1.5610747739936264  2.1184651624824915 1.5609802199152916  2.1411707051163194 1.5608786197363207  2.163864697318326 1.5607694500089051  2.1865460410507325 1.5606520848613286  2.2092131126504948 1.5605257959979753  2.2318637628293025 1.5603897526993229  2.2544953166735806 1.560243021821947  2.2771045736444862 1.5600845677985189  2.288055834719811 1.5600077937401284  2.2990019368171168 1.5599282914742756  2.3099424090366436 1.5598459142939058  2.320876780478637 1.5597605154919607  2.3318045802433378 1.5596719483613848  2.3427253374309891 1.5595800661951211  2.3536385811418343 1.5594847222861137  2.3645438404761152 1.5593857699273053  2.3699112315389295 1.5593370561204234  2.3752766698164778 1.5592874626960482  2.3806400774105447 1.5592369668656565  2.3860013764229162 1.5591855458407222  2.3913604889553803 1.559133176832721  2.3967173371097217 1.5590798370531271  2.4020718429877275 1.5590255037134162  2.407423928691184 1.5589701540250627  2.4286656443600805 1.5587504723716847  2.4498637447541114 1.5585147956953733  2.4710042266087839 1.5582616843166761  2.4921092747827061 1.5579890571098076  2.5131391270551831 1.5576952124101808  2.5341073767558555 1.5573775546581601  2.55498376334981 1.5570335759020963  2.5757532755913473 1.5566601994452183  2.5858134497099061 1.5564793460173791  2.5958483045543521 1.5562915974011053  2.6058555284245215 1.5560966112647387  2.6158325660141699 1.5558940244640109  2.6257766184109688 1.5556834530420376  2.6356846430965049 1.555464492229321  2.6455533539462821 1.5552367164437504  2.6553792212297203 1.5549996792906011  2.6602153716387553 1.5548830103011122  2.6650411808038621 1.5547641013784483  2.6698562004523083 1.5546428961493031  2.6746599823113613 1.554519338240371  2.6794520781082927 1.554393371278346  2.6842320395703698 1.5542649388899226  2.6889994184248618 1.5541339847017948  2.6937537663990376 1.5540004523406568  2.7031879560753551 1.55373547526403  2.7125727402572011 1.5534602707547833  2.7218953000890451 1.5531746405860076  2.7311574031209602 1.5528779573487554  2.7403524921433018 1.552569816811797  2.7494712878070686 1.5522498951623902  2.7585110552049943 1.5519177010905389  2.7674636845884169 1.5515729126792122  2.7762762972620347 1.5512335083711404  2.7850055886498239 1.5508818874558576  2.7936446829651378 1.5505176937257612  2.8021867521949857 1.5501406272464422  2.8106250161000226 1.5497504443566874  2.8189527422145555 1.5493469576684789  2.8271632458465437 1.5489300360669935  2.8352498900775953 1.5484996047106028  2.8432101722568111 1.5480759105959518  2.8510512486209336 1.5476390959958053  2.858764759118003 1.5471892810382997  2.8663487701942358 1.5467262155689241  2.8737954262769563 1.5462501833942497  2.8810976953080853 1.545761555189074  2.8882560652944229 1.5452603160448695  2.8952660488409556 1.5447468936374256  2.9090668995483164 1.5437360965209967  2.9222922705263272 1.5426781452216005  2.9349186017750526 1.5415756377219623  2.9469366152879957 1.5404323920456591  2.9583579134068714 1.5392520903253626  2.9692029368361545 1.5380388928061848  2.9794925472730669 1.5367976136968691  2.9892654996086665 1.5355310507815696  2.9939993117193451 1.5349175263241661  2.9986112369678981 1.5342981831029601  3.0031052132069909 1.5336733666095526  3.0074851782892886 1.533043422335546  3.0117550700674545 1.5324086957725418  3.0159188263941537 1.5317695324121432  3.0199803851220506 1.5311262777459516  3.0239436841038088 1.5304792772655682  3.031746769223211 1.5292053724014865  3.0391682923054759 1.5279167899038839  3.0462342645512308 1.526616555095643  3.0529815146001056 1.5253051319705264  3.0594356646374763 1.5239842065458333  3.0656179302911823 1.5226555710381149  3.0715545778607614 1.5213195685174621  3.0772628724217443 1.5199775576958781  3.0827927603427718 1.5186774652331805  3.08810928392767 1.5173716394255228  3.0932299236290617 1.5160609101170641  3.0981706969829887 1.5147459905357061  3.1029461586089218 1.5134274772930967  3.1075694002097527 1.5121058503846252  3.1120520505718017 1.5107814731894267  3.1164042755648125 1.5094545924703806  3.1206204946047365 1.5081692141943677  3.1247156298268237 1.5068811641904176  3.128693875099998 1.5055924280677573  3.1325785426306538 1.5042984939937014  3.1363554266572464 1.503006433005794  3.1400475194895989 1.5017113155372499  3.1436534736312751 1.5004156002732998  3.1471808998127635 1.4991187692706556  3.1540151854884693 1.4966061728121784  3.1605537044322345 1.4940897631102974  3.1668357946905328 1.4915705144192573  3.1728936336980222 1.489049220262276  3.1787534881490922 1.4865265177786355  3.1844369638694241 1.4840029120707652  3.1899622556875453 1.4814788005513269  3.1953453973063826 1.4789544972903013  3.2003919844703153 1.4765879275335323  3.2053137323093792 1.4742212790300313  3.2101230132962728 1.4718546844662128  3.2148308499506602 1.4694882841477057  3.2194469148391622 1.4671222259993526  3.2239795305753685 1.4647566655652129  3.2284356698198278 1.4623917660085606  3.2328209552800549 1.4600276981118849  3.2410434519529843 1.4555950600857621  3.2490195844324594 1.4511652323228534  3.2567876651592584 1.4467387889920209  3.2643788712292205 1.4423161963156923  3.2718182502590158 1.4378978183650728  3.2791257262519213 1.4334839228553575  3.2863171054635885 1.4290746869409436  3.2934050822678209 1.4246702030106455  3.2996068898077158 1.420816274677011  3.3057299091380283 1.416966016938487  3.3117822006724316 1.413119502201525  3.3177723643394597 1.4092768468559274  3.3237071916490941 1.4054381290191176  3.3295911313230868 1.4016033671048636  3.3354275684890244 1.3977725592164534  3.3412219174381335 1.3939457833643198  3.3513621438309258 1.3872489322613029  3.3613700583127866 1.3805642969594487  3.3712779007705649 1.3738925099471544  3.3810837592845928 1.3672329199407613  3.3908076012307902 1.3605859482654523  3.4004683102169793 1.3539520391402675  3.4100578620600084 1.3473305254831338  3.4195887730102825 1.3407217318518005  3.4267369178221703 1.3357651343960628  3.4338510661957269 1.3308156483077735  3.4409355003834405 1.3258733563171399  3.4479903410519266 1.3209381683305341  3.4550156530435343 1.3160100014545821  3.462013047748191 1.3110888517243444  3.4689847820854847 1.3061747575355933  3.4759303540969859 1.3012676547811837  3.4863486413250939 1.2939069896751789  3.4967088762568892 1.2865620675511309  3.5070085116021801 1.2792324594556703  3.5172474091232289 1.2719178207480581  3.5274439640052151 1.2646196507994318  3.5375628831243375 1.2573346497047169  3.5476264972858189 1.2500645711024845  3.5576234770918633 1.2428081760544039  3.5676206610260124 1.2355518005774684  3.5775527399746352 1.2283092185789428  3.5874201173428446 1.2210804187925532  3.5972064077504911 1.2138630710687721  3.6069567055092193 1.2066622595011722  3.616610485012643 1.1994710194339859  3.626186255212815 1.1922909167114994  3.6356692352530211 1.1851198017031574 
 0 9 0.0301566138174186 7 0.059370833453042858 7 0.073521471089048371 7 0.10138053893493421 7 0.11487477492278515 8 0.12815816347332593 8 0.14123399907776452 8 0.15410552475088374 8 0.17944634091983724 8 0.19172079875167408 8 0.21588613760810288 8 0.23929630962526824 8 0.26197491376689719 8 0.30591470929130332 8 0.31106390407931961 8 0.31361838743118708 8 0.31425451365650564 8 0.33459067392215847 8 0.34444100155083401 8 0.34928920968057275 8 0.36853053569547345 8 0.37785055298394099 8 0.38243774899310862 8 0.39154046607380055 8 0.4005009532001067 8 0.40932143271506433 8 0.42668675176013715 8 0.43509807817259427 8 0.45165787704711935 8 0.46770018220681547 8 0.48324116533027106 8 0.51335182013196634 8 0.54158055900855562 8 0.59450944440216058 8 0.6408222191215649 8 0.72186957488052239 8 0.78265509169974057 8 0.87383336692856783 8 0.9650116421573951 9
8 0 0.9650116421573951
7 0 0  8 111 15  0.19072363360391062 0.92427425032108623  0.19413367614754448 0.92462492581283828  0.19756039274667164 0.92495522187660684  0.20100232932797016 0.92526495657024654  0.20445571793515124 0.92555388788610227  0.20791628796719661 0.92582177615111461  0.21137886615712251 0.92606840202460794  0.21483476529127021 0.92629354009375386  0.22148476526297145 0.92668753215684774  0.224679363650921 0.92685892395093106  0.22784761795264785 0.92701134507660754  0.23094010990098468 0.9271432733439724  0.23396518385015952 0.92725641382276081  0.2368246631058355 0.92734834772272734  0.23943065959986143 0.92742143132227284  0.2439122609070723 0.92753187367506129  0.24582626573565136 0.92757127222583335  0.24744859880445347 0.92759897683578174  0.24880850796807863 0.92761900941968634  0.24996478607877748 0.92763405146308742  0.25096774833333768 0.92764548125080637  0.25184307029329223 0.9276543751716213  0.25262050534418373 0.92766138801500375  0.25407790631465421 0.92767453006559553  0.25518624546044322 0.92768109255774789  0.2561151391662122 0.92768532974781692  0.25692812025386047 0.92768796249220031  0.25766544250035395 0.92768942650798181  0.2583587121787474 0.92769017965912326  0.25902410306972373 0.92769015690212331  0.25968091139097399 0.9276894615250616  0.25996815473507062 0.9276891502818726  0.26025382059146834 0.92768871617463688  0.26053915949100726 0.9276881522306617  0.26082542196452735 0.92768745147725618  0.26111385854286862 0.92768660694172789  0.26140571975687116 0.92768561165138541  0.26170225613737491 0.92768445863353699  0.26200471821521992 0.92768314091549076  0.26214620959612756 0.92768252155381936  0.26228930277581847 0.92768186320346546  0.26243933847607342 0.92768113887606662  0.26259536873611672 0.92768034822427137  0.26275626373157379 0.92767949095020552  0.26292319282778975 0.92767855579391523  0.26309847986750862 0.92767752510178136  0.26328083269291341 0.92767639497490795  0.26363438445738724 0.92767420165970838  0.26401730024683517 0.92767163386233353  0.26443472037119098 0.92766857582830187  0.26489302684911564 0.92766491706810383  0.26540072705854262 0.92766049984731791  0.26596933738722373 0.92765506667672937  0.26661426688327483 0.92764820780244694  0.26735570090572169 0.92763930869602063  0.26805087216378137 0.92763096075867568  0.26882980953148206 0.92762082514386179  0.26971222083901125 0.92760830867047162  0.27071344323121593 0.92759275765729399  0.27185937648329173 0.92757310035449336  0.27316966069697912 0.92754791748910748  0.27463929521230523 0.92751582061197491  0.27624889556990956 0.92747601793350387  0.2777581237531116 0.92743869440589544  0.27938931917545062 0.92739463374081765  0.28113139279579968 0.92734297864620885  0.28295108052680007 0.92728365302900784  0.28482888703257458 0.92721650201622197  0.28675157487437275 0.9271415303102799  0.2887001809489152 0.92705912163530158  0.2906725421642043 0.92696912203091741  0.2925214338697012 0.92688475739956144  0.29439043501850554 0.92679374100779566  0.29627265695774541 0.92669615908177616  0.29816335419165418 0.92659208671711657  0.3000594454710438 0.92648158375836542  0.30195903488277803 0.92636469067848359  0.30386093293924565 0.92624142445832147  0.30576417766783365 0.92611177446609705  0.30933225800924019 0.92586871728635201  0.31290231315440392 0.92560343049333416  0.31646706866776203 0.92531610834956635  0.32002139085180992 0.92500696474891586  0.3235617976769351 0.92467621927181776  0.32708596971125192 0.92432408324050097  0.33059226105043549 0.92395074577421177  0.33407921024755577 0.92355635984443996  0.34628323876620215 0.92217606008109954  0.35824440799840185 0.92053863554237514  0.36989757159283032 0.91865310411617418  0.3812108752652697 0.91653012897069175  0.39217157168137873 0.91418151821217664  0.40277668489814561 0.91161969949016264  0.41302852436402032 0.90885716955016382  0.42293504847772884 0.90590591873383708  0.42788833640869572 0.90443018452310442  0.43275499373195392 0.90290742758174347  0.43753609530306403 0.90133902294275536  0.44223271597758701 0.89972634563914189  0.44684593061108369 0.89807077070390617  0.45137681405911473 0.89637367317004946  0.45582644117724103 0.89463642807057397  0.46019588682102347 0.89286041043848219  0.464565185708053 0.89108423725919894  0.46885481856348876 0.88926922586256163  0.4730640477674361 0.88741614198120355  0.47719567801997947 0.88552648676293955  0.48125192044029014 0.88360160867261417  0.48523278224664307 0.8816423173864848  0.48913698201734451 0.87964899967914567  0.49296539053256933 0.87762223730299216 
 0 9 0.060313227634837187 7 0.11685687854249707 7 0.1698665512684282 8 0.2692596876295491 8 0.31274418478753946 8 0.3331275428303474 8 0.37262029903828786 8 0.40964475798323208 8 0.44435518824411724 8 0.47689621661369708 8 0.53791064480665929 8 0.75146114348202719 8 0.8582363928197112 8 0.9650116421573951 9
8 0.49612018740739777 0.71771444693419573
7 0 0  6 13 3  3.4511281647060028 0.97535104477934853  3.4604063470169422 0.99331364673633971  3.4704581398841583 1.0112141561976387  3.4813846025363091 1.0290391301437012  3.4933347011701699 1.0467995661733767  3.5064614940233696 1.0644584003777027  3.5210117257879978 1.0820094823198929  3.5355620804375363 1.0995603218982102  3.5515331821607297 1.1170012683530171  3.5691686621073586 1.134313271077076  3.588767535620017 1.151469033189547  3.6107409995632866 1.168426075594484  3.6356692296529083 1.1851198010393329 
 0.49612018740739777 7 0.60691731717079678 6 0.71771444693419573 7
8 0.49612018740739777 0.71771444693419573
7 0 0  8 58 9  5.9523388278025209 8.7103153935862156  6.3392179976466423 8.9203294849292956  6.717629359004917 9.1459910009915415  7.0868974668001954 9.3867660753579205  7.4464044471237969 9.6420857975355521  7.7955847998642582 9.9113535558226662  8.1339212545191231 10.193950839817363  8.4609416791895455 10.489241502566204  9.2029277008367103 11.212535490437363  9.6081175689282645 11.650550525221485  9.9907510524602401 12.109031216079257  10.349939001449968 12.586357691179737  10.684919117214889 13.080892923431014  10.995044376649901 13.590988367732832  11.279773518569783 14.114990077628024  11.723429935222526 15.033932781000727  11.894967226923598 15.422728899565817  12.053203017963369 15.817148787679587  12.198006606235936 16.216620627270181  12.329222172357447 16.620443683184646  12.446701236738022 17.02777340059356  12.550331585407747 17.437565199863748  12.659380755031805 17.936793430317024  12.678023690157517 18.025123974430912  12.696024137832893 18.113482952296842  12.713381465779406 18.201852183444338  12.730095117438651 18.290211163604418  12.746164749102491 18.378537062312034  12.761590367043482 18.466804720508605  12.796386861693691 18.674381618993728  12.815221236887282 18.793617609424849  12.832876965825818 18.912626805032012  12.849356041649372 19.031328139921264  12.864662361605724 19.14962784444517  12.87880283007695 19.26742087290048  12.891788278065633 19.384593211188886  12.905430875728399 19.518684340033047  12.907201579389096 19.536328733316687  12.908946995664849 19.55396458640088  12.910667607413671 19.57159627506369  12.912363694808789 19.589226208752251  12.914035335338497 19.606854830582684  12.915682403806301 19.624480617340154  12.922189233213146 19.695155662897598  12.926850246701292 19.748174639973477  12.931288626445678 19.801158222912179  12.935505343943163 19.854108085334659  12.939501328537261 19.907026362277101  12.943277467418028 19.959915650190929  12.946834605622087 20.012779006942807  12.954011565062132 20.126359146595483  12.957561255953067 20.187068660549386  12.960823797645304 20.247753877450542  12.96380022687066 20.308420899506508  12.966491412797893 20.369076461070016  12.968898031678037 20.429727842350651  12.971020541489565 20.49038278312662  12.972859156583525 20.551049396456506 
 0 9 0.2423466187762405 7 0.57035158564342014 7 0.80444189339623895 7 0.85473355689966801 7 0.92282655349124665 7 0.93315425127431273 7 0.96425293220682684 7 1 9
8 8.7103153935862139 10.15359336500136
7 0 0  1 2 2  0 8.7103153935862156  0 10.153593365001361 
 8.7103153935862139 2 10.15359336500136 2
8 8.7103153935862139 10.15359336500136
7 0 0  1 2 2  8.7103153935862156 0  10.153593365001361 0 
 8.7103153935862139 2 10.15359336500136 2
8 0 0.76867841523040015
7 0 0  8 58 9  0 10.153593365001365  0.20520267563134098 10.18010136898989  0.41012647659448476 10.208769210554122  0.61474194495679058 10.239618542981264  0.81902685325422908 10.272611683003797  1.0229522787812471 10.307763939823991  1.2264947091776435 10.345049901380351  1.4296273430306314 10.384469065221024  2.1919207976893915 10.540709958320219  2.7481684214291704 10.671606293030452  3.3005731673628702 10.818592678343263  3.8485488674140242 10.981707460708611  4.3914322135679242 11.161110722423109  4.9285015515760051 11.35701287344598  5.4589831612845785 11.569639005338258  6.50995153392833 12.031120742334208  7.0301897398309166 12.280246370536899  7.5419209646668151 12.547020196113637  8.0441182533923552 12.831798866588867  8.5355311192286365 13.134987118272774  9.0146913613448305 13.457034288781047  9.4799305402720222 13.798410523618889  10.262635978376011 14.427341393657519  10.587132478369114 14.705928896436737  10.902134505238052 14.99551147010669  11.206768113005722 15.296207764413763  11.500054812002389 15.608088119815397  11.780939326880912 15.931103971282377  12.048197273940957 16.265214588322436  12.43725210658306 16.797407461188286  12.569612538322843 16.987714755462413  12.697339816516887 17.181222829652917  12.820214273934965 17.377892908332541  12.937941940219332 17.577694008949507  13.050294601075421 17.780547100559083  13.156951339305664 17.986387873640886  13.308217916237908 18.299960799387357  13.357290269922856 18.405536840373941  13.404818964858066 18.511825044225233  13.450767980151653 18.618809566042572  13.495100855683546 18.726472830782932  13.537780912396641 18.834795385792738  13.578772779171601 18.943755287010035  13.654337754237105 19.154584654461544  13.689161785729226 19.256363421781778  13.722489924601092 19.358645458783712  13.754304000337527 19.461407439615414  13.784577272758014 19.564626202325236  13.813284553250412 19.668275649502533  13.840411765645797 19.772323203338551  13.886394208559636 19.960418152667337  13.905816963638785 20.044313363205767  13.924200492195723 20.128422771760199  13.941538990736206 20.212732221360071  13.957813783102154 20.297212094093858  13.973007797382735 20.381812130395353  13.987100755601034 20.466456887494168  13.999999999999915 20.551049396456492 
 0 9 0.089027684580873331 7 0.33481127329434224 7 0.58288669223724132 7 0.76681331066671909 7 0.8665238661859529 7 0.91661258560797343 7 0.96290066754084547 7 1 9
8 0 0.76867841523040015
7 0 0  6 31 6  0.49719770466804536 0.44006657040920633  0.49754001465376518 0.44477473007556512  0.49785212369636156 0.44947643967412887  0.49811362053139874 0.45416569357803382  0.49834955432811512 0.45884860223964097  0.4985523040794817 0.46352270415894736  0.49873015214568067 0.46818977617429564  0.49939652299084103 0.48569117300551851  0.49969997056279897 0.5030904500213017  0.49983309783308982 0.52041653960156964  0.49991253877972025 0.53768942293056909  0.50000160173890629 0.55492113492220063  0.50013291275681115 0.57211676914535026  0.50023130751294076 0.58501350909290251  0.50035316134688423 0.59789060851236309  0.50051121020223377 0.61074966636904549  0.50070726615613859 0.6235937379514761  0.50093431227474883 0.63642445413819426  0.50117859746866034 0.64923914066455202  0.50154493717932669 0.66846150211899824  0.50195052551001618 0.68765077747287029  0.50234720095423313 0.70681137213868794  0.50265550779774293 0.72593910828114383  0.50276783094954591 0.74502790014564602  0.5025515307728512 0.76407642938686182  0.5023353253682501 0.78312527898540907  0.50178826545356969 0.80213387967842209  0.50078292655121004 0.82108953234455839  0.49913418411676957 0.83999972489004904  0.49666794369679224 0.85885152324107139  0.49296539002618334 0.87762223665852435 
 0 7 0.048042400951900009 6 0.22820140452152504 6 0.36332065719874385 6 0.565999536214572 6 0.76867841523040015 7
8 31.847403804669618 33.290646350280085
7 0 0  1 2 2  31.847403804669618 8.9000000000000007e-16  33.290646350280092 0 
 31.847403804669618 2 33.290646350280085 2
8 31.847403804669618 33.290646350280085
7 0 0  1 2 2  0 31.847403804669618  0 33.290646350280092 
 31.847403804669618 2 33.290646350280085 2
8 0 1
7 0 0  8 191 28  10.153593365001365 0  10.158737230231297 0.072423583009611825  10.164589966192912 0.14479672694336454  10.171151232281423 0.21711133853926512  10.178415981086461 0.28935990334039374  10.186380526982747 0.36153471597462072  10.195044851836508 0.43362762598054694  10.20441114782791 0.50563029917966418  10.226518737235521 0.66352922611578435  10.23956161048647 0.74938276910740598  10.253608048472552 0.83508151727428981  10.268657885129228 0.92061149249760099  10.284710343369087 1.0059587648225055  10.301764421453976 1.0911093724456951  10.319819279367122 1.1760492417028932  10.363127313911308 1.368584940091309  10.388999585647435 1.4760414470140883  10.416480037121856 1.5831064434431905  10.445557509753792 1.6897529213238425  10.476220879581321 1.7959541153524929  10.508458847189287 1.9016835694012642  10.542259727637132 2.0069152029424266  10.60538771648873 2.193894937621403  10.634121714687227 2.2758425830688873  10.663805910140356 2.3574547041482106  10.694432889202675 2.4387197507701961  10.725995149425147 2.5196262324235974  10.758485099555207 2.6001627181750928  10.791895059536733 2.6803178366692899  10.876139820799784 2.8760968799551723  10.927993495815555 2.9912826965734638  10.98174760688662 3.1056057286629839  11.037405768873699 3.2190207394854582  11.09489976672806 3.3315154037837313  11.154230753388445 3.4430459340948723  11.215355980641926 3.5535899638094222  11.345076420847599 3.7794880791506795  11.413899002744822 3.8947121559769045  11.484685859081273 4.0087535252431099  11.557409181149756 4.1215793585442739  11.632012349897066 4.2331679191188751  11.708475345890561 4.3434843205349267  11.786750837339548 4.4525052346384637  11.965695104227548 4.6932383887439055  12.067298662194853 4.8242547989616487  12.17155313022157 4.9532015483106644  12.278369767146616 5.0800440898149155  12.387691239957251 5.2047361174611879  12.499430266917175 5.3272467858759676  12.613532057800688 5.4475314977891429  12.846295482830334 5.6835969605020207  12.964957941873573 5.7993769358405824  13.085831542266886 5.9128759681800549  13.208840452284855 6.0240695293416149  13.333919661444417 6.1329265702832458  13.461002551628701 6.2394217909476559  13.590011500814255 6.343543870853475  13.882908033019513 6.5712159873928684  14.047786403470463 6.6934906806748184  14.215384993216796 6.8120641040351231  14.385591692558188 6.9268916520442847  14.558261632202898 7.0379732797385213  14.733284458611356 7.1452769165355132  14.910539490150503 7.2487843650469657  15.26927770397832 7.4481820476569762  15.450760436515823 7.5440717180348589  15.634241939855331 7.6361442001987481  15.819610208333517 7.72438656400311  16.006755632810517 7.808789389531535  16.195569891491509 7.8893491703614966  16.385946706298476 7.966066098863207  16.703214813313636 8.0865829727784906  16.829269557594586 8.1325847141895249  16.955920249347606 8.1769418769814077  17.083138685589169 8.2196545709524553  17.210896996584765 8.2607233841987018  17.339167733794106 8.3001491708290764  17.467923957816325 8.3379328386806293  17.80236129234126 8.4314769276182258  18.008740438784358 8.4847385839798477  18.216172281769929 8.5338616278966395  18.424551064464474 8.5788591531067926  18.633774950849755 8.6197406590942354  18.843744865421741 8.6565144846530213  19.054362651885342 8.6891927503742714  19.367207220368925 8.7315494427045515  19.469008605724987 8.7443679993145054  19.570927759449731 8.7562393053855612  19.672953911050946 8.7671661004996633  19.775076560665156 8.7771494741067091  19.877285539208799 8.7861884544926614  19.979570708074064 8.7942836600732459  20.19214476216186 8.8091572218457888  20.302444045765291 8.815785308164271  20.412806148449036 8.8213370276946339  20.523218394260731 8.8258200937129754  20.633668432026035 8.8292421770455309  20.744144235348735 8.8316109060686916  20.85463410261071 8.8329338667090145  21.091403491783339 8.8335440137569012  21.217683851094414 8.8325156815184034  21.34395091528804 8.8301264483220336  21.470187243194793 8.8263638476863786  21.596374889324544 8.8212148918912394  21.722495440950794 8.8146682569142918  21.848529975047917 8.8067138644673406  22.108258584341108 8.7873799729694255  22.24193861835159 8.7758180568136197  22.375475484634549 8.7626336444952653  22.508847044580456 8.7478461123131357  22.642029411157516 8.7314317188200743  22.774999003250095 8.7134040640888717  22.90773199143554 8.6937521651746028  23.196054277745311 8.647445950638966  23.351543475373603 8.6201673567542336  23.506632277421943 8.5906368583049026  23.661280565716083 8.5588503054064677  23.815447422961597 8.5248034547351939  23.969091208257865 8.4884922543480794  24.122169632612056 8.4499131285027893  24.427110739731894 8.3682132079871412  24.578973272981457 8.3250927122205933  24.730184983566652 8.2797004673555943  24.880702318124904 8.2320348717653058  25.030480774672512 8.1820944291311175  25.179475056710949 8.1298781475553579  25.327639227333179 8.0753859386740032  25.666402156405127 7.9448214917082112  25.856395126141841 7.8671791265824371  26.044805242482283 7.7856964865327996  26.231523086746016 7.7003698516628507  26.416441852924571 7.6112062780838343  26.599453102511475 7.5182181227934013  26.78044105765472 7.421413814875061  27.138141815126438 7.2201955621795246  27.314853912551875 7.115781295314429  27.489310108961398 7.0075766635205774  27.661390876931023 6.8955993551513863  27.830981612507827 6.7798814055190686  27.997939184185242 6.6604215024548079  28.16215263792941 6.5372706033271779  28.453799937132217 6.3080288074407118  28.582234045716753 6.2032111202307991  28.708724230709883 6.0960257921090051  28.833193622118102 5.9864839185926986  28.955576560297111 5.8746133207353157  29.075807742314908 5.7604462448226528  29.193809971011135 5.6440047862485532  29.425218356218338 5.4066335769277991  29.538623665459603 5.2857033122586436  29.649654305938725 5.1625587358749261  29.758241981978884 5.037239270538425  29.864318228092777 4.9097852898915644  29.967807596130825 4.7802344470257765  30.068629946266036 4.6486256164640984  30.232118910512405 4.4259327789876846  30.296302006929835 4.3359629245560658  30.359250276294695 4.2451163432254209  30.420944154756334 4.1534087361313397  30.481363002789408 4.0608557539931063  30.540484612019576 3.9674727900240701  30.598286915324856 3.8732758954935278  30.695084853984177 3.7104309515985445  30.734735762787373 3.6421720087613938  30.773697690563701 3.5735141030156594  30.811963702292758 3.5044643493284173  30.849526863992516 3.4350298640467987  30.886380242719369 3.3652177648979862  30.922516906568113 3.2950351709892196  31.014592178423968 3.1116128154141922  31.06940236700774 2.9978071215905704  31.122326892677592 2.8830995948697966  31.173344136466277 2.7675242876265074  31.222434063960719 2.6511167829695141  31.269573412202256 2.5339118410229897  31.314736457711177 2.4159437395963419  31.403765651055764 2.1711321577606046  31.447374008293011 2.0441951849989266  31.48869347880381 1.9164791967593535  31.527712061481857 1.7880337146000143  31.564407791831101 1.6589050827970233  31.598755168433655 1.5291390453396172  31.630737072041534 1.3987852751683505  31.695692024990883 1.1114829554635737  31.727643517449344 0.95430462532626148  31.756171621203833 0.79644477765817001  31.781294643915267 0.63799279442762735  31.802963687712406 0.47903388185973661  31.821227426124544 0.31965830331662026  31.836043476163226 0.15995226607915303  31.847403804669632 8.9000000000000007e-16 
 0 9 0.018868231433341959 7 0.041433643231618418 7 0.070153767943083506 7 0.092719813796413003 7 0.12554273169408675 7 0.16041655401070554 7 0.20349479594958414 7 0.24657160793811889 7 0.29990337980394094 7 0.35323365190375361 7 0.38810288030147688 7 0.4434827603183189 7 0.47014656876569677 7 0.49886137457673679 7 0.53167819930312876 7 0.5665461092506604 7 0.6075674462620102 7 0.64858897252971581 7 0.70191733720439897 7 0.75524672699177131 7 0.79832141155332037 7 0.84139763940312595 7 0.87011596862357976 7 0.89062947884817301 7 0.92345192053554392 7 0.95832695922080935 7 1 9
8 0 1
7 0 0  8 25 4  0.49719770466804553 0.44006657040920677  0.48196424793570869 0.44006656939013472  0.46673046317878103 0.4400665715584362  0.45149780851415861 0.44006657083442141  0.43626514617303819 0.44006656957786755  0.42103155138182502 0.44006657005507521  0.40579735451542692 0.44006657113632613  0.39056341652293475 0.44006657022374707  0.3753286376256893 0.44006657040957664  0.35247680403904269 0.44006657041336439  0.32962394734931877 0.44006657042609731  0.30677016143090441 0.44006657018690021  0.28391807369553135 0.44006657096542767  0.26106299032471725 0.44006656928104348  0.23820837428138475 0.44006657119825832  0.21535471837717068 0.44006657011937023  0.19250077465343352 0.44006657042565961  0.16964674995492146 0.44006657034424279  0.14679369311284063 0.44006657063346211  0.12393875139332522 0.44006656999408733  0.10108764330470876 0.44006657094723778  0.078234288098883553 0.44006656889177975  0.0553848677084261 0.4400665718367236  0.032535295862743403 0.44006656980400294  0.0096867233016806591 0.44006657040920594 
 0 9 0.25 8 0.625 8 1 9
8 0 0.75851055125069922
7 0 0  8 79 12  0 31.847403804669632  0.027191877290789531 31.843634758672287  0.05438282489831181 31.839858987518149  0.081573050806582614 31.836077995658769  0.10876275585735584 31.832293232817193  0.1359521337502656 31.828506093988004  0.16314137104268411 31.824717919437326  0.19033064714977854 31.82092999470273  0.24890606594556175 31.812772704060862  0.28029744930336165 31.808402101282631  0.31169401135031194 31.804030533748481  0.34309548138296009 31.799656806822725  0.37450159106194292 31.795279739744146  0.40591207441218558 31.790898165626125  0.43732666782264573 31.786510931456526  0.5316425434426435 31.77332036329328  0.59453654436322267 31.764499211817416  0.6574258259475414 31.755644226226551  0.72030910526197545 31.746746428043068  0.78318510330009872 31.737797077755339  0.84605254498259796 31.728787674817774  0.90891015915738649 31.719709957650764  1.2473800880174792 31.67040934343904  1.5227882119224034 31.628794393022154  1.7978766573969835 31.585034270296063  2.072532008773635 31.53853673321828  2.3466311798901245 31.488790144705433  2.6200407663449425 31.435359537540826  2.8926163977531019 31.377882679281939  3.5561505828808038 31.226853409075012  3.9460852735579408 31.12859187035351  4.3334780397078987 31.020410181135581  4.7178455743270433 30.901728919387608  5.0987368187897459 30.772223094446005  5.475720174283083 30.631783160646307  5.8483704916197325 30.480474531045559  6.5578975656090677 30.168071648207679  6.8954743728673691 30.008425981049001  7.2286955484561588 29.839689226970336  7.5573131864247216 29.662060604201798  7.8811032117887123 29.475773258179707  8.1998485345753807 29.28106364142748  8.5133243337443218 29.078144927133387  9.3318166845972428 28.517458818636072  9.8267609701828746 28.145927931961253  10.305614407468454 27.753027102076913  10.767134820566241 27.339036361092155  11.209247511011881 26.903984906558527  11.62898155966738 26.447577207352893  12.022286523148495 25.96900097964231  12.536083045447612 25.256418782561802  12.682380463687394 25.041736715780367  12.822691842027922 24.822994577298225  12.956574492812479 24.600190645283256  13.083558581568013 24.373358601424734  13.203160964676044 24.142576311947273  13.31490629542651 23.907978741289249  13.474011742339712 23.541667741068672  13.527259234333911 23.412516616836548  13.57804220668703 23.282359821302116  13.626299502360126 23.151237305186619  13.671973014298032 23.019195033836297  13.715010953914486 22.886285530183059  13.755371894296985 22.752569088729523  13.815631707061243 22.537384391636692  13.837262053979572 22.456390950177052  13.857908059565801 22.375146843433349  13.877564695915709 22.293667650387725  13.896227822890552 22.211973203540119  13.913893844938258 22.130088047214848  13.930559891907421 22.048042572783473  13.953767402046111 21.926309185649977  13.961077744049419 21.886717090017569  13.968154968239759 21.847102072480268  13.974998697741881 21.807469689217186  13.981608076544262 21.767827559974386  13.987981085613711 21.728185404026675  13.994113859009843 21.688555076139572  13.999999999999886 21.648950602531102 
 0 9 0.011850935490743579 7 0.025530952625903349 7 0.05291735073199088 7 0.17302475659455233 7 0.34636200540814421 7 0.50733399640674892 7 0.77418982977282724 7 0.88618377109384638 7 0.94641759944260784 7 0.98258470993992675 7 1 9
8 0 0.75851055125069922
7 0 0  7 43 7  0.0096867233016806695 0.44006657040920577  0.0095850258389020802 0.44403047784368255  0.0094878102526223494 0.44799524534482771  0.0093991973070757205 0.45194375137634779  0.0093161730405171301 0.45591907870220894  0.0092394845155609993 0.4598708790595083  0.0091688003138710207 0.46382903107473794  0.0091036722939182892 0.46778333853321674  0.0088594839913134094 0.48261281300772041  0.0086943296535404793 0.497414225633593  0.0085936885695794309 0.51219958467532123  0.0085464998780232296 0.52697005700913124  0.0085441599160253501 0.54172345465423177  0.0085800020367297804 0.55645512423297017  0.0086492588951837205 0.57115223935990167  0.0087012023958737 0.58217507626134724  0.0087719312426400992 0.59317925470506505  0.0088594459078916495 0.60416098705370469  0.0089623129611327498 0.61511685603874355  0.0090796650689633895 0.62604381476048687  0.0092112009950792197 0.63693918668806793  0.0093571856002714702 0.64780066565944672  0.0094666721941661595 0.65594711540193162  0.0095843140915991606 0.66407535784038296  0.0097102080054106907 0.67218520883705979  0.0098446701844980694 0.68027687734687969  0.0099882364138156807 0.68835096541741803  0.01014166201437495 0.69640846818890856  0.010305921843244401 0.70445077389424238  0.0104291186305652 0.71048239369004784  0.01055844082475994 0.71650613052373402  0.01069424893498448 0.72252003317700131  0.01083715985409154 0.72852854024368496  0.010987762325178429 0.73453129279669482  0.011146661105393091 0.74052418872826575  0.0113148498269983 0.74651267876351646  0.01181946510847531 0.764477764166827  0.012406965699781841 0.78239394629508752  0.013104132678677161 0.80029796640792483  0.01393994473826865 0.81821557395505806  0.01498622298161933 0.83615950698003871  0.016311324910102339 0.85412997595608431  0.018183256126533608 0.87209747953031591 
 0 8 0.047406909453168701 7 0.22518281990255135 7 0.35851475273958833 7 0.45851370236736605 7 0.53351291458819938 7 0.75851055125069922 8
Curves 15
8 0.062429113731313407 1
7 0 0  8 37 6  16.030704588389497 -0.6113055518560836 147.04079638638365  15.983782599301612 -0.53454636888751117 147.09261883908681  15.93619069896717 -0.45761885061625635 147.14355751257128  15.88791135965795 -0.38055569286024643 147.19361418580252  15.838924161835022 -0.3033924238990286 147.24279210328632  15.789211256042506 -0.2261639599605488 147.29109400043637  15.738749903570799 -0.14890992402675959 147.33852475590888  15.68750846403441 -0.071677380924628498 147.38509290841228  15.615983418167561 0.034371073868132061 147.44791353710485  15.59639185134705 0.063242627670362012 147.46490193717489  15.576686062548992 0.092102632329763942 147.48177087480809  15.556864598162328 0.12094865217907444 147.49852076643617  15.53692598596378 0.14977820329158953 147.51515204582594  15.516868735117839 0.17858875348118292 147.53166516407998  15.496691336176744 0.20737772230229767 147.54806058963641  15.442638206446361 0.28397358831483055 147.59140683370632  15.408548154613635 0.33173803138073354 147.61815061904227  15.374111919465298 0.37942124085442952 147.64457345302978  15.339328208889022 0.4270154020804825 147.67067578174937  15.304192440441753 0.47450977820162243 147.69645919599986  15.268698536199622 0.52189216382076742 147.72192586231307  15.232843234038413 0.56915232498969981 147.74707712647972  15.145697502010265 0.68253233534935398 147.80683443805498  15.094048655287308 0.74852053199695345 147.84113462501085  15.041667023402251 0.8142153189410517 147.87481925135842  14.988527534489675 0.87957132500516444 147.90789770809894  14.934629457327436 0.94456612446549237 147.94037235076928  14.87996538589992 1.0091659511998379 147.97224733556476  14.824524467554351 1.0733359456354379 148.00352893526318  14.717213748051394 1.1949290671487605 148.06211089148812  14.665479759862711 1.2524326475752057 148.08951412251952  14.613097092337295 1.309529967521603 148.11643431496049  14.560046073350257 1.3661813746307625 148.14288054851016  14.506350390739517 1.4223855180513287 148.16884769183454  14.451991050319595 1.4781006853498424 148.19434508658372  14.396978220869885 1.5333107527349092 148.21937272817721  14.341310232718593 1.587987654097994 148.2439348823238 
 0 9 0.27273767825507078 7 0.37481218993516585 7 0.544545472248258 7 0.78317231319731584 7 1 9
8 0 0.99284424159583862
7 0 0  8 205 30  14.341310232718474 1.5879876540979563 148.24393488232391  14.303847911177614 1.6247830338564471 148.26046422788951  14.2660811326447 1.6613451950339051 148.27678621863186  14.228008900929886 1.6976659647394958 148.29290213987716  14.189631515662178 1.7337383661046566 148.30881289800868  14.150950084833788 1.7695561031664495 148.32451918205282  14.111966037344466 1.8051130457509355 148.34002162526539  14.072680635545838 1.8404027143565349 148.35532096671795  13.977029040191791 1.9250097591682274 148.39180029736005  13.920359876902618 1.9740505979736287 148.41277716895695  13.863095059526696 2.0225262539040085 148.43334953502097  13.805229732014775 2.0704070902383895 148.45352272861723  13.746774263129929 2.1176808423161031 148.47329714589489  13.687741796872279 2.164337779995412 148.49267243147446  13.628133858618126 2.2103537373862121 148.51165235100143  13.511368058639176 2.298382720497183 148.54771754583021  13.454275029200348 2.3404712349070329 148.56484841627423  13.396687883938663 2.381964665635282 148.58163222472723  13.33861663441027 2.4228527631883683 148.59806947919049  13.28007235693736 2.4631263108808183 148.61416047078529  13.221065069206759 2.5027742465483991 148.62990600886874  13.161604122735325 2.5417841971709509 148.64530729276348  13.032273006474044 2.6246084951994506 148.67781684405355  12.962250234646538 2.6681992658191596 148.69480742260072  12.891650147377128 2.7109024756015274 148.71133784759289  12.820494489658596 2.7527081892153671 148.72740795196358  12.748804297392414 2.7936045299979773 148.74301813981316  12.676598749808512 2.8335758309506254 148.75816983446853  12.603897976731798 2.8726072053922609 148.77286444451897  12.460957048617558 2.9470159360840205 148.80067664441532  12.390759179695516 2.9824788200627905 148.81383578841971  12.320153306938078 3.0170694433847376 148.82658001716439  12.249172408858565 3.050801351494516 148.83890505809802  12.177816619225712 3.0836259293568853 148.85082014888863  12.106132386000938 3.1155812552613389 148.86231624892088  12.034131842186783 3.1466388021630385 148.87339860166696  11.893259351891524 3.2054215519666394 148.8941867840345  11.824415581264022 3.2332349968502347 148.90393423629286  11.755332852262699 3.2602356970924093 148.9133093084933  11.686034967942751 3.2864241416445137 148.92231170776472  11.616546362351178 3.3118012184948808 148.93094128417229  11.546890616252732 3.3363651404667314 148.9391986904709  11.477090928647819 3.360112802806583 148.94708516136083  11.338600171357962 3.4055365993108189 148.96197300019151  11.269914348191133 3.4272460879825362 148.96898807976694  11.201137002836056 3.4481694998732748 148.97564836800925  11.13229601838178 3.4683193805345547 148.98195280237974  11.063412540334241 3.4876898543271215 148.98790410546729  10.994508082545291 3.5062776550518278 148.99350495156267  10.92561106182043 3.5241015735946242 148.99875440890534  10.804302888617066 3.5541528107357001 149.00738711019886  10.75187992664484 3.5667021627709357 149.01091661211996  10.699483388648002 3.5788122708500101 149.01424476204969  10.647122708911988 3.5904859746584217 149.0173725245705  10.594806753213229 3.6017267708768892 149.02030091235386  10.542543699052333 3.6125386417139533 149.02303099454505  10.490340915887231 3.6229258834385742 149.02556390514832  10.411851748652555 3.6379308763443174 149.0290821151481  10.385515654415384 3.6428614619029798 149.03021331093842  10.359197345571024 3.6476851248803488 149.03129462212689  10.332897540206885 3.6524023582167287 149.03232622594194  10.306616891581397 3.6570137145011148 149.03330829349656  10.280355988124143 3.661519805971186 149.03424098978863  10.254115353435779 3.6659213045133088 149.03512447370073  10.20170836547841 3.6745113287556181 149.03679225739947  10.175542173947235 3.6787011188203578 149.03757650481111  10.149397499959191 3.6827899415086285 149.0383116422332  10.123274855447194 3.6867793970221148 149.03899767624179  10.097174636012339 3.6906710561123024 149.03963461799148  10.071097120923946 3.6944664600804908 149.04022248321539  10.045042473119556 3.6981671207777818 149.0407612922248  9.9878925054489436 3.7060871593781441 149.04183648825963  9.9568067736925094 3.7102646672934898 149.04235214574945  9.9257546066937419 3.714316361916373 149.04279695301045  9.8947344191135223 3.718235023127658 149.04317255555409  9.863746676471127 3.7220287293306997 149.04347804628259  9.8327915831675874 3.7257052147371623 149.04371255770974  9.8018665782612029 3.7292545026453872 149.04387813821509  9.7263919123667577 3.7376118998385874 149.04411549270685  9.6818738548494281 3.7422830062844832 149.04411298197797  9.6374125542887104 3.746684440462928 149.04396960680006  9.5930042285439825 3.7508131845737753 149.04368682966722  9.5486450371759659 3.7546653577487894 149.04326612332821  9.504331168754188 3.7582358687580797 149.04270902487494  9.4600590224687213 3.7615200151905803 149.04201687382698  9.3721015249173014 3.7674796925349927 149.04037308410119  9.328415568761308 3.7701642795188826 149.03942412997742  9.284764363874535 3.7725712271831187 149.03834370485359  9.2411448768780673 3.7747007084943971 149.03713207326274  9.1975542927174097 3.7765526322632721 149.0357894312595  9.15399001466246 3.7781266431441596 149.0343159064204  9.1104496643075343 3.7794221216353403 149.03271155784356  9.0521324091551936 3.7807837121258214 149.03038631989315  9.0373362683298488 3.781096921098805 149.02978113772639  9.0225425795988539 3.7813778045571209 149.02916082531712  9.0077512684045846 3.7816263509416279 149.02852537809321  8.9929622651282681 3.7818425435748257 149.0278747912416  8.9781755050899825 3.7820263606608546 149.02720905970813  8.9633909285486428 3.7821777752854997 149.02652817819762  8.9412336839029862 3.7823561126467382 149.02548489625676  8.9338594170343981 3.7824073968442051 149.02513387938151  8.9264856733506317 3.7824506040495751 149.02477908987149  8.9191124464452276 3.7824857301262012 149.02442052702395  8.9117397302508241 3.7825127707598045 149.02405819011028  8.9043675190392051 3.7825317214584704 149.02369207837589  8.8969958074212308 3.7825425775526478 149.02332219104042  8.8857145140429807 3.7825466052793661 149.02275022693451  8.8820681986430543 3.7825459895421361 149.02256445787441  8.8785002467481693 3.7825433700742961 149.02238173473168  8.8748913838019998 3.7825386716941631 149.02219595522266  8.8711884580908045 3.7825318609475498 149.02200440016543  8.867404440743492 3.7825229461077523 149.02180773348002  8.8636184257315591 3.7825119771755618 149.0216100021882  8.8563502593955636 3.7824864310160229 149.02122830540688  8.8526695430971358 3.7824715442949675 149.02103409420292  8.8489546135412969 3.7824544570253824 149.02083711144499  8.8452242190728914 3.7824352423612715 149.02063834535807  8.841494723814181 3.7824139753013375 149.02043866374882  8.8377801076648055 3.7823907326889783 149.02023881400578  8.8340919663018447 3.7823655932122953 149.02003942309906  8.7577235594765757 3.7818030880493536 149.01589107811742  8.6843770592363914 3.780469631922625 149.01153623683939  8.6104692148444784 3.7783146452707528 149.00676627508608  8.5360731294259917 3.7752833841574835 149.00157826081565  8.4612540418171225 3.7714023333581799 148.99595716930389  8.3860837862592597 3.76660953678154 148.98990501119596  8.3106250542161142 3.7609122483195065 148.98341348022439  8.1574530393435563 3.7475016679881787 148.96938356976574  8.0797284376366534 3.7397494819440822 148.96182295181259  8.0018314671284774 3.7310073996242199 148.95379669018891  7.9238188735758515 3.7212844216695835 148.94529809476043  7.8457524685456583 3.71054366668786 148.93633014932922  7.7676813468297148 3.6987907938190929 148.92688880738072  7.6896523588567547 3.6860281739266521 148.91697146952171  7.5437152778756591 3.6602216750646597 148.89751126448996  7.4757868179775055 3.6474252617215592 148.88808165572038  7.407954122791371 3.6338475740402894 148.87828955490011  7.3402436700384284 3.6194905214174109 148.86813372476229  7.272680204936286 3.6043574269248246 148.85761294964271  7.2052876481753447 3.5884488971504864 148.84672673117751  7.1380889516010662 3.5717635746664973 148.83547506715954  7.0192072041772198 3.5407762085359518 148.81485616923331  6.9674387263983091 3.5267832429079049 148.80563539795861  6.9158089885875613 3.5123268658478812 148.79619457726096  6.864327243316767 3.4974089806115436 148.78653334378765  6.8130024754073988 3.4820314041027722 148.77665139330205  6.7618434019305695 3.4661958668736701 148.76654848068387  6.7108584722070992 3.4499040131245504 148.75622441992897  6.5793019081156956 3.4065377288433707 148.7289165773046  6.4990092241453556 3.3787679762194465 148.71159519040978  6.4192075223033092 3.3498656700660367 148.69371216403607  6.3399304917934298 3.3198305562877666 148.67526838106107  6.2611972054749883 3.2887053670548654 148.65625662490842  6.183050825159313 3.256455135614059 148.63668530761367  6.1055019186894999 3.2231389491151683 148.61654390542586  5.9458777938045388 3.1517972309859683 148.57356763035776  5.8638995307163695 3.1136071554315703 148.55064372739488  5.7826681564983913 3.0742264189619513 148.52705649361141  5.7022269418538913 3.033640279694322 148.50281211999848  5.6225793605400272 2.9919260693881626 148.47789620165537  5.5437606345008623 2.9490826359734537 148.45231246299218  5.4657838746300094 2.9051575552905522 148.42605362070029  5.33251188514269 2.8274124152704228 148.37950168631204  5.2768096728703435 2.7940917571419113 148.35952576160915  5.2215724138050108 2.7602232876073725 148.33918931017357  5.1668054065987103 2.7258220929038939 148.31849032451709  5.1125135473914707 2.6909032378488376 148.29742684593509  5.0587020800398603 2.6554803109591769 148.27599732462502  5.0053763421784669 2.6195659034247263 148.25420048704754  4.9101576773408135 2.5539820972336909 148.21425419133317  4.8680897000560588 2.5244836649308184 148.19623609962895  4.8263387790478491 2.4946859211954115 148.17797962176994  4.7849063699048155 2.4645970430872453 148.15948369424615  4.7437934644308335 2.4342256879912068 148.14074713403042  4.7030008750591952 2.4035804930514129 148.12176876892295  4.6625295192668554 2.372669574605339 148.10254756789641  4.5566635711127859 2.290481001915933 148.05122204571327  4.4918111173726185 2.2387686323402596 148.01870889635435  4.4278243129811425 2.1864018276208492 147.98553783025503  4.3647081703275665 2.1334110823842982 147.95170572354183  4.302460088520605 2.0798371244890732 147.91720672972099  4.2410800065602352 2.0257149736078097 147.88203674218198  4.1805770219304375 1.9710634262268676 147.84619623550498  4.0881249393719212 1.8855672955304534 147.78958078434687  4.0555670982442988 1.8550658343497171 147.76927654738265  4.0232726912700834 1.8244223170387475 147.74876670503227  3.9912448840327652 1.7936372372823239 147.7280521840118  3.9594795483248588 1.7627215226276565 147.70713074133016  3.9279720809393837 1.7316866159461419 147.68599999175342  3.8967241448312695 1.700534639627612 147.66466037934748  3.8327034287171102 1.6359617450358737 147.62014353445994  3.7999661008200145 1.602525243272813 147.59693802035162  3.7675178282036548 1.5689742766031587 147.57349216782447  3.7353559759804762 1.5353177009125623 147.54980458159091  3.703478655414759 1.5015631606772188 147.52587425575825  3.6718847615365067 1.4677170263515176 147.50170058081119  3.640572915535536 1.4337858568493094 147.47728288193878  3.5888336217335493 1.3770898461134433 147.43616396647121  3.5682523569567577 1.3543660261668415 147.41959931598996  3.5477961463485626 1.3316084452994441 147.40292580704198  3.5274655880002204 1.3088176578874953 147.38614370452987  3.507261249351294 1.2859942546630247 147.36925326848009  3.4871836671896146 1.2631388627138522 147.352254754043  3.4672333476513284 1.24025214548358 147.33514841149253  3.4474107662209059 1.2173348027715962 147.31793448622628 
 0 9 0.03207561879251955 7 0.077504195703845577 7 0.12023229312426614 7 0.16975449805039861 7 0.21697849457653362 7 0.26178375926214559 7 0.30572641938647865 7 0.33918619807613598 7 0.35609902337831806 7 0.37299068903949217 7 0.39318295687354599 7 0.4223174409120321 7 0.45111630053132279 7 0.46090947101742935 7 0.46579517349843375 7 0.46838681355181899 7 0.47096604167378531 7 0.52231528132155658 7 0.57488683996982526 7 0.62074795563485019 7 0.65628010420809557 7 0.71276068668513159 7 0.77348451495781867 7 0.81770874937245419 7 0.8531836230248242 7 0.91125009264171197 7 0.94321171855140751 7 0.97727364842815045 7 1 9
8 0 0.66698947566077871
7 0 0  8 51 8  0.44551136434610544 1.8535514746407615 138.16666666666669  0.44649532418830851 1.8521860425523711 138.24207666806058  0.44782926211585344 1.8507721599723603 138.31744145827881  0.44951381656406852 1.8493097688345848 138.3927590917597  0.45154903739050883 1.8477988927768834 138.46802768532879  0.45393459331067831 1.8462396083264658 138.54324539739312  0.45666997933377218 1.8446320160852923 138.618410407135  0.4597547241984109 1.8429762119154589 138.69352089370631  0.4669466962901081 1.8394074177484303 138.85071571508331  0.47112292985123577 1.8374849107601563 138.93278891384048  0.47571673427646011 1.8355048549083901 139.01479224867614  0.48072760998322217 1.8334673589683619 139.09672334980459  0.48615512202165312 1.8313725227419007 139.1785798406722  0.49199890007462205 1.8292204370574328 139.26035933795742  0.49825863845768226 1.8270111837699847 139.34205945157098  0.54173002860639352 1.8122524505863979 139.87356793844222  0.59115658584125308 1.798025727067547 140.32095208550894  0.65317688647854921 1.7820757893120041 140.76546515616158  0.72786619618142112 1.7643990430970224 141.20667799263251  0.815401532138601 1.744978514526303 141.64410486664846  0.91600843520652753 1.7237911078789252 142.07721717321158  1.0299279976779379 1.7008121292581166 142.50545020846968  1.2843274394943227 1.6513367735546041 143.34867896026475  1.4246410449730871 1.6248639398864662 143.76366391376968  1.5787070764443876 1.5965573363282908 144.17256470017344  1.7468531761715504 1.5663823869883851 144.57467639484113  1.9294462991800263 1.5343011097259922 144.96916386962539  2.126894580128071 1.5002718643329935 145.35506114435165  2.3396403712199056 1.4642502645692967 145.73127546855994  2.7443101038499913 1.3968495878978702 146.37824079121219  2.9298153611355433 1.3663013939361643 146.6533674043481  3.1248645344542951 1.334526965500846 146.9214224521009  3.3296452480246392 1.3015103550800753 147.18176552616677  3.5443109940788484 1.2672415893145439 147.43368387656807  3.7689771379822576 1.2317171863711671 147.67639511983541  4.0037303732399705 1.1949389756920257 147.90903810955069  4.418617095924029 1.1305214917949884 148.28444304795454  4.5934661616960692 1.1035320487269615 148.43291058174785  4.7732217728402162 1.0759448804720533 148.57573411012493  4.957894490098373 1.0477643966406089 148.71255144832816  5.1474701275916459 1.0189989558902535 148.84297145952752  5.3419135155465671 0.98966039483115631 148.96657050771705  5.5411674055915583 0.95976412395186661 149.08289601727847  5.956605782080568 0.89777824828459352 149.30411051862143  6.1731602229133831 0.86564595400544364 149.40842775239483  6.3946346094965101 0.83296571298138877 149.50392628639139  6.6208053129221014 0.79977708750590182 149.59010631667866  6.8514340068871782 0.76612182809019713 149.66646050330141  7.0861471378116114 0.7320582838724492 149.73262937886574  7.3245163736588532 0.69765143796904794 149.78831889925505  7.5660118109724612 0.6629789485832116 149.83333333333331 
 0 9 0.039537396264056071 7 0.082807896506260789 7 0.32132014335934617 7 0.55856252616158009 7 0.74146498997072496 7 0.86839192154606182 7 1 9
8 0 1
7 0 0  8 212 31  0.44551136434610544 1.8535514746407615 138.16666666666669  0.46131846801704568 1.9315912130885791 138.16666666666669  0.47798410951294001 2.0094569685899319 138.16666666666669  0.49550255440893348 2.087138549534858 138.16666666666669  0.51387424286855832 2.1646244403485446 138.16666666666669  0.53309133382901108 2.2419050924279516 138.16666666666669  0.55314782525921813 2.3189704207709747 138.16666666666669  0.57404818911299116 2.3958078131499603 138.16666666666669  0.61837692096897157 2.551994599544388 138.16666666666669  0.64187243568207264 2.6313247819083165 138.16666666666669  0.66627354193101995 2.7103847565687862 138.16666666666669  0.69157808349063266 2.7891619499314633 138.16666666666669  0.71778353509299031 2.8676438586009345 138.16666666666669  0.74488732780192679 2.9458179439696033 138.16666666666669  0.77288717438749588 3.0236715268065724 138.16666666666669  0.84118328195962144 3.2069028024826611 138.16666666666669  0.8822479777416411 3.3119941511143765 138.16666666666669  0.92495926280090446 3.4164370134958122 138.16666666666669  0.96930215454018331 3.5202025168600213 138.16666666666669  1.0152609686779983 3.6232623730624822 138.16666666666669  1.0628187436452905 3.7255890755912757 138.16666666666669  1.1119580277113887 3.8271555504439103 138.16666666666669  1.19984688667891 4.0018390268387352 138.16666666666669  1.2378723329220229 4.0753198706123479 138.16666666666669  1.2767315785982303 4.1483669699653989 138.16666666666669  1.3164168020904776 4.2209705598490768 138.16666666666669  1.356920149135149 4.2931209323920196 138.16666666666669  1.398233732822044 4.3648084369003044 138.16666666666669  1.4403496335943775 4.4360234798574627 138.16666666666669  1.5183682884617486 4.5646289999267866 138.16666666666669  1.5540082350689581 4.6221790422500089 138.16666666666669  1.5901759677892184 4.6794007763860952 138.16666666666669  1.6268671504249419 4.7362889334711351 138.16666666666669  1.6640770363897717 4.7928387250665452 138.16666666666669  1.7018006232361202 4.8490457169402834 138.16666666666669  1.7400328071827997 4.9049057028480627 138.16666666666669  1.8347200721845174 5.0405939560152664 138.16666666666669  1.8917220770284058 5.1200403601774553 138.16666666666669  1.9497596206549166 5.1987402980194934 138.16666666666669  2.0088166102482177 5.2766814498354719 138.16666666666669  2.0688778724622443 5.3538511017607826 138.16666666666669  2.1299293948746785 5.4302360012001696 138.16666666666669  2.1919567281287393 5.5058236349182446 138.16666666666669  2.3227701551218667 5.6611372066490064 138.16666666666669  2.3917094242382668 5.740734081467469 138.16666666666669  2.4617392738679618 5.8193817498365243 138.16666666666669  2.5328384329801841 5.8970683097448342 138.16666666666669  2.6049863019447512 5.973781676293803 138.16666666666669  2.6781634354475785 6.0495090443737789 138.16666666666669  2.7523506481342999 6.1242378993037256 138.16666666666669  2.9402877713776037 6.3085365360394254 138.16666666666669  3.0552734131099308 6.4168468694350551 138.16666666666669  3.1724110978847593 6.5228551543599176 138.16666666666669  3.2916330263842077 6.6265307805159104 138.16666666666669  3.4128575245575794 6.7278515421434761 138.16666666666669  3.5360395403834253 6.8267683414795357 138.16666666666669  3.6610896204018171 6.9232786303221223 138.16666666666669  3.9208369005353148 7.1159102820785121 138.16666666666669  4.0557094697761755 7.2117946529165735 138.16666666666669  4.1924789925623287 7.3049904604174287 138.16666666666669  4.3310756172901144 7.3954638320173363 138.16666666666669  4.4714188282747509 7.4832018581452759 138.16666666666669  4.6134262320268906 7.5681978577822129 138.16666666666669  4.7570258788402775 7.6504321500274166 138.16666666666669  5.0736398381128973 7.8238030429981364 138.16666666666669  5.2472563542665753 7.9138395542290203 138.16666666666669  5.4228719115926944 7.9999845599954522 138.16666666666669  5.6003623337532078 8.0822290606544236 138.16666666666669  5.7796059378054956 8.1605757660024096 138.16666666666669  5.9604969715860179 8.2349912401807615 138.16666666666669  6.1429164152533984 8.3054927283642925 138.16666666666669  6.5176607763162382 8.4412178715034827 138.16666666666669  6.7100963324594787 8.5061347946867194 138.16666666666669  6.9039375248517754 8.5668285997599263 138.16666666666669  7.0990680615328294 8.6232927499498047 138.16666666666669  7.2953680392515388 8.6755407368145026 138.16666666666669  7.4927201820825102 8.7235873858957707 138.16666666666669  7.6910162637710666 8.7674316787241313 138.16666666666669  8.0081467420386687 8.8305909932429518 138.16666666666669  8.1264402973045904 8.8526217858762326 138.16666666666669  8.245003866672608 8.8731854908900178 138.16666666666669  8.3638150535622238 8.8922849380457674 138.16666666666669  8.4828517760611799 8.9099229135045732 138.16666666666669  8.6020922711740955 8.9261023066594838 138.16666666666669  8.7215150990710857 8.9408262569677515 138.16666666666669  9.0204735585203171 8.9740061821362804 138.16666666666669  9.2002102077623427 8.9906478849055951 138.16666666666669  9.3802376284787972 9.0040378528991116 138.16666666666669  9.5604856980265396 9.0141906358536605 138.16666666666669  9.7408856377029522 9.0211208894348616 138.16666666666669  9.9213700127459497 9.0248433752371415 138.16666666666669  10.101872732333943 9.0253729607837165 138.16666666666669  10.372556380988737 9.0214004610382155 138.16666666666669  10.462772593189989 9.0192822645607986 138.16666666666669  10.552968448729438 9.016369309816918 138.16666666666669  10.643135794602275 9.0126693532982287 138.16666666666669  10.733266011869794 9.0081789862836565 138.16666666666669  10.82335109858972 9.0028969619397081 138.16666666666669  10.91338452101715 8.996836139876109 138.16666666666669  11.100834104519389 8.982593335385916 138.16666666666669  11.198240087220167 8.9742770769774154 138.16666666666669  11.295567538518648 8.9650583527789465 138.16666666666669  11.392807317274112 8.9549445356113466 138.16666666666669  11.489950518816279 8.9439429396417385 138.16666666666669  11.586988474945356 8.9320608203835441 138.16666666666669  11.68391275393199 8.9193053746964761 138.16666666666669  11.870073313293439 8.8931096314547524 138.16666666666669  11.959327506548785 8.8797967847084891 138.16666666666669  12.048469552145752 8.8657423427079003 138.16666666666669  12.137491191856249 8.8509428367043945 138.16666666666669  12.226384132052116 8.8353944633433912 138.16666666666669  12.315140078395775 8.8190933609671092 138.16666666666669  12.403750770530664 8.8020358859172987 138.16666666666669  12.588037918410667 8.764916896630977 138.16666666666669  12.683688241540914 8.7447225195974276 138.16666666666669  12.779148593806795 8.7236355119210707 138.16666666666669  12.874405516054791 8.7016413543914588 138.16666666666669  12.969449387424715 8.6787429526385864 138.16666666666669  13.064271237872056 8.6549474125770427 138.16666666666669  13.158858956062431 8.6302492924014089 138.16666666666669  13.398349325008024 8.5652699938295207 138.16666666666669  13.542918188430519 8.523758113466954 138.16666666666669  13.686870525139224 8.4801181171837428 138.16666666666669  13.830167296754006 8.434352254079144 138.16666666666669  13.972768872220982 8.3864629945550888 138.16666666666669  14.114635027812419 8.3364530303162017 138.16666666666669  14.255724947126764 8.2843252743697882 138.16666666666669  14.536269394725839 8.1758404864768508 138.16666666666669  14.675723938608035 8.1194836825050309 138.16666666666669  14.814318698900344 8.0610149365230512 138.16666666666669  14.95201183381063 8.000437230830201 138.16666666666669  15.088761881867327 7.9377582645341329 138.16666666666669  15.224526401121341 7.8729857112238184 138.16666666666669  15.359261233486201 7.8061236739166251 138.16666666666669  15.666683961752479 7.6475533736401564 138.16666666666669  15.838631239783787 7.5544087138744977 138.16666666666669  16.008665764581217 7.4577602694509562 138.16666666666669  16.176694425890737 7.3576344038348536 138.16666666666669  16.342613610546088 7.254047997740968 138.16666666666669  16.506317538689217 7.1470192180717369 138.16666666666669  16.667707229381975 7.036580125118971 138.16666666666669  16.991762253418315 6.8045606990729057 138.16666666666669  17.15423681368376 6.6827147433911751 138.16666666666669  17.313985583848748 6.557260692362016 138.16666666666669  17.470874878727948 6.4282170016266607 138.16666666666669  17.624799540984633 6.2956473301172204 138.16666666666669  17.775631129479333 6.1595919584198873 138.16666666666669  17.923236764738125 6.020094963073463 138.16666666666669  18.179696494253022 5.7660862768533283 138.16666666666669  18.289873869192295 5.6529107307895554 138.16666666666669  18.397964748068983 5.5377156244488326 138.16666666666669  18.50391507805713 5.4205351514366829 138.16666666666669  18.607657600063305 5.3013947575948253 138.16666666666669  18.709127126043217 5.1803236541491611 138.16666666666669  18.808273147515045 5.0573656078865072 138.16666666666669  18.95571499245694 4.8671795034997833 138.16666666666669  19.005743131221898 4.801295007740654 138.16666666666669  19.055107636256722 4.7349085021302555 138.16666666666669  19.103799748038647 4.6680252757502361 138.16666666666669  19.151810458252392 4.6006506979088408 138.16666666666669  19.199130836481071 4.5327904358619655 138.16666666666669  19.245752356897171 4.4644506725342383 138.16666666666669  19.337581926373275 4.3268262256830861 138.16666666666669  19.382789545018682 4.2575419735961688 138.16666666666669  19.427281594031562 4.1877925635590154 138.16666666666669  19.471049587571006 4.1175849920203609 138.16666666666669  19.514085040813381 4.0469262562979607 138.16666666666669  19.556379469952283 3.975823354578607 138.16666666666669  19.597924392198596 3.9042832859181265 138.16666666666669  19.694330977034724 3.734169869141359 138.16666666666669  19.748540135586552 3.635227542251942 138.16666666666669  19.801317724447536 3.5355050997748672 138.16666666666669  19.852644919408249 3.4350236554207023 138.16666666666669  19.902502792406089 3.3338048382595016 138.16666666666669  19.950871330701446 3.2318701507083225 138.16666666666669  19.997729831862365 3.1292412526555822 138.16666666666669  20.076299942886884 2.9501875123615258 138.16666666666669  20.108718925045739 2.8740719317593451 138.16666666666669  20.140306984872339 2.7976033731996286 138.16666666666669  20.171057767532215 2.7207919487457333 138.16666666666669  20.200965150899087 2.6436479575225369 138.16666666666669  20.230022333136297 2.5661814558766434 138.16666666666669  20.258222056479426 2.4884023794147709 138.16666666666669  20.307923757787332 2.3464364996985752 138.16666666666669  20.329711162587195 2.2823495368834932 138.16666666666669  20.350916779062018 2.2180657629340059 138.16666666666669  20.371536760866984 2.153590570179817 138.16666666666669  20.391567189029196 2.0889294377181309 138.16666666666669  20.411004443107288 2.0240880603103579 138.16666666666669  20.42984557235112 1.959072477278833 138.16666666666669  20.474439954577797 1.7997350404457906 138.16666666666669  20.499542921987022 1.705231446225238 138.16666666666669  20.523388973917719 1.6103969650232624 138.16666666666669  20.545970652023833 1.5152503922133298 138.16666666666669  20.567279984436293 1.4198106485283 138.16666666666669  20.587308146793777 1.3240967730573161 138.16666666666669  20.606046434652271 1.2281280329722541 138.16666666666669  20.642272670927078 1.0283182581261361 138.16666666666669  20.659553969825701 0.92443994642448279 138.16666666666669  20.675326040101812 0.82031424264988884 138.16666666666669  20.689582446563886 0.71596636098793598 138.16666666666669  20.70231672269653 0.61142170203870772 138.16666666666669  20.713522370660421 0.50670585281677605 138.16666666666669  20.723192861292304 0.40184458675121548 138.16666666666669  20.743822340682861 0.13542089491244766 138.16666666666669  20.752678583611385 -0.02630254229123145 138.16666666666669  20.757894878414465 -0.18821140233307831 138.16666666666669  20.75949770662438 -0.35020933607465982 138.16666666666669  20.75745871111895 -0.51220324796864558 138.16666666666669  20.751843473634835 -0.67409853962511945 138.16666666666669  20.742611839273362 -0.83580021646076696 138.16666666666669  20.72977541894101 -0.9972159269157207 138.16666666666669 
 0 9 0.021645674202176581 7 0.044135848638059687 7 0.074804795851771397 7 0.097295472272520847 7 0.11569692957882113 7 0.14227677619264381 7 0.17090071978585941 7 0.21383544954068612 7 0.25881355099995501 7 0.31196803936086426 7 0.36716574260194296 7 0.39987496103939174 7 0.44893833431212549 7 0.47346979603890293 7 0.5000463148130414 7 0.5245790584570198 7 0.55115653526342245 7 0.59204586664943715 7 0.63293516879080025 7 0.6860918531869673 7 0.74129380274047851 7 0.78422965080974594 7 0.80672016410102909 7 0.82921059576862766 7 0.85987997578961883 7 0.88237093364682995 7 0.90077266380622401 7 0.92735309321947923 7 0.95597864355873197 7 1 9
8 0 0.64619352917777428
7 0 0  8 65 10  20.72977541894101 -0.9972159269157207 138.16666666666669  20.72314050766612 -0.99670900087013004 138.19281737085672  20.716499138677207 -0.99620115227245865 138.21896715452954  20.709851992132236 -0.99569247827044238 138.24511611341214  20.703201156505301 -0.995183277249716 138.27126454675798  20.696549219157564 -0.99467391888843426 138.29741282624173  20.689898356908394 -0.99416471421189745 138.32356126485396  20.68324942660627 -0.99365578564715618 138.34970998579593  20.669119767847523 -0.99257433926754013 138.40528355486609  20.661637555708566 -0.99200170155194189 138.43471384866089  20.654153034055135 -0.99142882402434818 138.46414935164844  20.646664836102641 -0.99085550942064438 138.49358974581278  20.639171613509909 -0.99028156311911608 138.52303471623199  20.631672036379062 -0.98970679314044063 138.55248395107827  20.624164793255577 -0.98913101014768956 138.58193714161806  20.599926975443058 -0.98727038940335565 138.67692787278182  20.583167027085725 -0.9859812739506002 138.74245622631764  20.566354256028383 -0.98468461064788948 138.80797695349392  20.549474655835752 -0.9833783969756642 138.87348796228775  20.5325147036651 -0.98206069833497378 138.93898715797886  20.515461360266279 -0.98072964804748475 139.00447244314944  20.498302069981825 -0.97938344735547378 139.06994171768423  20.37689068964152 -0.96980477646237151 139.52988115062877  20.268457774730866 -0.96097499634519046 139.92375318254881  20.153091389845994 -0.95115233276429501 140.31649156810812  20.028770215877675 -0.94004383705124472 140.70755118325064  19.894018063856045 -0.92743248812185031 141.096344781304  19.747860867205212 -0.91317099335037699 141.48223348142378  19.589789357268042 -0.89717640485204631 141.86451828185179  19.356533084254885 -0.87282835191593233 142.38279936138687  19.291694954242541 -0.86599060302199404 142.52258050911578  19.225185252673967 -0.85890779446484045 142.66173880838295  19.157001636079308 -0.85157908369980206 142.80024272277566  19.087147064232763 -0.84400439894885371 142.93806227947269  19.015629153381056 -0.83618434400389929 143.07516880507021  18.942459529471979 -0.82812010303007522 143.21153466140782  18.710601555247571 -0.8023737853329993 143.63181385673636  18.546336450357433 -0.78386536470721468 143.91311045583276  18.374993557270759 -0.76430321326679784 144.19078064178728  18.196761219325975 -0.74371044448404922 144.46461815505796  18.01185364829599 -0.7221141338244712 144.7344367952316  17.820487310886449 -0.69954177204096135 145.00005640733033  17.622860486078061 -0.67601819346616354 145.26129067265049  17.063568173884903 -0.60888039825644613 145.96587042354324  16.689790683399988 -0.56340368724643985 146.39936747720114  16.298246533181743 -0.51518833088165517 146.81801143418994  15.889319755780836 -0.46426872542577824 147.2205993194039  15.46325237004848 -0.41064495754905639 147.60504627449646  15.020093549219226 -0.35427490245231474 147.96833898277006  14.559499210032184 -0.29504251140671645 148.30631772828579  13.909513583338876 -0.2104946611611358 148.72429106106662  13.735803266484599 -0.18781168735948262 148.83062800583451  13.55988843651204 -0.16475079645656016 148.93278053068602  13.381811764773136 -0.14131362228268682 149.03048050791958  13.201637578247722 -0.1175046637598413 149.12344884636295  13.019456209070935 -0.093332061173458936 149.21140562999321  12.835389659826188 -0.068808605808889187 149.29408323363154  12.457318883663175 -0.018229294536436701 149.45109632924169  12.263170418661028 0.0078530659793766694 149.52504877725437  12.067359976911177 0.034269602426308568 149.59281917852323  11.870109214811462 0.060992869682477968 149.65417975344286  11.671657460272069 0.087991981340164171 149.70896157558977  11.472264132150318 0.11523198687428202 149.75707195035437  11.272210637876062 0.14267342049569773 149.79850574985352  11.071801610452438 0.17027232387316665 149.83333333333334 
 0 9 0.013773757285056041 7 0.029273109609026449 7 0.063755180280253981 7 0.27158606125185086 7 0.34878253016371907 7 0.51085207752462036 7 0.79371799496361017 7 0.89508884383949028 7 1 9
8 7.4231045648237544 7.7554148392446152
7 1 0  2 3 2  14.341310232718451 1.5879876540979596 148.24393488232386  0.88339235323002252 12.523335211419887 1.8318013115562097 148.96206201639413  0.91136189869055639 10.616146977632406 2.0972285235807817 149.12248832185324  0.96554869180786418
 7.4231045648237544 3 7.7554148392446152 3
8 0.29471584222788705 0.53184841672601835
7 0 0  8 37 6  9.8717369272313071 0.35295982112414176 148.97120459243109  9.9455884410281605 0.3426335926075682 148.96795227651327  10.01965839460018 0.33228509562820607 148.96418184745247  10.093949665444292 0.32191400053121638 148.95988871168461  10.168461832978819 0.3115204427090853 148.95506818146478  10.243191299996877 0.30110500272226726 148.94971564755795  10.318131414119796 0.29066868641982713 148.94382675192972  10.393272589250575 0.28021290506007657 148.93739756043692  10.615552701249467 0.24930829109531927 148.91682244240167  10.763225170593929 0.22880930017342593 148.90115099437961  10.91152978818865 0.20825554961404297 148.88338509271082  11.060362531569051 0.18766197153848901 148.86350552042998  11.209614522791913 0.16704407638971336 148.84149945592071  11.359178858666226 0.14641700025618229 148.81736002737699  11.508955151101192 0.12579488637083691 148.7910851081532  12.027212877540657 0.054556924222978198 148.69286024839457  12.39620411344076 0.0040441825144695498 148.61017136989031  12.764753588239367 -0.046196457333083092 148.51457665798571  13.131886296606554 -0.09602905704837239 148.40614308206844  13.49679520707612 -0.14534210179757054 148.28498777138535  13.858770965835435 -0.1940381083604111 148.15124653120847  14.217214648122249 -0.24203499874638029 148.00504812684767  15.05617798365523 -0.35383532749971269 147.62968490648475  15.533000411817909 -0.41694551820330217 147.38984985372181  16.000514685526444 -0.47837898790122457 147.12736712504466  16.457158243494337 -0.53792394793378273 146.84271696482807  16.901364147542971 -0.5953696215629386 146.53647960242719  17.331562502959393 -0.65050656755207603 146.20934286980454  17.746186891564079 -0.70312777709832097 145.86211405083975  18.430445140128594 -0.78903086170707037 145.23142809738306  18.708289256249081 -0.82361608405517583 144.95715619010258  18.976622802841639 -0.85670851034392725 144.67328722894101  19.234860795226304 -0.88823246602539152 144.38022308784571  19.482428761970688 -0.9181143853196343 144.07840443066974  19.71876606688479 -0.9462833215124008 143.76831337950574  19.943330458021638 -0.9726716446906214 143.45047710438851  20.155603843683437 -0.9972159269157207 143.12547233436655 
 0 9 0.05255438545233547 7 0.15507526670915189 7 0.40701358899749807 7 0.75148923055659733 7 1 9
8 0.071492496004234907 1
7 0 0  8 107 16  13.415187446682227 -0.3485564908169011 148.24317869258206  13.394926380684534 -0.30966544969981635 148.26021403588263  13.374322908263412 -0.27087176251454775 148.27707246543304  13.353372921332117 -0.23218262131088796 148.29375408943426  13.332073470935971 -0.19360477184955593 148.31025885197289  13.310421256819696 -0.15514543576547729 148.32658675046619  13.288412019703996 -0.11681266900475255 148.34273792997541  13.266040836271834 -0.078615156535364328 148.35871265438672  13.227772205269307 -0.014568437860690659 148.38530249292018  13.212070185687661 0.01135744036366922 148.39601159804883  13.196195844895779 0.037213426455706689 148.40663853541506  13.180147769149356 0.062996678946642223 148.41718337207271  13.163924544182935 0.088704279784712264 148.42764617656147  13.147524755210029 0.11433323433515996 148.4380270189061  13.130946986923057 0.13988047138023968 148.44832597061685  13.090353924512089 0.2015612951943524 148.47307626697852  13.066154567876959 0.23760769332357973 148.48744395143035  13.041590440144235 0.27347472515986943 148.50164597908238  13.016660278789324 0.30915487208686016 148.51568218536784  12.99136287220678 0.34464040921886041 148.52955242011569  12.965697059710397 0.37992340540084713 148.54325654755033  12.939661731533032 0.41499572320847039 148.55679444629203  12.887931562126667 0.4832746573935961 148.58298984776178  12.862266419679544 0.51649875039693061 148.59566069185274  12.836259162180731 0.54951376906616045 148.608178502225  12.809910325514604 0.58231319401880799 148.62054301656025  12.783220654815093 0.6148904653502878 148.6327539662843  12.756190423678428 0.64723852084968003 148.64481117069096  12.728819638528124 0.67934992246284487 148.65671450852983  12.655868728549374 0.76324494737108273 148.68764569994684  12.609722836516543 0.81462258892853234 148.70641694411665  12.562670294354232 0.86531699631746606 148.72477729149762  12.514722367745099 0.91529984359810457 148.74272486064007  12.465898462548939 0.96455611828290655 148.76025773905963  12.416188974028595 1.0130347591329025 148.77737654092064  12.365616392768603 1.0607216697758408 148.79407949506563  12.290345321651522 1.1293284452488754 148.81791898168191  12.266312181626287 1.1508911114052975 148.82538306737428  12.242098186111811 1.1722752082504233 148.83275725882436  12.217704780130232 1.1934780888741214 148.84004144893277  12.193133334730607 1.2144969891317758 148.8472355465554  12.168385331584828 1.2353292373147851 148.85433945932274  12.143462547583333 1.2559724638210723 148.86135307645938  12.093860609699169 1.2963973926383974 148.87503702492407  12.069189430492722 1.3161878843292174 148.8817115483337  12.044355583901648 1.3357943063272304 148.88829970505506  12.019360953061028 1.3552146597110708 148.89480138562047  11.994207422151142 1.374446926208827 148.90121648787218  11.968896876397517 1.3934890681980461 148.90754491696211  11.94343120207084 1.4123390287057311 148.91378658535214  11.90501021415642 1.4403172046642847 148.92301705222107  11.892169882974164 1.4495911776982273 148.92607100570899  11.879291581172046 1.4588164550750868 148.92910325858441  11.866375595032887 1.4679928388599144 148.93211379680204  11.853422208890624 1.4771201286178934 148.93510260696414  11.840431705130129 1.4861981214143536 148.93806967632082  11.827404364187331 1.4952266118147599 148.94101499276974  11.795987918788198 1.5168190429901645 148.94804563576594  11.777563227802514 1.5293345917428636 148.95210977309191  11.759067172232601 1.541751471332145 148.95613092425228  11.740500531811108 1.5540691096737789 148.96010905833464  11.721864085362633 1.5662869294099711 148.96404414609657  11.703158610803966 1.5784043479093639 148.96793615996518  11.684384885143933 1.5904207772670318 148.97178507403748  11.642468034365136 1.6169282634045554 148.98025198313661  11.619291207258645 1.6313685734117205 148.98484841324776  11.596014849069514 1.6456557693041995 148.98938009219211  11.572640599925057 1.6597890510205358 148.99384696179112  11.549170094174425 1.6737676034595939 148.99824896790966  11.525604960388621 1.6875905964805515 149.00258606045543  11.501946821360505 1.7012571849029101 149.00685819337937  11.470187577532482 1.7193226351183133 149.01248421309799  11.462167467848058 1.723860875301803 149.01389570787725  11.454137026785425 1.7283811950299588 149.01529980740281  11.446096316409262 1.7328835605330795 149.01669651008365  11.438045399114998 1.7373679382987606 149.01808581434835  11.429984337628833 1.7418342950718912 149.01946771864499  11.421913195007741 1.7462825978546548 149.02084222144109  11.397919852913663 1.759436115968287 149.02490120446632  11.381968833639799 1.768089297108729 149.02756438499776  11.36597951702332 1.7766721932291434 149.03019884699091  11.349952441381456 1.7851846330702759 149.03280457548001  11.333888143143222 1.7936264382123355 149.03538155636039  11.317787156849493 1.8019974230749796 149.03792977638869  11.301650015152871 1.8102973949173278 149.04044922318263  11.269619851539051 1.826594451902253 149.04538197933255  11.253728212319441 1.8345942928692782 149.04779639976911  11.237802837069889 1.8425254956723718 149.05018313514984  11.22184423572333 1.8503878759024477 149.05254217449502  11.205852922234667 1.8581812458080031 149.05487350722578  11.189829414580718 1.8659054142951119 149.05717712316445  11.173774234760348 1.8735601869274277 149.0594530125345  11.124056900683328 1.8970033820430747 149.06640128619043  11.090289853840448 1.9125572589528714 149.07098016605883  11.056392025355553 1.9278060414551756 149.07543769533473  11.022368707353646 1.9427484981730563 149.07977376915053  10.988225334650371 1.957383220154838 149.08398828666816  10.953967592407439 1.9717087194758887 149.08808114974423  10.919601523788243 1.9857235278403977 149.09205226159582  10.851794405877529 2.0126803640153175 149.09962474479974  10.818360390277343 2.0256426797458049 149.10323392102566  10.784837338278557 2.0383121975082461 149.10672898891002  10.751231953070633 2.0506881644512043 149.110109833276  10.717551552862096 2.0627694209419771 149.11337632410928  10.683804139562659 2.0745542720791672 149.11652833137518  10.649998876851491 2.0860409295140618 149.11956571954821  10.616146977632104 2.0972285235808243 149.12248832185333 
 0 9 0.095342274550739001 7 0.16046685912767372 7 0.25310204918741896 7 0.34194272564473777 7 0.48698472035158114 7 0.55426015517519445 7 0.61995746246766248 7 0.6527871767906489 7 0.69890731328313704 7 0.75539268023459794 7 0.77444281857595876 7 0.81195342959908401 7 0.8487325834456767 7 0.92562522033136274 7 1 9
8 0 0.9650116421573951
7 0 0  8 233 34  10.616146977632139 2.0972285235808181 149.12248832185333  10.585058828233803 2.1075027761826934 149.12517231828846  10.553921561822373 2.1175279144168915 149.1277603432145  10.522741929045427 2.1273034367573898 149.13025233837385  10.491527865578989 2.1368283261196193 149.13264818239907  10.460288971717432 2.1461011679352886 149.13494771157465  10.429036991963095 2.1551202682272508 149.13715074059962  10.39778629461617 2.1638837716843291 149.13925708334989  10.335743418768875 2.1807812728317102 149.14324898364524  10.304955959995729 2.1889210698257839 149.14513678504457  10.274205041033094 2.1968088837783184 149.14693017204567  10.243511788173846 2.2044423981601731 149.14862890844654  10.212907142568142 2.2118175755947282 149.15023251073094  10.182433614775807 2.2189289665994867 149.15174043116389  10.152147039318818 2.225770018327669 149.15315224088641  10.104144215972184 2.2362620027449083 149.15525526862436  10.086266661301826 2.2400903138804713 149.15600807433361  10.068500595468647 2.2438168784263488 149.15672623421997  10.050866873686875 2.247439347915019 149.15740964127872  10.033391967006725 2.2509546808285652 149.15805815225929  10.016107653182207 2.2543593597256133 149.1586716625055  9.9990507075388937 2.2576496083683013 149.15925018079494  9.962628303560356 2.2645314991864258 149.16042980617746  9.943359705834645 2.2680794782467135 149.16101816942822  9.9245312032038413 2.2714593168283743 149.1615590187142  9.9062258530784941 2.2746624839661389 149.16205275024512  9.8885326438926384 2.27768166594569 149.16250034595618  9.8715402280785458 2.2805127021736498 149.16290348414014  9.8553271118637547 2.2831549379030265 149.16326454641268  9.8266799489069481 2.2877281412403478 149.16386432491592  9.8140245409204088 2.2897080792398441 149.16411314935283  9.8020196335725842 2.2915509266732919 149.16433494844034  9.790677782485643 2.2932613997812252 149.16453208817927  9.779991710112828 2.2948467850845962 149.16470714577881  9.7699394725888968 2.2963159122853196 149.16486270898429  9.7604896265806644 2.2976781271668005 149.165001175405  9.7455146518312841 2.2998091758714665 149.16520916671467  9.7396888819859164 2.3006300820146004 149.16528671250384  9.7341166918815496 2.3014080250258657 149.1653578798346  9.7287849999662779 2.3021459612217874 149.16542329589404  9.7236803796370896 2.3028467309252973 149.16548352702432  9.7187894010208513 2.3035130282575884 149.16553908131564  9.7140989727552611 2.304147370929976 149.16559041119999  9.6981137268945172 2.3062942621257205 149.1657590448016  9.6878602704569019 2.3076431700157429 149.16585535571463  9.6786196920090344 2.3088380178116177 149.16593335044237  9.6702180165585165 2.3099087174813877 149.16599760274102  9.6625165717997401 2.3108777852922304 149.16605121543557  9.655404643345058 2.311762258247327 149.16609627739251  9.6487921299560586 2.3125756105227566 149.16613432049172  9.6360704399989139 2.3141252799765817 149.16620099134886  9.6300115345445558 2.3148544107474764 149.16622888960754  9.624340071686202 2.3155295565467422 149.16625184655172  9.618988668006633 2.3161603524573353 149.16627084805694  9.6139042524190081 2.3167541847237936 149.16628658033866  9.6090443511890324 2.3173168011605845 149.1662995195926  9.6043733729571272 2.3178529215604335 149.16631002163587  9.5963969248556751 2.3187609422503646 149.16632483880474  9.5930270316027269 2.3191419712255743 149.16633001903904  9.5897360110699861 2.3195116528981035 149.16633406790308  9.5865117888775941 2.3198715356328639 149.16633708171966  9.5833434191975844 2.3202229982898679 149.1663391374814  9.5802210847538873 2.3205672502242303 149.16634029285095  9.5771360968223256 2.3209053312861618 149.16634058616103  9.5724206746245404 2.3214189503694067 149.16633973894855  9.5707691217774062 2.3215982420988994 149.16633919440849  9.5691249518870851 2.3217761371638237 149.1663384069746  9.5674869227580217 2.3219527787449294 149.16633737986984  9.5658538348012438 2.3221283030493489 149.16633611535988  9.5642245310343625 2.3223028393105865 149.1663346147528  9.5625978970816252 2.3224765097885243 149.16633287839926  9.5605445636460633 2.3226950049098267 149.16633038577271  9.5601163764191632 2.3227405280087225 149.16632984944087  9.5596882796258953 2.3227860012084909 149.16632929668793  9.559260253529235 2.3228314266273959 149.16632872750105  9.558832278522436 2.322876806359587 149.16632814186298  9.5584043351289729 2.3229221424750977 149.16632753975259  9.5579764040025772 2.3229674370198383 149.16632692114473  9.5556343766008691 2.3232151093760494 149.16632344515676  9.5537201325560908 2.3234167372388796 149.16632027367919  9.5518040356434746 2.3236177541645175 149.16631676893968  9.5498844127979901 2.3238183321617192 149.16631292675089  9.5479596160389804 2.3240186366875744 149.16630874137579  9.5460280224701677 2.3242188266475079 149.16630420552761  9.5440880342796834 2.3244190543952747 149.16629931037005  9.5404803011824058 2.3247898478790359 149.16628956958149  9.5388152742119914 2.3249603672085648 149.16628482626157  9.5371420555696584 2.3251311110748039 149.16627980934089  9.5354596847352262 2.3253021664690818 149.16627451165397  9.5337671829274928 2.3254736200207984 149.16626892508663  9.5320635531042175 2.3256455579974267 149.16626304057561  9.5303477799621099 2.3258180663045098 149.16625684810893  9.5248488992543034 2.3263688125934974 149.16623613963131  9.5208550873513147 2.3267656495460574 149.16621981451755  9.516606089068782 2.3271842477570317 149.16620099000539  9.512063147059262 2.3276275846899215 149.16617915760304  9.5071791855236132 2.3280992215150427 149.16615367757964  9.5018951843812172 2.328603497600362 149.16612369845134  9.4961337938741632 2.3291458068361686 149.16608799007673  9.483820412012717 2.3302855073444531 149.16600394301548  9.4773395774998228 2.3308773082795735 149.16595649086329  9.4702557000930732 2.3315145284941114 149.1659007711865  9.4624612763191251 2.3322035933908056 149.16583466525245  9.4538215574155942 2.332952128485493 149.16575534542713  9.4441672184514829 2.3337686648600156 149.16565884686344  9.4332914243574333 2.3346611054624811 149.16553936376712  9.4176337302782791 2.3358954948069042 149.16534764943688  9.4142113018191758 2.3361627676799421 149.16530475439279  9.410679526446506 2.3364358436160804 149.16525942183284  9.4070341179067754 2.3367147444043503 149.16521147756637  9.4032709847349842 2.3369994408807111 149.16516073648606  9.3993862302546205 2.3372898529280461 149.16510700256853  9.3953761525776418 2.3375858494761705 149.16505006887428  9.3843275568082412 2.3383904250990732 149.16488896672595  9.3770586311803772 2.3389086363104004 149.16477867504742  9.3694161145326085 2.339440897524895 149.16465787700187  9.3613886420625771 2.339985717455483 149.16452550661501  9.3529694897283768 2.340541050493147 149.16438046449895  9.3441582266230032 2.3411042490611846 149.16422168490294  9.3349623673487248 2.3416720159694497 149.16404820276421  9.3145079242778763 2.3428876067118694 149.16364400107304  9.3031359072354469 2.3435359461394025 149.16340862361847  9.2913075177576445 2.3441795667977572 149.16315189376323  9.2790551390364922 2.3448123774302361 149.16287284593847  9.26641655495186 2.3454282812363387 149.16257074636488  9.253432512060531 2.3460214533312507 149.16224509577984  9.240144281585394 2.3465866182053192 149.16189563216412  9.2175162592179518 2.3474760220595052 149.16127237710262  9.2083215506681295 2.3478181694263718 149.16101169257104  9.1990182928515267 2.3481444477055371 149.16074025202104  9.1896168177878934 2.3484536620302952 149.16045804004136  9.180126592420379 2.348744744245816 149.16016505366156  9.170556218615431 2.349016752909157 149.15986130235237  9.1609134331628486 2.3492688732892533 149.15954680802554  9.1188572656578071 2.3502719326829919 149.15813803792082  9.0858136003848244 2.3508138422538258 149.15693654191242  9.0522792139376289 2.351102249360173 149.1556167283351  9.0184098274057902 2.351122013372692 149.15417956818061  8.9843166555775227 2.3508642703024174 149.15262660771305  8.9500712815295547 2.3503239533512366 149.15095918407528  8.9157105312170994 2.3494973134623485 149.14917764089566  8.8282635136577969 2.3466612191075895 149.1443647977284  8.7750914146412242 2.3442574347695606 149.14117959320365  8.7218230885943964 2.3411577999985034 149.13772518185331  8.6685235660782922 2.3373595627984214 149.13400218830571  8.6152415281395669 2.3328550353970718 149.1300114656309  8.5620123766096317 2.3276405699906344 149.12575357101667  8.5088582451031591 2.3217219532037654 149.12122836503872  8.3993032952209639 2.3080319154333777 149.1113323343771  8.3429220298107012 2.3001696219987258 149.10592641627289  8.2866801773178267 2.2914958323996131 149.10021772706173  8.2305987997578303 2.2820188273539537 149.09420610132955  8.1746995771777691 2.2717380572795278 149.0878916788065  8.1190039261281122 2.260648614513181 149.08127471998046  8.063530083614987 2.2487528372939209 149.0743552475613  7.988103423534116 2.2314146332032228 149.06449317123568  7.9679437947995293 2.2266659547066672 149.06181268560263  7.9478170562485468 2.2218101667268062 149.05909178699812  7.9277240912625553 2.2168473540240496 149.05633048215981  7.9076657786368454 2.2117775990454001 149.05352877884252  7.887642992580556 2.2066009819244519 149.05068668581856  7.8676566027167256 2.2013175804813891 149.04780421287745  7.8411099469943526 2.194144866228088 149.04391473562265  7.8345164952252739 2.192350592072156 149.04294368506433  7.8279271481568609 2.1905446568511029 149.04196821933971  7.821341935007128 2.1887270699570536 149.04098833863682  7.8147608848301315 2.1868978410783435 149.0400040431438  7.8081840265160398 2.1850569801995277 149.03901533304818  7.8016113887910761 2.1832044976013787 149.03802220853746  7.7690996570757456 2.1739777343325821 149.03308466383692  7.7432226094374315 2.1664339175507474 149.02907579517066  7.717413686511323 2.1587093748569637 149.02499808253194  7.6916747155423426 2.1508045189862086 149.02085154847754  7.6660075218117614 2.1427197540668517 149.01663621938843  7.6404139286371056 2.1344554756206597 149.01235212547019  7.6148957573722011 2.1260120705627918 149.00799930075283  7.5776807457186441 2.1133995863031045 149.00153150151672  7.5659232142504109 2.1093709564226431 148.99947050767946  7.5541823925851528 2.105304121643099 148.99739480312613  7.5424584422728076 2.1011991697680008 148.99530438980693  7.5307515268305494 2.0970561823217242 148.99319927007525  7.5190618117428443 2.0928752345494948 148.99107944668714  7.5073894644613848 2.0886563954173871 148.98894492280195  7.4745165130841986 2.0766502539197602 148.98288294211599  7.4533564963766121 2.0687754063571906 148.9789214708106  7.4322556230816845 2.0607755732746016 148.97491130908952  7.4112149109600267 2.0526511422502374 148.97085248013994  7.390235376733516 2.044402500090607 148.9667450093124  7.369318036085228 2.036030032830491 148.96258892412089  7.3484639036595514 2.0275341257329322 148.95838425424253  7.2752834646540521 1.9971950808790262 148.94341290774076  7.2233000660510411 1.9746948674022369 148.93238637084281  7.1717405769946652 1.9514200991674779 148.92105199469677  7.1206153317173051 1.9273887931083982 148.90940972712514  7.0699430133230212 1.9026019692988998 148.89746057887839  7.0197403020343785 1.8770640158668543 148.88520540163248  6.9700133470193126 1.850799762687521 148.872643923716  6.8676735983383619 1.7947102256609302 148.8458993926418  6.8151402927200939 1.7647677236445218 148.83166631006696  6.7631910130117134 1.7340086037499791 148.81707846509372  6.7118534173643392 1.7024253772637092 148.80213820329703  6.6611185511290874 1.6700741609114145 148.78684350549051  6.6110156129006725 1.6369435337382185 148.77119732736767  6.5615482105131306 1.6030657312716532 148.75519951717328  6.4595908814950027 1.5307794404126811 148.72105628033378  6.407219312543937 1.4922380578706385 148.70284589475983  6.3556247091033082 1.4528596063800785 148.6842207139868  6.3048162251707396 1.412673278955181 148.66518157389945  6.2548053970559776 1.3717025823952964 148.64572972749357  6.2055990265016217 1.3299754864851274 148.62586594016713  6.1571971833108092 1.2875279196595724 148.60559033732466  6.0840931543969212 1.2212403317475928 148.57381214595449  6.0588097382740864 1.1979001575023234 148.56260163856629  6.0337599270289157 1.1743646240081471 148.5512731220727  6.0089494445838172 1.1506320947036761 148.53982753733359  5.984375460276234 1.1267106543483945 148.5282644864572  5.9600343400710756 1.1026091795238444 148.51658346516402  5.93592939567821 1.0783283280013949 148.50478508055204  5.8855179102738564 1.0266994319886624 148.47962246563114  5.859267743198699 0.99930939079587322 148.46623072709417  5.8333003729357848 0.97171878173174409 148.45269273602597  5.8076180957160668 0.94393082766942771 148.43900900530974  5.7822142708129576 0.91595773861052887 148.42517856505776  5.7570847290144336 0.8878089645213757 148.41120089571606  5.7322368126802505 0.85948182375694615 148.39707743324345  5.6995129585654487 0.82152896706023593 148.37807238405088  5.6913902956763209 0.81205396473209057 148.37332106587684  5.6832984096127284 0.80256025901486217 148.36855368256931  5.6752374099403875 0.79304791614034409 148.36377026133806  5.6672074094640541 0.78351699951671872 148.35897083042809  5.6592085242276049 0.77396756972855418 148.35415541911911  5.6512408735139719 0.76439968453680884 148.34932405772571  5.6433045798451849 0.75481339887882715 148.34447677759752 
 0 9 0.035562520893351539 7 0.070645696859285928 7 0.091645238561584991 7 0.116204970881713 7 0.13739433306764864 7 0.1519251072796865 7 0.18898540170731865 7 0.22809223952140131 7 0.25808166102785102 7 0.27437815057965215 7 0.27867328410552078 7 0.29788463665363696 7 0.31421739325117859 7 0.34983054641919248 7 0.38334502836944373 7 0.39235517470311448 7 0.4073971374857972 7 0.42452749915606847 7 0.435997778368031 7 0.4742163971516391 7 0.53295697211593041 7 0.59549391368325799 7 0.61835484127578821 7 0.62591535137930177 7 0.65577730616793461 7 0.669597438697075 7 0.69475765559021263 7 0.75816147560655645 7 0.82654772589692027 7 0.90098653150811792 7 0.9409040421465934 7 0.98527585743064228 7 1 9
8 0.49612018740739777 0.71771444693419573
7 0 0  8 58 9  -0.12883119416682853 1.8535514746407615 143.12694902316878  0.0071472852497345097 1.8291945476928222 143.44934833137222  0.15685544635861581 1.8030228702280449 143.76469113250411  0.31991790395932107 1.7750983587834961 144.07241455566685  0.49592479860318267 1.7454869942237266 144.37200370593652  0.68443835759611737 1.7142579701325737 144.66298733322023  0.88499808323828311 1.6814830198522122 144.94493437876596  1.0971245683006068 1.6472359221694548 145.21745139932463  1.6224092815076963 1.5633500328379535 145.83577308403062  1.9447726690002598 1.5125501072895895 146.17343130744024  2.2862012653838217 1.4593766243920978 146.49229254371687  2.6454441088223959 1.4040174529670388 146.79161583454166  3.0212238406459329 1.3466624514616914 147.07076593101243  3.4122424742871704 1.28750281415412 147.32920364720826  3.8171873608605278 1.2267303617587109 147.56647793214151  4.532711863446508 1.1201536070645406 147.93619161268546  4.837003841477558 1.0750619725129229 148.07913935576968  5.1472201505774873 1.029318106755327 148.21100251496949  5.4629015245748365 0.98298832787028967 148.33167217186329  5.7834847354793606 0.93615390542796817 148.44101847696456  6.1082871637213412 0.88891278885714653 148.5389176972817  6.436457625306188 0.84138612598011586 148.62527632117315  6.8379102585819496 0.78348684188095896 148.71615062919318  6.9090038285425361 0.77324247876944252 148.73168640846461  6.9801828564639719 0.76299481798005686 148.74668678152742  7.0514324004054707 0.75274596803984484 148.76115122148286  7.1227355934671062 0.74249830698438868 148.77507926453222  7.1940736285795825 0.73225448263586901 148.78847062425208  7.2654257432940357 0.72201741288111898 148.8013253058696  7.4333655334104787 0.69794314567291349 148.83032238474476  7.5299445284728401 0.68411444356096029 148.8460176974061  7.6264500949930039 0.67031204456478299 148.86073080485485  7.7228151431805525 0.65654535051091945 148.87446336804115  7.8189619160827357 0.64282523657654345 148.88721863467146  7.9148030613227238 0.62916388570854176 148.89900235839747  8.0102434467137797 0.61557452098659149 148.90982356505472  8.1195822052874433 0.60002295580952758 148.92119239644035  8.1339719157301307 0.59797660170299161 148.92266798282427  8.1483570185861289 0.59593123806815518 148.92412249638738  8.1627410782587742 0.5938863574128499 148.92555633951142  8.1771260560462036 0.59184168029521944 148.926969745674  8.1915123101413592 0.58979715532372468 148.92836277944878  8.2058985956319646 0.58775295915714365 148.92973533650527  8.2635934508754509 0.57955623811487378 148.9351576943443  8.3068962086290892 0.57340722524038956 148.9390418722511  8.3501912402945759 0.56726231729242782 148.94274052203809  8.3934798332431093 0.5611213201684736 148.94625445328597  8.4367636596839262 0.5549839862521877 148.94958444044772  8.4800447766642861 0.54885001441340719 148.95273122284837  8.523325626069516 0.54271905000814291 148.95569550468508  8.6163621075342256 0.52954629980569179 148.96167630421846  8.6661185079820129 0.52250535704340539 148.9646343799609  8.7158825650265381 0.51546723219460011 148.96735316470443  8.7656592143177381 0.50843121753998077 148.96983352239224  8.8154539293346978 0.50139653204559154 148.97207617733159  8.8652726526250358 0.49436233137031088 148.97408169306505  8.9151217270443244 0.48732771787336004 148.97585045124131  8.9650078269954907 0.48029175062180596 148.97738263048629 
 0 9 0.2423466187762405 7 0.57035158564342014 7 0.80444189339623895 7 0.85473355689966801 7 0.92282655349124665 7 0.93315425127431273 7 0.96425293220682684 7 1 9
8 8.7103153935862139 10.15359336500136
7 0 0  1 2 2  0.44551136434610544 1.8535514746407615 138.16666666666669  1.6365381055215467 1.686163582283096 138.16666666666669 
 8.7103153935862139 2 10.15359336500136 2
8 0 0.76867841523040015
7 0 0  8 58 9  1.6365381055215498 1.6861635822830956 138.16666666666669  1.6386130765322808 1.6830892480203083 138.33766889635947  1.6424973047120461 1.67976442101337 138.50843873049541  1.6482115012627017 1.6761865899663424 138.67895162079733  1.6557267138036356 1.6723601252935538 138.84918904437853  1.6650583666052392 1.6682832514707113 139.01912689898438  1.6761877577530659 1.6639589157273147 139.1887455909814  1.6891170586866597 1.6593871763365153 139.35802278585888  1.7444968254291002 1.6412667350120274 139.99326733140785  1.7988430799331721 1.6260856943404194 140.45680701785767  1.866838020724406 1.6090385684713402 140.91714430613575  1.9485698516843457 1.5901209100761637 141.37379072284503  2.0442346792132597 1.5693141531968662 141.82619351130663  2.1540757711174825 1.5465938949946998 142.27375129298002  2.278353534655873 1.5219340298942061 142.7158193010705  2.5577708755472663 1.4684124929157369 143.59162627827362  2.7131572656035043 1.4395195044110762 144.02515811652577  2.8839282015176164 1.4085797206106643 144.45160080388902  3.0704770883001058 1.3755517783962283 144.87009854449366  3.2732585835814292 1.3403887374283039 145.27960926602387  3.4927851583121359 1.3030384846157606 145.67890946778738  3.7296057756726864 1.263446493618716 146.06660878356004  4.1730908108640321 1.1905046107247261 146.71886331531337  4.3716769917015785 1.1581947051826389 146.98927706530762  4.5802526861406392 1.1246096178812686 147.25177875436506  4.7990001339778967 1.089735588109672 147.50564009417144  5.0280717965000523 1.053564457951528 147.75004567666866  5.2675294204728207 1.0161018598615987 147.9841161057341  5.5174575352094202 0.97735251766397713 148.20683106161749  5.9190955508897476 0.91563007397598861 148.53104342215258  6.0633700926731517 0.89355869374311392 148.64134378193572  6.2107330469754691 0.87111609478819463 148.74778318043076  6.3611736111492929 0.84830677419160838 148.85017856161249  6.5146945829364213 0.82513432523486085 148.9482849501828  6.6712527646030635 0.80160791373599327 149.04191216756286  6.8308260518038235 0.7777349981578171 149.13079278275472  7.0749980175887153 0.74136756778010315 149.25684826353159  7.1573868332742396 0.72912311360411142 149.29774189160239  7.2405122904055981 0.71679606449956157 149.33734913738175  7.3243647890660313 0.70438825811952088 149.37563998345973  7.4089333439644189 0.69190173277502065 149.41258404640297  7.4942054414867645 0.67933874453782783 149.44815076033055  7.5801663858474084 0.66670183842723318 149.48231064930968  7.7468564292707027 0.64225035772583583 149.54528146186428  7.8274864698299291 0.63044630217596098 149.57430148810769  7.908676159329282 0.61858387862423525 149.6020749371676  7.9904080020073804 0.60666579234661278 149.62858666694797  8.0726654642461941 0.59469472961029046 149.65381439396504  8.1554294403070671 0.58267371712990568 149.6777371277087  8.2386744044330076 0.57060653320101651 149.70034313803819  8.3894578996600604 0.54879173539017168 149.73866184046639  8.4568160836002253 0.53906177155156298 149.754847469699  8.5244513039623637 0.52930696554453116 149.77016707682978  8.5923524380637275 0.51952895926032294 149.78461582561351  8.6604968465777947 0.50973118771276194 149.79817815258514  8.7288447014075654 0.49991947988491792 149.81083983115229  8.7973357020409892 0.49010258544703977 149.82258396300088  8.8658987680142545 0.4802917506218074 149.83333333333329 
 0 9 0.089027684580873331 7 0.33481127329434224 7 0.58288669223724132 7 0.76681331066671909 7 0.8665238661859529 7 0.91661258560797343 7 0.96290066754084547 7 1 9
8 31.847403804669618 33.290646350280085
7 0 0  1 2 2  19.538777911968218 -0.82983214315729714 138.16666666666669  20.72977541894101 -0.9972159269157207 138.16666666666669 
 31.847403804669618 2 33.290646350280085 2
8 0 1
7 0 0  8 191 28  1.6365381055215498 1.6861635822830956 138.16666666666669  1.6491824556192147 1.7453326439525145 138.16666666666669  1.6624059326234257 1.8043778690018102 138.16666666666669  1.6762073168221681 1.8632926181843994 138.16666666666669  1.6905815714657935 1.9220712757811247 138.16666666666669  1.7055247614396529 1.9807079105885883 138.16666666666669  1.7210359265085249 2.0391957987585085 138.16666666666669  1.7371159091328601 2.0975278084880817 138.16666666666669  1.7736723451055025 2.2252657115387384 138.16666666666669  1.7943927156985116 2.2946013824530476 138.16666666666669  1.815923298655141 2.363692922043735 138.16666666666669  1.8382623357865999 2.4325288144999431 138.16666666666669  1.8614075702596666 2.5010976546218355 138.16666666666669  1.8853565561603696 2.5693880369819175 138.16666666666669  1.9101069680576399 2.6373884450863523 138.16666666666669  1.9681755963237155 2.79125064570544 138.16666666666669  2.0019885462011073 2.876925665120222 138.16666666666669  2.0370831971736409 2.9620910881170479 138.16666666666669  2.073447208590498 3.0467259211626292 138.16666666666669  2.1110682965228706 3.1308093670326431 138.16666666666669  2.1499340681112682 3.2143209039904148 138.16666666666669  2.1900318559128267 3.2972403649655986 138.16666666666669  2.2638120068258019 3.4442189839560262 138.16666666666669  2.2970280641895973 3.5085115980918031 138.16666666666669  2.3309893332479765 3.5724171280888095 138.16666666666669  2.3656883565358737 3.6359269023599814 138.16666666666669  2.4011176102151226 3.6990323087825803 138.16666666666669  2.4372695040745112 3.7617247946981869 138.16666666666669  2.4741363815297603 3.8239958669127034 138.16666666666669  2.5663631095252986 3.9757868089378396 138.16666666666669  2.6225129477756361 4.0648269751219201 138.16666666666669  2.6801310066459001 4.1529347433493013 138.16666666666669  2.7392150227560954 4.2400723639626321 138.16666666666669  2.7997072739988664 4.3262375772879649 138.16666666666669  2.8616036334420607 4.4113941151716229 138.16666666666669  2.9248662302351338 4.4955284779987759 138.16666666666669  3.0581136894116803 4.666900223407124 138.16666666666669  3.1282711038602966 4.7540039499842264 138.16666666666669  3.1999123159562055 4.8399038668145025 138.16666666666669  3.2730105699446694 4.9245761083169306 138.16666666666669  3.3475166214815331 5.0080093033484729 138.16666666666669  3.4234099040186168 5.0901769846148746 138.16666666666669  3.5006486527121794 5.1710653906045598 138.16666666666669  3.6762372969991004 5.3489704965014218 138.16666666666669  3.775277896342617 5.4453045675754979 138.16666666666669  3.8762660544060497 5.5396232599456079 138.16666666666669  3.9791245332327447 5.6319083566245283 138.16666666666669  4.0838006498199952 5.7221282941513341 138.16666666666669  4.1902187998655318 5.8102677409272259 138.16666666666669  4.2983285969098768 5.8962962486797599 138.16666666666669  4.5177887217874648 6.064107650517931 138.16666666666669  4.6291396404089848 6.1458898090053218 138.16666666666669  4.7420507063339619 6.2255332371452399 138.16666666666669  4.8564564967299209 6.3030264884911036 138.16666666666669  4.9722997624327077 6.3783514804059562 138.16666666666669  5.0895225943745244 6.4514950608989885 138.16666666666669  5.2080596241239085 6.522456890458936 138.16666666666669  5.4761695555813539 6.6763678142125329 138.16666666666669  5.626412167011944 6.7581495561086857 138.16666666666669  5.7784703026889606 6.8365614390283138 138.16666666666669  5.9322462738354211 6.9115796557398514 138.16666666666669  6.0876205257084122 6.9832209707286008 138.16666666666669  6.2444982725171805 7.0514717171368027 138.16666666666669  6.402777814466182 7.1163308744182414 138.16666666666669  6.7219426411363132 7.239272914766965 138.16666666666669  6.8828274893333026 7.2973553847998165 138.16666666666669  7.0449190616813464 7.3520560092232348 138.16666666666669  7.2081234288801443 7.4033771079249266 138.16666666666669  7.3723490464045138 7.4513236195727712 138.16666666666669  7.5375061179092357 7.4959052134849538 138.16666666666669  7.7035069625490529 7.5371343742846122 138.16666666666669  7.9793012814390529 7.5997917290294694 138.16666666666669  8.0886597757528413 7.6231339173407582 138.16666666666669  8.1983193256049969 7.6450498443597299 138.16666666666669  8.3082566699679674 7.6655428716084231 138.16666666666669  8.418448878290901 7.6846167166619175 138.16666666666669  8.5288733984538148 7.7022752677662654 138.16666666666669  8.6395081047217186 7.7185223984564733 138.16666666666669  8.9263426333125633 7.7569299345996141 138.16666666666669  9.1028286905249427 7.7769473444323012 138.16666666666669  9.2797034712743791 7.7934273852689886 138.16666666666669  9.4568812211282705 7.8063931277907601 138.16666666666669  9.6342790043495601 7.8158642218893233 138.16666666666669  9.811816028628078 7.8218590394701843 138.16666666666669  9.9894126988100407 7.8243989666586202 138.16666666666669  10.252491781198827 7.8230697426567986 138.16666666666669  10.337987330819661 7.8218412366702657 138.16666666666669  10.423470205823937 7.8198173788913694 138.16666666666669  10.50893183587965 7.8170016792228809 138.16666666666669  10.594363682605627 7.8133962544531368 138.16666666666669  10.679757241539203 7.8090014820867282 138.16666666666669  10.765104217786428 7.8038190483060212 138.16666666666669  10.942250299220007 7.7914392341399807 138.16666666666669  11.034040557456608 7.7841166415610576 138.16666666666669  11.125757821047939 7.775898520326523 138.16666666666669  11.217392524068725 7.7667927057385606 138.16666666666669  11.308935363684908 7.7568069604017671 138.16666666666669  11.400377300153686 7.7459489742231549 138.16666666666669  11.491709556823508 7.7342263644121534 138.16666666666669  11.687167958331676 7.7072699302748049 138.16666666666669  11.791258201122108 7.6917756354618749 138.16666666666669  11.895179638465301 7.6751598352817991 138.16666666666669  11.99891643166789 7.6574142648872057 138.16666666666669  12.102452265407257 7.6385302877821939 138.16666666666669  12.205770631738051 7.6185006945821945 138.16666666666669  12.308854746081391 7.5973193630948543 138.16666666666669  12.52094657165498 7.5512418869629574 138.16666666666669  12.629921539475339 7.526196835919416 138.16666666666669  12.738590188752958 7.4998294673385182 138.16666666666669  12.84693649740575 7.4721583385776809 138.16666666666669  12.954937999820663 7.4431666279996245 138.16666666666669  13.062576813613068 7.4128682935833501 138.16666666666669  13.169832000410604 7.3812570356246834 138.16666666666669  13.402391812217676 7.3096051420408799 138.16666666666669  13.527541429671656 7.2690609468042613 138.16666666666669  13.652099460876457 7.2267048641595588 138.16666666666669  13.776032318082727 7.182538122333936 138.16666666666669  13.899305743251585 7.1365619651263525 138.16666666666669  14.021884903403267 7.0887778781897177 138.16666666666669  14.14373448596578 7.0391878153130456 138.16666666666669  14.385903660916716 6.9364007969851862 138.16666666666669  14.506223164587116 6.8832041055369242 138.16666666666669  14.625742122199544 6.8282081944353203 138.16666666666669  14.74442440674764 6.7714167931942155 138.16666666666669  14.862233120614121 6.7128338282490487 138.16666666666669  14.979130769030984 6.652463734441131 138.16666666666669  15.095079433539809 6.5903117665019035 138.16666666666669  15.359491977351437 6.4432780247749166 138.16666666666669  15.507273846097458 6.3571708033378354 138.16666666666669  15.653304121388878 6.2680780727201126 138.16666666666669  15.797492076946623 6.1760094532904102 138.16666666666669  15.93975039230499 6.0809831550196041 138.16666666666669  16.079991014606719 5.983021951627201 138.16666666666669  16.218119378844971 5.8821462266256441 138.16666666666669  16.489965603921231 5.6746109481877562 138.16666666666669  16.623682845701794 5.5679512107099081 138.16666666666669  16.755098867829677 5.4584252093837398 138.16666666666669  16.884117084931301 5.3460614035541045 138.16666666666669  17.010646638522161 5.2308995209995617 138.16666666666669  17.134569260952937 5.1129550789340552 138.16666666666669  17.255799300272113 4.9922829967508511 138.16666666666669  17.469886563715516 4.7692827554974988 138.16666666666669  17.563716892135588 4.6678892706274402 138.16666666666669  17.655668456065406 4.564767404658185 138.16666666666669  17.745679107419591 4.4599352290663354 138.16666666666669  17.8336978889424 4.353423317482858 138.16666666666669  17.91967465097321 4.2452658539733452 138.16666666666669  18.003548251179993 4.1354900253137803 138.16666666666669  18.166982124038274 3.9127675656584788 138.16666666666669  18.24654163789949 3.7998206088261677 138.16666666666669  18.323884709030043 3.6853217585190308 138.16666666666669  18.398959550396619 3.5693114680898139 138.16666666666669  18.471714345115139 3.451830995274427 138.16666666666669  18.542091198522392 3.3329201625787603 138.16666666666669  18.610028485931878 3.2126203445920543 138.16666666666669  18.719116026041565 3.0098879510776664 138.16666666666669  18.761646932125707 2.9281989222855072 138.16666666666669  18.803057149375007 2.8459296102074645 138.16666666666669  18.843332354222067 2.763095240756027 138.16666666666669  18.882457329580419 2.6797111229931114 138.16666666666669  18.920415533847788 2.5957925354320333 138.16666666666669  18.957190618306377 2.5113552832471648 138.16666666666669  19.018184178270374 2.3657454354263519 138.16666666666669  19.042988528388278 2.3048179425665913 138.16666666666669  19.067178044492827 2.2436411225376895 138.16666666666669  19.090747828819659 2.1822216510838111 138.16666666666669  19.113692984621352 2.1205662049675511 138.16666666666669  19.136008616167491 2.0586814619699174 138.16666666666669  19.157689828744623 1.9965741008903419 138.16666666666669  19.212399615101937 1.8345310151193148 138.16666666666669  19.244431355335166 1.7342591413327122 138.16666666666669  19.274802410024293 1.6334617485741996 138.16666666666669  19.303498888004025 1.5321694449754224 138.16666666666669  19.330508383251065 1.4304139180929119 138.16666666666669  19.355815730023014 1.3282265507759425 138.16666666666669  19.379403676160258 1.2256386132216472 138.16666666666669  19.424479993126873 1.0132889788351618 138.16666666666669  19.445744786107376 0.90348002785758574 138.16666666666669  19.465030387889602 0.79329367463888634 138.16666666666669  19.482332638270599 0.68277217738648743 138.16666666666669  19.497638786531642 0.57195632787024775 138.16666666666669  19.51093309358356 0.46088683269290426 138.16666666666669  19.522207193170132 0.34960666857590622 138.16666666666669  19.542488910725147 0.1049847556561571 138.16666666666669  19.550626866659577 -0.0284281357762158 138.16666666666669  19.555860721403551 -0.16200639506466813 138.16666666666669  19.558215949171824 -0.29567838539651764 138.16666666666669  19.557662080309456 -0.42936812154481235 138.16666666666669  19.554249749877986 -0.56300676111014747 138.16666666666669  19.547953980556159 -0.69651824835129739 138.16666666666669  19.538777911968229 -0.82983214315729859 138.16666666666669 
 0 9 0.018868231433341959 7 0.041433643231618418 7 0.070153767943083506 7 0.092719813796413003 7 0.12554273169408675 7 0.16041655401070554 7 0.20349479594958414 7 0.24657160793811889 7 0.29990337980394094 7 0.35323365190375361 7 0.38810288030147688 7 0.4434827603183189 7 0.47014656876569677 7 0.49886137457673679 7 0.53167819930312876 7 0.5665461092506604 7 0.6075674462620102 7 0.64858897252971581 7 0.70191733720439897 7 0.75524672699177131 7 0.79832141155332037 7 0.84139763940312595 7 0.87011596862357976 7 0.89062947884817301 7 0.92345192053554392 7 0.95832695922080935 7 1 9
8 0 0.75851055125069922
7 0 0  8 79 12  19.538777911968229 -0.82983214315729859 138.16666666666669  19.533043856483982 -0.82939501830803897 138.18932656440901  19.527304340948398 -0.8289571134913406 138.21198568741528  19.521560586801662 -0.82851860318986281 138.23464420900549  19.515813771009878 -0.82807965553897955 138.25730229654781  19.510065026065075 -0.82764043232679352 138.27996011145856  19.504315439985245 -0.82720108899412803 138.30261780920225  19.49856605631425 -0.82676177463453093 138.32527553929151  19.4861825134833 -0.82581571177281199 138.37408838828799  19.479546827955115 -0.82530881982138726 138.40024787441948  19.472909846594863 -0.82480181597990088 138.42641167612527  19.466270609681455 -0.82429456169739257 138.45257956781916  19.459628168715263 -0.82378692003202958 138.47875132588496  19.452981586418144 -0.82327875565112008 138.50492672867685  19.446329936733406 -0.82276993483110172 138.5311055565189  19.426344210565112 -0.82124012460218276 138.60970211953554  19.412996133251749 -0.82021706876473555 138.66211378696937  19.399620590605132 -0.81919008892837286 138.71452152162297  19.386210297166091 -0.81815814379094509 138.766924254385  19.372758164296844 -0.81712021976501004 138.81932091941675  19.359257300181028 -0.81607533097782725 138.87171045415218  19.34570100982366 -0.8150225192713505 138.92409179929783  19.27235794761183 -0.80930475313878358 139.20615007334791  19.211442123169565 -0.80447835172560311 139.43565684326867  19.148786898206957 -0.79940315841044929 139.6648972144975  19.083914484241813 -0.7940104863920161 139.89377667397804  19.016414542997847 -0.78824099723741936 140.12219264990844  18.945941001575431 -0.78204424449968823 140.35003397195413  18.872208867622209 -0.77537821733524526 140.57718033146094  18.683551413262251 -0.7578622074432162 141.13012548573403  18.564838804075876 -0.74646607156906741 141.4550710612983  18.438185125550493 -0.73391942060610327 141.77789836642327  18.303158859476159 -0.72015505458667084 142.09820464527255  18.159535338707293 -0.70513528187874308 142.41561401565815  18.007265808669125 -0.68884739764079872 142.72976681190258  17.846445272490389 -0.67129898832117108 143.04030874301645  17.520180673810749 -0.63506725669332842 143.63158130467423  17.355864470379277 -0.61655193789890306 143.91289531072283  17.184466365288575 -0.59698225680634875 144.19057962371349  17.006174678584831 -0.5763813182647145 144.46442765535394  16.821203428382901 -0.55477616191845258 144.7342526764906  16.629768687897847 -0.53219421095998942 144.99987377881283  16.432068065665394 -0.50866018870070695 145.26110361145362  15.890400256754383 -0.44363316838003913 145.94318057049773  15.536046989451155 -0.4005439137125566 146.35563414181908  15.165611354851828 -0.35497622465856749 146.75467867289041  14.779444299843387 -0.30696257866556609 147.13927901713856  14.377770107065897 -0.25650636199503846 147.50770625917659  13.960631562002808 -0.20357329966129195 147.85748463305617  13.527749177259976 -0.14806918494774779 148.18523876929044  12.89013333450195 -0.065425623233888647 148.61340253787301  12.698856399520569 -0.040527315771814447 148.73531705307283  12.50480659278692 -0.015158131002484721 148.85224320168996  12.308025208439863 0.010682130768031589 148.96381207734376  12.108585375834851 0.03698956321878074 149.06963215130671  11.906597970641942 0.063755135613149383 149.16930080389673  11.702220234987244 0.090963195101628758 149.26242191285544  11.384579707770497 0.13344705994869588 149.39500978528312  11.272863316237141 0.1484256953252483 149.43938269527828  11.16055482329547 0.16352096602987495 149.48170183890588  11.047693098272052 0.17872823867444118 149.52191625196679  10.934321679609024 0.1940421823091365 149.55997751191504  10.820488907551082 0.20945670545120718 149.59584246159542  10.706248535824541 0.22496481528990273 149.62947657858084  10.522858607125334 0.24992141660120315 149.67969308921772  10.453933807538991 0.25931484027234109 149.69771837831632  10.384897132421198 0.26873733549755197 149.71492338297151  10.315761923056073 0.27818709546411935 149.7313039132631  10.246544945169401 0.28766182004661967 149.74685651907546  10.177266800247383 0.29715866265360974 149.76157820411524  10.107952844902272 0.30667409856723782 149.77546657658954  10.005256308367246 0.32079244271535451 149.79480616837176  9.9718786083668931 0.32538423831757907 149.80089812004121  9.9385044862664831 0.32997869234695759 149.80679580686649  9.9051385635197597 0.3345751604112579 149.81249891478492  9.8717872107161568 0.33917275879074194 149.81800673045356  9.8384586432455716 0.34377036026739582 149.82331757134477  9.8051630169632791 0.34836658995415626 149.82842821584154  9.7719125238547093 0.35295982112414176 149.83333333333326 
 0 9 0.011850935490743579 7 0.025530952625903349 7 0.05291735073199088 7 0.17302475659455233 7 0.34636200540814421 7 0.50733399640674892 7 0.77418982977282724 7 0.88618377109384638 7 0.94641759944260784 7 0.98258470993992675 7 1 9
Polygon3D 0
PolygonOnTriangulations 0
Surfaces 7
9 1 0 0 0 3 5 571 9 569 3 16.752133191349536 -1.3613083335200993 127.66666666666666  1 18.786561090427277 -1.8945608446927269 129.33180829252703  0.99999999999999911 20.769303122129148 -1.1399238735826445 130.99933674862351  1.0000000000000049 21.794069281359729 -2.0186551470168363 133.70499022625927  0.99999999999999445 20.498636372954124 -1.2217918238024243 138.84398153835744  1.0000000000000051 19.175753416826794 -1.3476803536923125 144.18633971649101  0.999999999999996 16.595119337531614 -0.95226897526186227 146.78373188029559  1.0000000000000022 14.386684381780096 -0.71377137205241126 149.24792213854712  0.99999999999999933 11.059903845832698 -0.24881704290550699 149.83333333333334  1 
16.777585239761443 -1.1822016801948951 127.66666666666666  1 18.818623794000715 -1.6690729016738701 129.33180829252709  0.99999999999999911 20.808130910945579 -0.86633680297539084 130.99933674862368  1.0000000000000049 21.834617643341737 -1.7341466365867153 133.70499022625893  0.99999999999999445 20.539197030848101 -0.93538362403765418 138.84398153835784  1.0000000000000051 19.210595526256011 -1.1027609266781613 144.18633971649092  0.999999999999996 16.624231434564308 -0.7460582465933685 146.78373188029559  1.0000000000000022 14.406289235150192 -0.57586841619889251 149.24792213854712  0.99999999999999933 11.067388269764317 -0.19596163107095629 149.83333333333331  1 
16.793163458395163 -0.99845914458076779 127.66666666666666  1 18.837987204665367 -1.4377195936049485 129.33180829252689  0.99999999999999911 20.833732612340881 -0.58590731205634927 130.99933674862388  1.0000000000000049 21.857548478271195 -1.4420581297068256 133.7049902262589  0.99999999999999445 20.568420792858763 -0.6421251983109374 138.84398153835798  1.0000000000000051 19.231839655631614 -0.85150429410709794 144.18633971649064  0.999999999999996 16.647467218087812 -0.53521075149874253 146.78373188029624  1.0000000000000022 14.418447927650888 -0.43441928818246822 149.24792213854684  0.99999999999999933 11.072717035839705 -0.14183557977848871 149.83333333333331  1 
16.79832626344194 -0.81208357748958038 127.66666666666666  1 18.843990504352309 -1.2030621113028936 129.33180829252694  0.99999999999999911 20.845272760424393 -0.30133412659611414 130.99933674862388  1.0000000000000049 21.862129185908024 -1.1458994501523665 133.70499022625893  0.99999999999999445 20.585380359091527 -0.34436421957176444 138.84398153835798  1.0000000000000051 19.238797724291661 -0.59663370172765728 144.18633971649041  0.999999999999996 16.664147105537875 -0.32103439753427593 146.78373188029667  1.0000000000000022 14.42275346503166 -0.29091620295668513 149.24792213854656  0.99999999999999933 11.075723367928232 -0.086891779011795872 149.83333333333331  1 
16.798523793946828 -0.80448178208661092 127.66666666666666  1 18.844218645765316 -1.1934910307633355 129.33180829252694  0.99999999999999911 20.845725759588284 -0.28972693308318903 130.99933674862388  1.0000000000000049 21.862293122634618 -1.1338200234423255 133.70499022625893  0.99999999999999445 20.586056542026935 -0.33221890295960455 138.84398153835798  1.0000000000000051 19.239063637610876 -0.58623814760252102 144.18633971649041  0.999999999999996 16.664818985360444 -0.31229827764089374 146.78373188029667  1.0000000000000022 14.422919234443983 -0.28506303497441321 149.24792213854656  0.99999999999999933 11.075843046839292 -0.084650703340978989 149.83333333333331  1 
16.798815856050965 -0.79262157246413545 127.66666666666666  1 18.844553926011006 -1.1785583899688654 129.33180829252686  0.99999999999999911 20.846410667141594 -0.27161735209933446 130.99933674862388  1.0000000000000049 21.862520605239443 -1.1149740691405627 133.70499022625899  0.99999999999999445 20.587092292384281 -0.31326946175791537 138.84398153835772  1.0000000000000051 19.239456410830147 -0.57001913490927947 144.18633971649101  0.999999999999996 16.66585679792037 -0.29866779751337891 146.78373188029559  1.0000000000000022 14.423165705043369 -0.2759309645726164 149.24792213854712  0.99999999999999933 11.076026133010867 -0.081154139399851249 149.83333333333331  1 
16.799075853232807 -0.78062631493382773 127.66666666666666  1 18.844847676100255 -1.1634557578850946 129.33180829252686  0.99999999999999911 20.847055373428965 -0.25330109608216356 130.99933674862388  1.0000000000000049 21.862688603163601 -1.0959139508930431 133.70499022625899  0.99999999999999445 20.588097636678139 -0.29410312729995469 138.84398153835772  1.0000000000000051 19.239805153979681 -0.55361539296177786 144.18633971649101  0.999999999999996 16.666883493242281 -0.28488094460871566 146.78373188029559  1.0000000000000022 14.423388292811639 -0.26669481251647698 149.24792213854712  0.99999999999999933 11.076203324353795 -0.077617600949562909 149.83333333333331  1 
16.799346022992367 -0.76609974484646093 127.66666666666666  1 18.845146135830745 -1.1451661368566044 129.33180829252677  0.99999999999999911 20.847775548916843 -0.23111897223473843 130.99933674862416  1.0000000000000049 21.862813635759331 -1.0728322571964877 133.70499022625876  0.99999999999999445 20.589261911501509 -0.27089061412732818 138.84398153835815  1.0000000000000051 19.240166238353972 -0.53374997045203842 144.18633971649041  0.999999999999996 16.668097894501823 -0.26818304803994353 146.78373188029667  1.0000000000000022 14.423624155102528 -0.25550945827453431 149.24792213854656  0.99999999999999933 11.076407830879473 -0.073334532820106269 149.83333333333331  1 
16.799488928438503 -0.75739330582794773 127.66666666666666  1 18.845300641912651 -1.1342043559588255 129.33180829252689  0.99999999999999911 20.848181400350118 -0.2178239191061852 130.99933674862388  1.0000000000000049 21.862855207760173 -1.0589986079703229 133.7049902262589  0.99999999999999445 20.589937057652758 -0.25697759617020333 138.84398153835798  1.0000000000000051 19.240356597364997 -0.52184368531058056 144.18633971649064  0.999999999999996 16.668813411965463 -0.25817450278705339 146.78373188029624  1.0000000000000022 14.423751182060691 -0.24880550502166016 149.24792213854684  0.99999999999999933 11.076526112799273 -0.070767393412614066 149.83333333333331  1 
16.799599967886174 -0.74972558634276287 127.66666666666666  1 18.845417726979591 -1.1245503902046661 129.33180829252677  0.99999999999999911 20.848518746351484 -0.20611478950827822 130.99933674862416  1.0000000000000049 21.86286583111746 -1.0468156001140883 133.70499022625876  0.99999999999999445 20.590514004200791 -0.24472389336588871 138.84398153835815  1.0000000000000051 19.240503945789094 -0.51135785479019613 144.18633971649041  0.999999999999996 16.669433968249546 -0.24935941815624013 146.78373188029667  1.0000000000000022 14.423851885209514 -0.24290131815045987 149.24792213854656  0.99999999999999933 11.076626942590044 -0.068506442566611536 149.83333333333331  1 
16.80172087153473 -0.59295190641353912 127.66666666666666  1 18.84762018296145 -0.92716628565094439 129.33180829252709  0.99999999999999911 20.855213572722079 0.033291755048287339 130.99933674862368  1.0000000000000049 21.862820993407329 -0.79772491469454276 133.70499022625896  0.99999999999999445 20.602132228239061 0.0058203995619813603 138.84398153835781  1.0000000000000051 19.24331191876696 -0.29696504341960361 144.18633971649095  0.999999999999996 16.682025104196985 -0.069120539981301451 146.78373188029536  1.0000000000000022 14.425798209180511 -0.12218422469270962 149.24792213854744  0.99999999999999933 11.078654818332629 -0.022278333583568941 149.83333333333334  1 
16.796148498470881 -0.43132041823394252 127.66666666666666  1 18.839947879163969 -0.72367841867324589 129.33180829252709  0.99999999999999911 20.851597684918588 0.28024674094539681 130.99933674862368  1.0000000000000049 21.849166636458058 -0.54103634453654148 133.70499022625884  0.99999999999999445 20.604866416150461 0.26444002532125349 138.84398153835812  1.0000000000000051 19.235576138781024 -0.075917473907692518 144.18633971649055  0.999999999999996 16.689983029643351 0.11703382808007387 146.78373188029624  1.0000000000000022 14.421954652837789 0.0022988444151332099 149.24792213854684  0.99999999999999933 11.078996231106153 0.02542765759891245 149.83333333333334  1 
16.782233095511717 -0.2670972750062332 127.66666666666666  1 18.821589318794672 -0.51697088016098369 129.33180829252694  0.99999999999999911 20.836720041612654 0.53155098565729531 130.99933674862368  1.0000000000000049 21.820900870698775 -0.28060175099170398 133.70499022625913  0.99999999999999445 20.597751897776281 0.52813775059157453 138.84398153835758  1.0000000000000051 19.21643888503559 0.14869160780033605 144.18633971649101  0.999999999999996 16.6926597234153 0.3072231911320748 146.78373188029602  1.0000000000000022 14.411831988609148 0.12883819207273403 149.24792213854684  0.99999999999999933 11.077473808455109 0.074043386809390377 149.83333333333334  1 
16.780894865270049 -0.25193033878340232 127.66666666666666  1 18.819825708414662 -0.49788057041718847 129.33180829252694  0.99999999999999911 20.835273922693951 0.55476292307331465 130.99933674862368  1.0000000000000049 21.818197714277275 -0.25655159887814605 133.70499022625913  0.99999999999999445 20.597031133605139 0.55249787237012393 138.84398153835758  1.0000000000000051 19.214598846793923 0.16943562978495716 144.18633971649101  0.999999999999996 16.692872093410266 0.32479519342300978 146.78373188029602  1.0000000000000022 14.410857073425934 0.14052520852612624 149.24792213854684  0.99999999999999933 11.077321166576926 0.07853428033730829 149.83333333333334  1 
16.778767153535711 -0.22855177749043037 127.66666666666666  1 18.817024067618451 -0.46845481859396187 129.33180829252672  0.99999999999999911 20.832956333175773 0.59054535933007957 130.9993367486243  1.0000000000000049 21.813917582648799 -0.21948337506488613 133.70499022625853  0.99999999999999445 20.595842044928997 0.59005461708820783 138.84398153835858  1.0000000000000051 19.211673660652593 0.20141092268693911 144.18633971648984  0.999999999999996 16.6931567321183 0.35188962107395788 146.78373188029778  1.0000000000000022 14.409305288191774 0.15854024922554055 149.24792213854599  0.99999999999999933 11.077071132394329 0.085457808740266511 149.83333333333334  1 
16.776489570198162 -0.20505423479593241 127.66666666666666  1 18.81402983689636 -0.43888012575528695 129.33180829252672  0.99999999999999911 20.830438035662308 0.62651690767208223 130.9993367486243  1.0000000000000049 21.809372352055441 -0.18223323139682668 133.70499022625853  0.99999999999999445 20.594479722829092 0.62781918488808952 138.84398153835858  1.0000000000000051 19.208542938207348 0.23354918403117209 144.18633971648984  0.999999999999996 16.693351335504875 0.3791408043856474 146.78373188029778  1.0000000000000022 14.407640500428094 0.17664801579129458 149.24792213854599  0.99999999999999933 11.076788213593018 0.09241916830996548 149.83333333333334  1 
16.773577029689729 -0.17679524373255781 127.66666666666666  1 18.810206866778408 -0.40331357451511918 129.33180829252672  0.99999999999999911 20.827172533943383 0.66978672631879588 130.9993367486243  1.0000000000000049 21.803604230154129 -0.13744355589845769 133.70499022625853  0.99999999999999445 20.592630057014055 0.67325797419336575 138.84398153835858  1.0000000000000051 19.204540340492944 0.27220017717513256 144.18633971648984  0.999999999999996 16.69346997786533 0.41193890005087219 146.78373188029778  1.0000000000000022 14.405507096725128 0.19842643002979518 149.24792213854599  0.99999999999999933 11.076408387381278 0.10079457427209319 149.83333333333334  1 
16.771757121772172 -0.15984995939563634 127.66666666666666  1 18.807820460486045 -0.38198681462998652 129.33180829252714  0.99999999999999911 20.825114124342999 0.6957370712349783 130.99933674862336  1.0000000000000049 21.800017624562816 -0.11058950465626438 133.70499022625933  0.99999999999999445 20.591431538778465 0.70051435668272588 138.84398153835747  1.0000000000000051 19.202039428701845 0.29537709452591043 144.18633971649081  0.999999999999996 16.693492320294784 0.43161673384820654 146.78373188029644  1.0000000000000022 14.40417214420293 0.21148626882086557 149.24792213854656  0.99999999999999933 11.076163851560956 0.10581829721058182 149.83333333333334  1 
16.770119695777094 -0.14513113536441286 127.66666666666666  1 18.805675122596664 -0.36346255441387587 129.33180829252714  0.99999999999999911 20.823248769582055 0.71828089741205547 130.99933674862336  1.0000000000000049 21.796803791123406 -0.087266785846990366 133.70499022625933  0.99999999999999445 20.59032139663859 0.72419693060415891 138.84398153835747  1.0000000000000051 19.199789492599294 0.3155088885693062 144.18633971649081  0.999999999999996 16.693473675576318 0.44871760456455506 146.78373188029644  1.0000000000000022 14.402969675940971 0.22283061995734896 149.24792213854656  0.99999999999999933 11.075938476067909 0.1101831232037028 149.83333333333334  1 
16.754905287123869 -0.01061260853350306 127.66666666666666  1 18.785748990315213 -0.19416688660230425 129.33180829252728  0.99999999999999911 20.805859663001179 0.92432774763277159 130.99933674862288  1.0000000000000049 21.766998039235613 0.12587149366964073 133.70499022625981  0.99999999999999445 20.579870748996772 0.94067024839682845 138.84398153835653  1.0000000000000051 19.178884995636999 0.49949824511416352 144.18633971649203  0.999999999999996 16.693134676127862 0.60504421995549218 146.78373188029425  1.0000000000000022 14.391791233193207 0.32651112973719848 149.24792213854772  0.99999999999999933 11.073821513240592 0.1500794577797282 149.83333333333334  1 
16.733189944137518 0.12955721848645502 127.66666666666666  1 18.757485076354204 -0.017795897370149749 129.33180829252689  0.99999999999999911 20.779725966509972 1.1393607717083007 130.99933674862379  1.0000000000000049 21.725754890825922 0.3476540558391269 133.70499022625893  0.99999999999999445 20.561819963648482 1.1670223835228359 138.84398153835784  1.0000000000000051 19.149075465998347 0.69122977139122121 144.18633971649092  0.999999999999996 16.688818428603824 0.76883933066480159 146.78373188029559  1.0000000000000022 14.375709514021548 0.43459521459955019 149.24792213854712  0.99999999999999933 11.070271337234997 0.19177612921281878 149.83333333333334  1 
16.704623811775022 0.27304930593762156 127.66666666666666  1 18.720463248172948 0.16270264955201749 129.33180829252686  0.99999999999999911 20.744252647604359 1.3599954519408297 130.99933674862388  1.0000000000000049 21.672655306505387 0.57424427513084708 133.70499022625899  0.99999999999999445 20.535437058113967 1.3999322864121182 138.84398153835772  1.0000000000000051 19.109915621721097 0.88753490656636003 144.18633971649101  0.999999999999996 16.679930940138831 0.93789661777525235 146.78373188029559  1.0000000000000022 14.354454227464631 0.54531532278863026 149.24792213854712  0.99999999999999933 11.065158682295007 0.23465196846931269 149.83333333333334  1 
16.700006851132066 0.295630678487668 127.66666666666666  1 18.714481794738916 0.19110654166793659 129.33180829252686  0.99999999999999911 20.738502829073752 1.3947266167165018 130.99933674862388  1.0000000000000049 21.664090393005619 0.60989391601285847 133.70499022625899  0.99999999999999445 20.531133244659308 1.4366086443830004 138.84398153835772  1.0000000000000051 19.103587172656106 0.9184279641921308 144.18633971649101  0.999999999999996 16.67844627765264 0.96452818377161542 146.78373188029559  1.0000000000000022 14.351017298359226 0.56274076826750086 149.24792213854712  0.99999999999999933 11.064325692697791 0.24140307111541026 149.83333333333334  1 
16.692884456239984 0.32974963613165431 127.66666666666666  1 18.705257200622558 0.23402162463847928 129.33180829252686  0.99999999999999911 20.72961298236493 1.44721490206702 130.99933674862388  1.0000000000000049 21.650897956536671 0.66374722944510933 133.70499022625899  0.99999999999999445 20.524446930422698 1.4920525973991055 138.84398153835772  1.0000000000000051 19.093825306234322 0.96510587155239569 144.18633971649101  0.999999999999996 16.676099003160047 1.0047997173105554 146.78373188029559  1.0000000000000022 14.345713378779967 0.58907114299428487 149.24792213854712  0.99999999999999933 11.063032797001711 0.25160808839743587 149.83333333333334  1 
16.685500918435771 0.36367698944095567 127.66666666666666  1 18.695699663869046 0.27669274385563625 129.3318082925266  0.99999999999999911 20.720357872986732 1.4994336076833348 130.99933674862459  1.0000000000000049 21.637262408455705 0.71727496457541995 133.70499022625839  0.99999999999999445 20.517420477957344 1.5472444261898526 138.84398153835846  1.0000000000000051 19.083706789797336 1.0115225573338631 144.18633971649052  0.999999999999996 16.67355053992042 1.0449138651068395 146.78373188029582  1.0000000000000022 14.340210985666262 0.61525705617303528 149.24792213854712  0.99999999999999933 11.061676537557997 0.26176525169319492 149.83333333333334  1 
16.676359190006597 0.40398948796707801 127.66666666666666  1 18.683873154112934 0.32739119084754392 129.33180829252694  0.99999999999999911 20.708850654626666 1.5615111338433838 130.99933674862388  1.0000000000000049 21.620430613985878 0.78084861129917493 133.70499022625899  0.99999999999999445 20.508604506240257 1.6128969227730159 138.84398153835772  1.0000000000000051 19.071180926673229 1.0666764610455886 144.18633971649101  0.999999999999996 16.670256796411415 1.0926645856921295 146.78373188029559  1.0000000000000022 14.33339341348486 0.64637543702086075 149.24792213854712  0.99999999999999933 11.059978168746886 0.27384600906630752 149.83333333333334  1 
16.670718762565635 0.42817969115605614 127.66666666666666  1 18.676579013180337 0.35781221628567084 129.33180829252694  0.99999999999999911 20.701731233612048 1.5987751216914856 130.99933674862388  1.0000000000000049 21.610065994403897 0.81898517337057963 133.70499022625899  0.99999999999999445 20.503118076495678 1.6523241625760641 138.84398153835772  1.0000000000000051 19.06345306439794 1.099773022430711 144.18633971649101  0.999999999999996 16.668168616154226 1.1213553432759704 146.78373188029559  1.0000000000000022 14.329184871460047 0.66505030433765877 149.24792213854712  0.99999999999999933 11.05892250348699 0.28110037763357004 149.83333333333334  1 
16.665819937509717 0.44868553104921771 127.66666666666666  1 18.670246014292498 0.38359877195337144 129.33180829252694  0.99999999999999911 20.695533323505813 1.6303738241122678 130.99933674862388  1.0000000000000049 21.601079603365093 0.85130410151381453 133.70499022625899  0.99999999999999445 20.498317857160011 1.685770585043177 138.84398153835772  1.0000000000000051 19.056741869983732 1.1278291955543889 144.18633971649101  0.999999999999996 16.666312872786623 1.1457049283986576 146.78373188029559  1.0000000000000022 14.3255281389452 0.68088221616165978 149.24792213854712  0.99999999999999933 11.057999817855293 0.28725380500706943 149.83333333333334  1 
16.638690653658671 0.56099657688787707 127.66666666666666  1 18.635179674712312 0.52482963932594151 129.33180829252646  0.99999999999999911 20.661173594897086 1.8034671989695439 130.99933674862501  1.0000000000000049 21.551352421734684 1.0282924823269917 133.70499022625805  0.99999999999999445 20.471647082177395 1.8690196425950054 138.84398153835886  1.0000000000000051 19.019577578989566 1.2814949581669954 144.18633971649001  0.999999999999996 16.655930576766423 1.2791414662537874 146.78373188029667  1.0000000000000022 14.305273906981144 0.76759763746095466 149.24792213854656  0.99999999999999933 11.052875563800919 0.32096642581743018 149.83333333333337  1 
16.605640676270632 0.68009252813164389 127.66666666666666  1 18.592535802572854 0.67455219100301389 129.33180829252686  0.99999999999999911 20.618799674127729 1.9873987737019427 130.99933674862388  1.0000000000000049 21.491324879107797 1.2156379372201196 133.70499022625899  0.99999999999999445 20.437908950464376 2.0642350417402962 138.84398153835772  1.0000000000000051 18.974327945212629 1.4444635919216962 144.18633971649101  0.999999999999996 16.641782556955597 1.421695404088944 146.78373188029559  1.0000000000000022 14.280549123299105 0.85960385731439937 149.24792213854712  0.99999999999999933 11.046426424047619 0.35686189204822216 149.8333333333334  1 
16.566346292640596 0.80409366788066872 127.66666666666666  1 18.541924433916705 0.83039239693282196 129.33180829252709  0.99999999999999911 20.567858984572108 2.1794197785069023 130.99933674862368  1.0000000000000049 21.420603246498555 1.4102787157133834 133.70499022625899  0.99999999999999445 20.396423426195632 2.2686885842874625 138.84398153835772  1.0000000000000051 18.920577150053067 1.6141850608577961 144.18633971649101  0.999999999999996 16.623314848849414 1.5715343103532697 146.78373188029559  1.0000000000000022 14.251102271509088 0.95547336973699148 149.24792213854712  0.99999999999999933 11.038531766595039 0.39443191033788683 149.8333333333334  1 
16.55672067004074 0.8337631211264529 127.66666666666666  1 18.529529662016017 0.86767713058990192 129.33180829252709  0.99999999999999911 20.555357513706603 2.2253880168971936 130.99933674862368  1.0000000000000049 21.40330523285057 1.4568300523047004 133.70499022625899  0.99999999999999445 20.3862049085254 2.3176633028106117 138.84398153835772  1.0000000000000051 18.907411971574618 1.6547955684711912 144.18633971649101  0.999999999999996 16.618723824335341 1.607451678749193 146.78373188029559  1.0000000000000022 14.243886692030641 0.97841513626922216 149.24792213854712  0.99999999999999933 11.036588583345827 0.40343029564876864 149.8333333333334  1 
16.542302122364589 0.8773915268359056 127.66666666666666  1 18.510967210783363 0.9225008111577423 129.33180829252649  0.99999999999999911 20.536603457196229 2.2930111949891496 130.99933674862507  1.0000000000000049 21.377424323920899 1.5252590980827108 133.70499022625785  0.99999999999999445 20.370832371983212 2.3897459568957777 138.84398153835934  1.0000000000000051 18.887693258780722 1.7145144535602346 144.18633971648933  0.999999999999996 16.611768300801984 1.6603460595947817 146.78373188029801  1.0000000000000022 14.233075506173645 1.0121544366005453 149.24792213854599  0.99999999999999933 11.033666936923492 0.41667310589384776 149.8333333333334  1 
16.527664899252606 0.92012641753550029 127.66666666666666  1 18.492130559861693 0.97619545802914176 129.33180829252649  0.99999999999999911 20.517513296238249 2.3593056477950398 130.99933674862507  1.0000000000000049 21.351208453253602 1.5922387565876566 133.70499022625785  0.99999999999999445 20.35509980513244 2.460482682507894 138.84398153835934  1.0000000000000051 18.867678441596109 1.7730133312331335 144.18633971648933  0.999999999999996 16.60455603529007 1.7123115929262915 146.78373188029801  1.0000000000000022 14.222094800034533 1.0452100310516041 149.24792213854599  0.99999999999999933 11.030679917693416 0.42966596064732743 149.8333333333334  1 
16.509960018566264 0.97003004039961949 127.66666666666664  1 18.469356078911847 1.038890746811777 129.33180829252694  0.99999999999999911 20.494358060737788 2.4367876554944665 130.9993367486241  1.0000000000000049 21.319571118191813 1.6703994987742676 133.70499022625859  0.99999999999999445 20.335913141694657 2.5432401996835825 138.84398153835846  1.0000000000000051 18.843473587325342 1.8413303270438661 144.18633971649012  0.999999999999996 16.595650152448002 1.7731822793447805 146.78373188029687  1.0000000000000022 14.208805847135885 1.0838194582386929 149.24792213854656  0.99999999999999933 11.027041585685183 0.44486433269699999 149.8333333333334  1 
16.499070785508788 1.0000070015931122 127.66666666666666  1 18.455352839484902 1.0765488795006639 129.33180829252694  0.99999999999999911 20.480090802076159 2.4833589003462984 130.9993367486241  1.0000000000000049 21.300142322911675 1.7173276361723755 133.70499022625859  0.99999999999999445 20.324049426940778 2.593017416506922 138.84398153835846  1.0000000000000051 18.828587863416853 1.8823698365669321 144.18633971649012  0.999999999999996 16.590099247553841 1.8098260946783662 146.78373188029687  1.0000000000000022 14.2006295477672 1.1070155441130747 149.24792213854656  0.99999999999999933 11.024793584094382 0.45400481567663409 149.83333333333337  1 
16.489983637778863 1.0245052577745066 127.66666666666666  1 18.443670032897348 1.1073224564134936 129.33180829252694  0.99999999999999911 20.468165601409822 2.5214396930978986 130.9993367486241  1.0000000000000049 21.283950827214451 1.7556621454037757 133.70499022625859  0.99999999999999445 20.314102359837932 2.6337459693917431 138.84398153835846  1.0000000000000051 18.816166935561832 1.9159103313850476 144.18633971649012  0.999999999999996 16.585411962673408 1.8398317484626014 146.78373188029687  1.0000000000000022 14.193804232846157 1.1259749332773576 149.24792213854656  0.99999999999999933 11.022909980497822 0.46148291306633932 149.8333333333334  1 
16.455878855774571 1.1156267221586629 127.66666666666669  1 18.399828382693592 1.2217817836038201 129.33180829252714  0.99999999999999911 20.423378833450467 2.6631159354856333 130.99933674862345  1.0000000000000049 21.223218241687086 1.8982203359045267 133.7049902262591  0.99999999999999445 20.27669530265986 2.7853157570615301 138.8439815383577  1.0000000000000051 18.769552657113675 2.0406671594922452 144.18633971649092  0.999999999999996 16.567731285411316 1.951533967916258 146.78373188029602  1.0000000000000022 14.168185267698993 1.1964991292179743 149.24792213854684  0.99999999999999933 11.015828418488081 0.48931107903479359 149.8333333333334  1 
16.415692098473606 1.2148141331182738 127.66666666666666  1 18.348216861908892 1.3463403734710182 129.331808292527  0.99999999999999911 20.370300038919666 2.8176799556252661 130.99933674862388  1.0000000000000049 21.152009115784548 2.053123142906371 133.70499022625879  0.99999999999999445 20.231868738104609 2.951103969894131 138.84398153835801  1.0000000000000051 18.714650324390934 2.1764947585220962 144.18633971649083  0.999999999999996 16.546008963652667 2.0740901238891718 146.78373188029602  1.0000000000000022 14.13796770878862 1.2733124363872887 149.24792213854684  0.99999999999999933 11.007361444673437 0.51973670729760002 149.8333333333334  1 
16.368736233596067 1.3213341087296664 127.66666666666666  1 18.287977103457663 1.4800685538634266 129.33180829252723  0.99999999999999911 20.307894496010892 2.9841388688436576 130.99933674862336  1.0000000000000049 21.069277208127762 2.2191363909221007 133.70499022625924  0.99999999999999445 20.178535349698393 3.1302219414570041 138.84398153835741  1.0000000000000051 18.65054257262544 2.322415002272153 144.18633971649126  0.999999999999996 16.519491480626094 2.2069988319608247 146.78373188029539  1.0000000000000022 14.102625016710968 1.3558709646683964 149.24792213854712  0.99999999999999933 10.997311038638252 0.55259128054379647 149.8333333333334  1 
16.352394837079643 1.3575725509605672 127.66666666666666  1 18.267017975420078 1.5255584456700197 129.33180829252709  0.99999999999999911 20.286141198245687 3.0408143289936915 130.99933674862368  1.0000000000000049 21.040527760265327 2.2755808160195135 133.70499022625893  0.99999999999999445 20.15988739354664 3.1912629830216273 138.84398153835784  1.0000000000000051 18.628235655050705 2.3720621321427511 144.18633971649092  0.999999999999996 16.510159671993744 2.252340934453716 146.78373188029559  1.0000000000000022 14.090321818672503 1.3839638763717854 149.24792213854712  0.99999999999999933 10.993798989966551 0.56378598434596294 149.8333333333334  1 
16.328731225607626 1.4091117024636377 127.66666666666666  1 18.236674162116774 1.5902506168360395 129.33180829252709  0.99999999999999911 20.254599424179215 3.1214706844616389 130.99933674862368  1.0000000000000049 20.998945126105138 2.3558180157549664 133.70499022625893  0.99999999999999445 20.13278352135994 3.2781977830980953 138.84398153835784  1.0000000000000051 18.595937527300453 2.442676537710708 144.18633971649092  0.999999999999996 16.4965279373329 2.3169738263192361 146.78373188029559  1.0000000000000022 14.072501838771155 1.4239252930999957 149.24792213854712  0.99999999999999933 10.988696772295608 0.5797275762226155 149.83333333333334  1 
16.305227311040596 1.4586317950473475 127.66666666666666  1 18.206546624589137 1.6523988368787779 129.33180829252689  0.99999999999999911 20.223197323697445 3.1990645730441276 130.99933674862373  1.0000000000000049 20.957730567373922 2.4328379536377085 133.70499022625913  0.99999999999999445 20.105681287502925 3.3619484232342423 138.84398153835753  1.0000000000000051 18.563864089710304 2.5105328454013476 144.18633971649118  0.999999999999996 16.482773563051843 2.3793425947801645 146.78373188029539  1.0000000000000022 14.054794602691087 1.4623335604963732 149.24792213854712  0.99999999999999933 10.983599026118695 0.59508154362332477 149.83333333333334  1 
16.277519585912938 1.5151492647710456 127.66666666666666  1 18.171045252764749 1.7233197222320726 129.33180829252689  0.99999999999999911 20.186090936726917 3.287732700232838 130.99933674862373  1.0000000000000049 20.909250637784037 2.5206627466976137 133.70499022625913  0.99999999999999445 20.07351491501214 3.4577834613586709 138.84398153835753  1.0000000000000051 18.526063105146619 2.5879898330909064 144.18633971649118  0.999999999999996 16.466306628768947 2.4508353630167399 146.78373188029539  1.0000000000000022 14.033911298360147 1.506183361212132 149.24792213854712  0.99999999999999933 10.977554269361736 0.61264809070174031 149.83333333333334  1 
16.260490054067777 1.5491513993887389 127.66666666666666  1 18.149231484868576 1.7659835485153228 129.33180829252689  0.99999999999999911 20.163249870836765 3.3411226759051438 130.99933674862373  1.0000000000000049 20.879496660291672 2.5734681205193821 133.70499022625913  0.99999999999999445 20.053658714816926 3.5155429865894323 138.84398153835753  1.0000000000000051 18.502833052425597 2.6345939383267742 144.18633971649118  0.999999999999996 16.456084952249341 2.4939750816103285 146.78373188029539  1.0000000000000022 14.021072281308049 1.5325699089494993 149.24792213854712  0.99999999999999933 10.973824910146032 0.62323412151529445 149.83333333333331  1 
16.247014306455526 1.5755439253349084 127.66666666666666  1 18.131974125823383 1.7990967271085077 129.33180829252689  0.99999999999999911 20.145150269542377 3.3825968282949455 130.99933674862373  1.0000000000000049 20.855982482305315 2.6144332844389773 133.70499022625913  0.99999999999999445 20.037884150574065 3.5604503231922799 138.84398153835753  1.0000000000000051 18.484453284614176 2.6707717844365506 144.18633971649118  0.999999999999996 16.447922993342832 2.5275518955034624 146.78373188029539  1.0000000000000022 14.010909934695642 1.5530553611887559 149.24792213854712  0.99999999999999933 10.970863570514398 0.63146371073787477 149.83333333333331  1 
16.210088835771714 1.6473168771719848 127.66666666666666  1 18.084691073467209 1.8891433651242107 129.33180829252689  0.99999999999999911 20.095527806815785 3.4954190411362429 130.99933674862382  1.0000000000000049 20.791583310206374 2.7258115072472231 133.70499022625876  0.99999999999999445 19.994592846631935 3.6826539800779585 138.84398153835809  1.0000000000000051 18.434093118927276 2.76915961850978 144.18633971649072  0.999999999999996 16.425478482051904 2.6189613238033478 146.78373188029559  1.0000000000000022 13.983061187391906 1.6087691634439454 149.24792213854712  0.99999999999999933 10.962738042458398 0.65385740333698894 149.83333333333334  1 
16.166235897292736 1.7284026484650814 127.66666666666666  1 18.028572292079296 1.9908529914934892 129.33180829252689  0.99999999999999911 20.036390246842362 3.6231537856687823 130.99933674862382  1.0000000000000049 20.715354383516893 2.8514566581914798 133.70499022625876  0.99999999999999445 19.942670967486411 3.8213331363442999 138.84398153835809  1.0000000000000051 18.374308185417629 2.8803466945758478 144.18633971649072  0.999999999999996 16.398216460748291 2.7229921476173811 146.78373188029559  1.0000000000000022 13.949969125981138 1.6717489437380304 149.24792213854712  0.99999999999999933 10.953003901227117 0.67926254376582251 149.83333333333334  1 
16.113669049887292 1.8199988639551432 127.66666666666666  1 17.961354834324986 2.1057198775844896 129.33180829252689  0.99999999999999911 19.965200459552623 3.7678504705011617 130.99933674862382  1.0000000000000049 20.624356109382479 2.9931391742840296 133.70499022625876  0.99999999999999445 19.879682839566136 3.9788965381281294 138.84398153835809  1.0000000000000051 18.302681932098984 3.0060070023161365 144.18633971649072  0.999999999999996 16.3646412357954 2.8416209144606617 146.78373188029559  1.0000000000000022 13.910275338994518 1.7429504285941975 149.24792213854712  0.99999999999999933 10.941210577657863 0.70811556450899316 149.83333333333334  1 
16.088955382122549 1.8620820387378572 127.66666666666666  1 17.929762207901973 2.1584877248724705 129.33180829252689  0.99999999999999911 19.931677276637789 3.8344056029639528 130.99933674862382  1.0000000000000049 20.581642058362075 3.0581870642875995 133.70499022625876  0.99999999999999445 19.84993498723232 4.0514568614122588 138.84398153835809  1.0000000000000051 18.269014440716433 3.0637514908285741 144.18633971649072  0.999999999999996 16.348695092103519 2.8963316122297456 146.78373188029559  1.0000000000000022 13.891608968391903 1.7756738295014212 149.24792213854712  0.99999999999999933 10.935643553233838 0.72140061391142418 149.83333333333334  1 
16.054506692411785 1.9196710770034762 127.66666666666666  1 17.885735235265518 2.2306924876845455 129.33180829252689  0.99999999999999911 19.88488751409837 3.9255651240518961 130.99933674862382  1.0000000000000049 20.522178048566065 3.1471496142418727 133.70499022625876  0.99999999999999445 19.808318216727383 4.150941569359401 138.84398153835809  1.0000000000000051 18.222092349692986 3.1427843354931615 144.18633971649072  0.999999999999996 16.326287282310052 2.9714338887795018 146.78373188029559  1.0000000000000022 13.86558420546911 1.8204658199122241 149.24792213854712  0.99999999999999933 10.927858349504607 0.73961282625800451 149.83333333333334  1 
16.021115463352803 1.973729134252441 127.66666666666666  1 17.843076884924983 2.2984586032302574 129.33180829252717  0.99999999999999911 19.839432123505535 4.0112784517900817 130.99933674862316  1.0000000000000049 20.464665535208887 3.2305661847520248 133.70499022625958  0.99999999999999445 19.767726200598933 4.2446454437225469 138.84398153835696  1.0000000000000051 18.176622734904026 3.2169900342446729 144.18633971649157  0.999999999999996 16.304265134645131 3.0423239135050615 146.78373188029474  1.0000000000000022 13.840348950612839 1.8625299258410608 149.24792213854744  0.99999999999999933 10.920269694322009 0.75676237039459104 149.83333333333334  1 
15.982927727125949 2.033672309152319 127.66666666666666  1 17.794310965209938 2.373592743536614 129.33180829252717  0.99999999999999911 19.787331213682926 4.1064763945889089 130.99933674862316  1.0000000000000049 20.399035454743167 3.3229755994010088 133.70499022625958  0.99999999999999445 19.721016418498547 4.348891112145914 138.84398153835696  1.0000000000000051 18.124635828791188 3.2992994089277361 144.18633971649157  0.999999999999996 16.278738611189976 3.1213628529486215 146.78373188029474  1.0000000000000022 13.811478053264533 1.9091938518035998 149.24792213854744  0.99999999999999933 10.911542966827801 0.77583844077594966 149.83333333333331  1 
15.95943975239897 2.0698144983928763 127.66666666666666  1 17.764324562076229 2.4188904647538889 129.33180829252717  0.99999999999999911 19.755240376640032 4.1639367654374393 130.99933674862316  1.0000000000000049 20.358724900052618 3.3786580664356367 133.70499022625958  0.99999999999999445 19.692174759515911 4.4118820011871556 138.84398153835696  1.0000000000000051 18.092665417903934 3.3489361122742842 144.18633971649157  0.999999999999996 16.262904430025525 3.1691918068379499 146.78373188029474  1.0000000000000022 13.793716133906532 1.9373371858972266 149.24792213854744  0.99999999999999933 10.906156545600906 0.78736392083696616 149.83333333333334  1 
15.942139598566269 2.0959502256446947 127.66666666666666  1 17.742243353665014 2.4516445215296776 129.33180829252717  0.99999999999999911 19.73157276197648 4.2055306542063748 130.99933674862316  1.0000000000000049 20.329072546812114 3.418901086854826 133.70499022625958  0.99999999999999445 19.670854642445558 4.4575263900242437 138.84398153835696  1.0000000000000051 18.069121306951509 3.3848372186971916 144.18633971649157  0.999999999999996 16.251149235350198 3.20389576324563 146.78373188029474  1.0000000000000022 13.780630666679643 1.9576941885047592 149.24792213854744  0.99999999999999933 10.902176135683632 0.79571458039555232 149.83333333333334  1 
15.905631996437076 2.1507545325050388 127.66666666666666  1 17.69565047204097 2.5203252089328321 129.33180829252717  0.99999999999999911 19.681605694531783 4.2927803436708336 130.99933674862316  1.0000000000000049 20.266526812473447 3.5032706053293334 133.70499022625958  0.99999999999999445 19.625808088095219 4.553307051324432 138.84398153835696  1.0000000000000051 18.019440382252597 3.4601241538519507 144.18633971649157  0.999999999999996 16.226275035228646 3.2767521601788574 146.78373188029474  1.0000000000000022 13.753015295064744 2.0003853945325871 149.24792213854744  0.99999999999999933 10.893766981304806 0.81323701369343304 149.83333333333334  1 
15.86075913336065 2.2159451491248747 127.66666666666669  1 17.638405899458046 2.602011549242361 129.33180829252717  0.99999999999999911 19.620048737453907 4.396759582029131 130.99933674862316  1.0000000000000049 20.189824446334107 3.603525950166881 133.70499022625958  0.99999999999999445 19.570091610572323 4.66766871325488 138.84398153835696  1.0000000000000051 17.958394220872542 3.5497136876741786 144.18633971649157  0.999999999999996 16.195278349426381 3.363950695898958 146.78373188029474  1.0000000000000022 13.71906099713504 2.0511947254161238 149.24792213854744  0.99999999999999933 10.883371707058073 0.8341544632936253 149.83333333333334  1 
15.803550721601715 2.2953916859485348 127.66666666666669  1 17.565468848812184 2.7015459588264519 129.33180829252714  0.99999999999999911 19.541318029671022 4.5238227794812733 130.99933674862322  1.0000000000000049 20.092351415092139 3.725539873865753 133.70499022625947  0.99999999999999445 19.498434271819029 4.8077958943998489 138.84398153835713  1.0000000000000051 17.880600690586721 3.6589655618764616 144.1863397164914  0.999999999999996 16.154999810262915 3.4711577406900571 146.78373188029494  1.0000000000000022 13.675753040021025 2.1131668081919237 149.24792213854744  0.99999999999999933 10.870011661373862 0.85977647222284148 149.83333333333334  1 
15.768887043219072 2.3423826167606996 127.66666666666669  1 17.521288936724762 2.7604106719199857 129.33180829252703  0.99999999999999911 19.493532616972534 4.5990910525894497 130.99933674862351  1.0000000000000049 20.033391916670499 3.7976541675838846 133.70499022625927  0.99999999999999445 19.454814801036761 4.8909252866001873 138.84398153835744  1.0000000000000051 17.833475148908516 3.7236084993572116 144.18633971649101  0.999999999999996 16.130349192968275 3.534875873083517 146.78373188029559  1.0000000000000022 13.649505622982099 2.1498384080654787 149.24792213854712  0.99999999999999933 10.861881982290242 0.87497375954933976 149.83333333333334  1 
15.722534280928098 2.4040054550218923 127.66666666666669  1 17.462226135471965 2.8375990870317422 129.33180829252703  0.99999999999999911 19.429545598292265 4.697914300757434 130.99933674862351  1.0000000000000049 19.954660102175762 3.8921651637332166 133.70499022625927  0.99999999999999445 19.39626871662615 5.0002057820744064 138.84398153835744  1.0000000000000051 17.770470223559443 3.8084045483435913 144.18633971649101  0.999999999999996 16.097120502076969 3.618767069232498 146.78373188029559  1.0000000000000022 13.614400414877979 2.1979461799274769 149.24792213854712  0.99999999999999933 10.850973343967722 0.89494888683630314 149.83333333333334  1 
15.67881700055035 2.460299129657578 127.66666666666669  1 17.406545072901874 2.9081017425416573 129.33180829252723  0.99999999999999911 19.369061616329407 4.7883800600349238 130.99933674862325  1.0000000000000049 19.880572920450916 3.9784110728533495 133.70499022625924  0.99999999999999445 19.34071809641619 5.1004454816099667 138.84398153835755  1.0000000000000051 17.711066125786733 3.8859038516311406 144.18633971649092  0.999999999999996 16.065374091870687 3.6959138168381842 146.78373188029559  1.0000000000000022 13.581280835061831 2.2419195375091583 149.24792213854712  0.99999999999999933 10.840627371947445 0.91326641198774983 149.83333333333334  1 
15.630587831122282 2.5205561090300308 127.66666666666666  1 17.345142475430332 2.9835615380696652 129.33180829252723  0.99999999999999911 19.302191911249139 4.8854055971751391 130.99933674862325  1.0000000000000049 19.799016771433138 4.0706506655864976 133.70499022625924  0.99999999999999445 19.279081206779672 5.2081539957731655 138.84398153835755  1.0000000000000051 17.645550403162755 3.9689038425681753 144.18633971649092  0.999999999999996 16.029918360631946 3.7790184103480371 146.78373188029559  1.0000000000000022 13.544732029270467 2.2890161618054479 149.24792213854712  0.99999999999999933 10.829152135278679 0.93294570051259074 149.83333333333334  1 
15.602430791261423 2.5550782957307572 127.66666666666666  1 17.309303547103969 3.0267913561117239 129.33180829252726  0.99999999999999911 19.263100605644276 4.9410634193647551 130.99933674862331  1.0000000000000049 19.751466503773873 4.1234680849563148 133.70499022625927  0.99999999999999445 19.242969522776697 5.2700137074838551 138.84398153835744  1.0000000000000051 17.607307739672773 4.0164710717975387 144.18633971649101  0.999999999999996 16.009062450550317 3.8268240151132447 146.78373188029559  1.0000000000000022 13.523390091136601 2.3160081576154377 149.24792213854712  0.99999999999999933 10.822430429089613 0.94424663172752854 149.83333333333334  1 
15.581013647665765 2.5809050951737031 127.66666666666666  1 17.282049332726555 3.0591312046474806 129.33180829252726  0.99999999999999911 19.233331866161773 4.9827494852512384 130.99933674862331  1.0000000000000049 19.715340863424395 4.1629642484290263 133.70499022625927  0.99999999999999445 19.215416531263902 5.3163937643269801 138.84398153835744  1.0000000000000051 17.578223821580323 4.0520684007059389 144.18633971649101  0.999999999999996 15.993093018734024 3.8627165990700907 146.78373188029559  1.0000000000000022 13.507154098754665 2.3362081993214217 149.24792213854712  0.99999999999999933 10.817302638731821 0.95271865658656052 149.83333333333334  1 
15.547245626812066 2.6213670061493382 127.66666666666666  1 17.239081745117044 3.1097961330083241 129.33180829252726  0.99999999999999911 19.186375080641877 5.0480863296005305 130.99933674862331  1.0000000000000049 19.658407963727239 4.2248309931205057 133.70499022625927  0.99999999999999445 19.171922629932375 5.3891174335492593 138.84398153835744  1.0000000000000051 17.532370662650461 4.107844628561276 144.18633971649101  0.999999999999996 15.96785000584048 3.9190256852290757 146.78373188029559  1.0000000000000022 13.481553685714619 2.3678592675243317 149.24792213854712  0.99999999999999933 10.80920862051696 0.96600213455400818 149.83333333333334  1 
15.501555885257194 2.6748756166413123 127.66666666666666  1 17.180961994075918 3.176794173819117 129.33180829252726  0.99999999999999911 19.122739771233707 5.1346293678240169 130.99933674862331  1.0000000000000049 19.581498494446532 4.3065962940675355 133.70499022625927  0.99999999999999445 19.112825723625583 5.4855875565501346 138.84398153835744  1.0000000000000051 17.470343309444292 4.1816405703250936 144.18633971649101  0.999999999999996 15.93338611382045 3.9938637266760879 146.78373188029559  1.0000000000000022 13.446908480627545 2.4097375419836604 149.24792213854712  0.99999999999999933 10.79821324766338 0.98362013183038799 149.83333333333334  1 
15.441302583341239 2.7429787687535145 127.66666666666666  1 17.104352315729852 3.2620611648231765 129.33180829252726  0.99999999999999911 19.03861333707631 5.2450613419134218 130.99933674862331  1.0000000000000049 19.480327475805691 4.4105732592619127 133.70499022625927  0.99999999999999445 19.034381087072184 5.6089744359689533 138.84398153835744  1.0000000000000051 17.38857349710841 4.2756425679140424 144.18633971649101  0.999999999999996 15.887298707134912 4.0898684000283323 146.78373188029559  1.0000000000000022 13.401206443251755 2.4630843001918006 149.24792213854712  0.99999999999999933 10.783622357849296 1.0061472168759844 149.83333333333334  1 
15.395222817035087 2.7937251995885091 127.66666666666666  1 17.045784331539831 3.3255907991646012 129.33180829252726  0.99999999999999911 18.974160788812174 5.3275079142817816 130.99933674862331  1.0000000000000049 19.403096442257716 4.4880014272066244 133.70499022625927  0.99999999999999445 18.974105003413506 5.7012524557018835 138.84398153835744  1.0000000000000051 17.326054899922703 4.345731256177924 144.18633971649101  0.999999999999996 15.851696758254658 4.1618268010228983 146.78373188029559  1.0000000000000022 13.366247620711643 2.5028605682092295 149.24792213854712  0.99999999999999933 10.772413062527153 1.0229906630502359 149.83333333333334  1 
15.336249987992643 2.8573047226588573 127.66666666666666  1 16.970849672025501 3.4051838534532339 129.33180829252726  0.99999999999999911 18.89155541506684 5.4309645988398882 130.99933674862331  1.0000000000000049 19.304403623360603 4.5849609875951858 133.70499022625927  0.99999999999999445 18.896667525299801 5.8172167275059836 138.84398153835744  1.0000000000000051 17.246060832833763 4.4335911510631103 144.18633971649101  0.999999999999996 15.805761784771404 4.2524212134521502 146.78373188029559  1.0000000000000022 13.321499828626829 2.5527220545646307 149.24792213854712  0.99999999999999933 10.758014440911932 1.0441532923102548 149.83333333333334  1 
15.282289358179868 2.9136198433388278 127.66666666666666  1 16.902313380143262 3.4756773835413655 129.331808292527  0.99999999999999911 18.815802663650953 5.5228321291260922 130.99933674862368  1.0000000000000049 19.21430431552302 4.6707722282146866 133.70499022625918  0.99999999999999445 18.825400468852539 5.9204185577333091 138.84398153835744  1.0000000000000051 17.172890095267626 4.5114762484489725 144.18633971649101  0.999999999999996 15.763215173943932 4.333272953971008 146.78373188029559  1.0000000000000022 13.280545117060395 2.5969223505633616 149.24792213854712  0.99999999999999933 10.744766051302175 1.0629802573315306 149.83333333333334  1 
15.225240957697919 2.971391223577827 127.66666666666666  1 16.829883522161783 3.5479935759889698 129.331808292527  0.99999999999999911 18.73555044874729 5.6172942884039703 130.99933674862368  1.0000000000000049 19.119247332091046 4.7587548081206714 133.70499022625918  0.99999999999999445 18.749653347394172 6.0267464150178842 138.84398153835744  1.0000000000000051 17.095554796597519 4.5914455855393479 144.18633971649101  0.999999999999996 15.717724222169609 4.4167989430989296 146.78373188029559  1.0000000000000022 13.237236801513346 2.6423013211005686 149.24792213854712  0.99999999999999933 10.730686479979722 1.0823729141615468 149.83333333333334  1 
15.194716523824974 3.0017502210731895 127.66666666666666  1 16.791137926302319 3.5859959539367798 129.331808292527  0.99999999999999911 18.692558486034731 5.6670052739993917 130.99933674862368  1.0000000000000049 19.06844822472814 4.8049753120488452 133.70499022625918  0.99999999999999445 18.708996970408847 6.0827698681612681 138.84398153835744  1.0000000000000051 17.054182611637277 4.6334913619567164 144.18633971649101  0.999999999999996 15.693222270330319 4.4608800864973341 146.78373188029559  1.0000000000000022 13.21406098445445 2.6661591950693917 149.24792213854712  0.99999999999999933 10.723129854040312 1.0925890175772957 149.83333333333334  1 
15.169421500561684 3.0265488499023125 127.66666666666666  1 16.75903599738497 3.6170383159940855 129.33180829252703  0.99999999999999911 18.656897416918063 5.7076584495130094 130.99933674862351  1.0000000000000049 19.026392862581666 4.8427219386701887 133.70499022625927  0.99999999999999445 18.675221834585333 6.1286298696051684 138.84398153835744  1.0000000000000051 17.019902957942524 4.6678517227084484 144.18633971649101  0.999999999999996 15.672810661965704 4.4970101470079227 146.78373188029559  1.0000000000000022 13.194853579384381 2.6856550974135169 149.24792213854712  0.99999999999999933 10.716852408034091 1.1009505161084219 149.83333333333334  1 
15.139894580808114 3.0552958343019041 127.66666666666666  1 16.721566621009732 3.6530233382543393 129.33180829252703  0.99999999999999911 18.615250866246171 5.7548108599101981 130.99933674862351  1.0000000000000049 18.977324472671228 4.8864739351778903 133.70499022625927  0.99999999999999445 18.635748949078245 6.1818466067008444 138.84398153835744  1.0000000000000051 16.979890928194443 4.7076917939337068 144.18633971649101  0.999999999999996 15.6489238000248 4.5389615914746386 146.78373188029559  1.0000000000000022 13.17243167907966 2.7082596288217462 149.24792213854712  0.99999999999999933 10.709516072659801 1.1106526175381808 149.83333333333334  1 
15.092904687600948 3.1002740526741075 127.66666666666666  1 16.661949440458592 3.7093272969688829 129.33180829252703  0.99999999999999911 18.548898802218368 5.8286894412536778 130.99933674862351  1.0000000000000049 18.899324055479628 4.9549127080496618 133.70499022625927  0.99999999999999445 18.572748779260206 6.2653234318922806 138.84398153835744  1.0000000000000051 16.916225139514605 4.7700620470844015 144.18633971649101  0.999999999999996 15.610675984367743 4.604864580945109 146.78373188029559  1.0000000000000022 13.136744998542538 2.7436455307872007 149.24792213854712  0.99999999999999933 10.697807374342432 1.1258687019863753 149.83333333333334  1 
15.030332906328441 3.158454147755867 127.66666666666666  1 16.582591238377891 3.7821608658597228 129.33180829252706  0.99999999999999911 18.460374898568901 5.9244854819260881 130.99933674862351  1.0000000000000049 18.795657018649528 5.0434088869439284 133.70499022625916  0.99999999999999445 18.488445208756779 6.3737812271316798 138.84398153835772  1.0000000000000051 16.831470413706974 4.8508232619695653 144.18633971649061  0.999999999999996 15.559215380110876 4.690705405245259 146.78373188029644  1.0000000000000022 13.089215538645028 2.7894605557139385 149.24792213854656  0.99999999999999933 10.682140028864413 1.1456313996904459 149.83333333333334  1 
14.971516798857859 3.2115915160234865 127.66666666666666  1 16.508024165692497 3.8486808403339188 129.33180829252706  0.99999999999999911 18.377007901555764 6.0121939147287735 130.99933674862351  1.0000000000000049 18.698395951419247 5.1242099622718955 133.70499022625916  0.99999999999999445 18.408820810659485 6.4732796003409101 138.84398153835772  1.0000000000000051 16.751824298970806 4.9246639560850571 144.18633971649061  0.999999999999996 15.510353346589847 4.7696522636727847 146.78373188029644  1.0000000000000022 13.044531000573736 2.8313440907194165 149.24792213854656  0.99999999999999933 10.667342688222474 1.1637545389961972 149.83333333333331  1 
14.8995707289924 3.275063618258641 127.66666666666666  1 16.416836633047879 3.928142921641546 129.33180829252714  0.99999999999999911 18.274876573274085 6.1171708701152285 130.99933674862322  1.0000000000000049 18.579606369986109 5.2207059818310499 133.70499022625947  0.99999999999999445 18.311040055752713 6.5925706239274318 138.84398153835713  1.0000000000000051 16.65441984438182 5.0129480286444288 144.1863397164914  0.999999999999996 15.45009147640782 4.8645002288209573 146.78373188029494  1.0000000000000022 12.989863622936236 2.8814135084425816 149.24792213854744  0.99999999999999933 10.64917133083838 1.1854754347916467 149.83333333333331  1 
14.835877806377166 3.3293803568902969 127.66666666666666  1 16.336143226844257 3.9961471293860136 129.33180829252709  0.99999999999999911 18.1842640496298 6.2072773348713071 130.99933674862339  1.0000000000000049 18.474674378061582 5.3032581454073044 133.70499022625935  0.99999999999999445 18.224000393065978 6.695206827886488 138.8439815383573  1.0000000000000051 16.568217101024054 5.0886004222940304 144.18633971649118  0.999999999999996 15.396129016805798 4.9463484830659414 146.78373188029539  1.0000000000000022 12.941458457939552 2.9243103566420392 149.24792213854712  0.99999999999999933 10.632996383700064 1.2041535746947756 149.83333333333331  1 
14.771831262685605 3.3823487549956406 127.66666666666666  1 16.255030614080471 4.0624720516573527 129.33180829252709  0.99999999999999911 18.09297224021357 6.2953860646283424 130.99933674862339  1.0000000000000049 18.369361091067233 5.3837603902091784 133.70499022625935  0.99999999999999445 18.136052875466202 6.7957760904751447 138.8439815383573  1.0000000000000051 16.481558299776257 5.1624765328440647 144.18633971649118  0.999999999999996 15.34131115704464 5.026767353837224 146.78373188029539  1.0000000000000022 12.892776365052532 2.9661884623765231 149.24792213854712  0.99999999999999933 10.61665136341518 1.2224474887483727 149.83333333333331  1 
14.741462098938198 3.4070323474892414 127.66666666666666  1 16.216576723599221 4.0933823809523284 129.33180829252689  0.99999999999999911 18.049637456109696 6.3365100828247902 130.99933674862388  1.0000000000000049 18.319477190132357 5.4212755538017214 133.7049902262589  0.99999999999999445 18.094238201382669 6.8427722194177356 138.84398153835798  1.0000000000000051 16.440473033655866 5.1969300968708136 144.18633971649061  0.999999999999996 15.315170689074428 5.0644054346021363 146.78373188029644  1.0000000000000022 12.869690514841929 2.9857161158453924 149.24792213854656  0.99999999999999933 10.608879714428959 1.2309938039290067 149.83333333333331  1 
14.713072389951821 3.429833908736752 127.66666666666666  1 16.18063400366707 4.1219377267189996 129.33180829252689  0.99999999999999911 18.00909740611533 6.3745401246802009 130.99933674862388  1.0000000000000049 18.272878118998239 5.4559317607937716 133.7049902262589  0.99999999999999445 18.055077299576656 6.8862681956258456 138.84398153835798  1.0000000000000051 16.402069466547747 5.2287748178344158 144.18633971649061  0.999999999999996 15.290639795407264 5.0992762214410252 146.78373188029644  1.0000000000000022 12.848108060184627 3.0037629793962903 149.24792213854656  0.99999999999999933 10.601600982544998 1.2389019331761717 149.83333333333331  1 
14.688622301605408 3.4493188831913075 127.66666666666666  1 16.149681683229165 4.1463406173511501 129.33180829252689  0.99999999999999911 17.974166394708512 6.4070619991741253 130.99933674862388  1.0000000000000049 18.232764217063302 5.4855479889762906 133.7049902262589  0.99999999999999445 18.021310637522465 6.9234843689993442 138.84398153835798  1.0000000000000051 16.368997241502445 5.2559979147347393 144.18633971649061  0.999999999999996 15.269460296789541 5.1291325198734432 146.78373188029644  1.0000000000000022 12.829519861363806 3.0191895234132122 149.24792213854656  0.99999999999999933 10.595324684714791 1.2456673578379283 149.83333333333331  1 
14.639444686280324 3.4879838788159541 127.66666666666666  1 16.087434966007027 4.1947683454429061 129.33180829252709  0.99999999999999911 17.903850023157155 6.4716782794405745 130.99933674862368  1.0000000000000049 18.152145640696251 5.544321340834216 133.70499022625887  0.99999999999999445 17.953254869907859 6.997496581332884 138.84398153835809  1.0000000000000051 16.30248477701285 5.3100551122314954 144.18633971649052  0.999999999999996 15.226677387756711 5.1885755502510413 146.78373188029644  1.0000000000000022 12.792130161075001 3.0498183778587014 149.24792213854656  0.99999999999999933 10.582674363088461 1.2591184628716505 149.83333333333331  1 
14.574500274281499 3.5377943548690816 127.66666666666666  1 16.005253061392338 4.25716568222935 129.33180829252709  0.99999999999999911 17.810850474855805 6.5551171377432276 130.99933674862368  1.0000000000000049 18.045833204780045 5.6200505438830515 133.70499022625887  0.99999999999999445 17.863046016259428 7.0932333140575246 138.84398153835809  1.0000000000000051 16.21466458327674 5.3797858356004493 144.18633971649052  0.999999999999996 15.169738047371704 5.2656270393241638 146.78373188029644  1.0000000000000022 12.742747082101252 3.0893183385977752 149.24792213854656  0.99999999999999933 10.565904669792035 1.2765094005159749 149.83333333333331  1 
14.501807928255776 3.5917543091642719 127.66666666666666  1 15.913301646841838 4.3247716582724625 129.33180829252689  0.99999999999999911 17.70655357242973 6.6457931538249699 130.99933674862388  1.0000000000000049 17.927060446276222 5.7021158811027526 133.7049902262589  0.99999999999999445 17.761589904930752 7.1975099160688405 138.84398153835798  1.0000000000000051 16.116392131608361 5.4554617557940208 144.18633971649061  0.999999999999996 15.105365275886021 5.3497800100659711 146.78373188029644  1.0000000000000022 12.687464577219421 3.1321708648278874 149.24792213854656  0.99999999999999933 10.547041822903131 1.2954382015590946 149.83333333333334  1 
14.416846805741548 3.6531193572474936 127.66666666666666  1 15.805860585432541 4.4016721570354278 129.33180829252689  0.99999999999999911 17.584464387195705 6.7491837986942285 130.99933674862388  1.0000000000000049 17.788454741009684 5.7954781834979352 133.7049902262589  0.99999999999999445 17.642544767348433 7.3166415446581734 138.84398153835798  1.0000000000000051 16.00155719120033 5.5416594165383835 144.18633971649061  0.999999999999996 15.029511448061692 5.4461391166316133 146.78373188029644  1.0000000000000022 12.622844386643294 3.1809653113669385 149.24792213854656  0.99999999999999933 10.524906316365019 1.3170497435577477 149.83333333333334  1 
14.344252840831121 3.7036790251646043 127.66666666666666  1 15.714094095611939 4.4650494387873074 129.33180829252728  0.99999999999999911 17.479928193589618 6.8346818908755838 130.99933674862297  1.0000000000000049 17.670264347714912 5.8724428339964589 133.70499022625967  0.99999999999999445 17.540308684346108 7.4154079825819759 138.8439815383569  1.0000000000000051 15.90346552389641 5.6128340522401627 144.18633971649155  0.999999999999996 14.964012432342198 5.5262655751101519 146.78373188029522  1.0000000000000022 12.567623075948349 3.2212368161311788 149.24792213854712  0.99999999999999933 10.505893866556864 1.3349500693722369 149.83333333333334  1 
14.276120795425902 3.7496374596703252 127.66666666666666  1 15.627994181134177 4.5226784593802112 129.33180829252703  0.99999999999999911 17.381642247446329 6.9126503804497581 130.99933674862351  1.0000000000000049 17.559522976187477 5.9424585845051237 133.70499022625927  0.99999999999999445 17.44394194402058 7.5056720608622651 138.84398153835744  1.0000000000000051 15.81142141882604 5.6776675678189523 144.18633971649101  0.999999999999996 14.901982282781345 5.5996872711746386 146.78373188029559  1.0000000000000022 12.515789513560488 3.2579017979022225 149.24792213854712  0.99999999999999933 10.487969241710621 1.3512959351596807 149.83333333333334  1 
14.248025561727458 3.7682802205389265 127.66666666666666  1 15.592495030092717 4.5460595833396926 129.33180829252703  0.99999999999999911 17.341076150137269 6.9443315649656281 130.99933674862351  1.0000000000000049 17.513895205556562 5.9708725221216365 133.70499022625927  0.99999999999999445 17.404117428269693 7.5423909497852604 138.84398153835744  1.0000000000000051 15.77346965345491 5.7039956176862807 144.18633971649101  0.999999999999996 14.876287185005575 5.6295950908603052 146.78373188029559  1.0000000000000022 12.494413940820802 3.2727870633374851 149.24792213854712  0.99999999999999933 10.480560949512945 1.3579422431483983 149.83333333333334  1 
14.217482685081597 3.7883587753187604 127.66666666666666  1 15.553906464066607 4.5712441970061244 129.33180829252703  0.99999999999999911 17.296953543652076 6.9784859638505417 130.99933674862351  1.0000000000000049 17.464315420419631 6.0014831727273528 133.70499022625927  0.99999999999999445 17.360770481497823 7.5820017517510596 138.84398153835744  1.0000000000000051 15.73221384681716 5.7323697041383221 144.18633971649101  0.999999999999996 14.848282324997042 5.6618823611816431 146.78373188029559  1.0000000000000022 12.471175345053025 3.2888265708798832 149.24792213854712  0.99999999999999933 10.472496913436386 1.3651100035978545 149.83333333333334  1 
14.19774432496264 3.8012128819978961 127.66666666666666  1 15.528970671035273 4.5873689626868144 129.33180829252703  0.99999999999999911 17.268424788959337 7.0003729766109819 130.99933674862351  1.0000000000000049 17.432289330693131 6.021085315145406 133.70499022625927  0.99999999999999445 17.332723272236656 7.6074019210256916 138.84398153835744  1.0000000000000051 15.705553727328917 5.7505465166918714 144.18633971649101  0.999999999999996 14.830138140935238 5.6826019361784335 146.78373188029559  1.0000000000000022 12.456156867977439 3.2991000304467555 149.24792213854712  0.99999999999999933 10.467278843838427 1.3697049807351835 149.83333333333334  1 
14.145734162167036 3.8346984677750449 127.66666666666666  1 15.463271951625391 4.6293808117369597 129.33180829252703  0.99999999999999911 17.193205970101616 7.0574587684608172 130.99933674862351  1.0000000000000049 17.34794804654452 6.0721687571411378 133.70499022625927  0.99999999999999445 17.258710651231183 7.6737028086244621 138.84398153835744  1.0000000000000051 15.635309340360617 5.7979375475577362 144.18633971649101  0.999999999999996 14.782182128273011 5.7367323917835789 146.78373188029559  1.0000000000000022 12.416581863791908 3.3258802971527435 149.24792213854712  0.99999999999999933 10.453508110710898 1.3816948020885609 149.83333333333334  1 
14.078066260819666 3.877306464204564 127.66666666666666  1 15.377810848011062 4.6828532268255687 129.33180829252703  0.99999999999999911 17.095227196045833 7.130270266422154 130.99933674862351  1.0000000000000049 17.238332049326516 6.1372172002252894 133.70499022625927  0.99999999999999445 17.162144902845263 7.7583986418217776 138.84398153835744  1.0000000000000051 15.543928695752669 5.8583392961362364 144.18633971649101  0.999999999999996 14.719423504539071 5.8059990604727325 146.78373188029559  1.0000000000000022 12.365088591724556 3.360000263859285 149.24792213854712  0.99999999999999933 10.435538710987954 1.3970004087438019 149.83333333333334  1 
13.990571711696376 3.9303305150573431 127.66666666666669  1 15.267349791862017 4.7494277745444169 129.33180829252703  0.99999999999999911 16.968289593950523 7.2212620090269777 130.99933674862351  1.0000000000000049 17.09685042555661 6.2182849358065395 133.70499022625927  0.99999999999999445 17.036695061320021 7.8645219994512168 138.84398153835744  1.0000000000000051 15.42579691825323 5.9337319529009278 144.18633971649101  0.999999999999996 14.637481628767372 5.893038861280413 146.78373188029559  1.0000000000000022 12.298499253448883 3.4025592461825069 149.24792213854712  0.99999999999999933 10.412189243126567 1.4161528170986415 149.83333333333334  1 
13.892811021182341 3.9876834442148512 127.66666666666666  1 15.143959019656682 4.8214732331892298 129.33180829252703  0.99999999999999911 16.826233542212197 7.3200332185622319 130.99933674862351  1.0000000000000049 16.938997325209122 6.3060936927679521 133.70499022625918  0.99999999999999445 16.895982797690703 7.9799848893568228 138.84398153835758  1.0000000000000051 15.293824564278417 6.0154979859324147 144.18633971649083  0.999999999999996 14.545192370837643 5.987965998722359 146.78373188029602  1.0000000000000022 12.224088979095693 3.4486868530827772 149.24792213854684  0.99999999999999933 10.385994125143542 1.4369654711591815 149.8333333333334  1 
13.812358260496874 4.0330192728673966 127.66666666666666  1 15.042447162946443 4.8784588755591969 129.33180829252703  0.99999999999999911 16.709095790454974 7.3984709407319622 130.99933674862351  1.0000000000000049 16.809320281996929 6.3756331746421209 133.70499022625927  0.99999999999999445 16.779643072570522 8.0719363772131292 138.84398153835744  1.0000000000000051 15.185238290904753 6.080355379961234 144.18633971649101  0.999999999999996 14.468515744842508 6.0637858186142717 146.78373188029559  1.0000000000000022 12.162845567960229 3.485245421133508 149.24792213854712  0.99999999999999933 10.364331899522682 1.4535130123012696 149.83333333333337  1 
13.746835519908716 4.0686963135266643 127.66666666666666  1 14.959793406107442 4.9233324806600463 129.33180829252709  0.99999999999999911 16.613541794196951 7.4604437024704042 130.99933674862339  1.0000000000000049 16.703852262533587 6.430463833430629 133.70499022625935  0.99999999999999445 16.684536079896422 8.1447561456623063 138.8439815383573  1.0000000000000051 15.09681282128996 6.1315574373578743 144.18633971649118  0.999999999999996 14.405580118167277 6.1239784667289623 146.78373188029539  1.0000000000000022 12.112962052604663 3.5140835704390203 149.24792213854712  0.99999999999999933 10.346618951208455 1.4665985367158634 149.8333333333334  1 
13.719607440686213 4.0833306395772997 127.66666666666666  1 14.925449543855093 4.9417437725656868 129.33180829252703  0.99999999999999911 16.573810367972992 7.4859034223345828 130.99933674862351  1.0000000000000049 16.660046807920406 6.4529721063106553 133.70499022625918  0.99999999999999445 16.644959124393928 8.1746988917358969 138.84398153835758  1.0000000000000051 15.060069079291869 6.1525856318064038 144.18633971649083  0.999999999999996 14.379351782358281 6.1487519801207533 146.78373188029602  1.0000000000000022 12.092232098805992 3.5259234770293033 149.24792213854684  0.99999999999999933 10.339247419696722 1.4719760071045629 149.8333333333334  1 
13.692022649569861 4.0980312763767257 127.66666666666666  1 14.890657715572825 4.9602416118292769 129.33180829252709  0.99999999999999911 16.533542775237088 7.5115044996301741 130.99933674862339  1.0000000000000049 16.615681744491098 6.4755941105929535 133.70499022625935  0.99999999999999445 16.604827513016971 8.2048255744597469 138.8439815383573  1.0000000000000051 15.022844941059294 6.1737263544650647 144.18633971649118  0.999999999999996 14.352730417691113 6.1736925002349876 146.78373188029539  1.0000000000000022 12.071230033088822 3.5378242873870533 149.24792213854712  0.99999999999999933 10.331772165643702 1.4773843781111011 149.8333333333334  1 
13.668586325941357 4.1103755298374844 127.66666666666666  1 14.861100485719961 4.9757780990078739 129.33180829252709  0.99999999999999911 16.499312814954372 7.533032358291571 130.99933674862339  1.0000000000000049 16.578005218274399 6.4946039303172167 133.70499022625935  0.99999999999999445 16.570689269669757 8.2301795947171623 138.8439815383573  1.0000000000000051 14.99122000624649 6.1914987442263865 144.18633971649118  0.999999999999996 14.330055258072049 6.1946989998885078 146.78373188029539  1.0000000000000022 12.053385818875009 3.5478260353097135 149.24792213854712  0.99999999999999933 10.325412812871408 1.4819334469445231 149.8333333333334  1 
13.616510205754073 4.1375108216896139 127.66666666666666  1 14.795428044075404 5.0099383104288489 129.33180829252717  0.99999999999999911 16.423216042089692 7.5804171941055909 130.99933674862316  1.0000000000000049 16.494319890405173 6.5364208939511759 133.70499022625958  0.99999999999999445 16.494748171430242 8.2860277273139893 138.84398153835696  1.0000000000000051 14.920950478577895 6.2306086463085917 144.18633971649157  0.999999999999996 14.279554480345235 6.2410037581796942 146.78373188029474  1.0000000000000022 12.01373411660644 3.5698301625526292 149.24792213854744  0.99999999999999933 10.31126539377428 1.4919486460273399 149.8333333333334  1 
13.541458096119857 4.1757069119806483 127.66666666666666  1 14.700795058694487 5.0580468719108405 129.33180829252748  0.99999999999999911 16.313430874938156 7.6473110529622446 130.9993367486228  1.0000000000000049 16.37381439526721 6.5953757590440913 133.70499022625961  0.99999999999999445 16.385038216919 8.3649988881441644 138.8439815383569  1.0000000000000051 14.819683832624451 6.2857939583112499 144.18633971649174  0.999999999999996 14.20641318623902 6.3065820088635247 146.78373188029425  1.0000000000000022 11.956583761147431 3.6008610463067412 149.24792213854772  0.99999999999999933 10.290824159564174 1.5060941990357961 149.8333333333334  1 
13.442656497769496 4.2238323025197211 127.66666666666666  1 14.576254301964704 5.1187176878295038 129.33180829252728  0.99999999999999911 16.1686330207061 7.7320622724604693 130.99933674862322  1.0000000000000049 16.21541390959317 6.6698923755487511 133.70499022625933  0.99999999999999445 16.239987104536119 8.4653570166874879 138.84398153835744  1.0000000000000051 14.686384252911221 6.3556540163319966 144.18633971649109  0.999999999999996 14.109276151138287 6.3901545792943582 146.78373188029539  1.0000000000000022 11.881338378819047 3.6400996002525852 149.24792213854712  0.99999999999999933 10.263791892740191 1.5240292708445196 149.8333333333334  1 
13.332518817933048 4.2753759738661374 127.66666666666666  1 14.437453585682162 5.1837622615037304 129.33180829252703  0.99999999999999911 16.0069646696689 7.8232994221411269 130.99933674862351  1.0000000000000049 16.039065287781369 6.7499562870725782 133.70499022625918  0.99999999999999445 16.077685960831339 8.57370463690782 138.84398153835758  1.0000000000000051 14.537799088005341 6.4308175549668141 144.18633971649083  0.999999999999996 14.000165529149141 6.4806060930268297 146.78373188029602  1.0000000000000022 11.79744915816773 3.6822707332516686 149.24792213854684  0.99999999999999933 10.233538976303954 1.5433484049241708 149.83333333333337  1 
13.245982768760721 4.3140362561722236 127.66666666666666  1 14.328424655634418 5.2326076704930591 129.33180829252703  0.99999999999999911 15.879705158110358 7.8921589969416113 130.99933674862351  1.0000000000000049 15.900705271449862 6.810245894654936 133.70499022625918  0.99999999999999445 15.949631033907686 8.6557477871349366 138.84398153835758  1.0000000000000051 14.42106217677563 6.4875073052409613 144.18633971649083  0.999999999999996 13.913711743097975 6.5492933295107205 146.78373188029602  1.0000000000000022 11.731527784740242 3.7140344378501307 149.24792213854684  0.99999999999999933 10.209665268083173 1.5579360899795602 149.83333333333337  1 
13.186157105392853 4.3397710191180696 127.66666666666666  1 14.253061642942781 5.2651582183737791 129.33180829252703  0.99999999999999911 15.791600301765126 7.9382344694743647 130.99933674862351  1.0000000000000049 15.805149442914605 6.8505246749457207 133.70499022625927  0.99999999999999445 15.860819227272307 8.710790336845923 138.84398153835744  1.0000000000000051 14.340357306237834 6.525426088423238 144.18633971649101  0.999999999999996 13.853554150344563 6.595479403367194 146.78373188029559  1.0000000000000022 11.685948151865118 3.7352552589988508 149.24792213854712  0.99999999999999933 10.193104713161047 1.5676991166382459 149.83333333333334  1 
13.161228776901556 4.3504007958422388 127.66666666666666  1 14.221660348319247 5.2786068058774731 129.33180829252703  0.99999999999999911 15.754876652332424 7.957289308656514 130.99933674862351  1.0000000000000049 15.765342021848914 6.8671763440778557 133.70499022625927  0.99999999999999445 15.823786202817271 8.7335677147714357 138.84398153835744  1.0000000000000051 14.306728971825596 6.5411062967660891 144.18633971649101  0.999999999999996 13.82845086448992 6.6146017018198435 146.78373188029559  1.0000000000000022 11.666955378152689 3.7440280567189266 149.24792213854712  0.99999999999999933 10.18619897160549 1.5717368158669385 149.83333333333334  1 
13.14090032555084 4.3590014668340222 127.66666666666666  1 14.19605420300627 5.2894907959322346 129.33180829252703  0.99999999999999911 15.724920809260752 7.9727238126965645 130.99933674862351  1.0000000000000049 15.732886578727987 6.8806599669298141 133.70499022625927  0.99999999999999445 15.793567356737393 8.7520278044032693 138.84398153835744  1.0000000000000051 14.279305877235101 6.5538063307337167 144.18633971649101  0.999999999999996 13.807953208277242 6.6301066814078782 146.78373188029559  1.0000000000000022 11.651466850968058 3.7511317089039737 149.24792213854712  0.99999999999999933 10.180563711389889 1.5750074632044373 149.83333333333334  1 
13.10901789018445 4.3723178042972446 127.66666666666666  1 14.155896537661466 5.3063491025860365 129.33180829252703  0.99999999999999911 15.677917140531269 7.9966646565197141 130.99933674862351  1.0000000000000049 15.682001019568318 6.9015640937199052 133.70499022625927  0.99999999999999445 15.746123917275758 8.7806880270058585 138.84398153835744  1.0000000000000051 14.23629627038121 6.5735034429707744 144.18633971649101  0.999999999999996 13.775737859265353 6.6541967854328057 146.78373188029559  1.0000000000000022 11.627174145942089 3.7621444200350695 149.24792213854712  0.99999999999999933 10.171715908707361 1.5800808134608972 149.83333333333334  1 
13.056622171117008 4.393909603908523 127.66666666666666  1 14.089904793618924 5.3336956657408034 129.33180829252703  0.99999999999999911 15.60063388363022 8.0355585603822011 130.99933674862351  1.0000000000000049 15.598402951897333 6.9355068681059731 133.70499022625927  0.99999999999999445 15.6680718153039 8.8272937685787483 138.84398153835744  1.0000000000000051 14.165613577932728 6.6054997469812129 144.18633971649101  0.999999999999996 13.722680899042983 6.693400411520205 146.78373188029559  1.0000000000000022 11.587249556383783 3.7800257457227211 149.24792213854712  0.99999999999999933 10.157159077795157 1.5883230965781514 149.83333333333334  1 
12.969754997188643 4.428671995939669 127.66666666666666  1 13.980509670389978 5.3777643546402851 129.33180829252703  0.99999999999999911 15.472373660930264 8.098445385955845 130.99933674862351  1.0000000000000049 15.45990124390376 6.9903271723433535 133.70499022625927  0.99999999999999445 15.53837420794537 8.902808676566039 138.84398153835744  1.0000000000000051 14.048425739426722 6.6572245335704059 144.18633971649101  0.999999999999996 13.634314843846012 6.7570226207753006 146.78373188029559  1.0000000000000022 11.521051483952402 3.8089048988726044 149.24792213854712  0.99999999999999933 10.132967716857866 1.6016501023157981 149.83333333333334  1 
12.863191253173699 4.4692098657819503 127.66666666666666  1 13.846339170709426 5.4292380960320701 129.3318082925266  0.99999999999999911 15.314762678611018 8.1723405719901265 130.99933674862473  1.0000000000000049 15.290184399899243 7.0546265719447705 133.70499022625819  0.99999999999999445 15.378671530166921 8.991868304473142 138.8439815383588  1.0000000000000051 13.904657816077897 6.7179897016605086 144.1863397164901  0.999999999999996 13.525098817616906 6.8322574692962652 146.78373188029644  1.0000000000000022 11.439828648768682 3.8427730155777735 149.24792213854684  0.99999999999999933 10.103175437251782 1.6173074787524959 149.83333333333334  1 
12.74126387646495 4.5132549740441013 127.66666666666666  1 13.692847774860251 5.485272348980053 129.33180829252703  0.99999999999999911 15.134141205844726 8.2532678780235518 130.99933674862351  1.0000000000000049 15.096196863657037 7.1249373915856964 133.70499022625927  0.99999999999999445 15.195287842244072 9.089783096989402 138.84398153835744  1.0000000000000051 13.740147007932737 6.7845402027262569 144.18633971649101  0.999999999999996 13.399244191278189 6.9151922079535639 146.78373188029559  1.0000000000000022 11.346877773845176 3.8797960779156093 149.24792213854712  0.99999999999999933 10.068961648488788 1.6344498939472267 149.83333333333334  1 
12.660148116915318 4.5409465586573807 127.66666666666666  1 13.59075027849066 5.520579087072564 129.33180829252703  0.99999999999999911 15.013770917130849 8.3046155502740575 130.99933674862351  1.0000000000000049 14.967275288035452 7.1694722528082373 133.70499022625927  0.99999999999999445 15.072834189939799 9.1521723909350214 138.84398153835744  1.0000000000000051 13.630689419954081 6.8267663521773132 144.18633971649101  0.999999999999996 13.314904437091231 6.9681860859182798 146.78373188029559  1.0000000000000022 11.285026805890029 3.9032365794855561 149.24792213854712  0.99999999999999933 10.046113979185035 1.6453194506864763 149.83333333333334  1 
12.59904785759703 4.5610626245061594 127.66666666666666  1 13.51385162631073 5.5462668314402395 129.33180829252703  0.99999999999999911 14.923008559329023 8.3421415076368906 130.99933674862351  1.0000000000000049 14.87021909926602 7.2019930148750051 133.70499022625918  0.99999999999999445 14.980393053356552 9.1978907396759269 138.84398153835758  1.0000000000000051 13.548231425768286 6.8576323256411165 144.18633971649083  0.999999999999996 13.25109872958881 7.0070880293883011 146.78373188029602  1.0000000000000022 11.23843092859809 3.9203453798431007 149.24792213854684  0.99999999999999933 10.02886515242411 1.6532584321684822 149.83333333333337  1 
12.577711411346415 4.568016998299508 127.66666666666666  1 13.486998888996702 5.5551513078570371 129.33180829252703  0.99999999999999911 14.891305126627307 8.3551368013376219 130.99933674862351  1.0000000000000049 14.836331761959354 7.2132524539118048 133.70499022625918  0.99999999999999445 14.948093030889584 9.2137350557801536 138.84398153835758  1.0000000000000051 13.519435894053359 6.8683218518718983 144.18633971649083  0.999999999999996 13.22879133970801 7.0205766604711553 146.78373188029602  1.0000000000000022 11.222158827432528 3.9262680328941166 149.24792213854684  0.99999999999999933 10.022838121659072 1.656007245229165 149.83333333333337  1 
12.554952931879008 4.5753270450221146 127.66666666666666  1 13.458357304882229 5.5644962463445005 129.33180829252652  0.99999999999999911 14.857475076183098 8.3688310369148216 130.99933674862496  1.0000000000000049 14.800193469526333 7.2251136301584076 133.70499022625779  0.99999999999999445 14.913610756376249 9.2304501031507638 138.84398153835949  1.0000000000000051 13.488719832851066 6.8795871107061082 144.18633971648933  0.999999999999996 13.204957073141394 7.0348166092956923 146.78373188029758  1.0000000000000022 11.204801230261241 3.9325058326825144 149.24792213854627  0.99999999999999933 10.016403793784859 1.6589031305626256 149.83333333333337  1 
12.523878465508695 4.5852245480507028 127.66666666666666  1 13.419250663395532 5.5771537133071742 129.33180829252652  0.99999999999999911 14.811272877562809 8.38739947532531 130.99933674862496  1.0000000000000049 14.750855940114395 7.24119365783387 133.70499022625779  0.99999999999999445 14.866505733351534 9.2531290761721543 138.84398153835949  1.0000000000000051 13.446778940076685 6.8948627707052497 144.18633971648933  0.999999999999996 13.172382702439464 7.0541450462586708 146.78373188029758  1.0000000000000022 11.181100339501228 3.9409612197593775 149.24792213854627  0.99999999999999933 10.007614019169212 1.6628291272535931 149.8333333333334  1 
12.470919290197013 4.6017960804852907 127.66666666666666  1 13.35260470444754 5.5983634951063665 129.3318082925268  0.99999999999999911 14.732494472820411 8.4185853848455032 130.9993367486241  1.0000000000000049 14.666791864093737 7.2681900430279303 133.70499022625862  0.99999999999999445 14.786145221931848 9.2912704207446009 138.84398153835824  1.0000000000000051 13.375296358000284 6.9205212888246272 144.18633971649044  0.999999999999996 13.116757517314459 7.0866784600658113 146.78373188029624  1.0000000000000022 11.140704818304233 3.9551529124136171 149.24792213854684  0.99999999999999933 9.9926185709006035 1.6694206310952868 149.8333333333334  1 
12.372132846901168 4.6315335730104623 127.66666666666666  1 13.228297024907269 5.6364942782756016 129.3318082925268  0.99999999999999911 14.585398219556586 8.4749367858990627 130.9993367486241  1.0000000000000049 14.510061306086625 7.3169343032362546 133.70499022625862  0.99999999999999445 14.63592746228448 9.3603957797385018 138.84398153835824  1.0000000000000051 13.241939375847885 6.9669014452526969 144.18633971649044  0.999999999999996 13.012568238165962 7.145738733429063 146.78373188029624  1.0000000000000022 11.065341416805268 3.9807641152445714 149.24792213854684  0.99999999999999933 9.9645871684940026 1.6813214419657938 149.8333333333334  1 
12.257422304199345 4.6639373166220945 127.66666666666666  1 13.083969324259925 5.6781770340167848 129.3318082925268  0.99999999999999911 14.41432220648764 8.5370724449992466 130.9993367486241  1.0000000000000049 14.328196823026017 7.3706216337446708 133.70499022625862  0.99999999999999445 14.460922433159292 9.4369983865203171 138.84398153835824  1.0000000000000051 13.087048140245166 7.0180782964164097 144.18633971649044  0.999999999999996 12.890815628872625 7.2113642807347089 146.78373188029624  1.0000000000000022 10.977805836910241 4.0089456108458785 149.24792213854684  0.99999999999999933 9.9319307511955213 1.6944236127567278 149.8333333333334  1 
12.135471137420966 4.6960009709380586 127.66666666666664  1 12.930541414439514 5.7195845464301085 129.33180829252666  0.99999999999999911 14.232158455841686 8.5994299063086004 130.99933674862459  1.0000000000000049 14.134980735816107 7.4244459730053576 133.70499022625813  0.99999999999999445 14.27424017480813 9.5143196771047212 138.84398153835903  1.0000000000000051 12.922328705441144 7.0694902481454021 144.18633971648964  0.999999999999996 12.760536997475596 7.2778005291416337 146.7837318802971  1.0000000000000022 10.884715309176938 4.0371627751319226 149.24792213854656  0.99999999999999933 9.8970976865025939 1.7075449662876268 149.8333333333334  1 
12.051554581062023 4.7166834627278345 127.66666666666666  1 12.824971362091278 5.7463968912350323 129.33180829252652  0.99999999999999911 14.106635203055598 8.6401956758754022 130.99933674862493  1.0000000000000049 14.002094884097971 7.4596079225452385 133.70499022625788  0.99999999999999445 14.14541824677122 9.5651395999093474 138.84398153835946  1.0000000000000051 12.808950274830931 7.1031377500798305 144.18633971648907  0.999999999999996 12.670411120631622 7.3215798133780119 146.78373188029821  1.0000000000000022 10.820640142650676 4.0555720086154938 149.24792213854599  0.99999999999999933 9.873063412960791 1.716104665553273 149.8333333333334  1 
11.990275927264843 4.7311278984815912 127.66666666666666  1 12.74788223330728 5.7651752309673281 129.33180829252686  0.99999999999999911 14.014892368920133 8.668941968933213 130.99933674862407  1.0000000000000049 13.905084211564994 7.4843930056862336 133.70499022625884  0.99999999999999445 14.051179199102437 9.6011110287051817 138.84398153835798  1.0000000000000051 12.726139301109203 7.1268851529165911 144.18633971649041  0.999999999999996 12.60437476288687 7.3526216653196181 146.78373188029667  1.0000000000000022 10.77384087463412 4.0685354043946855 149.24792213854656  0.99999999999999933 9.8554825931275385 1.7221306201913922 149.8333333333334  1 
11.963888952351946 4.7372055277463518 127.66666666666666  1 12.714687433778636 5.7730883736097631 129.33180829252686  0.99999999999999911 13.975369778932775 8.6810995372436555 130.99933674862407  1.0000000000000049 13.863316237699088 7.4948733191160795 133.70499022625884  0.99999999999999445 14.010563037037493 9.616354510663804 138.84398153835798  1.0000000000000051 12.69047623771994 7.1369332860655579 144.18633971649041  0.999999999999996 12.57589116336923 7.3657880102625546 146.78373188029667  1.0000000000000022 10.753686712687811 4.0740139635637584 149.24792213854656  0.99999999999999933 9.8479057193577137 1.7246768948355449 149.8333333333334  1 
11.947198051294693 4.7409935350294878 127.66666666666666  1 12.693690369670961 5.7780252751952048 129.33180829252686  0.99999999999999911 13.950363073889118 8.6887022705200323 130.99933674862407  1.0000000000000049 13.836898208245419 7.5014264505454475 133.70499022625884  0.99999999999999445 13.984857229882381 9.6258991970105559 138.84398153835798  1.0000000000000051 12.667916147374203 7.1432188056332242 144.18633971649041  0.999999999999996 12.557855172168235 7.3740367791369721 146.78373188029667  1.0000000000000022 10.740937490679684 4.0774383610148144 149.24792213854656  0.99999999999999933 9.8431104871648714 1.7262682779444953 149.8333333333334  1 
11.917731082076628 4.7476581114117877 127.66666666666666  1 12.656621110958337 5.7867132193393225 129.33180829252686  0.99999999999999911 13.906212123479715 8.702088886988804 130.99933674862407  1.0000000000000049 13.790259282144842 7.5129646699937958 133.70499022625884  0.99999999999999445 13.939469049180268 9.6427101515284157 138.84398153835798  1.0000000000000051 12.628086728029249 7.1542869168081271 144.18633971649041  0.999999999999996 12.526005827956411 7.3885671662782277 146.78373188029667  1.0000000000000022 10.718429016584244 4.0834672497135029 149.24792213854656  0.99999999999999933 9.8346437092124699 1.7290699434395174 149.8333333333334  1 
11.862517144507997 4.7598128454461843 127.66666666666666  1 12.587162770119045 5.8025872576303259 129.331808292527  0.99999999999999911 13.823442837120821 8.7266552302614535 130.99933674862368  1.0000000000000049 13.702880970335086 7.534134607732434 133.70499022625918  0.99999999999999445 13.854338017284016 9.6736335352071414 138.84398153835744  1.0000000000000051 12.55344610950722 7.174610046656662 144.18633971649101  0.999999999999996 12.466216540618053 7.4153233068167497 146.78373188029559  1.0000000000000022 10.676248563406885 4.0945214112453678 149.24792213854712  0.99999999999999933 9.8187641006800987 1.7342057871583398 149.8333333333334  1 
11.753363170151552 4.7825634161550603 127.66666666666666  1 12.449849904112025 5.8323986842975151 129.33180829252726  0.99999999999999911 13.659655647244511 8.7732312834754307 130.99933674862331  1.0000000000000049 13.530179337261593 7.5742526360079978 133.70499022625927  0.99999999999999445 13.685716967914988 9.7325426128515229 138.84398153835744  1.0000000000000051 12.405844759669005 7.2131863597661816 144.18633971649101  0.999999999999996 12.347596461920594 7.4663953708883604 146.78373188029559  1.0000000000000022 10.592839459470515 4.115442147479067 149.24792213854712  0.99999999999999933 9.7873150336628125 1.74391918940602 149.83333333333337  1 
11.630279604528017 4.8060252277884619 127.66666666666666  1 12.295015416247448 5.8632925242758169 129.33180829252723  0.99999999999999911 13.474694659738615 8.822329384334882 130.99933674862325  1.0000000000000049 13.335494531677153 7.6165052174975489 133.70499022625924  0.99999999999999445 13.495026024550269 9.7951346193757196 138.84398153835755  1.0000000000000051 12.239328523984101 7.2539277526665327 144.18633971649092  0.999999999999996 12.213126104392051 7.5208371452472456 146.78373188029559  1.0000000000000022 10.498746973806949 4.1374260234060332 149.24792213854712  0.99999999999999933 9.751758203188853 1.754112519878239 149.83333333333334  1 
11.512410049014242 4.8261525288076879 127.66666666666666  1 12.146733032366338 5.8900312258757195 129.33180829252723  0.99999999999999911 13.297281833639099 8.8655740322555694 130.99933674862325  1.0000000000000049 13.149091788882775 7.6537757302121241 133.70499022625924  0.99999999999999445 13.311830852378973 9.8509162879532699 138.84398153835755  1.0000000000000051 12.079767371942104 7.2899810059468857 144.18633971649092  0.999999999999996 12.083611342497766 7.5695557855180873 146.78373188029559  1.0000000000000022 10.408592911490251 4.1567487423299445 149.24792213854712  0.99999999999999933 9.7176111146102233 1.7630508082205658 149.83333333333334  1 
11.424612587476046 4.8400259693959615 127.66666666666666  1 12.036277764529027 5.908574633216074 129.33180829252703  0.99999999999999911 13.164991771962846 8.8960162855610463 130.99933674862351  1.0000000000000049 13.010255302800642 7.6799877922969664 133.70499022625927  0.99999999999999445 13.175097315032092 9.8904733884328255 138.84398153835744  1.0000000000000051 11.960863309112 7.315404503203335 144.18633971649101  0.999999999999996 11.986792339602633 7.6041989361678652 146.78373188029559  1.0000000000000022 10.341415343023645 4.1703074866944485 149.24792213854712  0.99999999999999933 9.6921313788679075 1.7693109094845449 149.83333333333334  1 
11.369923183455478 4.8481376722152287 127.66666666666666  1 11.967472120256886 5.9194767484070212 129.33180829252703  0.99999999999999911 13.082521140084692 8.9141346895190736 130.99933674862351  1.0000000000000049 12.923774993878572 7.695588227843845 133.70499022625927  0.99999999999999445 13.08979519665761 9.9141571774819752 138.84398153835744  1.0000000000000051 11.886771324126062 7.33056413843466 144.18633971649101  0.999999999999996 11.92632087007912 7.6249906862063588 146.78373188029559  1.0000000000000022 10.299557939624759 4.1783574196872664 149.24792213854712  0.99999999999999933 9.6762392244793354 1.7730207169878385 149.83333333333334  1 
11.333234120098233 4.8533431701302794 127.66666666666664  1 11.92131153568157 5.9265024750937894 129.33180829252703  0.99999999999999911 13.027165019317657 8.9259103345540254 130.99933674862351  1.0000000000000049 12.865757812801192 7.7057333966215769 133.70499022625927  0.99999999999999445 13.032511681806065 9.9296131657770523 138.84398153835744  1.0000000000000051 11.837053317652083 7.3404331230768882 144.18633971649101  0.999999999999996 11.885681462769986 7.6385844490964985 146.78373188029559  1.0000000000000022 10.271471625450941 4.1835803415048876 149.24792213854712  0.99999999999999933 9.6655687577299965 1.7754249074119453 149.83333333333334  1 
11.320652736941742 4.8551001155928901 127.66666666666666  1 11.905482003926657 5.92887744580253 129.33180829252703  0.99999999999999911 13.008178808469484 8.9299033276731929 130.99933674862351  1.0000000000000049 12.845862474204351 7.7091741981972612 133.70499022625927  0.99999999999999445 13.012861225265604 9.9348619423015538 138.84398153835744  1.0000000000000051 11.820002557044814 7.3437814064275999 144.18633971649101  0.999999999999996 11.871736966613033 7.6432038498104466 146.78373188029559  1.0000000000000022 10.261839597163005 4.1853501862963371 149.24792213854712  0.99999999999999933 9.661908584078045 1.7762392859164482 149.83333333333334  1 
11.287564400879608 4.8596821128838394 127.66666666666666  1 11.863850991216447 5.9350765408341388 129.33180829252703  0.99999999999999911 12.958241287342709 8.9403427581962838 130.99933674862351  1.0000000000000049 12.793538642908956 7.7181709279987487 133.70499022625927  0.99999999999999445 12.961172256497536 9.9485955080006931 138.84398153835744  1.0000000000000051 11.775157946741679 7.352537693501775 144.18633971649101  0.999999999999996 11.835052145354727 7.6552947938655205 146.78373188029559  1.0000000000000022 10.236506952264053 4.1899756268579846 149.24792213854712  0.99999999999999933 9.6522810789617797 1.7783672458066206 149.83333333333334  1 
11.231499926006725 4.8671261088180717 127.66666666666666  1 11.793310092559723 5.945192649806927 129.33180829252703  0.99999999999999911 12.873587745821265 8.9575195961053069 130.99933674862351  1.0000000000000049 12.704880085446744 7.7329821013639917 133.70499022625927  0.99999999999999445 12.873513798786851 9.971283875075363 138.84398153835744  1.0000000000000051 11.699156762545803 7.3669649357225859 144.18633971649101  0.999999999999996 11.772798321835703 7.6753036939244179 146.78373188029559  1.0000000000000022 10.193575800705952 4.1975722076765578 149.24792213854712  0.99999999999999933 9.6359563776865347 1.7818587486361293 149.83333333333334  1 
11.115299277863139 4.881282158507962 127.66666666666666  1 11.647102645274845 5.964660307238165 129.33180829252714  0.99999999999999911 12.69797709325632 8.9910971862050477 130.99933674862322  1.0000000000000049 12.521114126150399 7.7619892222611409 133.70499022625947  0.99999999999999445 12.691532638739215 10.016013397282535 138.84398153835713  1.0000000000000051 11.541566629477121 7.395280627672153 144.1863397164914  0.999999999999996 11.643404358175369 7.7148400125278522 146.78373188029494  1.0000000000000022 10.104564552427904 4.2123969292504642 149.24792213854744  0.99999999999999933 9.6020764092499249 1.7886473154990155 149.83333333333334  1 
10.98255584118017 4.8950839985989116 127.66666666666666  1 11.480084287899745 5.9841864338865021 129.33180829252717  0.99999999999999911 12.49708285693551 9.0257168558736094 130.99933674862316  1.0000000000000049 12.311162002831523 7.7920291488848861 133.70499022625958  0.99999999999999445 12.48310659777902 10.062893272272815 138.84398153835696  1.0000000000000051 11.361414214667265 7.4247184116707095 144.18633971649157  0.999999999999996 11.49493571050772 7.7564499099757773 146.78373188029474  1.0000000000000022 10.002824357397042 4.2276440904225048 149.24792213854744  0.99999999999999933 9.5632943648371285 1.7955794803700491 149.83333333333334  1 
10.870481013606819 4.9043440202685176 127.66666666666666  1 11.339047099349866 5.9977719386109252 129.33180829252717  0.99999999999999911 12.327235033862681 9.0515024231387642 130.99933674862316  1.0000000000000049 12.133853485902611 7.8143155301418279 133.70499022625958  0.99999999999999445 12.30663651030769 10.098387772614046 138.84398153835696  1.0000000000000051 11.209179545687252 7.4467079347023049 144.18633971649157  0.999999999999996 11.368984729855018 7.7881154581031256 146.78373188029474  1.0000000000000022 9.9168689900668952 4.2388618608994006 149.24792213854744  0.99999999999999933 9.5304822178268616 1.8006264011541671 149.83333333333334  1 
10.785043971983237 4.9105227876556583 127.66666666666666  1 11.231525285133168 6.0070906720297303 129.33180829252717  0.99999999999999911 12.19766160373945 9.0698188619686153 130.99933674862316  1.0000000000000049 11.998671072425465 7.8302316174538156 133.70499022625958  0.99999999999999445 12.17193343799304 10.123950612130418 138.84398153835696  1.0000000000000051 11.093080650000257 7.4624549108988392 144.18633971649157  0.999999999999996 11.272762461485407 7.8109970362991987 146.78373188029474  1.0000000000000022 9.8513235128705805 4.2468215502448787 149.24792213854744  0.99999999999999933 9.5054463608229334 1.8041836485797 149.83333333333334  1 
10.737758659397947 4.9135396910976388 127.66666666666666  1 11.172014059324214 6.011772346568284 129.33180829252717  0.99999999999999911 12.125906076041256 9.0793459683871696 130.99933674862316  1.0000000000000049 11.923845637819696 7.8385461166104742 133.70499022625958  0.99999999999999445 12.09730241638862 10.137420616134659 138.84398153835696  1.0000000000000051 11.028803577732686 7.4707047589108795 144.18633971649157  0.999999999999996 11.219414522795841 7.823088971763636 146.78373188029474  1.0000000000000022 9.815038101958832 4.2509565262912439 149.24792213854744  0.99999999999999933 9.4915801313271775 1.8060201220349947 149.83333333333334  1 
10.691919680095053 4.9160807200767778 127.66666666666666  1 11.114319049263569 6.0158526228033296 129.33180829252717  0.99999999999999911 12.056307179131224 9.0880156570633623 130.99933674862316  1.0000000000000049 11.851296105551285 7.8461194283431013 133.70499022625958  0.99999999999999445 12.024884836357801 10.149864040354899 138.84398153835696  1.0000000000000051 10.966470186635407 7.4782570276985627 144.18633971649157  0.999999999999996 11.16761520005025 7.834281869230324 146.78373188029474  1.0000000000000022 9.7798540295735439 4.2547122818678647 149.24792213854744  0.99999999999999933 9.4781290831471114 1.8076744835712875 149.83333333333334  1 
10.674501724802035 4.9170075259881987 127.66666666666666  1 11.092395557809354 6.0173566008499249 129.33180829252717  0.99999999999999911 12.029857069013786 9.0912530285443562 130.99933674862316  1.0000000000000049 11.823727242672451 7.848947662950418 133.70499022625958  0.99999999999999445 11.997360578994405 10.154530681428632 138.84398153835696  1.0000000000000051 10.942782354708696 7.4810817034073374 144.18633971649157  0.999999999999996 11.147924097241216 7.8384817160707154 146.78373188029474  1.0000000000000022 9.7664838677320009 4.2561139231094716 149.24792213854744  0.99999999999999933 9.4730170375358949 1.8082903793752612 149.83333333333334  1 
10.638137311914896 4.9188539159233278 127.66666666666666  1 11.046623542296743 6.0203901967422482 129.33180829252711  0.99999999999999911 11.974626943147472 9.0978814873237059 130.99933674862331  1.0000000000000049 11.766166921525247 7.8547392889305012 133.70499022625944  0.99999999999999445 11.939880785540979 10.16413203355277 138.84398153835716  1.0000000000000051 10.89332273590461 7.4868767492453943 144.18633971649135  0.999999999999996 11.106794912281995 7.8471278996619098 146.78373188029522  1.0000000000000022 9.7385682742246953 4.2589823214671387 149.24792213854712  0.99999999999999933 9.4623422981565 1.8095470897329555 149.83333333333334  1 
10.583374562880348 4.9212831245639377 127.66666666666666  1 10.977688484974854 6.0245358713051109 129.33180829252711  0.99999999999999911 11.891418447825275 9.1073454008166888 130.99933674862331  1.0000000000000049 11.679470624710756 7.8630129411256711 133.70499022625944  0.99999999999999445 11.853256110680197 10.178027395774748 138.84398153835716  1.0000000000000051 10.818818619814813 7.4952016376586457 144.18633971649135  0.999999999999996 11.044781866396724 7.8596650333921527 146.78373188029522  1.0000000000000022 9.6965207680060672 4.2630710895687098 149.24792213854712  0.99999999999999933 9.4462586905782064 1.8113239155201415 149.83333333333334  1 
10.467902598250012 4.9252592998092428 127.66666666666666  1 10.832310935372709 6.0318843105364923 129.33180829252709  0.99999999999999911 11.715851593312392 9.1256125468868081 130.99933674862339  1.0000000000000049 11.49660996748068 7.8789841717578275 133.70499022625935  0.99999999999999445 11.670396351932382 10.205497435370473 138.8439815383573  1.0000000000000051 10.661643233940413 7.5114099162197308 144.18633971649118  0.999999999999996 10.913795340612669 7.8846084260925444 146.78373188029539  1.0000000000000022 9.6078253070222868 4.2708984202396545 149.24792213854712  0.99999999999999933 9.4123194109118113 1.8146914583328593 149.83333333333337  1 
10.338945255062573 4.9272810345741647 127.66666666666666  1 10.669897728174895 6.0371253731104506 129.33180829252646  0.99999999999999911 11.519537446756217 9.1424436651192931 130.99933674862507  1.0000000000000049 11.292262684925927 7.8936955390395003 133.70499022625791  0.99999999999999445 11.465751055918856 10.232302021332167 138.8439815383592  1.0000000000000051 10.4859385013291 7.5266603800104654 144.18633971648961  0.999999999999996 10.767042637247062 7.9093050435937817 146.78373188029735  1.0000000000000022 9.5086930877121816 4.2779570105146671 149.24792213854627  0.99999999999999933 9.3743638164334602 1.8176489604094013 149.83333333333334  1 
10.224216988399538 4.9265729997930077 127.66666666666666  1 10.525363120819916 6.0387864070120028 129.33180829252706  0.99999999999999911 11.34458602264707 9.1535852038920584 130.99933674862351  1.0000000000000049 11.110286201130846 7.9035344352939036 133.70499022625916  0.99999999999999445 11.283234654298763 10.252077354238054 138.84398153835772  1.0000000000000051 10.329412759998009 7.5372534281830523 144.18633971649061  0.999999999999996 10.636021435728814 7.9279632631530408 146.78373188029644  1.0000000000000022 9.420403248349885 4.2824761166910399 149.24792213854656  0.99999999999999933 9.340545490176984 1.8194379526588256 149.83333333333334  1 
10.151963520179409 4.9254141559824074 127.66666666666666  1 10.434322607342938 6.0389716688201291 129.33180829252703  0.99999999999999911 11.234327792783056 9.1595322406273709 130.99933674862351  1.0000000000000049 10.995620226396985 7.9087929674190995 133.70499022625927  0.99999999999999445 11.168163672872129 10.263373792842007 138.84398153835744  1.0000000000000051 10.230770629142592 7.5430703398757082 144.18633971649101  0.999999999999996 10.553381156617977 7.9387690630201302 146.78373188029559  1.0000000000000022 9.3647701672617494 4.2848175402382953 149.24792213854712  0.99999999999999933 9.3192336060457404 1.8203235593982436 149.83333333333334  1 
10.097212085712284 4.9241447179325739 127.66666666666666  1 10.365325853188828 6.0386386250490256 129.33180829252703  0.99999999999999911 11.150736010800555 9.1634543743244183 130.99933674862351  1.0000000000000049 10.908694992410686 7.9122611432510395 133.70499022625927  0.99999999999999445 11.080897663374099 10.271298578558241 138.84398153835744  1.0000000000000051 10.155985880037708 7.5470081046976745 144.18633971649101  0.999999999999996 10.490690618681613 7.9464387459198083 146.78373188029559  1.0000000000000022 9.322596219593553 4.2863139412340043 149.24792213854712  0.99999999999999933 9.3030767101468292 1.8208624334605825 149.83333333333334  1 
10.050969603818618 4.9226335673692576 127.66666666666666  1 10.307041886671907 6.0378279308221989 129.33180829252703  0.99999999999999911 11.080087306857131 9.1661073157710753 130.99933674862351  1.0000000000000049 10.835239305688694 7.9146162601526804 133.70499022625927  0.99999999999999445 11.007114453689599 10.277270592085284 138.84398153835744  1.0000000000000051 10.092781282770991 7.5498076419239437 144.18633971649101  0.999999999999996 10.437667305033978 7.9523309635944468 146.78373188029559  1.0000000000000022 9.2869565661448661 4.287264529847822 149.24792213854712  0.99999999999999933 9.2894229454549606 1.8211695262593273 149.83333333333334  1 
10.018630007652236 4.9214316692435922 127.66666666666666  1 10.266277655986324 6.0370865161230505 129.33180829252703  0.99999999999999911 11.030662978952645 9.1677435602619735 130.99933674862351  1.0000000000000049 10.783854910265127 7.9160750984862496 133.70499022625927  0.99999999999999445 10.955487442027753 10.281206526911395 138.84398153835744  1.0000000000000051 10.048564978345071 7.5515919137073517 144.18633971649101  0.999999999999996 10.40056079740995 7.956257207938342 146.78373188029559  1.0000000000000022 9.2620251119419805 4.2878253969559212 149.24792213854712  0.99999999999999933 9.2798717384889606 1.8213354538075321 149.83333333333334  1 
9.9851365943998331 4.9201034586969019 127.66666666666666  1 10.224057049268275 6.0362183357223493 129.33180829252723  0.99999999999999911 10.979465906239712 9.1693121632683567 130.99933674862325  1.0000000000000049 10.730629564742936 7.9174777906156635 133.70499022625924  0.99999999999999445 10.902003010819103 10.28514447412191 138.84398153835755  1.0000000000000051 10.002762898204471 7.5533400415745788 144.18633971649092  0.999999999999996 10.362116159523724 7.9602116378680616 146.78373188029559  1.0000000000000022 9.2362001713202737 4.2883465439624358 149.24792213854712  0.99999999999999933 9.2699783437242225 1.8214792182475703 149.83333333333334  1 
9.9364732493550036 4.917839792444564 127.66666666666666  1 10.16270543692629 6.0345554097329046 129.33180829252723  0.99999999999999911 10.905043130245312 9.1710875728891299 130.99933674862325  1.0000000000000049 10.653265575737601 7.9190823345174266 133.70499022625924  0.99999999999999445 10.824233101970025 10.290313896078498 138.84398153835755  1.0000000000000051 9.9361818016335057 7.5554783204684313 144.18633971649092  0.999999999999996 10.3062026154871 7.9655087394876603 146.78373188029559  1.0000000000000022 9.1986625992019171 4.2888655803754103 149.24792213854712  0.99999999999999933 9.2555984677751173 1.8215758160991233 149.83333333333334  1 
9.82621536404924 4.9118331562767619 127.66666666666666  1 10.023675873205125 6.0297327909921741 129.33180829252689  0.99999999999999911 10.73632270200293 9.1737859597300098 130.9993367486243  1.0000000000000049 10.477892604384257 7.9215802175217815 133.70499022625825  0.99999999999999445 10.647866955750187 10.300572956486063 138.84398153835923  1.0000000000000051 9.7852372911340968 7.5592767087711445 144.18633971648907  0.999999999999996 10.179365072077573 7.9763072441450333 146.78373188029821  1.0000000000000022 9.1135732414192461 4.2894275570297733 149.24792213854599  0.99999999999999933 9.2230037484475726 1.8215000242993566 149.83333333333331  1 
9.7116049435356047 4.903435254341705 127.66666666666666  1 9.8790970373360931 6.0221314833564206 129.33180829252689  0.99999999999999911 10.560699751730542 9.1733437064596579 130.9993367486243  1.0000000000000049 10.29537424167787 7.9213852152166444 133.70499022625825  0.99999999999999445 10.464146928031338 10.307675306948203 138.84398153835923  1.0000000000000051 9.6281087406347279 7.5606583158404179 144.18633971648907  0.999999999999996 10.047153544129225 7.9845856626248146 146.78373188029821  1.0000000000000022 9.0250259961688943 4.2885053759666363 149.24792213854599  0.99999999999999933 9.1890896685984682 1.8206991046045284 149.83333333333334  1 
9.5886651364443569 4.8918212796817535 127.66666666666666  1 9.7239395212094752 6.0108444627465714 129.33180829252723  0.99999999999999911 10.372005021794504 9.1689588863673723 130.99933674862325  1.0000000000000049 10.09928135136871 7.9177995342641667 133.70499022625924  0.99999999999999445 10.266613019961548 10.311013970539461 138.84398153835755  1.0000000000000051 9.4592639181129279 7.5590412796866175 144.18633971649092  0.999999999999996 9.9049301666748981 7.9899374575641842 146.78373188029559  1.0000000000000022 8.9299129000362445 4.2856966645764274 149.24792213854712  0.99999999999999933 9.1526784006256623 1.8189716943887899 149.83333333333334  1 
9.5286064974994282 4.8854888078367278 127.66666666666666  1 9.6481225335654219 6.0045387117807438 129.33180829252723  0.99999999999999911 10.279747834543475 9.1658284030185744 130.99933674862325  1.0000000000000049 10.003402925675484 7.9151945778292605 133.70499022625924  0.99999999999999445 10.169998676845909 10.311565165918791 138.84398153835755  1.0000000000000051 9.3767020892606059 7.5574684755891965 144.18633971649092  0.999999999999996 9.8353530842798822 7.9916629626991256 146.78373188029559  1.0000000000000022 8.8834140766208396 4.2838648024992239 149.24792213854712  0.99999999999999933 9.1348831660423784 1.8179087622785628 149.83333333333331  1 
9.4657218150294025 4.8783906261147774 127.66666666666666  1 9.5687234088928186 5.9973743243480593 129.33180829252723  0.99999999999999911 10.183096965649282 9.1618490422924541 130.99933674862325  1.0000000000000049 9.9029509569799981 7.9118614942093082 133.70499022625924  0.99999999999999445 10.06875778851005 10.311377170261078 138.84398153835755  1.0000000000000051 9.2901984901196624 7.555266275709724 144.18633971649092  0.999999999999996 9.7624351098068232 7.9928407022645205 146.78373188029559  1.0000000000000022 8.8347023081546521 4.2816203094053042 149.24792213854712  0.99999999999999933 9.1162456359646775 1.8166407672454092 149.83333333333331  1 
9.420746813466554 4.8729356730654212 127.66666666666669  1 9.5119254402282643 5.9917958261506161 129.33180829252723  0.99999999999999911 10.113929837498119 9.1584358047242347 130.99933674862325  1.0000000000000049 9.8310572636606608 7.9089877257130272 133.70499022625924  0.99999999999999445 9.9962854854931198 10.310624452425573 138.84398153835755  1.0000000000000051 9.2282849698678451 7.5532420610017281 144.18633971649092  0.999999999999996 9.7102308252475567 7.9931750094853689 146.78373188029559  1.0000000000000022 8.7998433789875588 4.2797509758503063 149.24792213854712  0.99999999999999933 9.1029122464579775 1.8156086334868147 149.83333333333331  1 
9.3752257179758249 4.8670582760794403 127.66666666666669  1 9.4544255276745641 5.9857210713043738 129.33180829252737  0.99999999999999911 10.043882087808752 9.1544477750352335 130.99933674862336  1.0000000000000049 9.7582408869961945 7.9056171059141302 133.70499022625904  0.99999999999999445 9.9228714093295434 10.309282031743544 138.84398153835801  1.0000000000000051 9.1655745640754187 7.5507702069880178 144.18633971649044  0.999999999999996 9.6573437598176195 7.9930369696960781 146.78373188029624  1.0000000000000022 8.7645411862672233 4.2776100884664965 149.24792213854684  0.99999999999999933 9.0894135926162178 1.8144463830781759 149.83333333333334  1 
9.3397384441811315 4.8623448931376529 127.66666666666669  1 9.4095951918916878 5.9808270911654162 129.33180829252731  0.99999999999999911 9.9892592468882935 9.1511419685315047 130.99933674862308  1.0000000000000049 9.7014562622442426 7.9028188629871812 133.70499022625947  0.99999999999999445 9.8656164965959885 10.308021324437533 138.84398153835724  1.0000000000000051 9.1166700939478176 7.5486870352963722 144.18633971649132  0.999999999999996 9.6160961763297017 7.9927536107889008 146.78373188029494  1.0000000000000022 8.7370129288555223 4.2758492707456002 149.24792213854744  0.99999999999999933 9.0788891099396363 1.8134969425657843 149.83333333333334  1 
9.3013297915928206 4.8569972157606731 127.66666666666669  1 9.3610653443569802 5.9752337205825086 129.33180829252731  0.99999999999999911 9.9301114318631623 9.1471955442961548 130.99933674862308  1.0000000000000049 9.6399616473166283 7.8994705933457317 133.70499022625947  0.99999999999999445 9.8036056094640411 10.306256054466635 138.84398153835724  1.0000000000000051 9.063707728974375 7.5461398470034782 144.18633971649132  0.999999999999996 9.5714198296995416 7.9921180955456146 146.78373188029494  1.0000000000000022 8.7072044245937512 4.2737715970148864 149.24792213854744  0.99999999999999933 9.0674960112666003 1.8123881859434832 149.83333333333334  1 
9.1959539442867122 4.8416590878655033 127.66666666666669  1 9.2278956826804741 5.9590848971201034 129.33180829252731  0.99999999999999911 9.7677598314011931 9.1353718770425267 130.99933674862308  1.0000000000000049 9.4711496590503756 7.8894185390067939 133.70499022625947  0.99999999999999445 9.6333608267906516 10.30032995259484 138.84398153835724  1.0000000000000051 8.9183150016552251 7.5383602067763746 144.18633971649132  0.999999999999996 9.4487594163907787 7.9894857691850607 146.78373188029494  1.0000000000000022 8.625385006077817 4.2676068042589064 149.24792213854744  0.99999999999999933 9.0362328528342388 1.8091270433107465 149.83333333333334  1 
9.0943234936493358 4.8248875348989007 127.66666666666671  1 9.0993801910701304 5.941124812903964 129.3318082925266  0.99999999999999911 9.6109499878752747 9.1210117763436873 130.9993367486243  1.0000000000000049 9.3080398791261114 7.8771519491921485 133.70499022625876  0.99999999999999445 9.4688259295202428 10.291402611494167 138.84398153835798  1.0000000000000051 8.7778255364216484 7.5285077870555712 144.18633971649083  0.999999999999996 9.3301980637501583 7.9843133180584349 146.78373188029559  1.0000000000000022 8.5463582523853656 4.2602817653314133 149.24792213854712  0.99999999999999933 9.0060645016632446 1.8053317060570666 149.83333333333334  1 
8.9698967525059814 4.8017239917020076 127.66666666666666  1 8.9419418102045682 5.9159735922433976 129.33180829252703  0.99999999999999911 9.4186323585742731 9.0994989655702554 130.99933674862351  1.0000000000000049 9.1079044411105894 7.8587048259747885 133.70499022625927  0.99999999999999445 9.2669334826216545 10.276232070459946 138.84398153835744  1.0000000000000051 8.6054443298828325 7.5133210153327958 144.18633971649101  0.999999999999996 9.1847270831292729 7.9745268865291381 146.78373188029559  1.0000000000000022 8.4494389065289255 4.2494783570768888 149.24792213854712  0.99999999999999933 8.9691126085233535 1.7998276399852364 149.83333333333334  1 
8.9167603831146902 4.7912414199471796 127.66666666666666  1 8.8746853796230987 5.9045223772212685 129.33180829252703  0.99999999999999911 9.3364296432024929 9.0894302597279104 130.99933674862351  1.0000000000000049 9.022335378656523 7.8500561433202964 133.70499022625927  0.99999999999999445 9.1806147958554511 10.26880275090439 138.84398153835744  1.0000000000000051 8.5317423360642266 7.5061336798059752 144.18633971649101  0.999999999999996 9.1225345120233694 7.969574198636268 146.78373188029559  1.0000000000000022 8.4080115290359547 4.2444525161955013 149.24792213854712  0.99999999999999933 8.9533288199138052 1.7972848876976975 149.83333333333334  1 
8.8468946807245974 4.7768349418329974 127.66666666666669  1 8.7862284097288494 5.888715292123849 129.33180829252714  0.99999999999999911 9.2282721456858585 9.0752633435254086 130.99933674862322  1.0000000000000049 8.9097128441605946 7.8378687230034734 133.70499022625947  0.99999999999999445 9.0670151472833087 10.258034041830662 138.84398153835713  1.0000000000000051 8.4347411247076245 7.4959418491675018 144.1863397164914  0.999999999999996 9.0406918752766021 7.9622508471680371 146.78373188029494  1.0000000000000022 8.3534996005797169 4.2374082509397262 149.24792213854744  0.99999999999999933 8.9325725377218781 1.7937397056340965 149.83333333333334  1 
8.7979058005614021 4.7663012799470419 127.66666666666669  1 8.7241853484727105 5.8771114074214461 129.33180829252703  0.99999999999999911 9.1523824346328553 9.064686914154251 130.99933674862351  1.0000000000000049 8.8306642356527458 7.8287576056464871 133.70499022625927  0.99999999999999445 8.9872882094912345 10.249790464257078 138.84398153835744  1.0000000000000051 8.3666588073594976 7.4882815422357547 144.18633971649101  0.999999999999996 8.9832570896306674 7.9565542452633675 146.78373188029559  1.0000000000000022 8.3152474771605345 4.2321666556593849 149.24792213854712  0.99999999999999933 8.9180163580606031 1.7911141249894813 149.83333333333334  1 
8.7451072107584995 4.7543980484111454 127.66666666666669  1 8.6572923586295527 5.863941936668704 129.33180829252703  0.99999999999999911 9.0705240201202422 9.0524696018181139 130.99933674862351  1.0000000000000049 8.7453646207536089 7.8182170761003595 133.70499022625927  0.99999999999999445 8.901266318230217 10.240024805735493 138.84398153835744  1.0000000000000051 8.2931949303705501 7.4793705924687055 144.18633971649101  0.999999999999996 8.9212959696046337 7.9497029456754182 146.78373188029559  1.0000000000000022 8.2739820747478525 4.2261316505047377 149.24792213854712  0.99999999999999933 8.9023256944261888 1.788107186773239 149.83333333333334  1 
8.7080365541452966 4.7458532962213562 127.66666666666669  1 8.6103170757426906 5.8544696945049362 129.3318082925266  0.99999999999999911 9.0130270024274033 9.0436131742867918 130.9993367486243  1.0000000000000049 8.685438914769632 7.8105710334515406 133.70499022625876  0.99999999999999445 8.8408364854226154 10.232868508419859 138.84398153835798  1.0000000000000051 8.2415849836071633 7.4728912314499709 144.18633971649083  0.999999999999996 8.8777718575236175 7.9446505560813732 146.78373188029559  1.0000000000000022 8.2449958521310656 4.2217632832798317 149.24792213854712  0.99999999999999933 8.8913082333833948 1.7859357797855036 149.83333333333334  1 
8.6801074945940773 4.7392442134067787 127.66666666666669  1 8.5749176496883717 5.8471265615010433 129.33180829252714  0.99999999999999911 8.9696875979147919 9.0366860063366108 130.99933674862322  1.0000000000000049 8.6402578429505272 7.8045857045460956 133.70499022625947  0.99999999999999445 8.7952788459078537 10.227203049291651 138.84398153835713  1.0000000000000051 8.2026742348565467 7.4678055231524594 144.1863397164914  0.999999999999996 8.8449623738428151 7.9406228932200991 146.78373188029494  1.0000000000000022 8.2231454360869698 4.2183522390960269 149.24792213854744  0.99999999999999933 8.8830069438146335 1.7842448214766353 149.83333333333334  1 
8.5808245685399598 4.7152982946061632 127.66666666666669  1 8.4490563371481322 5.8204779388800834 129.33180829252714  0.99999999999999911 8.8155676680775255 9.0113904864217709 130.99933674862322  1.0000000000000049 8.4795584506093302 7.7827160210113089 133.70499022625947  0.99999999999999445 8.6332508039301548 10.206342797613805 138.84398153835713  1.0000000000000051 8.0642793589248853 7.4491893572348058 144.1863397164914  0.999999999999996 8.728281726383285 7.925722512557094 146.78373188029494  1.0000000000000022 8.1454388628524388 4.2059114953811774 149.24792213854744  0.99999999999999933 8.8534954986381091 1.7780891407059516 149.83333333333331  1 
8.4918346064116559 4.6920179913478472 127.66666666666666  1 8.3361522161407056 5.7943997339040223 129.33180829252714  0.99999999999999911 8.6772007674194178 8.9860207280978734 130.99933674862322  1.0000000000000049 8.3351619357284736 7.7607287729448711 133.70499022625947  0.99999999999999445 8.4877046071514908 10.184748441910658 138.84398153835713  1.0000000000000051 7.9399341519532243 7.430341985839668 144.1863397164914  0.999999999999996 8.6235024631726525 7.9100248313286698 146.78373188029494  1.0000000000000022 8.0756587102297122 4.1934933256139519 149.24792213854744  0.99999999999999933 8.8270363764380058 1.7719902517210688 149.83333333333331  1 
8.3764339466257702 4.6593077692155127 127.66666666666666  1 8.1896247260806447 5.7575448682745476 129.33180829252714  0.99999999999999911 8.4974211821056223 8.9493869967056696 130.99933674862322  1.0000000000000049 8.1473760756453721 7.7288903909791502 133.70499022625947  0.99999999999999445 8.2985182740958852 10.152766867307548 138.84398153835713  1.0000000000000051 7.778245440553639 7.4028994192801152 144.1863397164914  0.999999999999996 8.4873731894726792 7.8864831564868849 146.78373188029494  1.0000000000000022 7.9849767380957344 4.1756295666446439 149.24792213854744  0.99999999999999933 8.7927174306248279 1.7632843054337553 149.83333333333331  1 
8.3213060616580758 4.6431780505123017 127.66666666666666  1 8.1196039192115244 5.7393319510323417 129.33180829252714  0.99999999999999911 8.4114699843828227 8.9311407854650806 130.99933674862322  1.0000000000000049 8.0575613520492286 7.7130159398809308 133.70499022625947  0.99999999999999445 8.2080536619749882 10.136694594510528 138.84398153835713  1.0000000000000051 7.7009168991660584 7.389189911536187 144.1863397164914  0.999999999999996 8.4222928046782108 7.8746015282556288 146.78373188029494  1.0000000000000022 7.94161854037936 4.1667441033419808 149.24792213854744  0.99999999999999933 8.7763215772708651 1.7589662617564954 149.83333333333334  1 
8.2459962120616961 4.6201826217181159 127.66666666666666  1 8.0239015270480074 5.7132930967762237 129.33180829252734  0.99999999999999911 8.2939261247121276 8.9047958491391093 130.9993367486228  1.0000000000000049 7.9346522380471551 7.690058618389072 133.70499022625989  0.99999999999999445 8.084302850966596 10.113229584631064 138.84398153835633  1.0000000000000051 7.5951053870953151 7.3693163839686573 144.18633971649226  0.999999999999996 8.3332943016666761 7.8571674215370049 146.78373188029403  1.0000000000000022 7.8823115809794926 4.1539338692779051 149.24792213854772  0.99999999999999933 8.7539209653727923 1.7527657172536131 149.83333333333334  1 
8.1842663846595745 4.6005842629792246 127.66666666666666  1 7.9454163465396999 5.6910446739098246 129.33180829252734  0.99999999999999911 8.1974813221951841 8.8820961725546592 130.9993367486228  1.0000000000000049 7.8337341354523282 7.6702470032689298 133.70499022625989  0.99999999999999445 7.9827359272541543 10.092821448277739 138.84398153835633  1.0000000000000051 7.5082352210639147 7.3521322611206754 144.18633971649226  0.999999999999996 8.2602728529113101 7.8419432056134371 146.78373188029403  1.0000000000000022 7.8336384713953118 4.1429086877333816 149.24792213854772  0.99999999999999933 8.735557823652691 1.7474487024864549 149.83333333333334  1 
8.1336085544470507 4.5839273037250097 127.66666666666666  1 7.8809761631066788 5.6720930124720583 129.33180829252734  0.99999999999999911 8.1182591006129634 8.8626224888890786 130.9993367486228  1.0000000000000049 7.7507831223862702 7.6532265079503103 133.70499022625989  0.99999999999999445 7.8992827766483078 10.075176761424194 138.84398153835633  1.0000000000000051 7.4368380028463372 7.3373451589779037 144.18633971649226  0.999999999999996 8.2002938923266893 7.8287389565034449 146.78373188029403  1.0000000000000022 7.7936479715211844 4.1334584557091905 149.24792213854772  0.99999999999999933 8.7204868904553638 1.7429066043451666 149.83333333333334  1 
8.1004890223923081 4.5728182736869201 127.66666666666666  1 7.838833199059545 5.6594377557222622 129.33180829252728  0.99999999999999911 8.066435055168828 8.8495684322216999 130.99933674862288  1.0000000000000049 7.6964991791112904 7.6418075923250584 133.70499022625981  0.99999999999999445 7.844681820663757 10.063299103122082 138.84398153835653  1.0000000000000051 7.3901175519933267 7.327416094773171 144.18633971649203  0.999999999999996 8.1610592550231598 7.8198357104538792 146.78373188029425  1.0000000000000022 7.7674843540780394 4.1271266433301248 149.24792213854772  0.99999999999999933 8.7106331229769776 1.7398690263526111 149.83333333333334  1 
8.0781696420822229 4.5652262987656158 127.66666666666666  1 7.8104266540986966 5.6507815258632954 129.33180829252689  0.99999999999999911 8.0314964065591568 8.8406158919693389 130.99933674862388  1.0000000000000049 7.6598919835067836 7.6339718184803713 133.70499022625893  0.99999999999999445 7.8078666423877543 10.055130146698295 138.84398153835784  1.0000000000000051 7.35861209974796 7.3205986952125492 144.18633971649083  0.999999999999996 8.1346087885685652 7.8137055975168526 146.78373188029602  1.0000000000000022 7.7498437119545116 4.1227856893937345 149.24792213854684  0.99999999999999933 8.7039923608641239 1.7377892454019988 149.83333333333334  1 
7.9869761972068432 4.5338606522421889 127.66666666666666  1 7.6943411761723901 5.6149943418306743 129.33180829252686  0.99999999999999911 7.8886958149131798 8.803528175111456 130.99933674862388  1.0000000000000049 7.5102381043802042 7.6014950321634469 133.70499022625899  0.99999999999999445 7.6573818961703806 10.021214222138189 138.84398153835772  1.0000000000000051 7.2298187375025815 7.2923303936689834 144.18633971649101  0.999999999999996 8.0265030317420507 7.788232506433145 146.78373188029559  1.0000000000000022 7.6777376660404375 4.1048071745295758 149.24792213854712  0.99999999999999933 8.6768583699649771 1.7291844049377356 149.83333333333331  1 
7.9045605672713215 4.5036285324356164 127.66666666666666  1 7.5893166178135196 5.580368061228075 129.33180829252689  0.99999999999999911 7.7593832485393195 8.7672363736293537 130.99933674862388  1.0000000000000049 7.3745370371662817 7.5696310148885839 133.7049902262589  0.99999999999999445 7.521033557005925 9.9876282883319387 138.84398153835798  1.0000000000000051 7.1130559189084508 7.2645304078169239 144.18633971649061  0.999999999999996 7.9286203333496159 7.762888765984159 146.78373188029644  1.0000000000000022 7.6124129742834903 4.0872410203583005 149.24792213854656  0.99999999999999933 8.652331286659857 1.7208242762723358 149.83333333333331  1 
7.8039815313232452 4.4644878938547512 127.66666666666666  1 7.4610238395159669 5.5353975111571918 129.33180829252615  0.99999999999999911 7.6012284398480592 8.7196426847575239 130.99933674862578  1.0000000000000049 7.2083620460076743 7.5277304960101024 133.70499022625737  0.99999999999999445 7.3542055440401262 9.9431826846051496 138.84398153835991  1.0000000000000051 6.9701023806915785 7.2279147832832216 144.18633971648904  0.999999999999996 7.8089473226379447 7.7292550796843562 146.78373188029801  1.0000000000000022 7.5324917553873316 4.0642303883600102 149.24792213854599  0.99999999999999933 8.6223926392756667 1.7099356990380452 149.83333333333334  1 
7.7470553904175112 4.4419288310354519 127.66666666666666  1 7.3883901007822912 5.5094543152102284 129.33180829252632  0.99999999999999911 7.5116531944052323 8.6921080380374232 130.99933674862538  1.0000000000000049 7.114207059044011 7.5034704241069008 133.70499022625762  0.99999999999999445 7.2597057297537084 9.9174019843894072 138.84398153835946  1.0000000000000051 6.8891101682320013 7.2067047007089382 144.18633971648967  0.999999999999996 7.7411748458320684 7.7097299930412202 146.78373188029687  1.0000000000000022 7.4872214785753206 4.0509222698913874 149.24792213854656  0.99999999999999933 8.6054467362319969 1.7036489113594278 149.83333333333334  1 
7.6687451775845208 4.4095793286229688 127.66666666666666  1 7.2883969642383519 5.4721741864681457 129.33180829252674  0.99999999999999911 7.3882338715757889 8.6522997781856574 130.99933674862439  1.0000000000000049 6.984342035284774 7.4683251511773525 133.70499022625847  0.99999999999999445 7.1294554245942594 9.8799184456177525 138.84398153835841  1.0000000000000051 6.7774200325041623 7.1759492996918262 144.18633971649041  0.999999999999996 7.6478169707249712 7.681297404132911 146.78373188029644  1.0000000000000022 7.4248264871501526 4.0316916078336273 149.24792213854656  0.99999999999999933 8.5821314223427159 1.6946006366700987 149.83333333333334  1 
7.5954863754331292 4.3780901634352203 127.66666666666666  1 7.1947755624076999 5.4358105890944044 129.33180829252674  0.99999999999999911 7.2725993049793871 8.6132672396634291 130.9993367486241  1.0000000000000049 6.8625217946174235 7.4337869492380788 133.70499022625879  0.99999999999999445 7.0073693920075604 9.8429803221162917 138.84398153835798  1.0000000000000051 6.6726701693858548 7.1457035007534042 144.18633971649061  0.999999999999996 7.5603619114456269 7.6532466643612258 146.78373188029644  1.0000000000000022 7.3663412435104938 4.0128382782844874 149.24792213854656  0.99999999999999933 8.5603158110193913 1.6857656589334125 149.83333333333334  1 
7.5479447422835335 4.3570469189535466 127.66666666666666  1 7.1339793154824855 5.4114730454823379 129.33180829252674  0.99999999999999911 7.1974680878734478 8.5870485237011778 130.9993367486241  1.0000000000000049 6.7833000976553466 7.4105485544054464 133.70499022625879  0.99999999999999445 6.9280195096273367 9.8180820206513157 138.84398153835798  1.0000000000000051 6.6045595701970035 7.1253434752842448 144.18633971649061  0.999999999999996 7.503546944851136 7.6343267921109614 146.78373188029644  1.0000000000000022 7.3283289354081163 4.000174489008586 149.24792213854656  0.99999999999999933 8.5461561069386285 1.6798492237620666 149.83333333333334  1 
7.5213638523370765 4.3450662414980492 127.66666666666666  1 7.0999730366473557 5.3976038009213179 129.331808292527  0.99999999999999911 7.1554292889192883 8.5720751568126143 130.99933674862368  1.0000000000000049 6.7389475950237516 7.3972635484860785 133.70499022625904  0.99999999999999445 6.8836102159030661 9.8038334709322683 138.84398153835772  1.0000000000000051 6.5664309997504384 7.1137009173178374 144.18633971649061  0.999999999999996 7.471759284123249 7.6234958633950125 146.78373188029644  1.0000000000000022 7.3070552426920949 3.9929425542010595 149.24792213854656  0.99999999999999933 8.5382383965670741 1.6764767803579481 149.83333333333334  1 
7.5014025446763224 4.3360186101685141 127.66666666666666  1 7.07443204141273 5.3871269121974921 129.331808292527  0.99999999999999911 7.1238520150510949 8.560756893154279 130.99933674862368  1.0000000000000049 6.7056264958328917 7.3872182518537155 133.70499022625904  0.99999999999999445 6.8502500125032331 9.7930564278388168 138.84398153835772  1.0000000000000051 6.5377865655744127 7.1048968383418938 144.18633971649061  0.999999999999996 7.4478827067931226 7.6153029583563976 146.78373188029644  1.0000000000000022 7.2910745561588808 3.9874760402459359 149.24792213854656  0.99999999999999933 8.5322922557510221 1.673929055560418 149.83333333333334  1 
7.4220625831514919 4.2997199619244677 127.66666666666666  1 6.9728913705501494 5.3450740256254834 129.331808292527  0.99999999999999911 6.9982913000617177 8.5152783132312475 130.99933674862368  1.0000000000000049 6.5730925383979777 7.3468330454449084 133.70499022625904  0.99999999999999445 6.7175842838493072 9.7497085363807283 138.84398153835772  1.0000000000000051 6.4238589409953075 7.0694970803062054 144.18633971649061  0.999999999999996 7.3529462969133403 7.5823437259767674 146.78373188029644  1.0000000000000022 7.2275236453967775 3.9655110993951004 149.24792213854656  0.99999999999999933 8.5086567261614565 1.6637017299322803 149.83333333333334  1 
7.34002250200537 4.2600912144271863 127.66666666666666  1 6.8677530498290729 5.2990409310232396 129.331808292527  0.99999999999999911 6.8681347669777892 8.465193629393335 130.99933674862368  1.0000000000000049 6.4354671794403586 7.3022225995353791 133.70499022625918  0.99999999999999445 6.5799685822991716 9.7017055003698207 138.84398153835744  1.0000000000000051 6.3055861867394771 7.0303692018396049 144.18633971649101  0.999999999999996 7.2545601728595228 7.5458109066498009 146.78373188029559  1.0000000000000022 7.16160633657642 3.9413269433192522 149.24792213854712  0.99999999999999933 8.4842071793181422 1.6525006830576083 149.83333333333334  1 
7.257979217714924 4.2184957070086861 127.66666666666666  1 6.7624878921996334 5.2506224906452239 129.331808292527  0.99999999999999911 6.7376391798403441 8.4122333069745601 130.99933674862368  1.0000000000000049 6.2972750548110401 7.2549168123169885 133.70499022625918  0.99999999999999445 6.4419199174221298 9.6507461083931609 138.84398153835744  1.0000000000000051 6.1868556261775076 6.9888662610023795 144.18633971649101  0.999999999999996 7.1559514183615391 7.5070247239180556 146.78373188029559  1.0000000000000022 7.0954884164371697 3.9157580698000238 149.24792213854712  0.99999999999999933 8.4597452956954768 1.6407190565396912 149.83333333333334  1 
7.1967551441780193 4.1870880327817357 127.66666666666666  1 6.683911891159239 5.2140451557047331 129.331808292527  0.99999999999999911 6.6401951686064855 8.3721748456838032 130.99933674862368  1.0000000000000049 6.1940452458947322 7.2191114753537544 133.70499022625918  0.99999999999999445 6.3388221372799753 9.6121661459257517 138.84398153835744  1.0000000000000051 6.0981690945136826 6.9574512435292704 144.18633971649101  0.999999999999996 7.0823244259110218 7.4776605196189134 146.78373188029559  1.0000000000000022 7.0461114042405804 3.8964187578269827 149.24792213854712  0.99999999999999933 8.4414886639828151 1.6318187778946645 149.83333333333334  1 
7.1209787313598341 4.1466894415305768 127.66666666666669  1 6.5865624080107272 5.1669225077103134 129.331808292527  0.99999999999999911 6.5193322554519764 8.320368553839117 130.99933674862368  1.0000000000000049 6.065837372258235 7.1726990976205141 133.70499022625918  0.99999999999999445 6.2108850688307573 9.5621295036508052 138.84398153835744  1.0000000000000051 5.9880470745072714 6.9167245946654061 144.18633971649101  0.999999999999996 6.9910251127685541 7.4395789473709861 146.78373188029559  1.0000000000000022 6.9848427985648049 3.8714071745618637 149.24792213854712  0.99999999999999933 8.4188831584044159 1.6203543741150859 149.83333333333334  1 
7.0413380421575589 4.1023728846135263 127.66666666666669  1 6.4841136643792687 5.1151270554077559 129.33180829252703  0.99999999999999911 6.3920034226276901 8.2632263597200861 130.99933674862353  1.0000000000000049 5.9305272813270804 7.1213425345659545 133.70499022625921  0.99999999999999445 6.0760069353146102 9.5067741227425486 138.84398153835747  1.0000000000000051 5.8718578276312918 6.8716629046837907 144.18633971649081  0.999999999999996 6.8948507677919668 7.3974673641977642 146.78373188029644  1.0000000000000022 6.9202530505225974 3.8438034278469413 149.24792213854656  0.99999999999999933 8.395110412963767 1.6077631696155381 149.83333333333334  1 
7.0018471391574177 4.0798529351181783 127.66666666666669  1 6.4332726024625266 5.0887765669555751 129.33180829252703  0.99999999999999911 6.3287750516467725 8.2341014211521024 130.99933674862353  1.0000000000000049 5.8632660684140649 7.0951193963385428 133.70499022625921  0.99999999999999445 6.0089998501636783 9.4785144150494354 138.84398153835747  1.0000000000000051 5.8141103132507066 6.8486553063900679 144.18633971649081  0.999999999999996 6.8470949385811188 7.3759762574213283 146.78373188029644  1.0000000000000022 6.8881669729516126 3.8297287885898879 149.24792213854656  0.99999999999999933 8.3833177622551762 1.6013611363744551 149.83333333333334  1 
6.9742284008000812 4.0638867714860023 127.66666666666669  1 6.3976995200681115 5.0700825880084857 129.33180829252686  0.99999999999999911 6.2845183819658219 8.2134185675526208 130.99933674862407  1.0000000000000049 5.8161596171502872 7.0764786369132118 133.70499022625884  0.99999999999999445 5.9620858512966759 9.458428611771625 138.84398153835798  1.0000000000000051 5.7736700818385422 6.8323010307446719 144.18633971649041  0.999999999999996 6.8136687627354799 7.3607046614152045 146.78373188029667  1.0000000000000022 6.8657035801887796 3.8197319804902361 149.24792213854656  0.99999999999999933 8.3750683787980176 1.5968209893409262 149.83333333333334  1 
6.9525461760595011 4.0512607166351406 127.66666666666669  1 6.3697657857181751 5.0552943762251186 129.33180829252686  0.99999999999999911 6.249758818853536 8.1970483191712873 130.99933674862407  1.0000000000000049 5.7791504877535678 7.0617169500471579 133.70499022625884  0.99999999999999445 5.9252339334813415 9.4425237236027542 138.84398153835798  1.0000000000000051 5.741899628764517 6.8193503268414837 144.18633971649041  0.999999999999996 6.7874157791850589 7.3486133426870266 146.78373188029667  1.0000000000000022 6.8480586650729398 3.8118189090531791 149.24792213854656  0.99999999999999933 8.3685913177616946 1.5932301332641812 149.83333333333337  1 
6.878488555881308 4.0075999365346888 127.66666666666669  1 6.2743155344961172 5.0041282602834682 129.33180829252686  0.99999999999999911 6.1309420588503318 8.1403574406721013 130.99933674862407  1.0000000000000049 5.6525787150674969 7.0105512770607525 133.70499022625884  0.99999999999999445 5.7992346825612007 9.3874041524487311 138.84398153835798  1.0000000000000051 5.6332516726072308 6.7744634287316536 144.18633971649041  0.999999999999996 6.6976781430159171 7.3067187046358901 146.78373188029667  1.0000000000000022 6.7877326343465656 3.7844116929108829 149.24792213854656  0.99999999999999933 8.3464632682263478 1.5808102618812774 149.83333333333337  1 
6.8068039910991729 3.963414231055344 127.66666666666671  1 6.1817817603217229 4.9522474338889673 129.33180829252646  0.99999999999999911 6.0155953211426674 8.0826891450084197 130.99933674862473  1.0000000000000049 5.5294727355373698 6.9583417016131524 133.70499022625833  0.99999999999999445 5.6768074831848949 9.3311971151636115 138.8439815383588  1.0000000000000051 5.527605178124035 6.7286702574094877 144.18633971648941  0.999999999999996 6.6105656129926134 7.2640271398426073 146.78373188029801  1.0000000000000022 6.729129771642306 3.7565212351563293 149.24792213854599  0.99999999999999933 8.3250253792016871 1.5682324201530948 149.83333333333337  1 
6.7439356777177979 3.923039357357911 127.66666666666671  1 6.1005160104496916 4.9047688672732006 129.33180829252652  0.99999999999999911 5.914126884568196 8.0297478343225404 130.99933674862464  1.0000000000000049 5.4210021969367084 6.9102739668276616 133.70499022625847  0.99999999999999445 5.5690249366377182 9.2795137552012132 138.84398153835852  1.0000000000000051 5.4345382868004979 6.6865253439178209 144.18633971648981  0.999999999999996 6.5339365518042261 7.2248132940910903 146.78373188029735  1.0000000000000022 6.6775527652664746 3.7309095425018777 149.24792213854627  0.99999999999999933 8.3062050582810443 1.5567366949802319 149.83333333333337  1 
6.6822088662854764 3.8831726565569955 127.66666666666671  1 6.0207103390283159 4.8578783917593418 129.33180829252717  0.99999999999999911 5.8144578363644897 7.9774399507443974 130.99933674862316  1.0000000000000049 5.314431100908716 6.8627630106366322 133.70499022625947  0.99999999999999445 5.4631420042248937 9.2284380954495315 138.84398153835716  1.0000000000000051 5.3431038049427837 6.6448707493241708 144.18633971649098  0.999999999999996 6.4586666742798773 7.1860663237356777 146.78373188029624  1.0000000000000022 6.626887045197595 3.7056033054755 149.24792213854656  0.99999999999999933 8.2877237715034795 1.5453853833784001 149.83333333333337  1 
6.6085028353569175 3.8337463495137376 127.66666666666671  1 5.9252910987805798 4.7996671551152525 129.33180829252717  0.99999999999999911 5.6950986184101016 7.91232551852619 130.99933674862316  1.0000000000000049 5.1866092181882575 6.8034695181255307 133.70499022625947  0.99999999999999445 5.336244813150568 9.164771533858822 138.84398153835716  1.0000000000000051 5.2334588596597644 6.5929038975351313 144.18633971649098  0.999999999999996 6.3685277246886596 7.1378151326870789 146.78373188029624  1.0000000000000022 6.5661842534958037 3.6740924245450213 149.24792213854656  0.99999999999999933 8.2656338797319364 1.5313102169576613 149.83333333333337  1 
6.5308000204850014 3.7790698120064992 127.66666666666671  1 5.8244952481104102 4.7351340351010638 129.33180829252717  0.99999999999999911 5.5687920860119329 7.8399729632990258 130.99933674862316  1.0000000000000049 5.0510174133173447 6.7372966869234636 133.70499022625947  0.99999999999999445 5.201784572928891 9.0939041870438757 138.84398153835716  1.0000000000000051 5.1171836896982104 6.5349509154622654 144.18633971649098  0.999999999999996 6.2731021903848561 7.0841938854623772 146.78373188029624  1.0000000000000022 6.5018901253362706 3.6390349303292768 149.24792213854656  0.99999999999999933 8.2423081884250227 1.5157428569719498 149.83333333333334  1 
6.4925455380233883 3.7516739518832174 127.66666666666666  1 5.7748334817815001 4.7027737948122619 129.3318082925272  0.99999999999999911 5.5065191060325613 7.8036633002262992 130.99933674862331  1.0000000000000049 4.9841074142896069 6.7040367306040496 133.70499022625918  0.99999999999999445 5.1354571732573424 9.0583182987778255 138.84398153835764  1.0000000000000051 5.0598114158154672 6.5058301746955962 144.18633971649049  0.999999999999996 6.226045769424875 7.0572855336011893 146.78373188029667  1.0000000000000022 6.4701808234776577 3.621433289761987 149.24792213854656  0.99999999999999933 8.2308170454326373 1.5079436428926767 149.83333333333334  1 
6.4651978866233479 3.731814787957346 127.66666666666666  1 5.7393088584703529 4.6793011872422658 129.33180829252731  0.99999999999999911 5.4619488275912023 7.7773102297184771 130.99933674862308  1.0000000000000049 4.9361849147166428 6.679867913890158 133.70499022625944  0.99999999999999445 5.0879649415846586 9.0324784195255692 138.84398153835727  1.0000000000000051 5.0187230777052552 6.4846736141026735 144.18633971649092  0.999999999999996 6.1923610438253629 7.0377567630751328 146.78373188029602  1.0000000000000022 6.4474798839400727 3.608653750565066 149.24792213854684  0.99999999999999933 8.2225977666171914 1.5022905899922054 149.83333333333334  1 
6.4352874096203063 3.7097974427695144 127.66666666666666  1 5.7004316016822694 4.6532625473514218 129.33180829252731  0.99999999999999911 5.4131440506987119 7.748057694192001 130.99933674862308  1.0000000000000049 4.8836747825143574 6.6530095767105601 133.70499022625944  0.99999999999999445 5.0359385715813154 9.0037833786080217 138.84398153835727  1.0000000000000051 4.9737042125162159 6.4611675274605984 144.18633971649092  0.999999999999996 6.1554700604089643 7.0160815487517336 146.78373188029602  1.0000000000000022 6.4226163185667708 3.5944640797464942 149.24792213854684  0.99999999999999933 8.2136032769755865 1.4960239531730124 149.83333333333334  1 
6.3729836256172181 3.6633821728656066 127.66666666666666  1 5.6194064396060561 4.5983425183958406 129.33180829252646  0.99999999999999911 5.3113749383638211 7.6863239682442099 130.99933674862496  1.0000000000000049 4.7741156010984271 6.5962724106344313 133.70499022625808  0.99999999999999445 4.9274108619761936 8.9432054516688986 138.84398153835903  1.0000000000000051 4.8797798595738353 6.4115204172894353 144.18633971648964  0.999999999999996 6.0785327450047228 6.9703442709180292 146.7837318802971  1.0000000000000022 6.3707593529992526 3.5645113792308898 149.24792213854656  0.99999999999999933 8.1948582529287783 1.4828146588015894 149.83333333333334  1 
6.3170209840416103 3.6200716799919825 127.66666666666666  1 5.5465017121749529 4.5470191378502083 129.33180829252703  0.99999999999999911 5.2196420398797816 7.6285265007527183 130.99933674862351  1.0000000000000049 4.6751792113255011 6.54299083700863 133.70499022625927  0.99999999999999445 4.8294662576073106 8.8864350852736642 138.84398153835744  1.0000000000000051 4.7949753408991187 6.3649246178228278 144.18633971649101  0.999999999999996 6.009148058442765 6.9275412074499227 146.78373188029559  1.0000000000000022 6.3239864386140834 3.5364507404809586 149.24792213854712  0.99999999999999933 8.1779926439759532 1.4704940735969882 149.83333333333334  1 
6.2673423280607627 3.5803640456897443 127.66666666666666  1 5.4816893655509169 4.4999144330944798 129.33180829252703  0.99999999999999911 5.1379448501506388 7.5753837641511801 130.99933674862351  1.0000000000000049 4.5869399086360332 6.4938773641488181 133.70499022625927  0.99999999999999445 4.7421436482932435 8.8342140577694508 138.84398153835744  1.0000000000000051 4.7193469211159718 6.3219991997404481 144.18633971649101  0.999999999999996 5.9473205694099942 6.8882227843207833 146.78373188029559  1.0000000000000022 6.2823122659576454 3.5106389872408146 149.24792213854712  0.99999999999999933 8.1629960257676704 1.4592043939168884 149.83333333333334  1 
6.2073494294212406 3.5322134685250481 127.66666666666666  1 5.4034059040094524 4.4427861885348898 129.33180829252703  0.99999999999999911 5.039243876344166 7.510917934585339 130.99933674862351  1.0000000000000049 4.4803153415751291 6.4342805516081398 133.70499022625927  0.99999999999999445 4.6366317477626708 8.7708629528784741 138.84398153835744  1.0000000000000051 4.6279618786842542 6.2699151614846738 144.18633971649101  0.999999999999996 5.872619493241519 6.8405326320162576 146.78373188029559  1.0000000000000022 6.2319615205268075 3.4793258681093451 149.24792213854712  0.99999999999999933 8.144881887626827 1.4455151360979455 149.83333333333334  1 
6.1330489509817845 3.4700590861251746 127.66666666666666  1 5.3062650995092193 4.3689441971677514 129.33180829252677  0.99999999999999911 4.9164699982614746 7.4274046937960883 130.99933674862416  1.0000000000000049 4.3474362419593744 6.3568370983143154 133.70499022625862  0.99999999999999445 4.5051995421986515 8.688754280608773 138.84398153835861  1.0000000000000051 4.5140878719372663 6.2022840267303732 144.18633971648964  0.999999999999996 5.7796301539993422 6.7788295332303683 146.78373188029778  1.0000000000000022 6.1692952254896127 3.4387396886442962 149.24792213854599  0.99999999999999933 8.1223971870160252 1.4278564937685121 149.83333333333334  1 
6.0628801057991284 3.4083094204934636 127.66666666666666  1 5.2142771168319042 4.2954173657116517 129.33180829252677  0.99999999999999911 4.7998870662588455 7.3441424905527164 130.99933674862416  1.0000000000000049 4.2209165054592681 6.279227546313237 133.7049902262587  0.99999999999999445 4.380118806618289 8.6068248828535641 138.84398153835835  1.0000000000000051 4.4056782528192286 6.1345909447609088 144.18633971649004  0.999999999999996 5.6911876801041608 6.7174086733285394 146.78373188029687  1.0000000000000022 6.1097305859134172 3.3982051640012143 149.24792213854656  0.99999999999999933 8.1010913402799059 1.4103309718726309 149.83333333333334  1 
6.0259913263227727 3.3754108286055136 127.66666666666666  1 5.1658819415502979 4.2562205912676694 129.33180829252677  0.99999999999999911 4.7385053455986448 7.2997423194091677 130.99933674862416  1.0000000000000049 4.1542566296480183 6.2377875841470694 133.7049902262587  0.99999999999999445 4.3142221965383367 8.5631261397469487 138.84398153835835  1.0000000000000051 4.3485613717577172 6.0984570716442921 144.18633971649004  0.999999999999996 5.6446002861821283 6.6846702351832183 146.78373188029687  1.0000000000000022 6.0783615915328681 3.3765799825023066 149.24792213854656  0.99999999999999933 8.0898798990917946 1.400996484504498 149.83333333333334  1 
5.9985896727247363 3.3505960704495572 127.66666666666666  1 5.1299022358739927 4.2266352079601894 129.33180829252677  0.99999999999999911 4.6928297961508454 7.2662175487625671 130.99933674862416  1.0000000000000049 4.1046136827192976 6.2064520022876435 133.7049902262587  0.99999999999999445 4.2651517378359927 8.5301231879879804 138.84398153835835  1.0000000000000051 4.3060262951209651 6.0711432563837366 144.18633971649004  0.999999999999996 5.6099145814714646 6.6599635418655962 146.78373188029687  1.0000000000000022 6.0550125317213572 3.3602433443969635 149.24792213854656  0.99999999999999933 8.0815425876807012 1.3939579413994101 149.83333333333334  1 
5.9629554171425649 3.3176947089148743 127.66666666666666  1 5.0830618049266487 4.1873781032546677 129.33180829252677  0.99999999999999911 4.6332939516086276 7.2217063454633514 130.99933674862416  1.0000000000000049 4.0398446652929554 6.1647757408895663 133.7049902262587  0.99999999999999445 4.201130179573175 8.4862943371814605 138.84398153835835  1.0000000000000051 4.2505311110025801 6.0348313610509114 144.18633971649004  0.999999999999996 5.5646699676761697 6.6271848355504606 146.78373188029687  1.0000000000000022 6.0245680359299314 3.3385421316947115 149.24792213854656  0.99999999999999933 8.0706841893738162 1.3846297440299449 149.83333333333334  1 
5.9195927644412762 3.2771390445374355 127.66666666666666  1 5.0260208995750268 4.1389640532422529 129.33180829252677  0.99999999999999911 4.5607321693683707 7.1667897031236762 130.99933674862416  1.0000000000000049 3.9608549526997345 6.113298965884705 133.7049902262587  0.99999999999999445 4.1230513145355143 8.4322126792527072 138.84398153835835  1.0000000000000051 4.1828510327084345 5.9899924736040608 144.18633971649004  0.999999999999996 5.5094983032548797 6.5867645912245445 146.78373188029687  1.0000000000000022 5.9874543503005473 3.3117593442066915 149.24792213854656  0.99999999999999933 8.0574572745278399 1.3731347586989322 149.83333333333334  1 
5.8717933659644457 3.2311676907749263 127.66666666666666  1 4.9630426286705642 4.0840291808676366 129.33180829252677  0.99999999999999911 4.4804654138476137 7.1044156303318102 130.99933674862416  1.0000000000000049 3.8733599650695245 6.0546937424711711 133.7049902262587  0.99999999999999445 4.0365587852350284 8.3707743726652684 138.84398153835835  1.0000000000000051 4.1078813078468341 5.9389753875067921 144.18633971649004  0.999999999999996 5.4483978728503919 6.5409076109626429 146.78373188029687  1.0000000000000022 5.9463805489268102 3.2813220601174078 149.24792213854656  0.99999999999999933 8.0428432090548885 1.3601131866992953 149.83333333333334  1 
5.8335792908552682 3.1933112195138849 127.66666666666666  1 4.9126068419323587 4.0387488085064831 129.33180829252677  0.99999999999999911 4.4160432820174984 7.0529402901542806 130.99933674862416  1.0000000000000049 3.8030424333835486 6.0062130797485187 133.7049902262587  0.99999999999999445 3.9670303804022242 8.3200706735640235 138.84398153835835  1.0000000000000051 4.0476256955556202 5.8968003217546956 144.18633971649004  0.999999999999996 5.3992909070555317 6.5031192477744302 146.78373188029687  1.0000000000000022 5.9134004007573751 3.2561904215462367 149.24792213854656  0.99999999999999933 8.0311285385104494 1.3493980503870029 149.83333333333334  1 
5.7702126211606544 3.1299145838073472 127.66666666666666  1 4.8289254511559054 3.9628958626106732 129.33180829252677  0.99999999999999911 4.3090746099111321 6.9666734907823953 130.99933674862416  1.0000000000000049 3.6862339725511601 5.9249014962105058 133.7049902262587  0.99999999999999445 3.8515208031380008 8.2350988188194929 138.84398153835835  1.0000000000000051 3.9475286273224137 5.8260805367747714 144.18633971649004  0.999999999999996 5.317712298022383 6.4398234831409624 146.78373188029687  1.0000000000000022 5.8586315930665567 3.2140659817870438 149.24792213854656  0.99999999999999933 8.0116851904239361 1.331458163714577 149.83333333333334  1 
5.7106314525181112 3.0677869442872154 127.66666666666666  1 4.7500465656862847 3.8884657798031452 129.33180829252703  0.99999999999999911 4.2079145843366268 6.8818798066729059 130.99933674862351  1.0000000000000049 3.5755637026645282 5.8447242381991469 133.70499022625927  0.99999999999999445 3.7420320192998409 8.1515856341125552 138.84398153835744  1.0000000000000051 3.8526791550817281 5.7564117398188213 144.18633971649101  0.999999999999996 5.2404025978834845 6.3777422524748379 146.78373188029559  1.0000000000000022 5.806806931117622 3.1726342047171747 149.24792213854712  0.99999999999999933 7.9933302440565157 1.3138946082627083 149.83333333333334  1 
5.643080372192415 2.9938370408007531 127.66666666666666  1 4.6603307079494627 3.7996807805605766 129.33180829252709  0.99999999999999911 4.0924085751977657 6.7806802071125096 130.99933674862368  1.0000000000000049 3.4489060690286464 5.7485412613090698 133.70499022625893  0.99999999999999445 3.6166146608822025 8.0518849056478352 138.84398153835784  1.0000000000000051 3.7441013977800592 5.6729499237100658 144.18633971649092  0.999999999999996 5.1518372546736693 6.3038159089973185 146.78373188029559  1.0000000000000022 5.7475851505715054 3.1230933617917813 149.24792213854712  0.99999999999999933 7.9724055869007566 1.2930135401271252 149.83333333333334  1 
5.6079003712216986 2.9546974363300889 127.66666666666666  1 4.6135565027824628 3.7526558706236068 129.33180829252709  0.99999999999999911 4.0321075328451919 6.7270714330788106 130.99933674862368  1.0000000000000049 3.382733097338499 5.6975067082727628 133.70499022625893  0.99999999999999445 3.5510669121243055 7.9990647043460008 138.84398153835784  1.0000000000000051 3.6873690107250776 5.6286843879570512 144.18633971649092  0.999999999999996 5.1055474936130008 6.264683776690374 146.78373188029559  1.0000000000000022 5.7166598335154717 3.0968340462757444 149.24792213854712  0.99999999999999933 7.9614873957764649 1.281966020240312 149.83333333333334  1 
5.5748347955706024 2.9170500702889015 127.66666666666666  1 4.5695238140402363 3.7073808494957392 129.33180829252709  0.99999999999999911 3.9752278588074605 6.6754395543920975 130.99933674862368  1.0000000000000049 3.3202491144233317 5.648246009289636 133.7049902262589  0.99999999999999445 3.4891373118535127 7.9481866288594878 138.84398153835795  1.0000000000000051 3.6337909046527628 5.5859826125288947 144.18633971649072  0.999999999999996 5.0618086256110306 6.2270372682900712 146.78373188029602  1.0000000000000022 5.6874789646716231 3.0715229309611209 149.24792213854684  0.99999999999999933 7.9511962597740204 1.2713455023266071 149.83333333333334  1 
5.5419535985229551 2.878843623133736 127.66666666666666  1 4.5256745316169447 3.6613990879561142 129.33180829252709  0.99999999999999911 3.9184812703843797 6.6229766860436996 130.99933674862368  1.0000000000000049 3.257857155010893 5.5981041390854926 133.70499022625893  0.99999999999999445 3.4272601474556996 7.8964868888894824 138.84398153835784  1.0000000000000051 3.5802825497865363 5.5425383085579609 144.18633971649092  0.999999999999996 5.0181017958260172 6.188825322785986 146.78373188029559  1.0000000000000022 5.6583577749593035 3.0457903800465869 149.24792213854712  0.99999999999999933 7.9409355773962211 1.2605724451521469 149.83333333333334  1 
5.5153455911410072 2.8474544501731343 127.66666666666666  1 4.4901528823751375 3.623601864224621 129.33180829252709  0.99999999999999911 3.8724474299044096 6.579835488881475 130.99933674862368  1.0000000000000049 3.2072114605174891 5.5568186353994022 133.70499022625893  0.99999999999999445 3.3770071747063897 7.8539729285519639 138.84398153835784  1.0000000000000051 3.5368419380923299 5.5067797256734519 144.18633971649092  0.999999999999996 4.9826023076243864 6.1574283447111737 146.78373188029559  1.0000000000000022 5.6347289531332807 3.0246218949011956 149.24792213854712  0.99999999999999933 7.9326157229639218 1.251724794619598 149.83333333333334  1 
5.4783600594045492 2.8030185948095694 127.66666666666666  1 4.4407124209323179 3.5700623639054716 129.33180829252709  0.99999999999999911 3.8082645499420873 6.5186942770006642 130.99933674862368  1.0000000000000049 3.1365460016581865 5.4982200779302151 133.70499022625893  0.99999999999999445 3.3068431832216487 7.7937226574000196 138.84398153835784  1.0000000000000051 3.4762182347876154 5.4560475961145896 144.18633971649092  0.999999999999996 4.9330307560364135 6.1129743776802403 146.78373188029559  1.0000000000000022 5.6017756902263773 2.9946096287173631 149.24792213854712  0.99999999999999933 7.9210219094530654 1.2392050294881172 149.83333333333334  1 
5.4477978975874981 2.7653660320318458 127.66666666666666  1 4.3997832553912097 3.5246609932359485 129.33180829252686  0.99999999999999911 3.755000100648731 6.4668055280035919 130.99933674862388  1.0000000000000049 3.0778437368559555 5.4483910634445873 133.70499022625899  0.99999999999999445 3.2484992789934712 7.7425954643236361 138.84398153835772  1.0000000000000051 3.4258434581299886 5.4129330478227713 144.18633971649101  0.999999999999996 4.891800751760508 6.075299770925211 146.78373188029559  1.0000000000000022 5.5744188249435274 2.9691269120868635 149.24792213854712  0.99999999999999933 7.9114072277298142 1.2286026269097561 149.83333333333334  1 
5.3845693189068911 2.6859036226583584 127.66666666666666  1 4.314983464446005 3.4287870764989612 129.33180829252686  0.99999999999999911 3.6444161635479029 6.3571568714028999 130.99933674862388  1.0000000000000049 2.9558819275612027 5.3429358843321006 133.70499022625899  0.99999999999999445 3.1271717495047975 7.6345725510354612 138.84398153835772  1.0000000000000051 3.3211562173736437 5.3217308594398736 144.18633971649101  0.999999999999996 4.8060409953457608 5.9957812190429021 146.78373188029559  1.0000000000000022 5.5176087878246616 2.9152600070585195 149.24792213854712  0.99999999999999933 7.8914566403449982 1.2062367840293042 149.83333333333334  1 
5.3367429733583434 2.6230206161867966 127.66666666666666  1 4.2506222001371441 3.3528107966573626 129.33180829252686  0.99999999999999911 3.5600806385986594 6.2701434742892017 130.99933674862388  1.0000000000000049 2.8627155314037314 5.2589634093019999 133.70499022625899  0.99999999999999445 3.0342900016877654 7.5488743614142386 138.84398153835772  1.0000000000000051 3.2411371064231744 5.2491840723979122 144.18633971649101  0.999999999999996 4.7403487546734127 5.9328383791742798 146.78373188029559  1.0000000000000022 5.474259646465546 2.8724777443850087 149.24792213854712  0.99999999999999933 7.8762601451689598 1.1885539388504962 149.83333333333334  1 
5.2764457562896041 2.5400914692346426 127.66666666666666  1 4.1692009853634993 3.2524201566164774 129.331808292527  0.99999999999999911 3.4528304451469114 6.1551530176378089 130.99933674862368  1.0000000000000049 2.7440682925495801 5.1474873136142492 133.70499022625918  0.99999999999999445 2.9156760106321049 7.4356048803972286 138.84398153835744  1.0000000000000051 3.1391535268573105 5.1529957950452738 144.18633971649101  0.999999999999996 4.6563747374741915 5.8498303504481486 146.78373188029559  1.0000000000000022 5.4191095630282327 2.8158411327426882 149.24792213854712  0.99999999999999933 7.8569514330760422 1.1652532479322868 149.83333333333334  1 
5.243591659207647 2.4939305112843164 127.66666666666666  1 4.1247630948380527 3.1964895063466243 129.33180829252728  0.99999999999999911 3.3941457095995187 6.0910843488863922 130.99933674862288  1.0000000000000049 2.6791040326469275 5.0852485701659029 133.70499022625981  0.99999999999999445 2.8506414570233725 7.3724903440288125 138.84398153835653  1.0000000000000051 3.0832919813189132 5.0993227008951525 144.18633971649203  0.999999999999996 4.610310681716955 5.8036253816807051 146.78373188029425  1.0000000000000022 5.3889269923914931 2.7842600012858107 149.24792213854772  0.99999999999999933 7.846390527641276 1.1522882293702346 149.83333333333334  1 
5.2074553264117842 2.4414432618338884 127.66666666666666  1 4.0757537804490847 3.1328158669998758 129.33180829252728  0.99999999999999911 3.3291614095604953 6.0181136293289974 130.99933674862288  1.0000000000000049 2.6070957577852032 5.0141600394180843 133.70499022625981  0.99999999999999445 2.7783856196741521 7.3006023264543014 138.84398153835653  1.0000000000000051 3.0213326664053444 5.0380662556213807 144.18633971649203  0.999999999999996 4.559087254981149 5.7510858071706927 146.78373188029425  1.0000000000000022 5.355495176136535 2.7482529866124406 149.24792213854772  0.99999999999999933 7.8347018570772038 1.1375544678637606 149.83333333333334  1 
5.1818944444641168 2.4034978469056694 127.66666666666666  1 4.0410235828513636 3.0867503279488751 129.33180829252728  0.99999999999999911 3.2829858599918156 5.9652980351225491 130.99933674862288  1.0000000000000049 2.5558976921446068 4.9626201338427345 133.70499022625981  0.99999999999999445 2.7269260899842256 7.2485698706184349 138.84398153835653  1.0000000000000051 2.9772587826328385 4.9936760664120561 144.18633971649203  0.999999999999996 4.5225841990008941 5.7130996203454769 146.78373188029425  1.0000000000000022 5.3317348237622255 2.7221772633949799 149.24792213854772  0.99999999999999933 7.8263984928192327 1.1269063986249521 149.83333333333334  1 
5.1654554592423132 2.3787231041970966 127.66666666666666  1 4.0186585658241087 3.0566597814228746 129.33180829252686  0.99999999999999911 3.2531939891475439 5.9307863791933908 130.99933674862388  1.0000000000000049 2.5228517177710721 4.9289040568539111 133.70499022625899  0.99999999999999445 2.6936714649937081 7.2145707171745421 138.84398153835772  1.0000000000000051 2.9488015627643187 4.9646461201392444 144.18633971649101  0.999999999999996 4.498984464912243 5.688297147909573 146.78373188029559  1.0000000000000022 5.3164027024824367 2.7051324389916553 149.24792213854712  0.99999999999999933 7.8210421339251912 1.1199558115848416 149.83333333333334  1 
5.1394938855073642 2.3391246837634792 127.66666666666666  1 3.9833011211787168 3.0085478627106963 129.33180829252689  0.99999999999999911 3.2060234278370228 5.8755886603298437 130.99933674862379  1.0000000000000049 2.4705121384771962 4.8749320257551343 133.70499022625884  0.99999999999999445 2.6409491859908458 7.1601945297952785 138.84398153835812  1.0000000000000051 2.9037171219104732 4.9181871288746795 144.18633971649055  0.999999999999996 4.4615557597031454 5.6486520771163713 146.78373188029624  1.0000000000000022 5.2921237596747819 2.6778644301719781 149.24792213854684  0.99999999999999933 7.8125621431483605 1.1088483847351049 149.83333333333334  1 
5.1113336222181589 2.295155432290616 127.66666666666666  1 3.9448693838752322 2.9550891382202109 129.33180829252689  0.99999999999999911 3.154596745772436 5.8142191863330579 130.99933674862379  1.0000000000000049 2.4134150448885752 4.8148265947487401 133.70499022625884  0.99999999999999445 2.5833205271796151 7.099743181578317 138.84398153835812  1.0000000000000051 2.8545066458852291 4.8664735386375098 144.18633971649055  0.999999999999996 4.420614905684376 5.6046246568010218 146.78373188029624  1.0000000000000022 5.2656474732476735 2.6475343443800088 149.24792213854684  0.99999999999999933 7.8033188244251583 1.0965189803893014 149.83333333333334  1 
5.0571127150504847 2.2078648189649708 127.66666666666666  1 3.8706645382676248 2.8488675458691488 129.33180829252689  0.99999999999999911 3.0548985056706361 5.6921671996579848 130.99933674862379  1.0000000000000049 2.3026439360550413 4.6950460454647764 133.70499022625884  0.99999999999999445 2.4712010995357083 6.979540064803448 138.84398153835812  1.0000000000000051 2.758958173710683 4.7634809835098553 144.18633971649055  0.999999999999996 4.3408787121461145 5.5171999933560851 146.78373188029624  1.0000000000000022 5.2143032940173191 2.5871845102273752 149.24792213854684  0.99999999999999933 7.7854018907731488 1.0720506356339288 149.83333333333334  1 
5.0179077521039162 2.1414866804884989 127.66666666666666  1 3.8167559778997528 2.7679717585018353 129.33180829252689  0.99999999999999911 2.9819598725234959 5.5991075949774745 130.99933674862379  1.0000000000000049 2.2215214464363169 4.6033992463180926 133.70499022625893  0.99999999999999445 2.3886813489311014 6.8879059001609084 138.84398153835784  1.0000000000000051 2.6888833587027019 4.6847603787818954 144.18633971649092  0.999999999999996 4.2820842136994015 5.4506981875434066 146.78373188029559  1.0000000000000022 5.1767246620550278 2.5411246919696837 149.24792213854712  0.99999999999999933 7.7722968436495954 1.0534538182414359 149.83333333333334  1 
4.9673486644128468 2.0521644062195317 127.66666666666669  1 3.7469544023001928 2.6589384893685155 129.33180829252674  0.99999999999999911 2.8868951896146591 5.4736619488787559 130.99933674862416  1.0000000000000049 2.1157541754563471 4.4794089749950716 133.7049902262587  0.99999999999999445 2.2805576290863652 6.7643553080093595 138.84398153835815  1.0000000000000051 2.5973891689096691 4.5783611320941073 144.18633971649041  0.999999999999996 4.2049020630460312 5.3611887298182177 146.78373188029667  1.0000000000000022 5.1277459122057056 2.4789461073199432 149.24792213854656  0.99999999999999933 7.755217079052299 1.0284362544492069 149.83333333333334  1 
4.9362055720738596 1.9953109108167948 127.66666666666666  1 3.7038199859825189 2.5894563504756922 129.33180829252703  0.99999999999999911 2.8278433516867989 5.3937127856442935 130.99933674862351  1.0000000000000049 2.0500376456147125 4.4001740302122254 133.70499022625927  0.99999999999999445 2.2131144780563945 6.6856010509948227 138.84398153835744  1.0000000000000051 2.5404767281908218 4.5104162746495424 144.18633971649101  0.999999999999996 4.1566879762090139 5.304206284379493 146.78373188029559  1.0000000000000022 5.0973215170348087 2.4392757113538512 149.24792213854712  0.99999999999999933 7.744607769415909 1.012516020873893 149.83333333333334  1 
4.9049753705259276 1.9356452501889769 127.66666666666666  1 3.6603587537782722 2.5164370944381194 129.33180829252689  0.99999999999999911 2.767908083711216 5.3096347242535398 130.99933674862379  1.0000000000000049 1.9833205081873595 4.3165877697855004 133.70499022625893  0.99999999999999445 2.1442455646667593 6.6027647632432407 138.84398153835784  1.0000000000000051 2.4826002445022781 4.4387996939983694 144.18633971649092  0.999999999999996 4.1073399119340905 5.2443814363074006 146.78373188029559  1.0000000000000022 5.0664428275189 2.3975078419781863 149.24792213854712  0.99999999999999933 7.7338364921590026 0.99581162629677911 149.83333333333334  1 
4.8903152399179497 1.907100940166877 127.66666666666666  1 3.6399149509693038 2.4814863670310694 129.33180829252689  0.99999999999999911 2.739627860929061 5.2693751260903356 130.99933674862379  1.0000000000000049 1.9518373052438662 4.2765171997665119 133.70499022625893  0.99999999999999445 2.1116654899748291 6.563097140674663 138.84398153835784  1.0000000000000051 2.4552688621056769 4.4044781029006677 144.18633971649092  0.999999999999996 4.0839710636252935 5.2157549971958064 146.78373188029559  1.0000000000000022 5.0518726314200002 2.3775000337229848 149.24792213854712  0.99999999999999933 7.7287531426033187 0.9878206814138476 149.83333333333334  1 
4.8745362558729379 1.8760750932418389 127.66666666666666  1 3.6178869845528361 2.4434873312283942 129.33180829252689  0.99999999999999911 2.7091070366895256 5.2255951114163031 130.99933674862379  1.0000000000000049 1.9178582948950915 4.2329171778895383 133.70499022625893  0.99999999999999445 2.0764562756065179 6.5199596914991567 138.84398153835784  1.0000000000000051 2.4257594934605469 4.3671392245489322 144.18633971649092  0.999999999999996 4.0587030689881383 5.1846365536057659 146.78373188029559  1.0000000000000022 5.0361479402456029 2.3557384290968941 149.24792213854712  0.99999999999999933 7.7232664629172199 0.97913529437729208 149.83333333333334  1 
4.8552585410866556 1.8373149667022735 127.66666666666666  1 3.590908471535232 2.3959881081183929 129.33180829252689  0.99999999999999911 2.6715866608851409 5.1708432513516298 130.99933674862379  1.0000000000000049 1.8760839590333032 4.1783193247474451 133.70499022625893  0.99999999999999445 2.0330367888144267 6.4660089397590665 138.84398153835784  1.0000000000000051 2.3894480886641807 4.3203973881067972 144.18633971649092  0.999999999999996 4.0275051024263089 5.1457511223648993 146.78373188029559  1.0000000000000022 5.0168168794513042 2.3285114014316499 149.24792213854712  0.99999999999999933 7.7165197788940212 0.96828534898037888 149.83333333333334  1 
4.826473539435904 1.77777607944381 127.66666666666666  1 3.5505031436375432 2.3229720731738897 129.33180829252689  0.99999999999999911 2.6151110832465703 5.0866209935591122 130.99933674862379  1.0000000000000049 1.8132072084770077 4.0942028235079775 133.70499022625893  0.99999999999999445 1.9674157292432282 6.3830167004111882 138.84398153835784  1.0000000000000051 2.3347277653015035 4.2484150959694773 144.18633971649092  0.999999999999996 3.9802811959374713 5.0859932289494383 146.78373188029559  1.0000000000000022 4.9877196800763519 2.2866110198319274 149.24792213854712  0.99999999999999933 7.706360919948354 0.95161909954471602 149.83333333333334  1 
4.7911167303794473 1.7020256867482046 127.66666666666666  1 3.5006886891126561 2.2299928645508369 129.33180829252689  0.99999999999999911 2.5450318659133355 4.9792768511069045 130.99933674862379  1.0000000000000049 1.7351954306382809 3.9867965022955665 133.70499022625893  0.99999999999999445 1.8855678894308885 6.2772397997549767 138.84398153835784  1.0000000000000051 2.2667293656711167 4.1565496635545314 144.18633971649092  0.999999999999996 3.9212615456245046 5.0099202535997733 146.78373188029559  1.0000000000000022 4.9516151556276924 2.2331813144889119 149.24792213854712  0.99999999999999933 7.6937487120727495 0.93041428976007501 149.83333333333334  1 
4.7590892275837984 1.6294026944517941 127.66666666666666  1 3.4553134025545194 2.1407090654717149 129.33180829252728  0.99999999999999911 2.4804484159142577 4.8761049340748155 130.99933674862288  1.0000000000000049 1.6633660388678118 3.883227562553917 133.70499022625981  0.99999999999999445 1.8095051243650084 6.1755491647934475 138.84398153835653  1.0000000000000051 2.2039466650122557 4.0680412063336027 144.18633971649203  0.999999999999996 3.8662249445702086 4.936916761527856 146.78373188029425  1.0000000000000022 4.9183593941804862 2.1817714466712426 149.24792213854772  0.99999999999999933 7.6821178857842511 0.91008122856886198 149.83333333333334  1 
4.7194457120046973 1.5356660633343793 127.66666666666666  1 3.3989435549369684 2.0253111227272931 129.33180829252703  0.99999999999999911 2.3994278033033205 4.7427271557127035 130.99933674862351  1.0000000000000049 1.5733751108926051 3.7489745975161202 133.70499022625927  0.99999999999999445 1.7134892966499398 6.044034198532624 138.84398153835744  1.0000000000000051 2.1251118130284636 3.9533848854771723 144.18633971649101  0.999999999999996 3.7965614948136248 4.8426169858590216 146.78373188029559  1.0000000000000022 4.8766752489373628 2.1152363754825863 149.24792213854712  0.99999999999999933 7.6675211731985256 0.88383028665193875 149.83333333333334  1 
4.6947350638610033 1.47396279869966 127.66666666666666  1 3.3636295898401336 1.9492212656698769 129.33180829252726  0.99999999999999911 2.3480105687630406 4.6547579145632199 130.99933674862331  1.0000000000000049 1.5163664956163907 3.6601267246808851 133.70499022625927  0.99999999999999445 1.6520482638607115 5.957248564987454 138.84398153835744  1.0000000000000051 2.0750185102994494 3.8775673098567216 144.18633971649101  0.999999999999996 3.7518219211014943 4.780482258412488 146.78373188029559  1.0000000000000022 4.8502509181517883 2.0712907130377829 149.24792213854712  0.99999999999999933 7.6582517627675486 0.86654435369619631 149.83333333333334  1 
4.6708749714040643 1.4112543820601469 127.66666666666666  1 3.3293391742651552 1.8717932791693381 129.33180829252723  0.99999999999999911 2.2975288054251104 4.5651605829583888 130.99933674862325  1.0000000000000049 1.4604539095024169 3.5694133862687734 133.70499022625924  0.99999999999999445 1.5912015281427949 5.8688160821121835 138.84398153835755  1.0000000000000051 2.0257432295714843 3.8002013347297368 144.18633971649092  0.999999999999996 3.7073446224497886 4.7172594633311959 146.78373188029559  1.0000000000000022 4.8243197724009246 2.0264894203703441 149.24792213854712  0.99999999999999933 7.6491358788861366 0.84896837135231074 149.83333333333334  1 
4.6605258213520679 1.3836772715808454 127.66666666666666  1 3.3144425619813385 1.8377318252673835 129.33180829252723  0.99999999999999911 2.275532324878883 4.5257358710073756 130.99933674862325  1.0000000000000049 1.4360977006980822 3.5294727668354051 133.70499022625924  0.99999999999999445 1.5646261170700719 5.8298992687806486 138.84398153835755  1.0000000000000051 2.0042610368666041 3.7661423606026143 144.18633971649092  0.999999999999996 3.6878985352940084 4.6894472015215252 146.78373188029559  1.0000000000000022 4.8130220224143017 2.0067712548688506 149.24792213854712  0.99999999999999933 7.6451619226319334 0.84123803088079652 149.83333333333334  1 
4.6432663234154843 1.3365678479765606 127.66666666666666  1 3.2895246868739543 1.7795141005273738 129.33180829252743  0.99999999999999911 2.2385528869973266 4.4583185297375563 130.99933674862282  1.0000000000000049 1.3951667539902666 3.4611045701478993 133.70499022625961  0.99999999999999445 1.5197606407070883 5.7633368751681902 138.84398153835701  1.0000000000000051 1.9681090153929526 3.7078554698929596 144.18633971649152  0.999999999999996 3.6550088767962605 4.6419082379186802 146.78373188029494  1.0000000000000022 4.794030258636619 1.9730405693743684 149.24792213854744  0.99999999999999933 7.6384747221426732 0.82802933405533286 149.83333333333334  1 
4.6296502089556997 1.2979458946125415 127.66666666666666  1 3.269761224217488 1.7317472169062462 129.33180829252723  0.99999999999999911 2.2089963941788833 4.4029571514546841 130.99933674862325  1.0000000000000049 1.3624680322333871 3.4048782131488351 133.70499022625924  0.99999999999999445 1.4836501121891659 5.7086625646016689 138.84398153835755  1.0000000000000051 1.9391629201588623 3.6599348957155065 144.18633971649092  0.999999999999996 3.6284591778596229 4.6028977321483406 146.78373188029559  1.0000000000000022 4.7788499726492413 1.9453275702383459 149.24792213854712  0.99999999999999933 7.6331204215579858 0.81719608713497927 149.83333333333334  1 
4.6068666190411367 1.2315811031903283 127.66666666666666  1 3.2365484725533915 1.6496286176292689 129.3318082925266  0.99999999999999911 2.1590866194561991 4.3077189896880936 130.99933674862436  1.0000000000000049 1.3072615135059267 3.3080633928838163 133.70499022625864  0.99999999999999445 1.4223638012843887 5.6145915820217125 138.84398153835815  1.0000000000000051 1.8902127120943366 3.5774387021547747 144.18633971649061  0.999999999999996 3.5833098168333928 4.5358162047849433 146.78373188029582  1.0000000000000022 4.753207976584723 1.8976410506362438 149.24792213854712  0.99999999999999933 7.6240654575220148 0.79857553965516459 149.83333333333334  1 
4.5864385503911187 1.1692045660402 127.66666666666666  1 3.2065325474704816 1.5723806377999794 129.33180829252657  0.99999999999999911 2.1135865433128016 4.2180284124250935 130.99933674862444  1.0000000000000049 1.2569493752533878 3.2167447788178474 133.70499022625862  0.99999999999999445 1.3659866238077893 5.5259757577625885 138.84398153835835  1.0000000000000051 1.845471773935659 3.4996534434501636 144.18633971649027  0.999999999999996 3.5416314521387569 4.4726864659441645 146.78373188029644  1.0000000000000022 4.7298183227919832 1.852712995163494 149.24792213854684  0.99999999999999933 7.6157883981046366 0.78106496307094286 149.83333333333334  1 
4.5630851417425333 1.0926441413210568 127.66666666666666  1 3.1717422655192413 1.4774455054707452 129.33180829252657  0.99999999999999911 2.0601307092362657 4.107668856605815 130.99933674862444  1.0000000000000049 1.1979474426141434 3.1040895006850162 133.70499022625862  0.99999999999999445 1.2988612348736195 5.4168640794497547 138.84398153835835  1.0000000000000051 1.7927515466326764 3.4037443136981782 144.18633971649027  0.999999999999996 3.4917392382825225 4.3950528309334471 146.78373188029644  1.0000000000000022 4.7023390958776368 1.7973785819063601 149.24792213854684  0.99999999999999933 7.6060283683239529 0.75955368184153316 149.83333333333334  1 
4.5396818152307219 1.0125983932942471 127.66666666666666  1 3.1365650398116998 1.3781143973419119 129.33180829252646  0.99999999999999911 2.0056313765924743 3.9921325194280328 130.99933674862464  1.0000000000000049 1.1378805090962041 2.9859662451346978 133.7049902262585  0.99999999999999445 1.2298826273152696 5.3025817745184458 138.84398153835835  1.0000000000000051 1.7389199372675954 3.3032104707771319 144.18633971649027  0.999999999999996 3.4403044061523058 4.3137947513348669 146.78373188029644  1.0000000000000022 4.6743303004240158 1.7394122541173496 149.24792213854684  0.99999999999999933 7.5960566456256409 0.73705117532879716 149.83333333333334  1 
4.5188515604971027 0.93555353203992264 127.66666666666666  1 3.1047193739689201 1.2823817767282146 129.33180829252717  0.99999999999999911 1.9554579219636492 3.8806816345825457 130.99933674862339  1.0000000000000049 1.0827835176306821 2.8717000736398464 133.7049902262591  0.99999999999999445 1.1654757378004192 5.1922431349865485 138.84398153835772  1.0000000000000051 1.6892596389087211 3.2060109654498832 144.18633971649064  0.999999999999996 3.3919954300766797 4.2354283922205944 146.78373188029624  1.0000000000000022 4.6485758268804744 1.6834290403155947 149.24792213854684  0.99999999999999933 7.5868447578893452 0.71537125938144364 149.83333333333334  1 
4.5012070480483031 0.86438512501523757 127.66666666666666  1 3.0772069883711333 1.1938456650177074 129.331808292527  0.99999999999999911 1.9111902103777176 3.7774828842494745 130.99933674862368  1.0000000000000049 1.0344196464664066 2.765641721656531 133.70499022625904  0.99999999999999445 1.1078122020462815 5.0899678163633233 138.84398153835772  1.0000000000000051 1.645387051857081 3.1158271857966784 144.18633971649064  0.999999999999996 3.3484526931747638 4.1628716326469046 146.78373188029624  1.0000000000000022 4.6259072135968271 1.6315378330286912 149.24792213854684  0.99999999999999933 7.5786899546446609 0.69532234374165558 149.83333333333334  1 
4.4912629853302466 0.8227859884878016 127.66666666666666  1 3.0615944192928586 1.1420666129379451 129.331808292527  0.99999999999999911 1.8857966239409412 3.7170993822400584 130.99933674862368  1.0000000000000049 1.0067533039557539 2.7035272089093336 133.70499022625904  0.99999999999999445 1.0745384141906353 5.0300970376841727 138.84398153835772  1.0000000000000051 1.6202182382717709 3.0630167856082076 144.18633971649064  0.999999999999996 3.3232542904392899 4.1204174316696776 146.78373188029624  1.0000000000000022 4.612923678865819 1.6011628078427798 149.24792213854684  0.99999999999999933 7.5740071134059823 0.68359730167228561 149.83333333333334  1 
4.482445376816333 0.78450564419141711 127.66666666666666  1 3.0476653020072857 1.0943910423202474 129.331808292527  0.99999999999999911 1.8628635949374439 3.6614748611889754 130.99933674862368  1.0000000000000049 0.98184744364250698 2.6462563414224181 133.70499022625904  0.99999999999999445 1.0443125820289578 4.9749183470337002 138.84398153835772  1.0000000000000051 1.5974928353848339 3.0143303549821678 144.18633971649064  0.999999999999996 3.300296166543963 4.0813082515644368 146.78373188029624  1.0000000000000022 4.6012199436253312 1.57317052598524 149.24792213854684  0.99999999999999933 7.5697743559438315 0.67280170417601559 149.83333333333334  1 
4.472102594151159 0.73764178527987079 127.66666666666666  1 3.0312451316336202 1.0359824631637042 129.331808292527  0.99999999999999911 1.8353778368654472 3.5932936893715959 130.99933674862368  1.0000000000000049 0.95213258712691529 2.5759849002047264 133.70499022625918  0.99999999999999445 1.0078508820595087 4.9072454324326804 138.84398153835744  1.0000000000000051 1.570281218564054 2.9545982829832789 144.18633971649101  0.999999999999996 3.2725051720382643 4.0333674965656776 146.78373188029559  1.0000000000000022 4.5872322435832924 1.5388431497185378 149.24792213854712  0.99999999999999933 7.5646986357489077 0.65957613883714872 149.83333333333334  1 
4.4564403621721418 0.66335010757305191 127.66666666666666  1 3.0062927690826982 0.94331243698368583 129.331808292527  0.99999999999999911 1.7927627360045173 3.4850649265777967 130.99933674862368  1.0000000000000049 0.90631912563457862 2.4643190542401836 133.70499022625918  0.99999999999999445 0.95094061271227992 4.7997573880599766 138.84398153835744  1.0000000000000051 1.5281560359965274 2.8596901848838137 144.18633971649101  0.999999999999996 3.2289668150841515 3.9572578622652386 146.78373188029559  1.0000000000000022 4.5656223800374462 1.4843266011865268 149.24792213854712  0.99999999999999933 7.5568277927421397 0.63859341462315466 149.83333333333334  1 
4.4445724095047074 0.60146247546973108 127.66666666666669  1 2.9873547270334471 0.86596998411514881 129.331808292527  0.99999999999999911 1.7588109015737445 3.3946691461925127 130.99933674862368  1.0000000000000049 0.87030671180459485 2.370844674983914 133.70499022625918  0.99999999999999445 0.90499451131981323 4.7098574236377706 138.84398153835744  1.0000000000000051 1.4947437149206348 2.7802604891968348 144.18633971649101  0.999999999999996 3.193545601617144 3.89365576867805 146.78373188029559  1.0000000000000022 4.5485547688471328 1.43874525889369 149.24792213854712  0.99999999999999933 7.550560631208926 0.62108351248075722 149.83333333333334  1 
4.4330156024336809 0.53699161918907301 127.66666666666669  1 2.9691081358597509 0.78525965372404416 129.33180829252703  0.99999999999999911 1.7245191954262962 3.3003254813530591 130.99933674862353  1.0000000000000049 0.83440379827500266 2.2731138499502648 133.70499022625921  0.99999999999999445 0.85818633223608431 4.6159165996627163 138.84398153835747  1.0000000000000051 1.4611853387583171 2.6972253843179881 144.18633971649081  0.999999999999996 3.1572510628607349 3.8272272686147568 146.78373188029644  1.0000000000000022 4.5314667166131262 1.3911278066680042 149.24792213854656  0.99999999999999933 7.544243937649477 0.60281484676788399 149.83333333333334  1 
4.4223880577359065 0.47571745260301801 127.66666666666669  1 2.9524214670764044 0.70848946280182901 129.33180829252703  0.99999999999999911 1.6924036810437042 3.2105824979757811 130.99933674862353  1.0000000000000049 0.80099379514008995 2.1800720278369208 133.70499022625921  0.99999999999999445 0.81416554039120037 4.5265061862205593 138.84398153835747  1.0000000000000051 1.4298426900223704 2.6181792602738181 144.18633971649081  0.999999999999996 3.1230235090316478 3.7640166210609234 146.78373188029644  1.0000000000000022 4.5155317438417493 1.3458123630098271 149.24792213854656  0.99999999999999933 7.5383341542516265 0.58543966601694919 149.83333333333334  1 
4.4072751367719398 0.37942495691364247 127.66666666666666  1 2.9290736232019157 0.58756622126746227 129.33180829252686  0.99999999999999911 1.6442898839560809 3.0691637788244419 130.99933674862407  1.0000000000000049 0.75176174738239232 2.0331180620829765 133.70499022625884  0.99999999999999445 0.74716434602798687 4.3853788618869984 138.84398153835798  1.0000000000000051 1.3831291914535957 2.4933500556443655 144.18633971649041  0.999999999999996 3.0704688191331515 3.6643044370587026 146.78373188029667  1.0000000000000022 4.4919032206734624 1.2743166788701521 149.24792213854656  0.99999999999999933 7.5294787962274219 0.55807237066782633 149.83333333333334  1 
4.396308100439219 0.30005842964366519 127.66666666666666  1 2.9124126652460216 0.48764391899889165 129.33180829252674  0.99999999999999911 1.6073813977874594 2.9521111580516561 130.9993367486243  1.0000000000000049 0.71441234710279788 1.911252833013509 133.70499022625845  0.99999999999999445 0.69422016455548985 4.2683455835558313 138.84398153835858  1.0000000000000051 1.3471660581460037 2.3898295954393638 144.18633971648984  0.999999999999996 3.0284100819428077 3.5816750867792901 146.78373188029778  1.0000000000000022 4.4738551552707797 1.2150862935449513 149.24792213854599  0.99999999999999933 7.5226148262267944 0.53544218691589807 149.83333333333334  1 
4.3889224475184765 0.24282121306726467 127.66666666666666  1 2.9012096915846013 0.41552902194532709 129.33180829252674  0.99999999999999911 1.5818936438732287 2.8674955446451094 130.9993367486243  1.0000000000000049 0.6886232732317592 1.8231204241493397 133.70499022625845  0.99999999999999445 0.65689860529209598 4.1836753396220052 138.84398153835858  1.0000000000000051 1.3221440889817253 2.3149552066888446 144.18633971648984  0.999999999999996 2.9985445335273981 3.5219163495001489 146.78373188029778  1.0000000000000022 4.461357786395161 1.1722658034133409 149.24792213854599  0.99999999999999933 7.5178225716776632 0.51909549964104063 149.83333333333334  1 
4.3859722171471738 0.21899871523429093 127.66666666666666  1 2.8967367813281535 0.38550255649045539 129.33180829252674  0.99999999999999911 1.5715562454949521 2.8322300658529662 130.9993367486243  1.0000000000000049 0.67816088973949684 1.786381312504197 133.70499022625845  0.99999999999999445 0.64156988691475059 4.1483711176670459 138.84398153835858  1.0000000000000051 1.3119461807208166 2.2837406154928712 144.18633971648984  0.999999999999996 2.9862252262994877 3.4970042369537664 146.78373188029778  1.0000000000000022 4.4562789888705279 1.1544189138008063 149.24792213854599  0.99999999999999933 7.5158654319540421 0.51228566395944053 149.83333333333334  1 
4.3793751593978261 0.16360326710185133 127.66666666666669  1 2.8867139845811058 0.31566546393732242 129.33180829252674  0.99999999999999911 1.5481368557912287 2.7501174691551173 130.9993367486243  1.0000000000000049 0.6544170879568012 1.7008298983598069 133.70499022625845  0.99999999999999445 0.60636878774584091 4.0661386801119983 138.84398153835858  1.0000000000000051 1.2887043682120802 2.2110461275100861 144.18633971648984  0.999999999999996 2.9578190975601739 3.438987191838677 146.78373188029778  1.0000000000000022 4.4447335640272723 1.1128666837525036 149.24792213854599  0.99999999999999933 7.5113954703347181 0.49643704118625809 149.83333333333334  1 
4.372286162751017 0.099527767942801937 127.66666666666666  1 2.8758938410456385 0.23485595488758468 129.33180829252657  0.99999999999999911 1.5223299141996927 2.6549141563040974 130.9993367486245  1.0000000000000049 0.62815767242296316 1.6016260094231642 133.70499022625839  0.99999999999999445 0.56656700018755857 3.9707362209330994 138.84398153835858  1.0000000000000051 1.2627924542338591 2.1267351439664717 144.18633971648984  0.999999999999996 2.9254594578065136 3.3716974686133172 146.78373188029778  1.0000000000000022 4.4319235789879992 1.0646965497572891 149.24792213854599  0.99999999999999933 7.5063922153982556 0.47807739101336288 149.83333333333334  1 
4.3644336871496137 0.018424769533071931 127.66666666666666  1 2.8637801824224836 0.13256681678161408 129.33180829252657  0.99999999999999911 1.4922297247064773 2.5339525303338122 130.9993367486245  1.0000000000000049 0.59759431740785351 1.4755567997427785 133.70499022625839  0.99999999999999445 0.51807827119835637 3.8493786197934607 138.84398153835858  1.0000000000000051 1.2320878261330752 2.0195597672944472 144.18633971648984  0.999999999999996 2.8855950291224071 3.286114709838599 146.78373188029778  1.0000000000000022 4.4168537831782029 1.0035138299764472 149.24792213854599  0.99999999999999933 7.5004169674995946 0.45478032376247518 149.83333333333334  1 
4.3600521218268184 -0.031996576455454548 127.66666666666666  1 2.8569497582671373 0.068992515159452081 129.33180829252657  0.99999999999999911 1.4746277689674046 2.4585485815221464 130.9993367486245  1.0000000000000049 0.57985780215063365 1.3969583630827718 133.70499022625839  0.99999999999999445 0.48877075081679638 3.7736580447915133 138.84398153835858  1.0000000000000051 1.2139749680510168 1.9527247613755403 144.18633971648984  0.999999999999996 2.8612926867506965 3.232718393611568 146.78373188029778  1.0000000000000022 4.4080162665719946 0.96538284267064012 149.24792213854599  0.99999999999999933 7.4968663353803233 0.44027004436276052 149.83333333333334  1 
4.351608432528268 -0.13488662212515731 127.66666666666664  1 2.843741469415964 -0.060728951403339337 129.3318082925266  0.99999999999999911 1.4397596444671206 2.3044984561745125 130.99933674862453  1.0000000000000049 0.54497916592037143 1.2363467890430933 133.70499022625842  0.99999999999999445 0.42978837161238181 3.6188715528513824 138.84398153835852  1.0000000000000051 1.1780167183823935 1.8161359916125113 144.18633971648998  0.999999999999996 2.8121719467458801 3.1235658025650257 146.78373188029735  1.0000000000000022 4.390525821823168 0.88747908106054485 149.24792213854627  0.99999999999999933 7.4897872889152364 0.41063350495061751 149.83333333333334  1 
4.3457159330888029 -0.22624368917279075 127.66666666666661  1 2.8343935894728451 -0.17588945472355605 129.33180829252694  0.99999999999999911 1.4121492046097626 2.1671492170976525 130.99933674862388  1.0000000000000049 0.51829426377120891 1.0930159860390607 133.7049902262589  0.99999999999999445 0.38006423599800521 3.4805622647249819 138.84398153835772  1.0000000000000051 1.149349350323146 1.694195145483725 144.18633971649101  0.999999999999996 2.7700698977264708 3.0260270750475087 146.78373188029559  1.0000000000000022 4.3767613268408656 0.81800590755057789 149.24792213854712  0.99999999999999933 7.4840403895931864 0.38423224199424788 149.83333333333334  1 
4.3413778604700983 -0.31682093675172052 127.66666666666661  1 2.8276224417899289 -0.29016330217020769 129.33180829252694  0.99999999999999911 1.387712531356845 2.0306793731826334 130.99933674862388  1.0000000000000049 0.49616095483243305 0.95025221002696436 133.7049902262589  0.99999999999999445 0.33351216402548345 3.3425801321568915 138.84398153835772  1.0000000000000051 1.1242345347217395 1.5726773572239148 144.18633971649101  0.999999999999996 2.7297902615406948 2.9286768005867274 146.78373188029559  1.0000000000000022 4.3649503656388244 0.74884818134476161 149.24792213854712  0.99999999999999933 7.4788823136993861 0.35797026478308736 149.83333333333334  1 
4.3404359007299878 -0.33734809994996268 127.66666666666661  1 2.8261556619008048 -0.31606353790266367 129.3318082925268  0.99999999999999911 1.3822538427614515 1.9997444925153585 130.99933674862424  1.0000000000000049 0.49126271857045584 0.91788059074700634 133.70499022625856  0.99999999999999445 0.32303738262908666 3.311286664357358 138.84398153835815  1.0000000000000051 1.1186330154992274 1.5451216159384944 144.18633971649061  0.999999999999996 2.7207015946845887 2.9065971458688229 146.78373188029582  1.0000000000000022 4.3623238521979957 0.73316777772458375 149.24792213854712  0.99999999999999933 7.4777280591394453 0.35201628802904528 149.83333333333334  1 
4.3395172997138456 -0.35854866619282166 127.66666666666661  1 2.8247296530106873 -0.34281723247875967 129.3318082925268  0.99999999999999911 1.3767200480296069 1.9677856381938956 130.99933674862424  1.0000000000000049 0.48635852219201897 0.88442401982752328 133.70499022625856  0.99999999999999445 0.31231824978299944 3.2789361669394577 138.84398153835815  1.0000000000000051 1.1129661751934059 1.5166401752708445 144.18633971649061  0.999999999999996 2.7113671281883982 2.8837700273073814 146.78373188029582  1.0000000000000022 4.3596771970609334 0.71696323365678771 149.24792213854712  0.99999999999999933 7.4765552727670084 0.34586393492291534 149.83333333333334  1 
4.3370948351336276 -0.4192490732528209 127.66666666666661  1 2.8209823268212468 -0.41943261405607596 129.33180829252694  0.99999999999999911 1.361267345466342 1.8762525341876954 130.99933674862388  1.0000000000000049 0.47290363759411352 0.78854772974627108 133.7049902262589  0.99999999999999445 0.28201016451542532 3.1861959905782342 138.84398153835772  1.0000000000000051 1.0971901210725936 1.4350128305196317 144.18633971649101  0.999999999999996 2.6848398369575994 2.8183244563751337 146.78373188029559  1.0000000000000022 4.3523523740645889 0.67053058028746504 149.24792213854712  0.99999999999999933 7.4732708936511649 0.32823732630987812 149.83333333333334  1 
4.3344489767677858 -0.50698442888787265 127.66666666666661  1 2.8169149203821857 -0.53022888706027416 129.33180829252655  0.99999999999999911 1.3405673962329379 1.7438219818030536 130.99933674862487  1.0000000000000049 0.45584315685368693 0.64963442785282732 133.70499022625813  0.99999999999999445 0.23979687548427758 3.0516705716502668 138.8439815383588  1.0000000000000051 1.0762188131092558 1.3167078435165789 144.1863397164901  0.999999999999996 2.6473150479494452 2.723366842902109 146.78373188029644  1.0000000000000022 4.3428071978079759 0.60326946747352839 149.24792213854684  0.99999999999999933 7.468824914310316 0.30271334134169642 149.83333333333334  1 
4.3332649624895758 -0.5886400566733071 127.66666666666664  1 2.8148815431873659 -0.63338463710510484 129.33180829252655  0.99999999999999911 1.3239047604950742 1.6203303254640682 130.99933674862487  1.0000000000000049 0.44331793114137635 0.51996250107294251 133.70499022625813  0.99999999999999445 0.20296692436508262 2.9257426401024618 138.8439815383588  1.0000000000000051 1.0594098628296031 1.2061703963391566 144.1863397164901  0.999999999999996 2.6134743264660516 2.6344734840113055 146.78373188029644  1.0000000000000022 4.3355228768381044 0.54045819748252777 149.24792213854684  0.99999999999999933 7.4651244182551313 0.2788929419923758 149.83333333333334  1 
4.33292267315624 -0.63906627869170163 127.66666666666666  1 2.8140906936160661 -0.69708684187926273 129.33180829252723  0.99999999999999911 1.3144505890919871 1.5439841231746698 130.99933674862325  1.0000000000000049 0.43654402237821244 0.43979740089707364 133.70499022625924  0.99999999999999445 0.18100142365630884 2.8477515085983249 138.84398153835755  1.0000000000000051 1.0498251407365864 1.1377949255709863 144.18633971649092  0.999999999999996 2.5929390255644309 2.5794128080883776 146.78373188029559  1.0000000000000022 4.3314930190170067 0.50161389681828228 149.24792213854712  0.99999999999999933 7.462969004800228 0.26416411631320397 149.83333333333334  1 
4.3325317863119039 -0.73382987449504078 127.66666666666666  1 2.8129048658479618 -0.81679824640185084 129.33180829252723  0.99999999999999911 1.2972255283312373 1.4004557105735946 130.99933674862325  1.0000000000000049 0.42443776857468624 0.28909134429411976 133.70499022625924  0.99999999999999445 0.14022757531956959 2.7010408532292258 138.84398153835755  1.0000000000000051 1.0323292126485251 1.0092269742300002 144.18633971649092  0.999999999999996 2.5545839669714594 2.4758328322306253 146.78373188029559  1.0000000000000022 4.324223603496149 0.42857995250899916 149.24792213854712  0.99999999999999933 7.4590025855242228 0.23647290217287362 149.83333333333334  1 
4.3340322966364093 -0.83731686978101005 127.66666666666666  1 2.813948412888037 -0.9475184273963404 129.33180829252726  0.99999999999999911 1.282430399512936 1.2433068947367987 130.99933674862331  1.0000000000000049 0.41600154992849858 0.12411432489613294 133.70499022625927  0.99999999999999445 0.099515364615863453 2.5397216410313996 138.84398153835744  1.0000000000000051 1.0171688602432121 0.86828333176201467 144.18633971649101  0.999999999999996 2.5145159502681631 2.3618943129255907 146.78373188029559  1.0000000000000022 4.3185884844253 0.34856174377421689 149.24792213854712  0.99999999999999933 7.4553087739656423 0.20614253197823804 149.83333333333334  1 
4.3373374292338109 -0.93582605228144478 127.66666666666666  1 2.8175084533160626 -1.0719224773101796 129.331808292527  0.99999999999999911 1.2714641507533362 1.093380097869616 130.99933674862368  1.0000000000000049 0.4127696876067396 -0.033139246942405602 133.70499022625918  0.99999999999999445 0.064212446369988546 2.3851467403837523 138.84398153835744  1.0000000000000051 1.0066009090107202 0.73371429324713822 144.18633971649101  0.999999999999996 2.478266652261695 2.2525938545345232 146.78373188029559  1.0000000000000022 4.315334022540922 0.27221716723793071 149.24792213854712  0.99999999999999933 7.4524051297510177 0.17719211828831702 149.83333333333334  1 
4.3380380054589374 -0.95469197782043813 127.66666666666666  1 2.8182834323593866 -1.0957466280473982 129.331808292527  0.99999999999999911 1.269474273804396 1.0646553336513007 130.99933674862368  1.0000000000000049 0.41232235990581717 -0.063262714669858333 133.70499022625918  0.99999999999999445 0.057578177111213817 2.3555076830530814 138.84398153835744  1.0000000000000051 1.0047138842779757 0.70792797630617077 144.18633971649101  0.999999999999996 2.4713948975649771 2.2316310097024346 146.78373188029559  1.0000000000000022 4.314785526761117 0.25759002371120054 149.24792213854712  0.99999999999999933 7.4518710622559894 0.17164489245409809 149.83333333333334  1 
4.3385531423019659 -0.96793387795219776 127.66666666666666  1 2.818859818387605 -1.1124683319617217 129.331808292527  0.99999999999999911 1.268115342921676 1.0444896497262535 130.99933674862368  1.0000000000000049 0.41206755341441731 -0.084408591527901006 133.70499022625918  0.99999999999999445 0.052966016078487277 2.3346919784424696 138.84398153835744  1.0000000000000051 1.0034363533971917 0.68982374495218757 144.18633971649101  0.999999999999996 2.4665963531317177 2.2169068143051063 146.78373188029559  1.0000000000000022 4.3144264467861362 0.24732130126658278 149.24792213854712  0.99999999999999933 7.4515038199631762 0.16775035927727666 149.83333333333334  1 
4.340791830835359 -1.0235336647752522 127.66666666666666  1 2.8213848510863784 -1.1826779055617243 129.331808292527  0.99999999999999911 1.2625316989956841 0.95980586062519546 130.99933674862368  1.0000000000000049 0.41118884011949297 -0.17320297117407421 133.70499022625918  0.99999999999999445 0.033744768030429993 2.2472521508442029 138.84398153835744  1.0000000000000051 0.99822385817473935 0.61379215720456426 144.18633971649101  0.999999999999996 2.4465285600427196 2.1550492848012159 146.78373188029559  1.0000000000000022 4.3130025851769904 0.20419882217028507 149.24792213854712  0.99999999999999933 7.4499864941953966 0.15139497418789655 149.83333333333334  1 
4.3447365291850621 -1.1000332369766179 127.66666666666666  1 2.8260601163664849 -1.2792667350649434 129.331808292527  0.99999999999999911 1.2562465377171994 0.84314840257437784 130.99933674862368  1.0000000000000049 0.41215639500274331 -0.29545886365095475 133.70499022625918  0.99999999999999445 0.0089635353289840795 2.1264984078743505 138.84398153835744  1.0000000000000051 0.99277285086180911 0.50899886318284571 144.18633971649101  0.999999999999996 2.4198435933633626 2.069551221264156 146.78373188029559  1.0000000000000022 4.3120024268042707 0.14479577993693815 149.24792213854712  0.99999999999999933 7.4481804563548959 0.12885623701267077 149.83333333333334  1 
4.350952910208405 -1.1933552264763603 127.66666666666666  1 2.8337918788975687 -1.3970826286540865 129.331808292527  0.99999999999999911 1.2508422216513009 0.70063513318477422 130.99933674862368  1.0000000000000049 0.41684891739416624 -0.44468445815356139 133.70499022625918  0.99999999999999445 -0.01839697588153499 1.9784874590479766 138.84398153835744  1.0000000000000051 0.98906496991618653 0.38093643348357337 144.18633971649101  0.999999999999996 2.3886665148243642 1.9645333992049341 146.78373188029559  1.0000000000000022 4.3124816742307104 0.072272415511299343 149.24792213854712  0.99999999999999933 7.4464412115753831 0.10130471698963972 149.83333333333331  1 
4.3548789415734275 -1.2450631860603261 127.66666666666666  1 2.838782779117496 -1.4623591389391342 129.331808292527  0.99999999999999911 1.2486261423634564 0.62160687253869962 130.99933674862368  1.0000000000000049 0.42064582309430815 -0.5273899040760166 133.70499022625918  0.99999999999999445 -0.032535983210814821 1.8962422768713376 138.84398153835744  1.0000000000000051 0.9880234314563171 0.30990810320652873 144.18633971649101  0.999999999999996 2.3719045971802757 1.9061015490237032 146.78373188029559  1.0000000000000022 4.3133268172350139 0.032070925304298337 149.24792213854712  0.99999999999999933 7.445637682106927 0.086019736953017276 149.83333333333334  1 
4.3622144447644331 -1.3344533791243474 127.66666666666666  1 2.8482159363580335 -1.5752016623634257 129.331808292527  0.99999999999999911 1.2457152906532654 0.48491271186069923 130.99933674862368  1.0000000000000049 0.42853544679451239 -0.67037922418806173 133.70499022625918  0.99999999999999445 -0.055754140100594173 1.7537953213208799 138.84398153835744  1.0000000000000051 0.98736830712390478 0.18704529754334603 144.18633971649101  0.999999999999996 2.3435646007321838 1.8048117504265169 146.78373188029559  1.0000000000000022 4.3154412793257002 -0.03744472709373392 149.24792213854712  0.99999999999999933 7.4444320328000249 0.059574132597528529 149.83333333333334  1 
4.3702972598625411 -1.418334584859946 127.66666666666666  1 2.8588124706874223 -1.6810778353504672 129.33180829252717  0.99999999999999911 1.2450351508437205 0.35647893620652721 130.99933674862308  1.0000000000000049 0.43880754855868215 -0.80457264304484521 133.70499022625972  0.99999999999999445 -0.074813537224734938 1.619547787874505 138.84398153835653  1.0000000000000051 0.98925164249447939 0.071602494222745935 144.18633971649203  0.999999999999996 2.3184059487912325 1.7091623615450025 146.78373188029425  1.0000000000000022 4.3188493976127518 -0.1027118691270775 149.24792213854772  0.99999999999999933 7.4437027686119235 0.034711055906391973 149.83333333333334  1 
4.3796418378594737 -1.5013479223220814 127.66666666666666  1 2.8711092261989184 -1.7858216166041012 129.33180829252717  0.99999999999999911 1.2470137625523112 0.22917118233973244 130.99933674862308  1.0000000000000049 0.45191142926759931 -0.93730227728971038 133.70499022625972  0.99999999999999445 -0.09016938515358934 1.4860515871624691 138.84398153835653  1.0000000000000051 0.99385375441598867 -0.042755648596152593 144.18633971649203  0.999999999999996 2.2954849718537025 1.6138380229923921 146.78373188029425  1.0000000000000022 4.3237807976789888 -0.16732635761543824 149.24792213854772  0.99999999999999933 7.4434329498084253 0.01005526476709114 149.83333333333334  1 
4.383059323052958 -1.530446908277737 127.66666666666666  1 2.8756095163852806 -1.8225337493540332 129.331808292527  0.99999999999999911 1.2479879290977924 0.18452487074847554 130.99933674862368  1.0000000000000049 0.45681726843597281 -0.9838194180544495 133.70499022625918  0.99999999999999445 -0.095190608616635794 1.4391927525316273 138.84398153835744  1.0000000000000051 0.9957674560625992 -0.082853848430279139 144.18633971649101  0.999999999999996 2.2876587006478424 1.5803553579504785 146.78373188029559  1.0000000000000022 4.325676213973896 -0.18997832312862636 149.24792213854712  0.99999999999999933 7.4433860543954884 0.0014073933453651001 149.83333333333334  1 
4.3875424977224649 -1.5677460336063846 127.66666666666666  1 2.8815149976074723 -1.869588377930913 129.33180829252703  0.99999999999999911 1.249439935279693 0.12728244925860038 130.99933674862351  1.0000000000000049 0.46333229745513943 -1.043438228926034 133.70499022625927  0.99999999999999445 -0.10136755374686465 1.3790837727799625 138.84398153835744  1.0000000000000051 0.99844085579190334 -0.13426031280998693 144.18633971649101  0.999999999999996 2.2777793019911714 1.5373881322950156 146.78373188029559  1.0000000000000022 4.3282251051982303 -0.21901506947283286 149.24792213854712  0.99999999999999933 7.4433604435040097 -0.0096811836712137004 149.83333333333334  1 
4.3937097237485263 -1.6164102025334137 127.66666666666666  1 2.8896424868040786 -1.9309708034327848 129.33180829252714  0.99999999999999911 1.2519681694285223 0.052552902711448343 130.99933674862322  1.0000000000000049 0.4725333589844346 -1.12119988476635 133.70499022625947  0.99999999999999445 -0.10862074632344196 1.3005208782099402 138.84398153835713  1.0000000000000051 1.0026039118003554 -0.20135439487661463 144.1863397164914  0.999999999999996 2.2653834262705832 1.4811750676491042 146.78373188029494  1.0000000000000022 4.3319107136717108 -0.25690197361558126 149.24792213854744  0.99999999999999933 7.4434339501826177 -0.02415990825538487 149.83333333333334  1 
4.4030284404455013 -1.6850177349624449 127.66666666666666  1 2.9019336523065737 -2.017487218176734 129.3318082925266  0.99999999999999911 1.2567643922336236 -0.052889011296803172 130.9993367486243  1.0000000000000049 0.48688012588630908 -1.2307727062233296 133.70499022625876  0.99999999999999445 -0.11725513812649191 1.1895011661816233 138.84398153835798  1.0000000000000051 1.0097419247154087 -0.29597378409865244 144.18633971649083  0.999999999999996 2.2490405006776109 1.4016109906414806 146.78373188029559  1.0000000000000022 4.3377395799170628 -0.31030733296835294 149.24792213854712  0.99999999999999933 7.4437475544855438 -0.044594155860334293 149.83333333333334  1 
4.4155855089104747 -1.771404321204028 127.66666666666666  1 2.9185096165198017 -2.1263931979997825 129.3318082925266  0.99999999999999911 1.2644159898459926 -0.18576804087745646 130.99933674862436  1.0000000000000049 0.50675587537791222 -1.368654326204648 133.70499022625864  0.99999999999999445 -0.12602050940152729 1.0493796994294156 138.84398153835815  1.0000000000000051 1.0203470855938488 -0.41513372040011454 144.18633971649061  0.999999999999996 2.2301153825153603 1.3010026817040887 146.78373188029582  1.0000000000000022 4.3458408614206601 -0.37752839806998917 149.24792213854712  0.99999999999999933 7.4444192556023694 -0.070352100399398626 149.83333333333334  1 
4.4267551219727252 -1.8411309403796798 127.66666666666666  1 2.9332768677834116 -2.2142552209037989 129.3318082925266  0.99999999999999911 1.2725761685640529 -0.29315635206230484 130.99933674862436  1.0000000000000049 0.52508936140744367 -1.479819912673813 133.70499022625864  0.99999999999999445 -0.13049269784014883 0.93589329450353587 138.84398153835815  1.0000000000000051 1.0309380416907687 -0.51132181395462828 144.18633971649061  0.999999999999996 2.2168760616010812 1.2192869342492783 146.78373188029582  1.0000000000000022 4.3533411959591346 -0.43175136439439488 149.24792213854712  0.99999999999999933 7.4453086471071446 -0.091177085560298174 149.83333333333334  1 
4.4409424770947643 -1.9247041296682452 127.66666666666666  1 2.952041932218457 -2.319534380154209 129.33180829252618  0.99999999999999911 1.2838847199753254 -0.42195563110653128 130.99933674862535  1.0000000000000049 0.5488151684072311 -1.6129540930055097 133.70499022625785  0.99999999999999445 -0.13386215217036423 0.79961466516057 138.84398153835934  1.0000000000000051 1.0451853962560052 -0.62660085047630587 144.18633971648956  0.999999999999996 2.2025450317602449 1.1209832613595916 146.7837318802971  1.0000000000000022 4.3630758597916497 -0.49671135229426566 149.24792213854656  0.99999999999999933 7.4466425847184121 -0.11616301192390803 149.83333333333334  1 
4.4522109469998545 -1.9876859350971063 127.66666666666664  1 2.9669516718934181 -2.3988518938807957 129.33180829252618  0.99999999999999911 1.2935086812985419 -0.51908145054574639 130.99933674862535  1.0000000000000049 0.56795798661191887 -1.7132081925894815 133.70499022625785  0.99999999999999445 -0.13496619293273468 0.69673014108934861 138.84398153835934  1.0000000000000051 1.0570421166142911 -0.71346860534896439 144.18633971648956  0.999999999999996 2.192852802949004 1.0466412626717785 146.7837318802971  1.0000000000000022 4.3709492785929678 -0.54564370890962599 149.24792213854656  0.99999999999999933 7.4478410723773738 -0.13501103300525452 149.83333333333334  1 
4.464126922479478 -2.0495548198654854 127.66666666666666  1 2.9827207235458326 -2.4767372029708232 129.33180829252618  0.99999999999999911 1.304571318888446 -0.61456055821571764 130.99933674862535  1.0000000000000049 0.58859734732161073 -1.8115668528067772 133.70499022625785  0.99999999999999445 -0.13396569789248822 0.59543881431965173 138.84398153835934  1.0000000000000051 1.0703164108140439 -0.7987727448227222 144.18633971648956  0.999999999999996 2.1849209623738823 0.97326637377057346 146.7837318802971  1.0000000000000022 4.3794744816174598 -0.59367447857487865 149.24792213854656  0.99999999999999933 7.4493009930078991 -0.15355156600220576 149.83333333333334  1 
4.4724442519878949 -2.0916585957859022 127.66666666666666  1 2.9937274318038689 -2.5297329437675438 129.33180829252618  0.99999999999999911 1.3124941617473629 -0.67955294477333028 130.99933674862535  1.0000000000000049 0.60309163799500098 -1.8784697915195874 133.70499022625785  0.99999999999999445 -0.13277510847408619 0.52645428703551422 138.84398153835934  1.0000000000000051 1.0797477606035071 -0.85681376759036165 144.18633971648956  0.999999999999996 2.179908884213742 0.92325009011747527 146.7837318802971  1.0000000000000022 4.3854708659401975 -0.62635083681305148 149.24792213854656  0.99999999999999933 7.4503638533780681 -0.16617511014840325 149.83333333333334  1 
4.482249698417661 -2.140152263750049 127.66666666666666  1 3.0067033509140613 -2.5907632059994521 129.33180829252618  0.99999999999999911 1.3220473066975236 -0.75442599097834617 130.99933674862535  1.0000000000000049 0.62027229898151726 -1.9554900507138151 133.70499022625785  0.99999999999999445 -0.13085081252541783 0.44694340980250419 138.84398153835934  1.0000000000000051 1.091042016739795 -0.9236511342506204 144.18633971648956  0.999999999999996 2.1745546231824555 0.86555386499825526 146.7837318802971  1.0000000000000022 4.3925885953155621 -0.66397532596494946 149.24792213854656  0.99999999999999933 7.4516632531934919 -0.18072109760376062 149.83333333333334  1 
4.4961421846678169 -2.2053552664468019 127.66666666666666  1 3.0250857606993624 -2.6727960376537196 129.33180829252703  0.99999999999999911 1.3362300533490772 -0.85514571258635752 130.99933674862351  1.0000000000000049 0.64489241579695267 -2.0589281673562883 133.70499022625927  0.99999999999999445 -0.12654027532186957 0.33987065053353066 138.84398153835744  1.0000000000000051 1.107579289977894 -1.0134754809800883 144.18633971649101  0.999999999999996 2.1686468409679041 0.78771699839570219 146.78373188029559  1.0000000000000022 4.4028258662648208 -0.71453120787919877 149.24792213854712  0.99999999999999933 7.4536459477772912 -0.20029939849704731 149.83333333333334  1 
4.5093866329838912 -2.2646401220727763 127.66666666666666  1 3.0426117722410186 -2.7473573278028791 129.33180829252703  0.99999999999999911 1.3502669516852859 -0.94676451277627693 130.99933674862351  1.0000000000000049 0.66858754378470409 -2.1528628688904514 133.70499022625927  0.99999999999999445 -0.12114627331980507 0.24238809889968332 138.84398153835744  1.0000000000000051 1.1237833665891288 -1.0951036051638356 144.18633971649101  0.999999999999996 2.1643662719113479 0.71674219296427699 146.78373188029559  1.0000000000000022 4.412716347536163 -0.76047192084425752 149.24792213854712  0.99999999999999933 7.4556519809063495 -0.2181175375331009 149.83333333333334  1 
4.529656939648854 -2.3525074153785419 127.66666666666666  1 3.0694375600021546 -2.8578370955527008 129.33180829252703  0.99999999999999911 1.3722542111228042 -1.0825974138095349 130.99933674862351  1.0000000000000049 0.70507096912673584 -2.291958163037032 133.70499022625927  0.99999999999999445 -0.11161929867048634 0.09778133669832749 138.84398153835744  1.0000000000000051 1.149015407819588 -1.2160346384816905 144.18633971649101  0.999999999999996 2.1591565683288607 0.6113439518437469 146.78373188029559  1.0000000000000022 4.4279823080293985 -0.82853191309552121 149.24792213854712  0.99999999999999933 7.4588372589530811 -0.24454336139558758 149.83333333333331  1 
4.5481649071325654 -2.4274050542199661 127.66666666666666  1 3.093941299350031 -2.9519514415521253 129.33180829252703  0.99999999999999911 1.3932530386721269 -1.1984634112829848 130.99933674862351  1.0000000000000049 0.73878510553104981 -2.4102671395384356 133.70499022625927  0.99999999999999445 -0.1005672381796574 -0.025710520599969328 138.84398153835744  1.0000000000000051 1.1728521056543049 -1.3190068691180024 144.18633971649101  0.999999999999996 2.1568876809242923 0.52111932968745389 146.78373188029559  1.0000000000000022 4.4421593063495148 -0.88648603042759422 149.24792213854712  0.99999999999999933 7.4619594427437743 -0.2671011047041868 149.83333333333331  1 
4.5684129653231942 -2.5048458899862642 127.66666666666666  1 3.1207513765102197 -3.0492137988720542 129.33180829252717  0.99999999999999911 1.4170217574414357 -1.3183057233141779 130.99933674862308  1.0000000000000049 0.77593532186607361 -2.5323552524004467 133.70499022625972  0.99999999999999445 -0.086481418244105379 -0.15353645057355111 138.84398153835653  1.0000000000000051 1.1995603599498499 -1.4253564850858136 144.18633971649203  0.999999999999996 2.1565003830700986 0.42752941736805478 146.78373188029425  1.0000000000000022 4.4578598285048772 -0.94634675135339674 149.24792213854772  0.99999999999999933 7.4655550749389921 -0.29045236930167029 149.83333333333331  1 
4.5797457135570863 -2.5473560553315675 127.66666666666666  1 3.1357572300012073 -3.1025954659696287 129.33180829252717  0.99999999999999911 1.4304726115646405 -1.3840993527198608 130.99933674862308  1.0000000000000049 0.79677628837991421 -2.5993271949200332 133.70499022625972  0.99999999999999445 -0.078228106509087292 -0.22373140666345143 138.84398153835653  1.0000000000000051 1.2146249276743863 -1.4837120899976175 144.18633971649203  0.999999999999996 2.15667149367271 0.37609603004482872 146.78373188029425  1.0000000000000022 4.4666825051886594 -0.97919441840591392 149.24792213854772  0.99999999999999933 7.4676008208656199 -0.30327611989003173 149.83333333333331  1 
4.5915273122068507 -2.5900909470426368 127.66666666666666  1 3.1513548687852393 -3.1562433975981574 129.33180829252703  0.99999999999999911 1.4447184468478314 -1.4502510412129725 130.99933674862353  1.0000000000000049 0.81851886214931158 -2.6665688977042734 133.70499022625921  0.99999999999999445 -0.068999522413524625 -0.29433780337621451 138.84398153835747  1.0000000000000051 1.2304847148772813 -1.5423317668085179 144.18633971649081  0.999999999999996 2.1575281636042245 0.32429122769514673 146.78373188029644  1.0000000000000022 4.4759152325198555 -1.012193365163788 149.24792213854656  0.99999999999999933 7.4697856744439761 -0.31617704960958282 149.83333333333331  1 
4.6068505846556054 -2.6444381910437951 127.66666666666666  1 3.1716374987004863 -3.2244550759705368 129.33180829252703  0.99999999999999911 1.4634675300404703 -1.5343853896646062 130.99933674862353  1.0000000000000049 0.84685906279019918 -2.7520051655885132 133.70499022625921  0.99999999999999445 -0.056458726765141742 -0.38416269442132611 138.84398153835747  1.0000000000000051 1.2512826630905647 -1.6168358032424845 144.18633971649081  0.999999999999996 2.1592100265028371 0.25832508048873792 146.78373188029644  1.0000000000000022 4.4879756435575819 -1.0541379321652704 149.24792213854656  0.99999999999999933 7.4726762286402515 -0.33259154447187267 149.83333333333334  1 
4.6203986920584939 -2.6911436379227283 127.66666666666666  1 3.1895656804970867 -3.2830598921655425 129.331808292527  0.99999999999999911 1.4802855052013386 -1.6066970489609611 130.99933674862368  1.0000000000000049 0.87198196471323874 -2.8253416601494892 133.70499022625918  0.99999999999999445 -0.044785425722114747 -0.46139239888894013 138.84398153835744  1.0000000000000051 1.2698552254399129 -1.6808138862560171 144.18633971649101  0.999999999999996 2.1613170232200933 0.20154202635488766 146.78373188029559  1.0000000000000022 4.4986951400466868 -1.0901609676135902 149.24792213854712  0.99999999999999933 7.4752851931794924 -0.34670684802276641 149.83333333333334  1 
4.6441794719465825 -2.7703184094655553 127.66666666666666  1 3.2210174124723014 -3.3823735090370088 129.331808292527  0.99999999999999911 1.5103108069802549 -1.7292876885333757 130.99933674862368  1.0000000000000049 0.91620037053052628 -2.9494677602874582 133.70499022625918  0.99999999999999445 -0.023089803059781849 -0.59237139106267678 138.84398153835744  1.0000000000000051 1.3028121450970642 -1.7891574352302531 144.18633971649101  0.999999999999996 2.1663304972683619 0.10510913752803072 146.78373188029559  1.0000000000000022 4.5176078678180378 -1.1511783474406565 149.24792213854712  0.99999999999999933 7.4799750416551305 -0.37065332958720576 149.83333333333334  1 
4.6638229428746225 -2.8330815622421253 127.66666666666666  1 3.2469818930627206 -3.461066968914813 129.331808292527  0.99999999999999911 1.5355784078290544 -1.8264772326491818 130.99933674862368  1.0000000000000049 0.95283424070020262 -3.0476713045570456 133.70499022625918  0.99999999999999445 -0.0040449043350110304 -0.69625274801670134 138.84398153835744  1.0000000000000051 1.3303594883903096 -1.8749317570178963 144.18633971649101  0.999999999999996 2.1717166087055109 0.028505604868801861 146.78373188029559  1.0000000000000022 4.5333123527093795 -1.1995013494660109 149.24792213854712  0.99999999999999933 7.4839523411021158 -0.38965359817098183 149.83333333333334  1 
4.6974719047292064 -2.9364748116306116 127.66666666666666  1 3.2914402602563002 -3.5906376883326696 129.331808292527  0.99999999999999911 1.5795465673365847 -1.9866084538050803 130.99933674862368  1.0000000000000049 1.0157407383552262 -3.209108272540405 133.70499022625918  0.99999999999999445 0.030278985241289549 -0.86744466039963664 138.84398153835744  1.0000000000000051 1.3780307027258119 -2.0160307204144119 144.18633971649101  0.999999999999996 2.182844307399904 -0.097926499102365394 146.78373188029559  1.0000000000000022 4.5603372542240246 -1.2790238329422743 149.24792213854712  0.99999999999999933 7.4909253762639807 -0.42098084080583725 149.83333333333334  1 
4.7219543557421924 -3.007984169376678 127.66666666666666  1 3.3237686373305402 -3.6801916928981266 129.33180829252694  0.99999999999999911 1.6121531315598241 -2.0973750630520249 130.99933674862368  1.0000000000000049 1.0616345011132353 -3.3204460228344286 133.7049902262591  0.99999999999999445 0.056778000447029013 -0.98588927527125891 138.84398153835758  1.0000000000000051 1.4131404678391288 -2.1134267425126629 144.18633971649083  0.999999999999996 2.1926467912562204 -0.18558486951741746 146.78373188029602  1.0000000000000022 4.5801090370076176 -1.3339448185060188 149.24792213854684  0.99999999999999933 7.496142797825482 -0.44267248795374803 149.83333333333337  1 
4.7449079580080369 -3.0721219395694255 127.66666666666666  1 3.3540595972646843 -3.7604702381212669 129.33180829252686  0.99999999999999911 1.6431980609889127 -2.1967077889135096 130.99933674862407  1.0000000000000049 1.1047107526496807 -3.4200560104806996 133.70499022625884  0.99999999999999445 0.082784493659084551 -1.0921087647560161 138.84398153835798  1.0000000000000051 1.4463527144423136 -2.2006186094638154 144.18633971649041  0.999999999999996 2.2031366034582693 -0.26435065938685387 146.78373188029667  1.0000000000000022 4.5987238479930577 -1.3831359616085519 149.24792213854656  0.99999999999999933 7.5011458080473492 -0.46214726393089434 149.83333333333337  1 
4.7540964828191257 -3.097598604263939 127.66666666666666  1 3.3661840309706768 -3.7923552315821238 129.33180829252686  0.99999999999999911 1.6556579327886305 -2.2361632059491976 130.99933674862407  1.0000000000000049 1.1219574914072739 -3.4596050838201005 133.70499022625884  0.99999999999999445 0.09327417722765316 -1.1342995757929417 138.84398153835798  1.0000000000000051 1.4596677114046697 -2.2352410278220609 144.18633971649041  0.999999999999996 2.2074241509942052 -0.2956478415411179 146.78373188029667  1.0000000000000022 4.6061807724888126 -1.4026706641623259 149.24792213854656  0.99999999999999933 7.5031561398352649 -0.46988435412319196 149.83333333333337  1 
4.7647896308991555 -3.1268206477058835 127.66666666666666  1 3.3802910736802203 -3.8289210140395156 129.33180829252686  0.99999999999999911 1.6702273114857928 -2.2814161179035009 130.99933674862407  1.0000000000000049 1.1420342989876329 -3.504929556039857 133.70499022625884  0.99999999999999445 0.10565067176918297 -1.1826897815100172 138.84398153835798  1.0000000000000051 1.4752055520693539 -2.2749273402469727 144.18633971649041  0.999999999999996 2.2126031560215926 -0.33156769272678488 146.78373188029667  1.0000000000000022 4.6148700744358351 -1.4250664181283201 149.24792213854656  0.99999999999999933 7.5055119478083565 -0.47876182722463045 149.83333333333337  1 
4.7871452220722839 -3.1868510478219134 127.66666666666666  1 3.4097757867067013 -3.9040208241468366 129.33180829252669  0.99999999999999911 1.7008578219613484 -2.3743700939210752 130.99933674862436  1.0000000000000049 1.1840190600771998 -3.5979391578462847 133.70499022625862  0.99999999999999445 0.13193998108624169 -1.2820890067917001 138.84398153835835  1.0000000000000051 1.5077940740830151 -2.3563843057271106 144.18633971649004  0.999999999999996 2.2238968195587465 -0.40541119697963701 146.78373188029687  1.0000000000000022 4.6330644688881808 -1.4710450916200934 149.24792213854656  0.99999999999999933 7.5104774599816881 -0.49700598469438678 149.83333333333337  1 
4.8044906237461404 -3.2319555140269927 127.66666666666666  1 3.4326400852191874 -3.9604246677581365 129.33180829252669  0.99999999999999911 1.7248599650914813 -2.4441986628855994 130.99933674862436  1.0000000000000049 1.2166064197928284 -3.6676815399269733 133.70499022625862  0.99999999999999445 0.15290704516716364 -1.3567601706258756 138.84398153835835  1.0000000000000051 1.5332196571944257 -2.4174892964443027 144.18633971649004  0.999999999999996 2.2333031577129252 -0.46096562455730722 146.78373188029687  1.0000000000000022 4.6472192418035476 -1.5055515946631424 149.24792213854656  0.99999999999999933 7.5143858468715408 -0.51072410483092789 149.83333333333334  1 
4.8355479812701736 -3.3107128050368169 127.66666666666666  1 3.4735555070344879 -4.0588815269408682 129.33180829252669  0.99999999999999911 1.7681543287849377 -2.5660997596192701 130.99933674862436  1.0000000000000049 1.2749514158061068 -3.7892574866742419 133.70499022625862  0.99999999999999445 0.19119970552282614 -1.4871130807452748 138.84398153835835  1.0000000000000051 1.5789130682429424 -2.5240491155690665 144.18633971649004  0.999999999999996 2.2510147263043216 -0.55804011628593464 146.78373188029687  1.0000000000000022 4.6726038547293971 -1.5657546247807945 149.24792213854656  0.99999999999999933 7.5214586591864432 -0.53469114892228464 149.83333333333337  1 
4.8667846752973656 -3.3875960616017138 127.66666666666666  1 3.5146796671990663 -4.1549594040343427 129.331808292527  0.99999999999999911 1.8120682778891639 -2.6850678070496703 130.99933674862368  1.0000000000000049 1.3336292252694346 -3.9076999325789203 133.70499022625918  0.99999999999999445 0.23058594853250053 -1.6143271974775839 138.84398153835744  1.0000000000000051 1.6250658911084124 -2.6279110533459047 144.18633971649101  0.999999999999996 2.2698389981352243 -0.65288864575374717 146.78373188029559  1.0000000000000022 4.6981817031775819 -1.6244666200760416 149.24792213854712  0.99999999999999933 7.5286592044826746 -0.55810424581694384 149.83333333333334  1 
4.9131141584897797 -3.4958537699932752 127.66666666666669  1 3.5756084915145467 -4.2901318496151584 129.331808292527  0.99999999999999911 1.8780422617128427 -2.8525358040856572 130.99933674862368  1.0000000000000049 1.4205976411545334 -4.073827032022205 133.70499022625904  0.99999999999999445 0.29105435026069515 -1.7933440069936721 138.84398153835784  1.0000000000000051 1.6939451444119151 -2.7737173178766961 144.18633971649064  0.999999999999996 2.3001771806643938 -0.78663738098942637 146.78373188029602  1.0000000000000022 4.7362176968972403 -1.7069778965168059 149.24792213854684  0.99999999999999933 7.5395504656863706 -0.5911113631389513 149.83333333333337  1 
4.9453972275700409 -3.5680756059283136 127.66666666666666  1 3.6180220721177987 -4.3802473210333606 129.33180829252717  0.99999999999999911 1.9244683339669071 -2.9642097832028833 130.99933674862316  1.0000000000000049 1.4811238729004061 -4.184291048767709 133.70499022625958  0.99999999999999445 0.33429499554139064 -1.9126735176923442 138.84398153835696  1.0000000000000051 1.7421447279203706 -2.8707334695598585 144.18633971649157  0.999999999999996 2.3226296742228705 -0.87595987604805803 146.78373188029474  1.0000000000000022 4.7627680610506102 -1.7619283703119153 149.24792213854744  0.99999999999999933 7.5472556953137522 -0.61315362295481701 149.83333333333337  1 
4.9684734443774987 -3.6184032896007166 127.66666666666669  1 3.648322255398015 -4.4430202875048277 129.331808292527  0.99999999999999911 1.9578327578865407 -3.042001198484614 130.99933674862368  1.0000000000000049 1.5243440286898307 -4.26112100690644 133.70499022625904  0.99999999999999445 0.36563703658031266 -1.9957742113604624 138.84398153835784  1.0000000000000051 1.7766683635962519 -2.9382325054439526 144.18633971649064  0.999999999999996 2.3391964712425164 -0.93823686907916537 146.78373188029602  1.0000000000000022 4.7817623399858888 -1.8001799798728344 149.24792213854684  0.99999999999999933 7.5528098770437069 -0.62852283129145081 149.83333333333337  1 
4.9792134762695817 -3.6415451728402646 127.66666666666669  1 3.662420704863306 -4.4718794789436114 129.33180829252694  0.99999999999999911 1.9733994420104637 -3.077765227443725 130.99933674862373  1.0000000000000049 1.5444492078659882 -4.2964165160821803 133.70499022625901  0.99999999999999445 0.38031708305521683 -2.0339741642394293 138.84398153835787  1.0000000000000051 1.7927510983543169 -2.9692459822846895 144.18633971649058  0.999999999999996 2.3470184096280517 -0.96688070598872633 146.78373188029624  1.0000000000000022 4.790605941174082 -1.8177598033853253 149.24792213854656  0.99999999999999933 7.5554049298801562 -0.63559197294532788 149.83333333333337  1 
4.990591298289206 -3.6658059899362567 127.66666666666669  1 3.6773530714732003 -4.5021291126322076 129.33180829252689  0.99999999999999911 1.9899247375045601 -3.1152526427253631 130.99933674862393  1.0000000000000049 1.5657383473692243 -4.3333883544147582 133.70499022625884  0.99999999999999445 0.39595169136135921 -2.074010706023246 138.84398153835815  1.0000000000000051 1.8098019212526706 -3.0017359969256052 144.18633971649018  0.999999999999996 2.3554047852990672 -0.99691641013471022 146.78373188029693  1.0000000000000022 4.7999776902409685 -1.8361809311094295 149.24792213854627  0.99999999999999933 7.5581631516546501 -0.64300474389029416 149.83333333333334  1 
5.0109092261368344 -3.7087765686868854 127.66666666666666  1 3.704013967765218 -4.5557001654262166 129.331808292527  0.99999999999999911 2.0194817583108051 -3.1816418027974964 130.99933674862379  1.0000000000000049 1.6037411259736321 -4.3988303651188874 133.70499022625899  0.99999999999999445 0.4239849680022893 -2.1449084654953818 138.84398153835798  1.0000000000000051 1.8402678728250763 -3.0592500901634798 144.18633971649041  0.999999999999996 2.3705185645315092 -1.0501245629566225 146.78373188029644  1.0000000000000022 4.8167172510184599 -1.868796204581431 149.24792213854656  0.99999999999999933 7.5631011464560389 -0.65613673616929569 149.83333333333334  1 
5.0353346690688952 -3.7591802270201042 127.66666666666666  1 3.736047429099087 -4.6185139419340295 129.331808292527  0.99999999999999911 2.0551801245735364 -3.2594843385414873 130.99933674862379  1.0000000000000049 1.6493727120540556 -4.4754416973499653 133.70499022625899  0.99999999999999445 0.45808527075007455 -2.2280169273443335 138.84398153835798  1.0000000000000051 1.8769513844203656 -3.1265995749104833 144.18633971649041  0.999999999999996 2.3891747367479823 -1.1125660990966133 146.78373188029644  1.0000000000000022 4.8368541089606012 -1.9070104308269431 149.24792213854656  0.99999999999999933 7.5690816258537525 -0.67154937431370465 149.83333333333334  1 
5.0744459139539035 -3.8377487069586156 127.66666666666666  1 3.7873044329121619 -4.7163889007212276 129.33180829252706  0.99999999999999911 2.1126202290227054 -3.3807633787149016 130.99933674862351  1.0000000000000049 1.7223269364507641 -4.5946007782108316 133.70499022625916  0.99999999999999445 0.51334342400118738 -2.3574663956476969 138.84398153835772  1.0000000000000051 1.935766441058113 -3.2313929476747378 144.18633971649061  0.999999999999996 2.4198685035150787 -1.2099228663097117 146.78373188029644  1.0000000000000022 4.8691088103208457 -1.9665132368029463 149.24792213854656  0.99999999999999933 7.5787320808110561 -0.69558986768870923 149.83333333333334  1 
5.1249262472078119 -3.9361088098682706 127.66666666666666  1 3.8534050383525376 -4.83886488095406 129.33180829252723  0.99999999999999911 2.1871497039483003 -3.5325007544264975 130.99933674862336  1.0000000000000049 1.8163146508869858 -4.7433942751725198 133.7049902262591  0.99999999999999445 0.58557948602931176 -2.5193793870971244 138.84398153835787  1.0000000000000051 2.0117742877260363 -3.3623062952210478 144.18633971649052  0.999999999999996 2.4606380377246411 -1.3318380547300643 146.78373188029644  1.0000000000000022 4.9107510885243473 -2.0409093879931013 149.24792213854656  0.99999999999999933 7.591292706326195 -0.72570868799062049 149.83333333333334  1 
5.1765157912640216 -4.031392931831042 127.66666666666666  1 3.9208585902584554 -4.957398073646325 129.33180829252706  0.99999999999999911 2.2639318702238826 -3.6793733019945907 130.99933674862351  1.0000000000000049 1.912018813369911 -4.8868417919690312 133.70499022625916  0.99999999999999445 0.660874799666746 -2.6759819855416311 138.84398153835772  1.0000000000000051 2.0895617149737515 -3.4886264401357812 144.18633971649061  0.999999999999996 2.5042050638086093 -1.4500018850200351 146.78373188029644  1.0000000000000022 4.9533113889694782 -2.1128047849946419 149.24792213854656  0.99999999999999933 7.6043058091897793 -0.7549243070756988 149.83333333333334  1 
5.2185874972071566 -4.1063026525309256 127.66666666666666  1 3.9758073555105966 -5.0505297659795669 129.33180829252723  0.99999999999999911 2.3268441897967844 -3.7947512556467942 130.99933674862336  1.0000000000000049 1.9898301337015287 -4.9992635860529742 133.7049902262591  0.99999999999999445 0.7229966394948133 -2.7989282550485814 138.84398153835787  1.0000000000000051 2.1530092625032777 -3.5876703980170732 144.18633971649052  0.999999999999996 2.5406913022686402 -1.5429187280431811 146.78373188029644  1.0000000000000022 4.9880072618605542 -2.1692302345156631 149.24792213854656  0.99999999999999933 7.6150093694848611 -0.77791376137208368 149.83333333333334  1 
5.2339994378204908 -4.1333127817975877 127.66666666666666  1 3.9959272840310307 -5.0841015273304393 129.33180829252723  0.99999999999999911 2.3499353062087907 -3.8363380316974589 130.99933674862336  1.0000000000000049 2.018296611408438 -5.0397441678760293 133.7049902262591  0.99999999999999445 0.7458622742391593 -2.8432306482779723 138.84398153835787  1.0000000000000051 2.176252157189174 -3.6233406157888832 144.18633971649052  0.999999999999996 2.5542031037847792 -1.576424383441891 146.78373188029644  1.0000000000000022 5.0007149911587474 -2.1895600823032209 149.24792213854656  0.99999999999999933 7.6189443814131241 -0.78620638084878114 149.83333333333334  1 
5.2523813854306463 -4.1651906519573938 127.66666666666666  1 4.0199174235117825 -5.1237166428402645 129.33180829252717  0.99999999999999911 2.377509973967932 -3.8854079460819877 130.99933674862339  1.0000000000000049 2.0522176632444915 -5.0874763844071023 133.7049902262591  0.99999999999999445 0.77321667993386689 -2.8954961824812151 138.84398153835772  1.0000000000000051 2.2039730227394418 -3.6654048377580137 144.18633971649061  0.999999999999996 2.5704306473439513 -1.6159713574383505 146.78373188029644  1.0000000000000022 5.0158694537236848 -2.2135411112987824 149.24792213854656  0.99999999999999933 7.6236486034465045 -0.79599611308550056 149.83333333333334  1 
5.2647458052973839 -4.1864238269732361 127.66666666666666  1 4.0360497612914843 -5.1500990966858975 129.331808292527  0.99999999999999911 2.3960786085822123 -3.9180851296929542 130.99933674862368  1.0000000000000049 2.0750149036977419 -5.1192424092146442 133.70499022625904  0.99999999999999445 0.79166725768788959 -2.9302960680113386 138.84398153835772  1.0000000000000051 2.2226183942081783 -3.6934012870458344 144.18633971649061  0.999999999999996 2.5814151911871681 -1.6423146562352873 146.78373188029644  1.0000000000000022 5.026061590985937 -2.2295064239962548 149.24792213854656  0.99999999999999933 7.626819600095164 -0.80251849067941139 149.83333333333334  1 
5.2884244017920778 -4.2265943865731064 127.66666666666666  1 4.0669340266369094 -5.2000012596800076 129.331808292527  0.99999999999999911 2.4316859589639579 -3.9798890170078178 130.99933674862368  1.0000000000000049 2.1186250904063844 -5.1792755746789707 133.70499022625904  0.99999999999999445 0.8271174691830715 -2.9961024772272005 138.84398153835772  1.0000000000000051 2.258321242669747 -3.7463171595133766 144.18633971649061  0.999999999999996 2.6026114130307612 -1.6921555365421637 146.78373188029644  1.0000000000000022 5.0455763993973575 -2.2596924569288546 149.24792213854656  0.99999999999999933 7.6329079735826912 -0.81486192943501645 149.83333333333334  1 
5.316991276313547 -4.2743111771015165 127.66666666666666  1 4.1041788731125157 -5.2592621848218783 129.33180829252717  0.99999999999999911 2.4747150466757919 -4.0532763696799972 130.99933674862339  1.0000000000000049 2.1711644293962769 -5.2504880873196278 133.7049902262591  0.99999999999999445 0.87006055470001664 -3.0742239395476489 138.84398153835772  1.0000000000000051 2.3013870875532665 -3.809097712660614 144.18633971649061  0.999999999999996 2.6284250691498858 -1.7513617459747459 146.78373188029644  1.0000000000000022 5.0691136877333811 -2.2955216739164119 149.24792213854656  0.99999999999999933 7.6402770160574995 -0.82953012923706537 149.83333333333334  1 
5.3619422808590933 -4.3474832517465902 127.66666666666666  1 4.1627415458844981 -5.3500998828696931 129.33180829252674  0.99999999999999911 2.5425992379058595 -4.1657408259199462 130.99933674862439  1.0000000000000049 2.2536345099785162 -5.3594402688812623 133.70499022625856  0.99999999999999445 0.93806106607788253 -3.1938993661198896 138.84398153835841  1.0000000000000051 2.369119624032701 -3.9051818018748841 144.18633971649021  0.999999999999996 2.6696492966757415 -1.8421436806607032 146.78373188029667  1.0000000000000022 5.1061290010452964 -2.3504015107395744 149.24792213854656  0.99999999999999933 7.6519324273490303 -0.85203885137998747 149.83333333333334  1 
5.429722667544933 -4.4543301729045313 127.66666666666666  1 4.2509585746546081 -5.4826800942577334 129.33180829252694  0.99999999999999911 2.6452709753364596 -4.3298228191591335 130.99933674862407  1.0000000000000049 2.3775928375153539 -5.5180751158188484 133.70499022625864  0.99999999999999445 1.0413387170386532 -3.3684327724062668 138.84398153835835  1.0000000000000051 2.4711653762544419 -4.0451413237095482 144.18633971649004  0.999999999999996 2.7328812663808462 -1.97469437959065 146.78373188029687  1.0000000000000022 5.1618955788044598 -2.4304210384190648 149.24792213854656  0.99999999999999933 7.6696148155144934 -0.88493542031589545 149.83333333333334  1 
5.4897161074248704 -4.5441900668102777 127.66666666666666  1 4.3289147349060615 -5.5940830580094083 129.33180829252669  0.99999999999999911 2.7365251432978139 -4.4676704994240772 130.99933674862436  1.0000000000000049 2.4867300407778985 -5.6508499513397146 133.70499022625862  0.99999999999999445 1.133673250424436 -3.514942346702878 138.84398153835835  1.0000000000000051 2.5613240753495816 -4.1623771731747654 144.18633971649004  0.999999999999996 2.790230238231111 -2.086173724879564 146.78373188029687  1.0000000000000022 5.2111748576501373 -2.4975563362921611 149.24792213854656  0.99999999999999933 7.6854075009656899 -0.91264227709020618 149.83333333333334  1 
5.5371111801271535 -4.6126604822074322 127.66666666666669  1 4.3904267392141918 -5.6789225756104402 129.33180829252669  0.99999999999999911 2.8087757157934949 -4.5726120351392279 130.99933674862436  1.0000000000000049 2.5725965536233488 -5.7517122202993045 133.70499022625862  0.99999999999999445 1.2070322396220121 -3.6264103663979039 138.84398153835835  1.0000000000000051 2.632417576964178 -4.2514705453382167 144.18633971649004  0.999999999999996 2.8362105805422262 -2.1711186999638943 146.78373188029687  1.0000000000000022 5.2500473147446094 -2.5486258122059353 149.24792213854656  0.99999999999999933 7.6979561522029867 -0.93377660016502606 149.83333333333334  1 
5.5517741870974735 -4.6336425724235584 127.66666666666669  1 4.4094512598364943 -5.7049170024480693 129.33180829252663  0.99999999999999911 2.8311408389660113 -4.6047627244187614 130.99933674862436  1.0000000000000049 2.5991332063910915 -5.7825951540204965 133.70499022625862  0.99999999999999445 1.2297603517229843 -3.6605552824872567 138.84398153835815  1.0000000000000051 2.6544013163494498 -4.2787526148562947 144.18633971649061  0.999999999999996 2.8504891931857097 -2.1971496802006985 146.78373188029582  1.0000000000000022 5.2620687862040274 -2.5642684244326128 149.24792213854712  0.99999999999999933 7.7018441784465592 -0.94025487435478672 149.83333333333334  1 
5.5693422293440342 -4.6585556823888306 127.66666666666669  1 4.4322383054345629 -5.7357771798520822 129.33180829252663  0.99999999999999911 2.8579502744727794 -4.6429285297901792 130.99933674862436  1.0000000000000049 2.6308945716233105 -5.8192356116400248 133.70499022625862  0.99999999999999445 1.257026798075781 -3.7010830070175671 138.84398153835815  1.0000000000000051 2.680727349763969 -4.311123404512557 144.18633971649061  0.999999999999996 2.8676556813340963 -2.2280586315677842 146.78373188029582  1.0000000000000022 5.2764663235851774 -2.5828335207529927 149.24792213854712  0.99999999999999933 7.7065089243032237 -0.94794897706356407 149.83333333333334  1 
5.5913503690647559 -4.6894726241252318 127.66666666666666  1 4.4607759829721045 -5.7740687401600885 129.33180829252703  0.99999999999999911 2.8915522977083388 -4.6902811291816109 130.99933674862351  1.0000000000000049 2.6706403865385422 -5.8646692772425881 133.70499022625927  0.99999999999999445 1.2912296125972966 -3.7513591751050979 138.84398153835744  1.0000000000000051 2.7136895211664998 -4.3512661826579748 144.18633971649101  0.999999999999996 2.8892364578417036 -2.2664174576342253 146.78373188029559  1.0000000000000022 5.2944952440003981 -2.6058621124208181 149.24792213854712  0.99999999999999933 7.7123609225062975 -0.95750005269875504 149.83333333333334  1 
5.6141652194675258 -4.7210267084370754 127.66666666666666  1 4.4903455050983583 -5.8131398672213628 129.33180829252728  0.99999999999999911 2.9264131993664613 -4.7385913993118383 130.99933674862288  1.0000000000000049 2.7117690615695804 -5.910977382296104 133.70499022625981  0.99999999999999445 1.3267601170278487 -3.8026409775787458 138.84398153835653  1.0000000000000051 2.747828991040568 -4.3921879870575573 144.18633971649203  0.999999999999996 2.9117341775721641 -2.3055678756805085 146.78373188029425  1.0000000000000022 5.3131721295978931 -2.6293477681743447 149.24792213854772  0.99999999999999933 7.7184413685119893 -0.96725271714978467 149.83333333333334  1 
5.6519484259045374 -4.7726006626733124 127.66666666666666  1 4.5392958862815771 -5.8769870242634994 129.33180829252728  0.99999999999999911 2.984180115701708 -4.8175279523258361 130.99933674862288  1.0000000000000049 2.7797766062970291 -5.9865822970930518 133.70499022625981  0.99999999999999445 1.3856978631541588 -3.8864184497907028 138.84398153835653  1.0000000000000051 2.8043211189073638 -4.4590093429452908 144.18633971649203  0.999999999999996 2.9491604621118932 -2.3695561649648207 146.78373188029425  1.0000000000000022 5.3440837940319721 -2.6677124301159614 149.24792213854772  0.99999999999999933 7.7285299736664355 -0.98319978022675636 149.83333333333334  1 
5.6987597924190716 -4.8350995920858768 127.66666666666666  1 4.5999026962153557 -5.9543329017309752 129.33180829252728  0.99999999999999911 3.0558196025089019 -4.9131340712184128 130.99933674862288  1.0000000000000049 2.863816717785272 -6.0780305532990333 133.70499022625981  0.99999999999999445 1.4589120804125988 -3.9878594558165501 138.84398153835653  1.0000000000000051 2.874215893471618 -4.5398560625007587 144.18633971649203  0.999999999999996 2.9958707485729832 -2.4470933004735551 146.78373188029425  1.0000000000000022 5.3823424028528395 -2.7141609649046412 149.24792213854772  0.99999999999999933 7.7410677515718653 -1.0025389001639156 149.83333333333334  1 
5.7794817396885492 -4.9392045165093581 127.66666666666666  1 4.7042960956509638 -6.08311262743337 129.33180829252694  0.99999999999999911 3.1795199845277251 -5.0722469499921754 130.99933674862388  1.0000000000000049 3.0081293740501671 -6.2299201009521985 133.70499022625899  0.99999999999999445 1.5856171794942442 -4.1566347833028576 138.84398153835772  1.0000000000000051 2.9944563397468387 -4.6741980050962493 144.18633971649101  0.999999999999996 3.07726652564505 -2.5762525183575535 146.78373188029559  1.0000000000000022 5.4481998164494856 -2.7914216510570995 149.24792213854712  0.99999999999999933 7.7627862550952234 -1.0347903062103381 149.83333333333334  1 
5.8505157561395862 -5.026695977679088 127.66666666666666  1 4.7960200916344498 -6.1912695066988208 129.33180829252723  0.99999999999999911 3.2885326566158275 -5.2058534586534391 130.99933674862325  1.0000000000000049 3.1344069532974075 -6.357075034774021 133.70499022625924  0.99999999999999445 1.697568724385468 -4.2982872775256169 138.84398153835755  1.0000000000000051 3.0999097306755812 -4.7867400757272573 144.18633971649092  0.999999999999996 3.1497976236147012 -2.6848311994797101 146.78373188029559  1.0000000000000022 5.5060100571183463 -2.8562310384369791 149.24792213854712  0.99999999999999933 7.7820056066694105 -1.0619398122673644 149.83333333333334  1 
5.9037664584618543 -5.0897934954024846 127.66666666666666  1 4.8646914029492763 -6.2692361401897783 129.33180829252723  0.99999999999999911 3.3703063584051427 -5.3021394921569289 130.99933674862325  1.0000000000000049 3.2286122258697518 -6.4485215845761106 133.70499022625924  0.99999999999999445 1.7816936739049276 -4.4003335733898679 138.84398153835755  1.0000000000000051 3.1787137103263925 -4.8677130172342862 144.18633971649092  0.999999999999996 3.2046588804386325 -2.7631709347121958 146.78373188029559  1.0000000000000022 5.5492475536244878 -2.9029036504210333 149.24792213854712  0.99999999999999933 7.7964750774737634 -1.0815487636623464 149.83333333333334  1 
5.9228831373722697 -5.1122107364814742 127.66666666666666  1 4.8893353151973136 -6.2969327711550642 129.33180829252723  0.99999999999999911 3.399666584232115 -5.3363419634762215 130.99933674862325  1.0000000000000049 3.2623870779283508 -6.4809865005966385 133.70499022625924  0.99999999999999445 1.8119114413252622 -4.436579439788245 138.84398153835755  1.0000000000000051 3.206979007083234 -4.8964624321428154 144.18633971649092  0.999999999999996 3.2243983592757326 -2.7910080166030666 146.78373188029559  1.0000000000000022 5.5647596467482909 -2.9194789383085351 149.24792213854712  0.99999999999999933 7.8016752397273628 -1.0885182887615672 149.83333333333334  1 
5.9356961295475532 -5.1271550792904224 127.66666666666666  1 4.9058499432229015 -6.3153954515848811 129.33180829252723  0.99999999999999911 3.4193466410822904 -5.3591408262901927 130.99933674862325  1.0000000000000049 3.2850094117456501 -6.5026207236748981 133.70499022625924  0.99999999999999445 1.8321708707180606 -4.4607394716066526 138.84398153835755  1.0000000000000051 3.2259152547888097 -4.915621682956214 144.18633971649092  0.999999999999996 3.2376440692738311 -2.8095670671814621 146.78373188029559  1.0000000000000022 5.5751532233562857 -2.9305265254979873 149.24792213854712  0.99999999999999933 7.8051626232943212 -1.0931654900791525 149.83333333333334  1 
5.962482026436513 -5.1581455310566318 127.66666666666666  1 4.9403649773484721 -6.3536784332680742 129.33180829252723  0.99999999999999911 3.4604919499607631 -5.4064132574323951 130.99933674862325  1.0000000000000049 3.3322540687468121 -6.547458567906526 133.70499022625924  0.99999999999999445 1.8745414046568336 -4.5108315704710664 138.84398153835755  1.0000000000000051 3.265474902409264 -4.9553333018706489 144.18633971649092  0.999999999999996 3.2653812514715779 -2.8480583615537878 146.78373188029559  1.0000000000000022 5.5968705208957594 -2.9534293792037278 149.24792213854712  0.99999999999999933 7.8124591708185811 -1.1028056401371871 149.83333333333334  1 
5.9878198722355194 -5.1869967030276403 127.66666666666666  1 4.9729972587756279 -6.3893122080067126 129.33180829252723  0.99999999999999911 3.4994188066539809 -5.4504115383797389 130.99933674862325  1.0000000000000049 3.3768554735223244 -6.5891545882816764 133.70499022625924  0.99999999999999445 1.9146526527133709 -4.5574497564645897 138.84398153835755  1.0000000000000051 3.3028453431035016 -4.9922686828195175 144.18633971649092  0.999999999999996 3.2917036190227691 -2.8839016954418382 146.78373188029559  1.0000000000000022 5.6173938014887232 -2.9747389654767349 149.24792213854712  0.99999999999999933 7.819372426076642 -1.1117862045021742 149.83333333333334  1 
6.035660461747332 -5.2406888395870412 127.66666666666664  1 5.0345830258153841 -6.4556159421661388 129.33180829252723  0.99999999999999911 3.5729227638151846 -5.532276122450174 130.99933674862325  1.0000000000000049 3.4609142927229604 -6.6666759931643389 133.70499022625924  0.99999999999999445 1.9904331627265219 -4.6441834784379941 138.84398153835755  1.0000000000000051 3.3733167016396326 -5.0609519730682697 144.18633971649092  0.999999999999996 3.3415381553790864 -2.9506194283533245 146.78373188029559  1.0000000000000022 5.6561097690756625 -3.014379409107276 149.24792213854712  0.99999999999999933 7.8324438535007168 -1.128509318978963 149.83333333333334  1 
6.0887919306307277 -5.2989615586104302 127.66666666666664  1 5.1029324068904103 -6.5275571463337236 129.33180829252726  0.99999999999999911 3.6545644144103102 -5.6210969495352927 130.99933674862331  1.0000000000000049 3.5540018559701103 -6.7506804789584454 133.70499022625927  0.99999999999999445 2.0746721920212288 -4.7382785622466921 138.84398153835744  1.0000000000000051 3.4514275191748185 -5.1354020128429188 144.18633971649101  0.999999999999996 3.3971164057986032 -3.0230538516187972 146.78373188029559  1.0000000000000022 5.6990475389696726 -3.0573726738803861 149.24792213854712  0.99999999999999933 7.8469927961513388 -1.1466772431920189 149.83333333333334  1 
6.1793471156491275 -5.3948106459550269 127.66666666666666  1 5.2192925066537867 -6.6458579017678607 129.33180829252726  0.99999999999999911 3.7937166139010379 -5.7671269983843825 130.99933674862331  1.0000000000000049 3.7119440755269917 -6.8885506799050091 133.70499022625927  0.99999999999999445 2.218398712859603 -4.8929919504678763 138.84398153835744  1.0000000000000051 3.5841339489626085 -5.2576510079134628 144.18633971649101  0.999999999999996 3.4923942566869899 -3.1422941100661883 146.78373188029559  1.0000000000000022 5.772064057210808 -3.1280251450356444 149.24792213854712  0.99999999999999933 7.8718681608222809 -1.1766093572343232 149.83333333333334  1 
6.2547699550287952 -5.4712414796367224 127.66666666666666  1 5.3160710056703282 -6.7401585035796163 129.33180829252717  0.99999999999999911 3.9096081972336423 -5.8835472739284693 130.99933674862339  1.0000000000000049 3.8427734341499393 -6.9981984235213837 133.70499022625916  0.99999999999999445 2.3382237546519673 -5.0163423082827583 138.84398153835758  1.0000000000000051 3.6942290086180813 -5.3549410327693305 144.18633971649083  0.999999999999996 3.5722619065332792 -3.2375035468216447 146.78373188029602  1.0000000000000022 5.8327086814217601 -3.1843058639468969 149.24792213854684  0.99999999999999933 7.8926618337650734 -1.2005281725119077 149.83333333333331  1 
6.3179992398789544 -5.5329811153536648 127.66666666666666  1 5.3971065557319911 -6.8163206284167313 129.33180829252706  0.99999999999999911 4.0067224121963196 -5.9775873978105762 130.99933674862382  1.0000000000000049 3.9519480307225052 -7.0866181713725496 133.70499022625887  0.99999999999999445 2.4386986349241759 -5.1159928342683623 138.84398153835801  1.0000000000000051 3.7862065756283121 -5.4334333211885975 144.18633971649044  0.999999999999996 3.6395232903077153 -3.3145274540956611 146.78373188029624  1.0000000000000022 5.8834225403763352 -3.2297398878129453 149.24792213854684  0.99999999999999933 7.9101427182301443 -1.2198871658023158 149.83333333333331  1 
6.3398934314880391 -5.5540494136922582 127.66666666666666  1 5.4251533150799665 -6.8423090223132732 129.33180829252717  0.99999999999999911 4.0403433850085193 -6.0096790695605549 130.99933674862339  1.0000000000000049 3.9896836797748612 -7.1167714183579101 133.70499022625916  0.99999999999999445 2.4734914657541154 -5.1500019932499628 138.84398153835758  1.0000000000000051 3.8180114893301496 -5.46020557492281 144.18633971649083  0.999999999999996 3.662853060358457 -3.3408291333426297 146.78373188029602  1.0000000000000022 5.9009656940294137 -3.2452402883312401 149.24792213854684  0.99999999999999933 7.9162021533855915 -1.2264985709107301 149.83333333333331  1 
6.3538596226556745 -5.5674048524431221 127.66666666666666  1 5.4430405949034544 -6.8587830112145856 129.33180829252726  0.99999999999999911 4.0617880748204396 -6.0300228438245078 130.99933674862331  1.0000000000000049 4.0137365387325641 -7.1358808905307187 133.70499022625927  0.99999999999999445 2.4956857839945195 -5.1715622472214964 138.84398153835744  1.0000000000000051 3.8382876951110343 -5.477173666517098 144.18633971649101  0.999999999999996 3.6777452484821982 -3.3575070270812968 146.78373188029559  1.0000000000000022 5.9121516356474046 -3.2550652931747881 149.24792213854712  0.99999999999999933 7.9200691440989663 -1.2306910722436348 149.83333333333331  1 
6.3755969225367704 -5.5881199154399912 127.66666666666666  1 5.4708776898531104 -6.8843348235711979 129.33180829252726  0.99999999999999911 4.0951634053934223 -6.0615776515549129 130.99933674862331  1.0000000000000049 4.0511571461303078 -7.1655164923565895 133.70499022625927  0.99999999999999445 2.5302296479645663 -5.2050047177529493 138.84398153835744  1.0000000000000051 3.8698358110412587 -5.5034894702823776 144.18633971649101  0.999999999999996 3.7009325266045057 -3.383379670869846 146.78373188029559  1.0000000000000022 5.9295576390427076 -3.2703036970568595 149.24792213854712  0.99999999999999933 7.9260892746534619 -1.2371951365441958 149.83333333333331  1 
6.4083838990634741 -5.6189159021272488 127.66666666666666  1 5.5128460593679014 -6.9223194717451442 129.33180829252726  0.99999999999999911 4.145493344790804 -6.1084917790004987 130.99933674862331  1.0000000000000049 4.1075003592342147 -7.2095479609398652 133.70499022625927  0.99999999999999445 2.5823331540045897 -5.2547307544980306 138.84398153835744  1.0000000000000051 3.9173564049140781 -5.5425957881700265 144.18633971649101  0.999999999999996 3.7359602587499019 -3.4218701791933546 146.78373188029559  1.0000000000000022 5.9557861963758718 -3.2929534240995317 149.24792213854712  0.99999999999999933 7.9351786997776266 -1.24687229315637 149.83333333333334  1 
6.4668345742356248 -5.6727891198892104 127.66666666666669  1 5.587622609647358 -6.9887641625699004 129.3318082925268  0.99999999999999911 4.2351893337442981 -6.1905734527997156 130.99933674862424  1.0000000000000049 4.207716654269813 -7.2865209070928039 133.70499022625856  0.99999999999999445 2.6752144358942869 -5.3417474330667138 138.84398153835815  1.0000000000000051 4.0019249938235326 -5.6109779207086588 144.18633971649061  0.999999999999996 3.7985196469403881 -3.4892661396800415 146.78373188029582  1.0000000000000022 6.0024873124116951 -3.332570998466617 149.24792213854712  0.99999999999999933 7.9514032561960297 -1.2638198146838102 149.83333333333334  1 
6.5316727714399532 -5.7309070995409153 127.66666666666666  1 5.670505005223152 -7.0604376872107162 129.33180829252674  0.99999999999999911 4.3346364875878951 -6.2791473318709361 130.99933674862416  1.0000000000000049 4.318516595385459 -7.3694780233940484 133.70499022625864  0.99999999999999445 2.7782310901722109 -5.435675182478751 138.84398153835815  1.0000000000000051 4.0954957422534655 -5.6847076544020627 144.18633971649061  0.999999999999996 3.8680925407324462 -3.5620807559405905 146.78373188029582  1.0000000000000022 6.0541986506051515 -3.3753046669994435 149.24792213854712  0.99999999999999933 7.9694331693091502 -1.2821334850877146 149.83333333333334  1 
6.6283240357399515 -5.814514971067454 127.66666666666669  1 5.7939266624569008 -7.1635531286662397 129.33180829252709  0.99999999999999911 4.4827746319475636 -6.4066272139733442 130.99933674862339  1.0000000000000049 4.4829898688724725 -7.4887046421924222 133.70499022625918  0.99999999999999445 2.9317407380937546 -5.5709455064997595 138.84398153835772  1.0000000000000051 4.2345220904240106 -5.7907320212465923 144.18633971649072  0.999999999999996 3.9721027933722328 -3.6670700082853798 146.78373188029602  1.0000000000000022 6.131103887933822 -3.4367835211335191 149.24792213854684  0.99999999999999933 7.9963672183819856 -1.3085395253706178 149.83333333333337  1 
6.7080965075352035 -5.8805891834446804 127.66666666666669  1 5.8956649006320205 -7.2450517430358641 129.33180829252652  0.99999999999999911 4.6049398310013423 -6.5074685944323267 130.99933674862496  1.0000000000000049 4.6180598141199471 -7.5828324326159926 133.70499022625779  0.99999999999999445 3.0583737261706263 -5.6780332814531977 138.84398153835949  1.0000000000000051 4.3488176375113987 -5.8745004008015442 144.18633971648933  0.999999999999996 4.0582233016316112 -3.7503087217311446 146.78373188029758  1.0000000000000022 6.1944008677131759 -3.4853807706217821 149.24792213854627  0.99999999999999933 8.0186521870796561 -1.3294696518543869 149.83333333333337  1 
6.7730871781328528 -5.9324633974066741 127.66666666666669  1 5.9784641736535145 -7.3090514886991311 129.33180829252703  0.99999999999999911 4.7043765775111597 -6.5867259854513369 130.99933674862351  1.0000000000000049 4.7276516349949533 -7.6567111054246642 133.70499022625927  0.99999999999999445 3.1614606718309393 -5.7622654338815797 138.84398153835744  1.0000000000000051 4.4416270669803559 -5.9402870430801755 144.18633971649101  0.999999999999996 4.1285412098090912 -3.8158713074915407 146.78373188029559  1.0000000000000022 6.2458460147196693 -3.5235548099437559 149.24792213854712  0.99999999999999933 8.036842496256309 -1.3459463638391693 149.83333333333334  1 
6.800323476715346 -5.9539054664480267 127.66666666666669  1 6.0131502884269823 -7.3355084476235861 129.33180829252703  0.99999999999999911 4.7460341365164194 -6.6195021286773619 130.99933674862351  1.0000000000000049 4.7735106164050123 -7.6872470394764072 133.70499022625927  0.99999999999999445 3.2046496259507213 -5.797110071823445 138.84398153835744  1.0000000000000051 4.4804739172292454 -5.9674839829366535 144.18633971649101  0.999999999999996 4.1580330362669962 -3.8430067766496121 146.78373188029559  1.0000000000000022 6.2673865689456916 -3.5393376342391902 149.24792213854712  0.99999999999999933 8.0444708962258549 -1.3527640908587684 149.83333333333334  1 
6.8144292529997621 -5.964909321384007 127.66666666666669  1 6.031109761340927 -7.349086944990896 129.33180829252703  0.99999999999999911 4.7676036975511273 -6.6363280604512473 130.99933674862351  1.0000000000000049 4.7972377305943743 -7.7029175762581037 133.70499022625927  0.99999999999999445 3.2270128179256981 -5.8150018761254199 138.84398153835744  1.0000000000000051 4.5005765997358029 -5.9814430035525215 144.18633971649101  0.999999999999996 4.1733144361000765 -3.856944784181696 146.78373188029559  1.0000000000000022 6.2785360020656 -3.5474386420294075 149.24792213854712  0.99999999999999933 8.0484234243008927 -1.3562653493973151 149.83333333333334  1 
6.8382703004232894 -5.9834336978425844 127.66666666666669  1 6.0614608066542832 -7.3719464059352227 129.33180829252703  0.99999999999999911 4.8040559872500044 -6.664657819659646 130.99933674862351  1.0000000000000049 4.837323248103127 -7.72929810460752 133.70499022625927  0.99999999999999445 3.2648068209959682 -5.8451292559984438 138.84398153835744  1.0000000000000051 4.5345415046156159 -6.0049437898679612 144.18633971649101  0.999999999999996 4.1991477569394764 -3.880417866464565 146.78373188029559  1.0000000000000022 6.2973755983204134 -3.5610773621249212 149.24792213854712  0.99999999999999933 8.0551051056890355 -1.3621613600131233 149.83333333333334  1 
6.8739696409293911 -6.0108524625025259 127.66666666666669  1 6.10689357310231 -7.4057852712195995 129.33180829252703  0.99999999999999911 4.8586230082812039 -6.7066083775548737 130.99933674862351  1.0000000000000049 4.8972727801143989 -7.7683453495790911 133.70499022625927  0.99999999999999445 3.3213844155453391 -5.8897548022502448 138.84398153835744  1.0000000000000051 4.5853488430072833 -6.0397351074285446 144.18633971649101  0.999999999999996 4.2378531158606325 -3.9152014541786557 146.78373188029559  1.0000000000000022 6.3255652811388554 -3.5812695296046111 149.24792213854712  0.99999999999999933 8.0651156687725223 -1.3708962816658299 149.83333333333334  1 
6.9432571484371941 -6.0628441725928992 127.66666666666669  1 6.1950187504817791 -7.4699645624860533 129.3318082925266  0.99999999999999911 4.9644648746751736 -6.7862332806925325 130.99933674862473  1.0000000000000049 5.0133434108925456 -7.8423964342280046 133.70499022625819  0.99999999999999445 3.431133657383973 -5.9745103859202846 138.8439815383588  1.0000000000000051 4.6837635512463383 -6.1057423947779181 144.1863397164901  0.999999999999996 4.3130536773343877 -3.9813154075720512 146.78373188029644  1.0000000000000022 6.3802008635327656 -3.6195828542973252 149.24792213854684  0.99999999999999933 8.0845655636789786 -1.3874908882683428 149.83333333333334  1 
7.0202473724308678 -6.1187107394104014 127.66666666666666  1 6.2928609383585661 -7.5389486782418569 129.3318082925266  0.99999999999999911 5.0819676950791361 -6.871927288300288 130.99933674862473  1.0000000000000049 5.1418778492828272 -7.9219938822369453 133.70499022625819  0.99999999999999445 3.5529862335941451 -6.0658163946043784 138.8439815383588  1.0000000000000051 4.7928146965796588 -6.1767377443534892 144.1863397164901  0.999999999999996 4.3967321456241759 -4.0526195776892386 146.78373188029644  1.0000000000000022 6.440790369001208 -3.6607959992383861 149.24792213854684  0.99999999999999933 8.1062096501474201 -1.405372953212447 149.83333333333334  1 
7.1242147629508512 -6.1913071192574947 127.66666666666666  1 6.4248654486712322 -7.6286441828593521 129.33180829252632  0.99999999999999911 5.2404835006134016 -6.9835051120966831 130.99933674862538  1.0000000000000049 5.3147934803597785 -8.0255089477072321 133.70499022625759  0.99999999999999445 3.7173804284849421 -6.1848696636190619 138.84398153835974  1.0000000000000051 4.9396203790060902 -6.2691340343067186 144.18633971648907  0.999999999999996 4.5098947654905821 -4.1457170090899123 146.78373188029778  1.0000000000000022 6.5224293174869921 -3.7144336524511798 149.24792213854627  0.99999999999999933 8.1354844235017332 -1.4286903178497228 149.83333333333334  1 
7.2083918275817904 -6.2474510114847179 127.66666666666666  1 6.531626214941836 -7.6980665392674119 129.3318082925262  0.99999999999999911 5.3686828609933253 -7.0700429667849463 130.99933674862558  1.0000000000000049 5.4541845650570888 -8.1056627281474913 133.70499022625748  0.99999999999999445 3.8503332270430946 -6.2773669933676484 138.84398153835991  1.0000000000000051 5.0580565293427284 -6.3407469262524598 144.18633971648887  0.999999999999996 4.6016598765576102 -4.2181655504785995 146.78373188029821  1.0000000000000022 6.5883592704402929 -3.7560042366394231 149.24792213854599  0.99999999999999933 8.1592291583733267 -1.4468019501341232 149.83333333333337  1 
7.2716616344143628 -6.2880527105784232 127.66666666666666  1 6.6118013214701179 -7.7483144745306056 129.33180829252632  0.99999999999999911 5.4649437947963442 -7.132802324078007 130.99933674862538  1.0000000000000049 5.558597230763608 -8.1637251307789462 133.70499022625759  0.99999999999999445 3.9501571212047213 -6.3445560782450192 138.84398153835974  1.0000000000000051 5.1468224035725854 -6.3926629524157477 144.18633971648907  0.999999999999996 4.670706663680579 -4.2708676304997697 146.78373188029778  1.0000000000000022 6.6378114988013399 -3.78613452376382 149.24792213854627  0.99999999999999933 8.1771013270153396 -1.4599512509817569 149.83333333333334  1 
7.2982699512625411 -6.3049298962199627 127.66666666666666  1 6.6455105736307587 -7.7692072493108162 129.3318082925266  0.99999999999999911 5.505414518446023 -7.1589138014999811 130.99933674862473  1.0000000000000049 5.6024640726687505 -8.1878739034455688 133.70499022625819  0.99999999999999445 3.9921252428148764 -6.3725248962982697 138.8439815383588  1.0000000000000051 5.1841213382843954 -6.4142603819404913 144.1863397164901  0.999999999999996 4.6997535290243366 -4.2928156446179413 146.78373188029644  1.0000000000000022 6.6585959501136367 -3.7986680187092556 149.24792213854684  0.99999999999999933 8.1846205895602324 -1.465423796354075 149.83333333333334  1 
7.3140174359456429 -6.3148323001599884 127.66666666666666  1 6.6654568190132402 -7.7814683487385885 129.33180829252655  0.99999999999999911 5.5293608492993886 -7.1742448759807305 130.99933674862487  1.0000000000000049 5.6284064203856623 -8.2020489013186637 133.70499022625813  0.99999999999999445 4.0169573282643114 -6.3889528164056744 138.8439815383588  1.0000000000000051 5.2061820202553957 -6.4269399885432046 144.1863397164901  0.999999999999996 4.7169480281404192 -4.3057113651440124 146.78373188029644  1.0000000000000022 6.6708911600404743 -3.8060258664490974 149.24792213854684  0.99999999999999933 8.1890720090361917 -1.4686376638290763 149.83333333333334  1 
7.3421666436831003 -6.332398040304005 127.66666666666666  1 6.7011055484202764 -7.803222421977857 129.33180829252655  0.99999999999999911 5.5721574136766501 -7.2014577003943891 130.99933674862487  1.0000000000000049 5.674749256099707 -8.2272039375494845 133.70499022625813  0.99999999999999445 4.0613365033434663 -6.4181227338008204 138.8439815383588  1.0000000000000051 5.2455947387282427 -6.4494448570213949 144.1863397164901  0.999999999999996 4.747689499015519 -4.3286159441109637 146.78373188029644  1.0000000000000022 6.6928606047539407 -3.8190844410282452 149.24792213854684  0.99999999999999933 8.197031149262223 -1.4743434119176344 149.83333333333334  1 
7.3843430937985195 -6.3583831608700061 127.66666666666666  1 6.7545040361148256 -7.8354141082652085 129.33180829252629  0.99999999999999911 5.6362594889512998 -7.2417570373817126 130.99933674862524  1.0000000000000049 5.7441113341140593 -8.2644417213904919 133.70499022625813  0.99999999999999445 4.1278080708864575 -6.4613457490076263 138.8439815383588  1.0000000000000051 5.3045943347463123 -6.4827684366167073 144.1863397164901  0.999999999999996 4.7937637059090399 -4.3625712965533134 146.78373188029644  1.0000000000000022 6.7257564150441631 -3.838418712803477 149.24792213854684  0.99999999999999933 8.2089615513120044 -1.4827957261764069 149.83333333333334  1 
7.4616648073214833 -6.4047799666112795 127.66666666666666  1 6.8523470886541711 -7.8929328405208246 129.33180829252723  0.99999999999999911 5.7536995328539637 -7.3138811352889732 130.99933674862325  1.0000000000000049 5.8709996084304779 -8.3310344167110664 133.70499022625924  0.99999999999999445 4.2495859774084668 -6.5387998433231518 138.84398153835755  1.0000000000000051 5.4125637372145858 -6.5423963290868157 144.18633971649092  0.999999999999996 4.8782767161691698 -4.423474812281639 146.78373188029559  1.0000000000000022 6.7859873022251715 -3.8730075912632418 149.24792213854712  0.99999999999999933 8.2308523081508458 -1.4979321714377911 149.83333333333334  1 
7.550863954698638 -6.4561600895317941 127.66666666666666  1 6.9651358689896981 -7.9566992340522598 129.33180829252709  0.99999999999999911 5.8890447889384729 -7.3940671938740312 130.99933674862368  1.0000000000000049 6.0169155127955483 -8.4049804191879041 133.70499022625893  0.99999999999999445 4.3899273580158873 -6.6250895144805186 138.84398153835784  1.0000000000000051 5.5367881985414398 -6.6086712927226134 144.18633971649092  0.999999999999996 4.975849612235054 -4.4914257026104929 146.78373188029559  1.0000000000000022 6.8553394828366301 -3.9114376416604002 149.24792213854712  0.99999999999999933 8.2561381772279443 -1.5147746728098948 149.83333333333334  1 
7.6634607582081706 -6.5181623564929634 127.66666666666666  1 7.1074006510882093 -8.0337663577786511 129.33180829252709  0.99999999999999911 6.0597191476700818 -7.4912836209884404 130.99933674862368  1.0000000000000049 6.2005020329380285 -8.4945324046210491 133.70499022625887  0.99999999999999445 4.5668966100177091 -6.7299801487637545 138.84398153835809  1.0000000000000051 5.6931677995562904 -6.6890199935261636 144.18633971649052  0.999999999999996 5.0991188981428399 -4.5741623998163332 146.78373188029644  1.0000000000000022 6.9427124935222828 -3.9580029946823854 149.24792213854656  0.99999999999999933 8.2880997510697529 -1.5352127918270995 149.8333333333334  1 
7.7494408190196902 -6.5631278081922977 127.66666666666666  1 7.2159424797856033 -8.0897644655100525 129.33180829252709  0.99999999999999911 6.1899151165565147 -7.5622110235744495 130.99933674862368  1.0000000000000049 6.340192946566245 -8.5597746093513027 133.7049902262589  0.99999999999999445 4.701883217008751 -6.8067457884272793 138.84398153835795  1.0000000000000051 5.8122276374333648 -6.7476350204005797 144.18633971649072  0.999999999999996 5.193333619469227 -4.6348323337112305 146.78373188029602  1.0000000000000022 7.0092909275592454 -3.9919482798465844 149.24792213854684  0.99999999999999933 8.3125416567128507 -1.5501354731958603 149.83333333333337  1 
7.8099587397754568 -6.5935193690148246 127.66666666666666  1 7.2922943717632434 -8.1276793562559106 129.33180829252709  0.99999999999999911 6.2814830453748574 -7.6104029054257323 130.99933674862368  1.0000000000000049 6.4382685748451847 -8.6040599373723037 133.7049902262589  0.99999999999999445 4.7968123601125612 -6.859040724686591 138.84398153835795  1.0000000000000051 5.8958513491442739 -6.7874637876943718 144.18633971649072  0.999999999999996 5.2596890879820659 -4.6762282770128536 146.78373188029602  1.0000000000000022 7.0560812896052862 -4.0149973603302644 149.24792213854684  0.99999999999999933 8.3297640974992948 -1.5602786375946707 149.83333333333337  1 
7.8345042882904572 -6.6057270545132845 127.66666666666666  1 7.3232576756915764 -8.1429156875442814 129.33180829252709  0.99999999999999911 6.3186155265357664 -7.6297859651857687 130.99933674862368  1.0000000000000049 6.4780240312463135 -8.621867522323317 133.7049902262589  0.99999999999999445 4.835307242774638 -6.8800875580193033 138.84398153835795  1.0000000000000051 5.9297516006346687 -6.8034833901346898 144.18633971649072  0.999999999999996 5.2866063053718788 -4.6928950646071348 146.78373188029602  1.0000000000000022 7.0750523042811242 -4.0242663045625902 149.24792213854684  0.99999999999999933 8.3367511420233225 -1.5643585930453363 149.83333333333337  1 
7.8512212408252005 -6.6139608818896836 127.66666666666666  1 7.3443425459271197 -8.1531968473803644 129.33180829252709  0.99999999999999911 6.343900416069121 -7.6428767928791519 130.99933674862368  1.0000000000000049 6.5050841910188897 -8.633891435256114 133.7049902262589  0.99999999999999445 4.8615194361571792 -6.8943112823553472 138.84398153835795  1.0000000000000051 5.9528282945171425 -6.8143027820884301 144.18633971649072  0.999999999999996 5.3049412256643826 -4.7041630583488816 146.78373188029602  1.0000000000000022 7.0879681125520477 -4.030525259126966 149.24792213854684  0.99999999999999933 8.3415109221677763 -1.5671142982652257 149.83333333333337  1 
7.8833074924711495 -6.6296060886113626 127.66666666666666  1 7.3848067216790092 -8.1727415233974181 129.33180829252709  0.99999999999999911 6.3924230175625798 -7.6677860454795201 130.99933674862368  1.0000000000000049 6.5569924783772695 -8.6567649410751137 133.7049902262589  0.99999999999999445 4.9118208141466164 -6.9213947541678955 138.84398153835795  1.0000000000000051 5.9970992275101178 -6.834890410031595 144.18633971649072  0.999999999999996 5.3401381137547306 -4.7256270824937356 146.78373188029602  1.0000000000000022 7.112749642854336 -4.0424326820510394 149.24792213854684  0.99999999999999933 8.3506491141351535 -1.5723582132792961 149.83333333333337  1 
7.9305773844131178 -6.6523053530643699 127.66666666666669  1 7.4444063607661803 -8.2011192528467483 129.33180829252689  0.99999999999999911 6.4638877975262634 -7.704004946410862 130.99933674862388  1.0000000000000049 6.6333973752637423 -8.6900113923918703 133.70499022625893  0.99999999999999445 4.9859037702067317 -6.9608163307800526 138.84398153835784  1.0000000000000051 6.0622712919408741 -6.8648266770725259 144.18633971649083  0.999999999999996 5.3920017420706348 -4.756888133927891 146.78373188029602  1.0000000000000022 7.1492387467231566 -4.0597418186060539 149.24792213854684  0.99999999999999933 8.3641167780213532 -1.5799837942619308 149.83333333333337  1 
8.0177040454219508 -6.6928149141112083 127.66666666666669  1 7.5542135301760016 -8.2518411805142549 129.33180829252703  0.99999999999999911 6.5955379661917171 -7.7689522276181702 130.99933674862351  1.0000000000000049 6.773975749754122 -8.7495808516012143 133.70499022625918  0.99999999999999445 5.1223720696204822 -7.0316668603795165 138.84398153835758  1.0000000000000051 6.1822165599707937 -6.9185138061080611 144.18633971649083  0.999999999999996 5.4876343960289411 -4.8131421333915263 146.78373188029602  1.0000000000000022 7.2164248655841474 -4.0907631395110675 149.24792213854684  0.99999999999999933 8.3889597971352181 -1.5936597168811033 149.8333333333334  1 
8.1187624824495899 -6.7374438649601371 127.66666666666669  1 7.6815061929124031 -8.3078596600902799 129.33180829252709  0.99999999999999911 6.7481169833797896 -7.8410899076471807 130.99933674862339  1.0000000000000049 6.9366052880119939 -8.8156578727701742 133.70499022625935  0.99999999999999445 5.2805309812606396 -7.1106573722107491 138.8439815383573  1.0000000000000051 6.3210366544647112 -6.9781559152146677 144.18633971649118  0.999999999999996 5.5986329645419959 -4.8759859736523516 146.78373188029539  1.0000000000000022 7.2942353334832317 -4.1251859875114487 149.24792213854712  0.99999999999999933 8.4178107192212295 -1.6088502176806574 149.8333333333334  1 
8.2411120830223652 -6.7884677302196419 127.66666666666669  1 7.8355319032609749 -8.3721169412874676 129.33180829252709  0.99999999999999911 6.9327027964896715 -7.9243584915232974 130.99933674862339  1.0000000000000049 7.1329812012933465 -8.8918464496075202 133.70499022625935  0.99999999999999445 5.4718662773440014 -7.202264455690119 138.8439815383573  1.0000000000000051 6.4887383814614337 -7.0470439584720115 144.18633971649118  0.999999999999996 5.7331220977177022 -4.9490367194872302 146.78373188029539  1.0000000000000022 7.3882971724978219 -4.1648878717159512 149.24792213854712  0.99999999999999933 8.4527859892154904 -1.626385441399727 149.8333333333334  1 
8.321805333135023 -6.8200769634007115 127.66666666666669  1 7.9370594012595204 -8.4120799361200405 129.33180829252709  0.99999999999999911 7.0543642150892678 -7.976539680274346 130.99933674862339  1.0000000000000049 7.2621584638836758 -8.9395212298671982 133.70499022625935  0.99999999999999445 5.5979721275349688 -7.2599744057474869 138.8439815383573  1.0000000000000051 6.5991055419112143 -7.0902378376739605 144.18633971649118  0.999999999999996 5.821899239181425 -4.9951752375576088 146.78373188029539  1.0000000000000022 7.4502421126331377 -4.1897392145787418 149.24792213854712  0.99999999999999933 8.4758848586310833 -1.6373702212906514 149.83333333333337  1 
8.3830300690256845 -6.8431247971851406 127.66666666666669  1 8.0140689177609463 -8.441299539238555 129.33180829252711  0.99999999999999911 7.1466403850035904 -8.0148887672759361 130.99933674862331  1.0000000000000049 7.3600297087291189 -8.9745304119041194 133.70499022625944  0.99999999999999445 5.6936173085621213 -7.3025342509461169 138.84398153835716  1.0000000000000051 6.6827465184343726 -7.121997492687461 144.18633971649135  0.999999999999996 5.8892950481837669 -5.0292590751897519 146.78373188029522  1.0000000000000022 7.4972037548735049 -4.2079896376373087 149.24792213854712  0.99999999999999933 8.4934255111984136 -1.6454396819654371 149.83333333333337  1 
8.4041877501995312 -6.8510009744981648 127.66666666666669  1 8.0406792477602718 -8.4512927605897215 129.33180829252709  0.99999999999999911 7.178525573511223 -8.0280235814862877 130.99933674862339  1.0000000000000049 7.3938382421838496 -8.9865185457599654 133.70499022625935  0.99999999999999445 5.7266664551060877 -7.317125712294521 138.8439815383573  1.0000000000000051 6.7116413658227891 -7.1328768978403279 144.18633971649118  0.999999999999996 5.9125888627062118 -5.0409501905616576 146.78373188029539  1.0000000000000022 7.5134288774450715 -4.2142392164162654 149.24792213854712  0.99999999999999933 8.49948850309368 -1.6482031790059168 149.83333333333337  1 
8.4257112434846615 -6.8588801158718038 127.66666666666669  1 8.0677464839804713 -8.461301986943468 129.33180829252709  0.99999999999999911 7.2109577111372172 -8.0412090177380318 130.99933674862339  1.0000000000000049 7.4282118061864146 -8.9985487375562503 133.70499022625935  0.99999999999999445 5.7602824378892983 -7.3317954779380452 138.8439815383573  1.0000000000000051 6.7410219683539321 -7.1438004553606262 144.18633971649118  0.999999999999996 5.9362910328187368 -5.0527125544040965 146.78373188029539  1.0000000000000022 7.5299292048094681 -4.2205107855296013 149.24792213854712  0.99999999999999933 8.5056584278975045 -1.6509767526463464 149.83333333333337  1 
8.4568192511740694 -6.8701804198950924 127.66666666666669  1 8.1068648365882172 -8.4756655066273883 129.33180829252709  0.99999999999999911 7.2578292768674579 -8.0601503167310486 130.99933674862339  1.0000000000000049 7.4778794546663008 -9.0158277651374963 133.70499022625935  0.99999999999999445 5.8088649028111368 -7.3528837862115637 138.8439815383573  1.0000000000000051 6.7834769891915059 -7.1594940195716372 144.18633971649118  0.999999999999996 5.9705515626050065 -5.0696269775823009 146.78373188029539  1.0000000000000022 7.5537737891717134 -4.22951868697292 149.24792213854712  0.99999999999999933 8.5145772329576523 -1.6549606802745043 149.83333333333337  1 
8.5076988235282851 -6.8882976809969065 127.66666666666669  1 8.1708374056244697 -8.4987286009125853 129.33180829252706  0.99999999999999911 7.3344799313664932 -8.0906473105129955 130.99933674862351  1.0000000000000049 7.5590621724672653 -9.0436369442315083 133.70499022625916  0.99999999999999445 5.888313402186875 -7.3868995303715641 138.84398153835772  1.0000000000000051 6.852878442670602 -7.1847683642380424 144.18633971649061  0.999999999999996 6.0266026261197183 -5.0969336649968087 146.78373188029644  1.0000000000000022 7.5927592807482327 -4.2440162447445831 149.24792213854656  0.99999999999999933 8.5291704124139827 -1.6613734287930915 149.83333333333334  1 
8.6060377060733018 -6.9218402543984681 127.66666666666666  1 8.294451775510792 -8.5415690636949826 129.33180829252689  0.99999999999999911 7.4825874792373677 -8.1476497545696027 130.99933674862388  1.0000000000000049 7.7157683667334478 -9.0955686950504724 133.7049902262589  0.99999999999999445 6.0418290434464961 -7.4507334274956118 138.84398153835798  1.0000000000000051 6.9868765804465633 -7.2320372004700495 144.18633971649061  0.999999999999996 6.1349977642970366 -5.1482692817105811 146.78373188029644  1.0000000000000022 7.6680583772492064 -4.2710911454639779 149.24792213854656  0.99999999999999933 8.5573994931260735 -1.6733515319871826 149.83333333333334  1 
8.7182356131544019 -6.957559558755519 127.66666666666666  1 8.4354434769165412 -8.5874403365982346 129.33180829252689  0.99999999999999911 7.6515086139344364 -8.2093435210948886 130.99933674862388  1.0000000000000049 7.8942315292873246 -9.1516894531436304 133.7049902262589  0.99999999999999445 6.2169278440013933 -7.5202788824351163 138.84398153835798  1.0000000000000051 7.1395358887849447 -7.2832465994975744 144.18633971649061  0.999999999999996 6.2587853937416238 -5.2043615333444873 146.78373188029644  1.0000000000000022 7.7538887886615067 -4.3003522028763639 149.24792213854656  0.99999999999999933 8.5896488246947822 -1.6862984128893148 149.83333333333331  1 
8.8398367124163872 -6.9932738350831576 127.66666666666666  1 8.5882133759264239 -8.6336387493863676 129.331808292527  0.99999999999999911 7.8345455511722468 -8.2722931196379417 130.99933674862368  1.0000000000000049 8.0873102978883882 -9.2088690642830642 133.70499022625899  0.99999999999999445 6.4066794545618473 -7.5918327921701891 138.84398153835772  1.0000000000000051 7.3047638910992365 -7.335580356053848 144.18633971649101  0.999999999999996 6.3931072019051651 -5.2622754268503167 146.78373188029559  1.0000000000000022 7.8468341026753521 -4.3301641877586592 149.24792213854712  0.99999999999999933 8.6246519919469744 -1.6994867611636104 149.83333333333331  1 
8.9236897128440322 -7.0161674311910662 127.66666666666666  1 8.6935404202391044 -8.6634662540704959 129.33180829252686  0.99999999999999911 7.9607573533602567 -8.3134512983511257 130.99933674862396  1.0000000000000049 8.2202720431439751 -9.2462037857734583 133.7049902262587  0.99999999999999445 6.5375324245415518 -7.6389847136700908 138.84398153835815  1.0000000000000051 7.4185853545089904 -7.3698491952146572 144.18633971649061  0.999999999999996 6.4858346637609454 -5.3005613543243326 146.78373188029582  1.0000000000000022 7.9108881749696787 -4.3496280997174868 149.24792213854712  0.99999999999999933 8.6488195604429343 -1.7080941596167309 149.83333333333331  1 
8.9849386036237657 -7.0320604121016039 127.66666666666666  1 8.7704683742953318 -8.684284611730142 129.33180829252703  0.99999999999999911 8.0529486714602054 -8.3424452950681918 130.99933674862353  1.0000000000000049 8.3173170849975211 -9.2724785835487999 133.70499022625913  0.99999999999999445 6.6331200370112242 -7.6723884012879786 138.84398153835753  1.0000000000000051 7.5016777398538661 -7.3940163962638712 144.18633971649118  0.999999999999996 6.553618737024749 -5.3277450506826831 146.78373188029539  1.0000000000000022 7.9576605021857967 -4.3633250445789944 149.24792213854712  0.99999999999999933 8.6664871734307507 -1.7141488544403436 149.83333333333331  1 
9.0111004446123211 -7.0386702742736835 127.66666666666666  1 8.8033262109312727 -8.6929684037952164 129.3318082925266  0.99999999999999911 8.0923280615536122 -8.3545998620799189 130.99933674862473  1.0000000000000049 8.3587536332055556 -9.2834874749445984 133.70499022625819  0.99999999999999445 6.6739515311663666 -7.6864335315791834 138.8439815383588  1.0000000000000051 7.5371603894457451 -7.4041534460893272 144.1863397164901  0.999999999999996 6.5825836891777874 -5.3391884108979042 146.78373188029644  1.0000000000000022 7.9776358861283772 -4.3690636536192127 149.24792213854684  0.99999999999999933 8.6740369353149163 -1.716685032029081 149.83333333333331  1 
9.0277498583519904 -7.0428077064933827 127.66666666666666  1 8.8242365792766364 -8.6984141914409001 129.3318082925266  0.99999999999999911 8.1173896523562696 -8.3622463157254749 130.99933674862473  1.0000000000000049 8.3851182655503109 -9.2904109388388783 133.70499022625819  0.99999999999999445 6.6999378971583035 -7.6952859160122866 138.84398153835869  1.0000000000000051 7.5597381043230651 -7.4105330529132019 144.18633971649027  0.999999999999996 6.6010217056768852 -5.3464062696129071 146.78373188029624  1.0000000000000022 7.9903471862052591 -4.3726725141871707 149.24792213854684  0.99999999999999933 8.6788428634952819 -1.7182797371466938 149.83333333333331  1 
9.0572136067937894 -7.0501009561805512 127.66666666666666  1 8.8612406010761884 -8.7080180286409519 129.3318082925266  0.99999999999999911 8.1617402925705242 -8.3757412166941769 130.99933674862473  1.0000000000000049 8.43177231004465 -9.3026289277125276 133.70499022625819  0.99999999999999445 6.7459253468809823 -7.7109160528245964 138.84398153835869  1.0000000000000051 7.5996914919662384 -7.4217931448666503 144.18633971649027  0.999999999999996 6.6336526161074145 -5.359152644485901 146.78373188029624  1.0000000000000022 8.0128413983459836 -4.3790410910173003 149.24792213854684  0.99999999999999933 8.6873482265756046 -1.721093825558131 149.83333333333331  1 
9.1122344516322453 -7.063297029731137 127.66666666666666  1 8.930340018395988 -8.7254580871816305 129.33180829252666  0.99999999999999911 8.2445645439664972 -8.4003981852093403 130.9993367486245  1.0000000000000049 8.5188605414499623 -9.3249387162326052 133.70499022625836  0.99999999999999445 6.8318103250585107 -7.7395773937059111 138.84398153835841  1.0000000000000051 7.6742799917203666 -7.4423814824909913 144.18633971649064  0.999999999999996 6.6946167978486404 -5.3825590113195529 146.78373188029559  1.0000000000000022 8.0548410660064853 -4.3906690922759948 149.24792213854712  0.99999999999999933 8.7032389209630878 -1.7262304579656822 149.83333333333331  1 
9.2207558425363025 -7.0877423847434784 127.66666666666666  1 9.06662611595541 -8.7579854294256787 129.33180829252728  0.99999999999999911 8.4079467783625166 -8.4470019592167755 130.99933674862302  1.0000000000000049 8.6905181739078277 -9.3670435237606622 133.70499022625964  0.99999999999999445 7.0012483917348511 -7.7941399485485947 138.84398153835679  1.0000000000000051 7.8213320761418537 -7.4813447812608187 144.18633971649183  0.999999999999996 6.8149721797465075 -5.427244187443037 146.78373188029425  1.0000000000000022 8.137664582122266 -4.412611058464738 149.24792213854772  0.99999999999999933 8.7346108505891387 -1.7359171409663552 149.83333333333331  1 
9.343163842752892 -7.1126042209019653 127.66666666666666  1 9.220354302506502 -8.7914247371555714 129.33180829252717  0.99999999999999911 8.5922912147999568 -8.496095983706681 130.99933674862316  1.0000000000000049 8.8839740260183433 -9.4112703721129503 133.70499022625958  0.99999999999999445 7.1924636471522696 -7.852309727990245 138.84398153835696  1.0000000000000051 7.9871134325816175 -7.5224675121620788 144.18633971649157  0.999999999999996 6.9509361312344238 -5.475108469556365 146.78373188029474  1.0000000000000022 8.2310701415850733 -4.4356535341440226 149.24792213854744  0.99999999999999933 8.7700494425348232 -1.7460773831439751 149.83333333333334  1 
9.4609652042347818 -7.1336061575697709 127.66666666666666  1 9.3683166123488526 -8.8201781273887647 129.33180829252714  0.99999999999999911 8.7697985302084973 -8.539465866156462 130.99933674862322  1.0000000000000049 9.0700249284936465 -9.4503165701040572 133.70499022625947  0.99999999999999445 7.3766417825196253 -7.904621278504699 138.84398153835713  1.0000000000000051 8.1466095486690815 -7.5589908843350297 144.1863397164914  0.999999999999996 7.0820441742922924 -5.5184207256482773 146.78373188029494  1.0000000000000022 8.3209653571858446 -4.4559781136038925 149.24792213854744  0.99999999999999933 8.8042140084080422 -1.7550205077916745 149.83333333333334  1 
9.5487654164240059 -7.1478616767286773 127.66666666666666  1 9.478610428782515 -8.839957703129933 129.33180829252714  0.99999999999999911 8.9021640322378648 -8.5699817411045611 130.99933674862322  1.0000000000000049 9.2086525786808551 -9.477713891404056 133.70499022625947  0.99999999999999445 7.5140105015682703 -7.9418667620225971 138.84398153835713  1.0000000000000051 8.2654804236912263 -7.5847415978328439 144.1863397164914  0.999999999999996 7.179900124998901 -5.5493913434999511 146.78373188029494  1.0000000000000022 8.3879765247370308 -4.4702358713557402 149.24792213854744  0.99999999999999933 8.8297073629581728 -1.7612839771435316 149.83333333333334  1 
9.6034526278024401 -7.1560786970447854 127.66666666666666  1 9.5473161898919656 -8.8514977577541014 129.33180829252714  0.99999999999999911 8.9846436576421578 -8.5881284691888009 130.99933674862322  1.0000000000000049 9.2949848787922722 -9.4939783164136298 133.70499022625947  0.99999999999999445 7.5996224152515612 -7.9642312276223404 138.84398153835713  1.0000000000000051 8.3395225971218316 -7.6000863191022408 144.1863397164914  0.999999999999996 7.2409193404848855 -5.5680572282747978 146.78373188029494  1.0000000000000022 8.4297220501473191 -4.4786942935051481 149.24792213854744  0.99999999999999933 8.8456005195135869 -1.7649939345453811 149.83333333333334  1 
9.6401709257980119 -7.1613004040110386 127.66666666666669  1 9.59345134736453 -8.8588993110389627 129.33180829252703  0.99999999999999911 9.0400397251042754 -8.5999270259932228 130.99933674862351  1.0000000000000049 9.3529475720444211 -9.5045453772300963 133.70499022625927  0.99999999999999445 7.6571293005708236 -7.9788709510556135 138.84398153835744  1.0000000000000051 8.3892398013212226 -7.6100805625025938 144.18633971649101  0.999999999999996 7.2819214414385005 -5.5803100981819096 146.78373188029559  1.0000000000000022 8.457755233472442 -4.4841843555603216 149.24792213854712  0.99999999999999933 8.8562781299840321 -1.7673996787656592 149.83333333333334  1 
9.6527611114997782 -7.1630557004048292 127.66666666666666  1 9.6092709963952032 -8.8613959385807597 129.33180829252728  0.99999999999999911 9.0590363774982219 -8.6039267493246729 130.99933674862288  1.0000000000000049 9.3728219065567089 -9.5081266263537536 133.70499022625981  0.99999999999999445 7.6768506702795616 -7.9838460407304419 138.84398153835653  1.0000000000000051 8.4062876153474555 -7.6134706037103683 144.18633971649203  0.999999999999996 7.2959843940899356 -5.5844782176427818 146.78373188029425  1.0000000000000022 8.4673679536755344 -4.4860442469856148 149.24792213854772  0.99999999999999933 8.8599401180205319 -1.7682144384203533 149.83333333333334  1 
9.6858980673294131 -7.1676270085680951 127.66666666666666  1 9.6509085482012527 -8.8679101917259509 129.33180829252686  0.99999999999999911 9.1090379230598639 -8.6143906594188717 130.99933674862388  1.0000000000000049 9.4251302104677084 -9.5174943791577498 133.70499022625899  0.99999999999999445 7.7287609726506963 -7.9968788140890785 138.84398153835772  1.0000000000000051 8.4511576180318428 -7.6223421624452721 144.18633971649101  0.999999999999996 7.3330030614931969 -5.5954028376976064 146.78373188029559  1.0000000000000022 8.4926690793069284 -4.490908229316962 149.24792213854712  0.99999999999999933 8.8695794351843009 -1.7703448846844658 149.83333333333334  1 
9.7419622648173831 -7.1749619444074648 127.66666666666666  1 9.7213610167124678 -8.8784654357872341 129.33180829252728  0.99999999999999911 9.1936598106350065 -8.6315750420639414 130.99933674862288  1.0000000000000049 9.5136280270801237 -9.5328674232245785 133.70499022625981  0.99999999999999445 7.8166231970134525 -8.0184239300440208 138.84398153835653  1.0000000000000051 8.5270788676698999 -7.636933434178399 144.18633971649203  0.999999999999996 7.3956794617435229 -5.6135104409035916 146.78373188029425  1.0000000000000022 8.5354822016913126 -4.4988814713817069 149.24792213854772  0.99999999999999933 8.8858970438903562 -1.7738345963310513 149.83333333333334  1 
9.8582199704349254 -7.1885860861327533 127.66666666666666  1 9.8674771593776125 -8.8985478020200972 129.33180829252703  0.99999999999999911 9.3692424433903412 -8.6651594934596723 130.99933674862351  1.0000000000000049 9.6971448916150553 -9.5628868284212931 133.70499022625927  0.99999999999999445 7.9989705261307886 -8.0611157571491425 138.84398153835744  1.0000000000000051 8.6845479824724841 -7.6655677267732143 144.18633971649101  0.999999999999996 7.525829473470826 -5.6495446218930248 146.78373188029559  1.0000000000000022 8.6242922230312313 -4.5144312503291619 149.24792213854712  0.99999999999999933 8.9197691829278281 -1.7806212586446768 149.83333333333334  1 
9.9910670939280344 -7.2012049895947339 127.66666666666666  1 10.034480125073539 -8.9182223574190527 129.33180829252703  0.99999999999999911 9.5700932290154253 -8.6997534275862076 130.99933674862351  1.0000000000000049 9.9068763800341131 -9.5937877580161928 133.70499022625927  0.99999999999999445 8.2076399011109729 -8.1062600049839517 138.84398153835744  1.0000000000000051 8.8645704804302365 -7.6953162829436419 144.18633971649101  0.999999999999996 7.6748986158227961 -5.6879466242082053 146.78373188029559  1.0000000000000022 8.7258393402902446 -4.5303965881262878 149.24792213854712  0.99999999999999933 8.9585393437338148 -1.7875512993594733 149.83333333333334  1 
10.103280140093718 -7.208889735708798 127.66666666666666  1 10.175620624434746 -8.9313739534256253 129.33180829252703  0.99999999999999911 9.7399584491368856 -8.7255048604053886 130.99933674862351  1.0000000000000049 10.084117764389731 -9.6165133374381373 133.70499022625927  0.99999999999999445 8.3842400486522397 -8.1408910159949688 138.84398153835744  1.0000000000000051 9.0167607876192584 -7.7175219950450238 144.18633971649101  0.999999999999996 7.8011856415877237 -5.7177021495891527 146.78373188029559  1.0000000000000022 8.8116968530381783 -4.5421155574574428 149.24792213854712  0.99999999999999933 8.9913514907441332 -1.7925982201436041 149.83333333333334  1 
10.188918081001617 -7.2136603514795006 127.66666666666666  1 10.283363394881329 -8.9401654481161277 129.33180829252703  0.99999999999999911 9.8696943835983468 -8.7438065604650674 130.99933674862351  1.0000000000000049 10.219423276103148 -9.6326759817589718 133.70499022625927  0.99999999999999445 8.5191568915357134 -8.1660381398015094 138.84398153835744  1.0000000000000051 9.1329645645536051 -7.7334326388042269 144.18633971649101  0.999999999999996 7.897708679113471 -5.7394388006887835 146.78373188029559  1.0000000000000022 8.8772553813515156 -4.5504272488100899 149.24792213854712  0.99999999999999933 9.0164159768400758 -1.7961595353653359 149.83333333333334  1 
10.23625889262957 -7.2157964419964529 127.66666666666666  1 10.342937131192963 -8.9444540234677206 129.33180829252703  0.99999999999999911 9.9414585352508524 -8.7533080279424382 130.99933674862351  1.0000000000000049 10.294240195059382 -9.6410667496597373 133.70499022625927  0.99999999999999445 8.593803678485699 -8.1793584443656044 138.84398153835744  1.0000000000000051 9.1972290414136015 -7.7417530978978366 144.18633971649101  0.999999999999996 7.9511330352850607 -5.7510130430017039 146.78373188029559  1.0000000000000022 8.9135123925439199 -4.5547330565817221 149.24792213854712  0.99999999999999933 9.0302822495366453 -1.7979957014310359 149.83333333333331  1 
10.282147297337996 -7.2173911261881187 127.66666666666666  1 10.400697922396676 -8.9480635850988044 129.33180829252728  0.99999999999999911 10.011066308735 -8.7619482009752172 130.99933674862288  1.0000000000000049 10.366788404917269 -9.6486680868154551 133.70499022625981  0.99999999999999445 8.6662225816056075 -8.1917487897124044 138.84398153835653  1.0000000000000051 9.2595524460802725 -7.7493655082615867 144.18633971649203  0.999999999999996 8.0029824396133922 -5.7618273845279804 146.78373188029425  1.0000000000000022 8.9486738631014173 -4.5586374233871698 149.24792213854772  0.99999999999999933 9.0437333341326198 -1.7996497613665796 149.83333333333331  1 
10.299485611160785 -7.2179463230145391 127.66666666666666  1 10.422523599746921 -8.9493727190632146 129.33180829252703  0.99999999999999911 10.037371221820591 -8.7651562962483069 130.99933674862351  1.0000000000000049 10.394202571427712 -9.6514869064017219 133.70499022625927  0.99999999999999445 8.6935913277825474 -8.196378868054353 138.84398153835744  1.0000000000000051 9.2831036475075717 -7.752196621543316 144.18633971649101  0.999999999999996 8.0225794577628644 -5.765873346773132 146.78373188029559  1.0000000000000022 8.9619608608606676 -4.5600858824604948 149.24792213854712  0.99999999999999933 9.0488166710351816 -1.8002621983647187 149.83333333333331  1 
10.335886970337173 -7.2190021879363808 127.66666666666666  1 10.468349776204464 -8.9519940918822627 129.33180829252703  0.99999999999999911 10.092608490165887 -8.7717604592901104 130.99933674862351  1.0000000000000049 10.451764673327897 -9.6572815018423945 133.70499022625927  0.99999999999999445 8.7510661158041891 -8.2059797433110937 138.84398153835744  1.0000000000000051 9.3325562039292578 -7.7580365432576972 144.18633971649101  0.999999999999996 8.0637380046457974 -5.7742744215617119 146.78373188029559  1.0000000000000022 8.9898606002659847 -4.5630651759207712 149.24792213854712  0.99999999999999933 9.0594914104145889 -1.8015189087224164 149.83333333333334  1 
10.390761440909262 -7.2201581747959231 127.66666666666666  1 10.537447403456575 -8.9554395499706523 129.33180829252723  0.99999999999999911 10.175921448504262 -8.78119461853953 130.99933674862325  1.0000000000000049 10.538566589687557 -9.6655266415372925 133.70499022625924  0.99999999999999445 8.8377686615653399 -8.2199745961922677 138.84398153835755  1.0000000000000051 9.4071351039892175 -7.7664305588738687 144.18633971649092  0.999999999999996 8.1258444634679865 -5.786569107690446 146.78373188029559  1.0000000000000022 9.0319356256105792 -4.5673101586922424 149.24792213854712  0.99999999999999933 9.0755930382523111 -1.8032977252857108 149.83333333333334  1 
10.506342509133669 -7.2211743422371644 127.66666666666666  1 10.683045235657964 -8.9610253118621319 129.33180829252723  0.99999999999999911 10.351553921793997 -8.799369166394321 130.99933674862325  1.0000000000000049 10.721503582421613 -9.6812813455913904 133.70499022625924  0.99999999999999445 9.0205976715347518 -8.2479024000974732 138.84398153835755  1.0000000000000051 9.5643341105299484 -7.7827421164054806 144.18633971649092  0.999999999999996 8.256853440782308 -5.8113422459425399 146.78373188029559  1.0000000000000022 9.1206231524736019 -4.5754084083922484 149.24792213854712  0.99999999999999933 9.1095401631333033 -1.8066655602807551 149.83333333333331  1 
10.635329821204998 -7.2193234689874508 127.66666666666666  1 10.845671811405245 -8.9636987090753077 129.33180829252723  0.99999999999999911 10.547898920022085 -8.8160763858636848 130.99933674862325  1.0000000000000049 10.925918346732416 -9.6954512177794872 133.70499022625924  0.99999999999999445 9.2251034140963721 -8.2757966712593056 138.84398153835755  1.0000000000000051 9.7400357199845633 -7.7980500942617148 144.18633971649092  0.999999999999996 8.4034895154214144 -5.8366162269563961 146.78373188029559  1.0000000000000022 9.2197489850666337 -4.5826625629658411 149.24792213854712  0.99999999999999933 9.147495813333153 -1.8096222767478791 149.83333333333331  1 
10.749925916526442 -7.2146061692897536 127.66666666666666  1 10.990291954207393 -8.9624912579887361 129.33180829252723  0.99999999999999911 10.722796023131123 -8.8270537783894678 130.99933674862325  1.0000000000000049 11.10787635073676 -9.7045062891025307 133.70499022625924  0.99999999999999445 9.407374382181084 -8.2971394947678139 138.84398153835755  1.0000000000000051 9.8964867593841159 -7.8086393215318912 144.18633971649092  0.999999999999996 8.5342725457852513 -5.856586271462934 146.78373188029559  1.0000000000000022 9.3080087607080557 -4.5872462461262407 149.24792213854712  0.99999999999999933 9.1812970533201543 -1.8114101502123758 149.83333333333331  1 
10.823057302429419 -7.2107115229573129 127.66666666666666  1 11.08262931766037 -8.9606810488035062 129.33180829252703  0.99999999999999911 10.834542871230445 -8.8329667260364619 130.99933674862351  1.0000000000000049 11.224114652377452 -9.7092502771304172 133.70499022625927  0.99999999999999445 9.5238732871154212 -8.3097702190956646 138.84398153835744  1.0000000000000051 9.9964442110438156 -7.8145197110386455 144.18633971649101  0.999999999999996 8.617888627646515 -5.8686135023238366 146.78373188029559  1.0000000000000022 9.3643954191474315 -4.5896303354904369 149.24792213854712  0.99999999999999933 9.2028921581796723 -1.8123075083959821 149.83333333333331  1 
10.877702003503272 -7.2073087587211138 127.66666666666666  1 11.15165121397987 -8.9587479948131179 129.33180829252703  0.99999999999999911 10.918116045652789 -8.8367790550143823 130.99933674862351  1.0000000000000049 11.311038072813727 -9.7122161379954441 133.70499022625927  0.99999999999999445 9.6110245261456786 -8.3186567848909903 138.84398153835744  1.0000000000000051 10.071200086543941 -7.8184232686240431 144.18633971649101  0.999999999999996 8.6804549754982485 -5.8772008924230104 146.78373188029559  1.0000000000000022 9.406563922699295 -4.5911091648376159 149.24792213854712  0.99999999999999933 9.2190419018317886 -1.8128423177595474 149.83333333333331  1 
10.923826198207703 -7.2039005236592271 127.66666666666666  1 11.209940130427052 -8.956485987860443 129.33180829252703  0.99999999999999911 10.988744266775056 -8.8393328718418633 130.99933674862351  1.0000000000000049 11.384486004383019 -9.7140939181863519 133.70499022625927  0.99999999999999445 9.6847056408962064 -8.3255487601833913 138.84398153835744  1.0000000000000051 10.13437600438869 -7.8211848658576066 144.18633971649101  0.999999999999996 8.7333653756008101 -5.8840107481452311 146.78373188029559  1.0000000000000022 9.4421986887062328 -4.5920259099776404 149.24792213854712  0.99999999999999933 9.2326885199776889 -1.8131461061404457 149.83333333333331  1 
10.955081043418987 -7.2014277362857673 127.66666666666666  1 11.249447091706822 -8.9547609333914693 129.33180829252703  0.99999999999999911 11.036631078614565 -8.8408598925498705 130.99933674862351  1.0000000000000049 11.434280583536889 -9.7151764528363209 133.70499022625927  0.99999999999999445 9.7346718312786944 -8.3300311102814621 138.84398153835744  1.0000000000000051 10.177209698250177 -7.8228935551510759 144.18633971649101  0.999999999999996 8.7692501746267393 -5.8884906240395667 146.78373188029559  1.0000000000000022 9.4663588437705748 -4.5925454810799398 149.24792213854712  0.99999999999999933 9.241940417100885 -1.8133069352961462 149.83333333333331  1 
10.988477182432597 -7.1986838594324833 127.66666666666666  1 11.291666320282511 -8.9527979660921257 129.33180829252703  0.99999999999999911 11.087815785890122 -8.8423647733784385 130.99933674862351  1.0000000000000049 11.487501919039367 -9.7162149292275526 133.70499022625927  0.99999999999999445 9.7880850390853293 -8.3347035282830095 138.84398153835744  1.0000000000000051 10.222993053120051 -7.8246180406372456 144.18633971649101  0.999999999999996 8.8076131008556846 -5.8931935160549651 146.78373188029559  1.0000000000000022 9.4921824499766672 -4.5930373794631416 149.24792213854712  0.99999999999999933 9.2518290507470535 -1.8134507448007584 149.83333333333331  1 
11.037639803038797 -7.1942329212541214 127.66666666666666  1 11.35384053575644 -8.9494225551448192 129.33180829252703  0.99999999999999911 11.163235459845907 -8.844066931553515 130.99933674862351  1.0000000000000049 11.565913007625815 -9.7172639335848547 133.70499022625927  0.99999999999999445 9.8668124318083485 -8.3411087504685977 138.84398153835744  1.0000000000000051 10.290454224918179 -7.8267440756224893 144.18633971649101  0.999999999999996 8.8641681212523604 -5.8997760054118036 146.78373188029559  1.0000000000000022 9.5302312375723854 -4.5935055989438727 149.24792213854712  0.99999999999999933 9.2663978913545311 -1.8135488498819801 149.83333333333331  1 
11.147819012078351 -7.1831707525266033 127.66666666666666  1 11.493242657146116 -8.9405711902455458 129.33180829252646  0.99999999999999911 11.33245230053522 -8.846523615676336 130.99933674862496  1.0000000000000049 11.741817616524042 -9.7183461741165171 133.70499022625785  0.99999999999999445 10.04351711362116 -8.3542085631840717 138.84398153835934  1.0000000000000051 10.441814550047502 -7.8304236222882864 144.18633971648956  0.999999999999996 8.9911411507545527 -5.9136053099668926 146.7837318802971  1.0000000000000022 9.6155921274904159 -4.5938868813195963 149.24792213854656  0.99999999999999933 9.2990797085099377 -1.8134683267658407 149.83333333333331  1 
11.261935576690743 -7.1690921328794843 127.66666666666666  1 11.637779861753097 -8.928292916667532 129.33180829252646  0.99999999999999911 11.508191814168391 -8.8457904604086526 130.99933674862496  1.0000000000000049 11.924448844684337 -9.7164018773372511 133.70499022625785  0.99999999999999445 10.227196817249412 -8.364746565649499 138.84398153835934  1.0000000000000051 10.599012020674117 -7.8316134247202509 144.18633971648956  0.999999999999996 9.1232081737002062 -5.9257015244297166 146.7837318802971  1.0000000000000022 9.7042244479680431 -4.5926681546923129 149.24792213854656  0.99999999999999933 9.3330056363114355 -1.8126598885653771 149.83333333333334  1 
11.383517978024685 -7.1509965139729355 127.66666666666666  1 11.791965623075157 -8.9115359112647212 129.33180829252703  0.99999999999999911 11.696051672591418 -8.8410895099421509 130.99933674862351  1.0000000000000049 12.119628357715841 -9.7106860447078081 133.70499022625927  0.99999999999999445 10.423753907332015 -8.372369458433413 138.84398153835744  1.0000000000000051 10.767068672427746 -7.8297638518567476 144.18633971649101  0.999999999999996 9.2646247318787278 -5.9359445973802414 146.78373188029559  1.0000000000000022 9.7989477703338395 -4.5894499439149099 149.24792213854712  0.99999999999999933 9.3692443856818386 -1.8109383170994169 149.83333333333334  1 
11.446273822240286 -7.140828684352325 127.66666666666666  1 11.871603718099019 -8.9019031531032038 129.33180829252703  0.99999999999999911 11.793186898691847 -8.83761242779652 130.99933674862351  1.0000000000000049 12.2205407799593 -9.7067587480807465 133.70499022625927  0.99999999999999445 10.525445711063009 -8.3753384750719686 138.84398153835744  1.0000000000000051 10.853973210691343 -7.8279736347511033 144.18633971649101  0.999999999999996 9.3378124854225657 -5.9405235689721874 146.78373188029559  1.0000000000000022 9.847921302247892 -4.5872742718144819 149.24792213854712  0.99999999999999933 9.3879745921717674 -1.809819381381234 149.83333333333334  1 
11.508405888564424 -7.130148655421479 127.66666666666666  1 11.950491650791188 -8.8916367089471642 129.33180829252703  0.99999999999999911 11.8894845791019 -8.8333894163369902 130.99933674862351  1.0000000000000049 12.320581125157906 -9.7021445264619999 133.70499022625927  0.99999999999999445 10.62630740101973 -8.37756104587457 138.84398153835744  1.0000000000000051 10.940137825748007 -7.8255804542573415 144.18633971649101  0.999999999999996 9.4104200830555023 -5.9445316732311664 146.78373188029559  1.0000000000000022 9.8964704380208506 -4.5847377409333321 149.24792213854712  0.99999999999999933 9.4065375407423826 -1.8085408140116026 149.83333333333334  1 
11.552742114894134 -7.1220809723709966 127.66666666666666  1 12.006815052698805 -8.883779205765773 129.33180829252703  0.99999999999999911 11.958295454725526 -8.8298070343873629 130.99933674862351  1.0000000000000049 12.392064968447345 -9.6983222411049663 133.70499022625927  0.99999999999999445 10.698414314057256 -8.3786245311071408 138.84398153835744  1.0000000000000051 11.001715033420385 -7.8234199398755546 144.18633971649101  0.999999999999996 9.4623401911386331 -5.9470089911344841 146.78373188029559  1.0000000000000022 9.9311603598161717 -4.582648692903347 149.24792213854712  0.99999999999999933 9.419797551370106 -1.8075040688215149 149.83333333333334  1 
11.59418604104553 -7.1141898865100091 127.66666666666666  1 12.059488212798785 -8.8760157306176115 129.33180829252703  0.99999999999999911 12.022693972422619 -8.8260116341645691 130.99933674862351  1.0000000000000049 12.458963824723654 -9.6943320379662357 133.70499022625927  0.99999999999999445 10.765925836375088 -8.3792081025450162 138.84398153835744  1.0000000000000051 11.05934946111636 -7.8210438991989886 144.18633971649101  0.999999999999996 9.5109606367168134 -5.9490240317590342 146.78373188029559  1.0000000000000022 9.9636245637130898 -4.580476212238537 149.24792213854712  0.99999999999999933 9.4322034749395502 -1.8064372986537669 149.83333333333334  1 
11.629168992223486 -7.1073736023578871 127.66666666666666  1 12.103960500338875 -8.8692762889026859 129.33180829252703  0.99999999999999911 12.077087271167967 -8.8226092742080358 130.99933674862351  1.0000000000000049 12.515468433696347 -9.6907781794736607 133.70499022625927  0.99999999999999445 10.822961197293125 -8.3795181029271149 138.84398153835744  1.0000000000000051 11.108032125172684 -7.8188796488565337 144.18633971649101  0.999999999999996 9.5520404390238269 -5.9505912116385176 146.78373188029559  1.0000000000000022 9.9910443634594426 -4.578544644914964 149.24792213854712  0.99999999999999933 9.4426802257344704 -1.8054934082644929 149.83333333333334  1 
11.669508217439242 -7.0992055917469683 127.66666666666666  1 12.155263320562003 -8.8611348853928789 129.33180829252703  0.99999999999999911 12.139877453770902 -8.8182915926541838 130.99933674862351  1.0000000000000049 12.580695077461614 -9.6863112167271019 133.70499022625927  0.99999999999999445 10.888826664675744 -8.3795128217211712 138.84398153835744  1.0000000000000051 11.164235644313862 -7.816069012574367 144.18633971649101  0.999999999999996 9.5994882710519924 -5.9521327565906699 146.78373188029559  1.0000000000000022 10.02269579591071 -4.5761231250729848 149.24792213854712  0.99999999999999933 9.4547707707385378 -1.8043188086281434 149.83333333333334  1 
11.77490586457885 -7.0769987539329433 127.66666666666666  1 12.289366916560045 -8.8388191848533815 129.33180829252703  0.99999999999999911 12.304131288982514 -8.8058996699673333 130.99933674862351  1.0000000000000049 12.751321398723155 -9.6735990758857184 133.70499022625927  0.99999999999999445 11.061197937391627 -8.3784764932543681 138.84398153835744  1.0000000000000051 11.311275320343839 -7.8078366174147424 144.18633971649101  0.999999999999996 9.7236844338305097 -5.9554128017868884 146.78373188029559  1.0000000000000022 10.105488938384324 -4.5692482591032482 149.24792213854712  0.99999999999999933 9.486388130141389 -1.801007183710907 149.83333333333334  1 
11.875613436071298 -7.0533965335252304 127.66666666666666  1 12.417670489495929 -8.8146142758680384 129.33180829252703  0.99999999999999911 12.461624222335992 -8.7909956483182139 130.99933674862351  1.0000000000000049 12.914923931876563 -9.6585787006687642 133.70499022625927  0.99999999999999445 11.22667669244179 -8.3746643341618778 138.84398153835744  1.0000000000000051 11.452308780256763 -7.7975168825898384 144.18633971649101  0.999999999999996 9.8429803051779086 -5.9564838442788668 146.78373188029559  1.0000000000000022 10.184862447295549 -4.561166955853551 149.24792213854712  0.99999999999999933 9.5166742656063779 -1.797173869471657 149.83333333333334  1 
12.001495187712434 -7.0208162342967508 127.66666666666666  1 12.57826629413524 -8.7806426129922848 129.33180829252714  0.99999999999999911 12.659250409105319 -8.7683176130709874 130.99933674862336  1.0000000000000049 13.120231046397558 -9.6360439449782866 133.70499022625933  0.99999999999999445 11.434600844933092 -8.366194548275331 138.84398153835747  1.0000000000000051 11.629354364976136 -7.781404122464366 144.18633971649081  0.999999999999996 9.9929543698106276 -5.9551205357031591 146.78373188029644  1.0000000000000022 10.284446923713041 -4.5490857318231912 149.24792213854656  0.99999999999999933 9.5546312966154989 -1.7915112362456747 149.83333333333334  1 
12.055446128027389 -7.0060739192205457 127.66666666666666  1 12.647151885600948 -8.7651414106207408 129.33180829252714  0.99999999999999911 12.744143795248402 -8.7575725056392564 130.99933674862336  1.0000000000000049 13.20843114365929 -9.6254313136802843 133.70499022625933  0.99999999999999445 11.523990316130943 -8.3616249211096374 138.84398153835747  1.0000000000000051 11.705428348159721 -7.7736828008972481 144.18633971649081  0.999999999999996 10.057449991180263 -5.9538509775994628 146.78373188029644  1.0000000000000022 10.327222226535419 -4.5434055591735421 149.24792213854656  0.99999999999999933 9.570924547532778 -1.7888635577346523 149.83333333333334  1 
12.123227647062949 -6.9867881744617666 127.66666666666666  1 12.733755283415009 -8.744739787384054 129.33180829252714  0.99999999999999911 12.850991593540584 -8.7430633847918351 130.99933674862336  1.0000000000000049 13.319457371607282 -9.6111530930430682 133.70499022625933  0.99999999999999445 11.636574588981595 -8.3549564174169966 138.84398153835747  1.0000000000000051 11.801204340617963 -7.7631751552027417 144.18633971649081  0.999999999999996 10.138699861213158 -5.9515801248554743 146.78373188029644  1.0000000000000022 10.381060069895058 -4.5357721364970143 149.24792213854656  0.99999999999999933 9.5914198975085974 -1.7853202186285686 149.83333333333334  1 
12.165223811892378 -6.9744758186594309 127.66666666666666  1 12.787441044043389 -8.7316587711796334 129.33180829252714  0.99999999999999911 12.917283799475516 -8.7335937414222968 130.99933674862336  1.0000000000000049 13.388349829855439 -9.6018571605026715 133.70499022625933  0.99999999999999445 11.706462905668074 -8.3503836169695322 138.84398153835747  1.0000000000000051 11.860640679964618 -7.7562810418928558 144.18633971649081  0.999999999999996 10.189145807458999 -5.9498517321316129 146.78373188029644  1.0000000000000022 10.414463152850713 -4.530806168771778 149.24792213854656  0.99999999999999933 9.6041304442968567 -1.7830217045365693 149.83333333333334  1 
12.213506740361572 -6.9597747423018852 127.66666666666666  1 12.849204525473063 -8.7159544792547639 129.33180829252714  0.99999999999999911 12.993640581631894 -8.7219815676213308 130.99933674862336  1.0000000000000049 13.467711915168218 -9.5904900486873927 133.70499022625933  0.99999999999999445 11.787019545021424 -8.3444584619205742 138.84398153835747  1.0000000000000051 11.929120650727921 -7.7477742993019518 144.18633971649081  0.999999999999996 10.24730470082944 -5.9473785939155848 146.78373188029644  1.0000000000000022 10.452937338072806 -4.5247388499569521 149.24792213854656  0.99999999999999933 9.6187617849319285 -1.7802237436804529 149.83333333333334  1 
12.249299994846659 -6.9486652935024358 127.66666666666666  1 12.895006970181564 -8.7040545168672558 129.33180829252714  0.99999999999999911 13.050300703978118 -8.7130919158892031 130.99933674862336  1.0000000000000049 13.526605830281298 -9.5817995248419621 133.70499022625933  0.99999999999999445 11.846818858756215 -8.3398066089905445 138.84398153835747  1.0000000000000051 11.979943434781894 -7.7412426548013737 144.18633971649081  0.999999999999996 10.290482380564784 -5.9453563858366314 146.78373188029644  1.0000000000000022 10.481486565535894 -4.520102143581946 149.24792213854656  0.99999999999999933 9.6296153229811665 -1.7780893301164777 149.83333333333334  1 
12.282273322525297 -6.9382003674772488 127.66666666666666  1 12.937218076234787 -8.6928097424857889 129.33180829252728  0.99999999999999911 13.102557378606328 -8.7045948674800346 130.99933674862288  1.0000000000000049 13.580927001979699 -9.5735047783574725 133.70499022625981  0.99999999999999445 11.901995606461249 -8.3352372748309094 138.84398153835653  1.0000000000000051 12.026825140647487 -7.7349787370179346 144.18633971649203  0.999999999999996 10.330327698498481 -5.9432867364853212 146.78373188029425  1.0000000000000022 10.507816654423889 -4.5156787679233465 149.24792213854772  0.99999999999999933 9.6396214110948524 -1.7760572223316122 149.83333333333334  1 
12.382470791921321 -6.9056977638249641 127.66666666666666  1 13.065538615242636 -8.6577777508481972 129.33180829252728  0.99999999999999911 13.26153786997202 -8.6778349934173384 130.99933674862288  1.0000000000000049 13.746201915573746 -9.5474161933238122 133.70499022625981  0.99999999999999445 12.069936451180693 -8.3204842897997171 138.84398153835653  1.0000000000000051 12.169479706662329 -7.7151900691933619 144.18633971649203  0.999999999999996 10.451622390607586 -5.9363649723191712 146.78373188029425  1.0000000000000022 10.587918505678873 -4.5017734319457627 149.24792213854772  0.99999999999999933 9.6700505813701465 -1.7696813570469092 149.83333333333334  1 
12.470683013054236 -6.8748825253711017 127.66666666666666  1 13.178671721822125 -8.6242310342028254 129.33180829252703  0.99999999999999911 13.402087206704904 -8.6513279609856113 130.99933674862351  1.0000000000000049 13.892359924654938 -9.5216755140732783 133.70499022625927  0.99999999999999445 12.218648507674533 -8.3047708524089572 138.84398153835744  1.0000000000000051 12.295679525205756 -7.6954000934820801 144.18633971649101  0.999999999999996 10.559084801701534 -5.9282851323839161 146.78373188029559  1.0000000000000022 10.658727052645984 -4.4880753761523877 149.24792213854712  0.99999999999999933 9.6969127428374424 -1.7634384141713619 149.83333333333334  1 
12.593113147589751 -6.8292058896314511 127.66666666666666  1 13.33590279941053 -8.5740969240549152 129.33180829252728  0.99999999999999911 13.597960966779587 -8.6105480306963234 130.99933674862288  1.0000000000000049 14.096130412525371 -9.4822220487154176 133.70499022625981  0.99999999999999445 12.426235953810133 -8.2792848505186427 138.84398153835653  1.0000000000000051 12.471684662243614 -7.6647457205791065 144.18633971649203  0.999999999999996 10.709159583836135 -5.914396845921738 146.78373188029425  1.0000000000000022 10.75740169096302 -4.4671076147898017 149.24792213854772  0.99999999999999933 9.7342911740252251 -1.7539345492477199 149.83333333333334  1 
12.644865098729422 -6.8091492146987838 127.66666666666666  1 13.402420440020713 -8.551984108173432 129.33180829252703  0.99999999999999911 13.680965072292349 -8.5922818729939703 130.99933674862351  1.0000000000000049 14.182502486120207 -9.4645837660674808 133.70499022625927  0.99999999999999445 12.514291270248318 -8.2675639423394003 138.84398153835744  1.0000000000000051 12.546303149192267 -7.6509661474772512 144.18633971649101  0.999999999999996 10.772836265391707 -5.9078369099529668 146.78373188029559  1.0000000000000022 10.799215098879426 -4.4577402104920374 149.24792213854712  0.99999999999999933 9.7501160660554635 -1.749700986491866 149.83333333333334  1 
12.715993283624252 -6.7805312354941778 127.66666666666666  1 13.493923809029557 -8.5202936651633543 129.33180829252728  0.99999999999999911 13.795335133073035 -8.5657239741834967 130.99933674862288  1.0000000000000049 14.301559701636458 -9.4389749697298022 133.70499022625981  0.99999999999999445 12.635755228251806 -8.250110052595371 138.84398153835653  1.0000000000000051 12.649179221836373 -7.6308594062576454 144.18633971649203  0.999999999999996 10.860696053128049 -5.8978439023187255 146.78373188029425  1.0000000000000022 10.856832420705116 -4.4441494193600404 149.24792213854772  0.99999999999999933 9.7719008389883157 -1.7435778819533465 149.83333333333334  1 
12.759592735601275 -6.762607755471099 127.66666666666666  1 13.550042017062903 -8.5003970432709721 129.33180829252728  0.99999999999999911 13.865545156188167 -8.5489175019862351 130.99933674862288  1.0000000000000049 14.37466445756753 -9.4227811296490138 133.70499022625981  0.99999999999999445 12.710368927944227 -8.2389230663083861 138.84398153835653  1.0000000000000051 12.712355555812032 -7.6181103338523659 144.18633971649203  0.999999999999996 10.914675756652773 -5.8913637306389974 146.78373188029425  1.0000000000000022 10.892204157880204 -4.4355585654767875 149.24792213854772  0.99999999999999933 9.7852669119867954 -1.7397141222095422 149.83333333333334  1 
12.8063209256192 -6.7428220047679321 127.66666666666666  1 13.610230125406728 -8.4783580241380943 129.33180829252728  0.99999999999999911 13.940953657391878 -8.5301046824963969 130.99933674862288  1.0000000000000049 14.453206370438359 -9.4046704285349314 133.70499022625981  0.99999999999999445 12.790582829432834 -8.2261903432323749 138.84398153835653  1.0000000000000051 12.780242576000578 -7.6038011413486242 144.18633971649203  0.999999999999996 10.972719060137122 -5.8838791716609009 146.78373188029425  1.0000000000000022 10.930196313043217 -4.425955645475173 149.24792213854772  0.99999999999999933 9.7996111296934956 -1.7354058203503917 149.83333333333334  1 
12.842035251282722 -6.7274334684352635 127.66666666666666  1 13.656251159604507 -8.4611823741159213 129.33180829252728  0.99999999999999911 13.998663052447309 -8.5153548046360008 130.99933674862288  1.0000000000000049 14.513324372314269 -9.3904779105186087 133.70499022625981  0.99999999999999445 12.852005309139626 -8.2161134943945857 138.84398153835653  1.0000000000000051 12.832210802843456 -7.592564969151212 144.18633971649203  0.999999999999996 11.01717031941789 -5.8779080425535311 146.78373188029425  1.0000000000000022 10.959271494061385 -4.4184326343684948 149.24792213854772  0.99999999999999933 9.8105831407988777 -1.7320355193507386 149.83333333333334  1 
12.869554170499246 -6.7153986938451062 127.66666666666666  1 13.691724454108687 -8.4477269914063804 129.33180829252686  0.99999999999999911 14.043179673056837 -8.5037417885787505 130.99933674862388  1.0000000000000049 14.559706219704792 -9.3793080159770561 133.70499022625899  0.99999999999999445 12.899409853447947 -8.2081183855371531 138.84398153835772  1.0000000000000051 12.872308977925471 -7.5837069787459868 144.18633971649101  0.999999999999996 11.051480607296201 -5.8731396373047176 146.78373188029559  1.0000000000000022 10.981699963711126 -4.4125134267413406 149.24792213854712  0.99999999999999933 9.8190431995946739 -1.729386932718556 149.83333333333334  1 
12.95981104124535 -6.6753516685055736 127.66666666666664  1 13.808110908043341 -8.4028777876850995 129.33180829252728  0.99999999999999911 14.1893480491321 -8.4648478996045764 130.99933674862288  1.0000000000000049 14.712022680575618 -9.3419110462144808 133.70499022625981  0.99999999999999445 13.055137877566192 -8.1811455408956295 138.84398153835653  1.0000000000000051 13.004002520175 -7.5540031949241166 144.18633971649203  0.999999999999996 11.164206426720307 -5.8569548942593723 146.78373188029425  1.0000000000000022 11.055342310415044 -4.3927013755248803 149.24792213854772  0.99999999999999933 9.8468093537008095 -1.720532333240675 149.83333333333334  1 
13.041532085328507 -6.6370103571358765 127.66666666666666  1 13.913636491010298 -8.3596680492936173 129.33180829252703  0.99999999999999911 14.322281172021576 -8.4267131938082631 130.99933674862351  1.0000000000000049 14.850633837423594 -9.3052876667574829 133.70499022625927  0.99999999999999445 13.197045291642437 -8.1540018954940479 138.84398153835744  1.0000000000000051 13.123891399925885 -7.5247464739446492 144.18633971649101  0.999999999999996 11.266976600370411 -5.8403232725543761 146.78373188029559  1.0000000000000022 11.122314456237161 -4.3733194096797083 149.24792213854712  0.99999999999999933 9.8720173095931454 -1.7119076129769071 149.83333333333334  1 
13.158320915798573 -6.5793142865891454 127.66666666666666  1 14.06464313699121 -8.2942927595145335 129.33180829252706  0.99999999999999911 14.513083628292012 -8.3680448064902784 130.99933674862351  1.0000000000000049 15.049731581804942 -9.249023088178328 133.70499022625916  0.99999999999999445 13.401138030847445 -8.1113272806543613 138.84398153835772  1.0000000000000051 13.296158293941817 -7.4795751073412626 144.18633971649064  0.999999999999996 11.414844329974619 -5.8137383988418021 146.78373188029624  1.0000000000000022 11.218443001289121 -4.343572946262876 149.24792213854684  0.99999999999999933 9.9081348021747306 -1.6987279766223533 149.83333333333334  1 
13.21337026428135 -6.5512201325803758 127.66666666666666  1 14.135882652917449 -8.2623555332857812 129.33180829252706  0.99999999999999911 14.60327568229418 -8.3390978195058008 130.99933674862351  1.0000000000000049 15.143890154554381 -9.2212852219497581 133.70499022625916  0.99999999999999445 13.497738971118869 -8.0900079629471726 138.84398153835772  1.0000000000000051 13.377646738493905 -7.4572413235425383 144.18633971649064  0.999999999999996 11.48485208861976 -5.8003341141266631 146.78373188029624  1.0000000000000022 11.26388340424254 -4.3289169107370054 149.24792213854684  0.99999999999999933 9.9251876628835625 -1.6922511393020234 149.83333333333334  1 
13.280879883220942 -6.5155746370273029 127.66666666666666  1 14.223331525822788 -8.2216942148995553 129.33180829252706  0.99999999999999911 14.71421321026348 -8.301874232050972 130.99933674862351  1.0000000000000049 15.259786356248064 -9.1856305344265365 133.70499022625916  0.99999999999999445 13.616740647242626 -8.0622464659949404 138.84398153835772  1.0000000000000051 13.477971155291074 -7.4284506434883557 144.18633971649064  0.999999999999996 11.571118931736763 -5.7827241407863053 146.78373188029624  1.0000000000000022 11.319782764636511 -4.3100908612108562 149.24792213854684  0.99999999999999933 9.9461380191287141 -1.6839563967602178 149.83333333333334  1 
13.324299293192992 -6.4922646132202271 127.66666666666666  1 14.279602084629389 -8.1950599161080842 129.33180829252706  0.99999999999999911 14.785669679623664 -8.277377063069741 130.99933674862351  1.0000000000000049 15.334463447266783 -9.1621692141491717 133.70499022625916  0.99999999999999445 13.693450283096883 -8.0438690540193285 138.84398153835772  1.0000000000000051 13.542622086154068 -7.4094805557587176 144.18633971649064  0.999999999999996 11.626735386476156 -5.7710195662004331 146.78373188029624  1.0000000000000022 11.355790910948294 -4.2977071788915193 149.24792213854684  0.99999999999999933 9.9596244940670413 -1.6785080411463125 149.83333333333334  1 
13.366562934398152 -6.4690332227357175 127.66666666666666  1 14.334411341978862 -8.168452493600066 129.33180829252703  0.99999999999999911 14.855374281383481 -8.2527440184025949 130.99933674862351  1.0000000000000049 15.407345422772089 -9.1385817564432017 133.70499022625927  0.99999999999999445 13.768363570790585 -8.0252393068141163 138.84398153835744  1.0000000000000051 13.60573016721362 -7.3903729622712966 144.18633971649101  0.999999999999996 11.681060041183242 -5.7590895476265311 146.78373188029559  1.0000000000000022 11.390919274747853 -4.2852625175937602 149.24792213854712  0.99999999999999933 9.9727688000854133 -1.6730443563883335 149.83333333333334  1 
13.401263840536002 -6.4496417981049241 127.66666666666666  1 14.37943331378462 -8.1462060442656483 129.33180829252703  0.99999999999999911 14.912694203054251 -8.232055593561677 130.99933674862351  1.0000000000000049 15.467297833646739 -9.1187733991236808 133.70499022625927  0.99999999999999445 13.830016851673248 -8.0095060139596974 138.84398153835744  1.0000000000000051 13.657649590130751 -7.3743063586508901 144.18633971649101  0.999999999999996 11.72577511126998 -5.7489775676065973 146.78373188029559  1.0000000000000022 11.419807133537939 -4.2748152814835825 149.24792213854712  0.99999999999999933 9.9835707643588769 -1.6684643170712885 149.83333333333334  1 
13.425578310608186 -6.4359092122254866 127.66666666666666  1 14.410988841242469 -8.1304347201321239 129.33180829252728  0.99999999999999911 14.952897952638214 -8.2173469513715105 130.99933674862288  1.0000000000000049 15.509357094726369 -9.1046911502347818 133.70499022625981  0.99999999999999445 13.873282881299124 -7.998281192500218 138.84398153835653  1.0000000000000051 13.694076683055911 -7.3628750291338907 144.18633971649203  0.999999999999996 11.757157388950175 -5.7417467770970747 146.78373188029425  1.0000000000000022 11.440069240192068 -4.2673897687633664 149.24792213854772  0.99999999999999933 9.9911439942322371 -1.6652120323431812 149.83333333333334  1 
13.504121137755373 -6.3910373571868559 127.66666666666666  1 14.51295420170136 -8.0788414773446107 129.33180829252728  0.99999999999999911 15.082910088107013 -8.1690836249546628 130.99933674862288  1.0000000000000049 15.645401731645919 -9.0584850023138035 133.70499022625981  0.99999999999999445 14.013278790100555 -7.9613124868846441 138.84398153835653  1.0000000000000051 13.811914845722519 -7.3253351375226279 144.18633971649203  0.999999999999996 11.858712297913922 -5.7178746848490682 146.78373188029425  1.0000000000000022 11.505594138523792 -4.2430318131232561 149.24792213854772  0.99999999999999933 10.015623252247419 -1.6545542163357219 149.83333333333334  1 
13.58311289249944 -6.3438671591704257 127.66666666666666  1 14.6156271592075 -8.0243668569358686 129.33180829252714  0.99999999999999911 15.214232731203028 -8.1175452301649056 130.99933674862322  1.0000000000000049 15.782946440243293 -9.0091480859585751 133.7049902262595  0.99999999999999445 14.155008812666177 -7.9212940107573511 138.84398153835704  1.0000000000000051 13.931097328653118 -7.2851261367755438 144.18633971649137  0.999999999999996 11.961569580953711 -5.691807185751939 146.78373188029539  1.0000000000000022 11.571782104166818 -4.2170493025886273 149.24792213854712  0.99999999999999933 10.040304019228746 -1.6432283348746084 149.83333333333334  1 
13.694640935838747 -6.274214239594075 127.66666666666666  1 14.76076994307887 -7.9435940033904817 129.33180829252714  0.99999999999999911 15.400475129901467 -8.0401983805605894 130.99933674862322  1.0000000000000049 15.978231449237033 -8.9351259273750898 133.7049902262595  0.99999999999999445 14.356510057874557 -7.8604536792016688 138.84398153835704  1.0000000000000051 14.100376668243875 -7.2246143659654773 144.18633971649137  0.999999999999996 12.107866257964174 -5.6518599613051732 146.78373188029539  1.0000000000000022 11.665660327976992 -4.1781094562565659 149.24792213854712  0.99999999999999933 10.075238927298761 -1.6263232893769313 149.83333333333334  1 
13.753276487233283 -6.2363801698960728 127.66666666666666  1 14.837149162171784 -7.8995933504917417 129.33180829252694  0.99999999999999911 15.498719646242689 -7.9977055289210899 130.99933674862388  1.0000000000000049 16.081334390591842 -8.8944683637219057 133.70499022625893  0.99999999999999445 14.463002609868381 -7.8267352575326727 138.84398153835798  1.0000000000000051 14.18977512201843 -7.1913079015441284 144.18633971649041  0.999999999999996 12.18520760149047 -5.6296038081623161 146.78373188029667  1.0000000000000022 11.715186281416926 -4.1567374783214044 149.24792213854656  0.99999999999999933 10.093640761338326 -1.6170717919618816 149.83333333333334  1 
13.812835850664026 -6.1967822066528724 127.66666666666666  1 14.914801744592356 -7.853417053231583 129.33180829252694  0.99999999999999911 15.598813797517002 -7.9527793702976393 130.99933674862388  1.0000000000000049 16.186481617040918 -8.8514704298486802 133.70499022625893  0.99999999999999445 14.571702838384674 -7.7907998472063751 138.84398153835798  1.0000000000000051 14.280968873839383 -7.1560202125179284 144.18633971649041  0.999999999999996 12.264175175777847 -5.6057765607007246 146.78373188029667  1.0000000000000022 11.765654680600901 -4.1341532717372047 149.24792213854656  0.99999999999999933 10.112365375976253 -1.6073238712826776 149.83333333333334  1 
13.851880910389237 -6.170514880744026 127.66666666666666  1 14.965726367374099 -7.8227536985191595 129.33180829252694  0.99999999999999911 15.664511012755023 -7.9228613894201949 130.99933674862388  1.0000000000000049 16.255523342752152 -8.8228324650381253 133.70499022625893  0.99999999999999445 14.643102551970507 -7.7667957968972559 138.84398153835798  1.0000000000000051 14.340854388173957 -7.1325012864323103 144.18633971649041  0.999999999999996 12.316051001681963 -5.5898333231497057 146.78373188029667  1.0000000000000022 11.798782688358829 -4.1191161978227333 149.24792213854656  0.99999999999999933 10.124649192628379 -1.6008408438144892 149.83333333333334  1 
13.889354983239874 -6.1447989620227181 127.66666666666666  1 15.014630730982569 -7.7926809540027921 129.33180829252694  0.99999999999999911 15.727694236555866 -7.8933808655146871 130.99933674862388  1.0000000000000049 16.321967229377375 -8.7946064892669966 133.70499022625893  0.99999999999999445 14.711858962245541 -7.7430223417843749 138.84398153835798  1.0000000000000051 14.398496824648699 -7.1092940505394848 144.18633971649041  0.999999999999996 12.366015664902536 -5.573999615096378 146.78373188029667  1.0000000000000022 11.830647203880185 -4.1043029470091588 149.24792213854656  0.99999999999999933 10.136452694522973 -1.5944666112430648 149.83333333333334  1 
13.922132742978642 -6.1219459739707958 127.66666666666666  1 15.057425225321625 -7.7659182339824069 129.33180829252694  0.99999999999999911 15.783051216861805 -7.8670465698295491 130.99933674862388  1.0000000000000049 16.380210401623952 -8.7693880003889273 133.70499022625893  0.99999999999999445 14.772162840036479 -7.7217000835457927 138.84398153835798  1.0000000000000051 14.449032682316901 -7.0885406589056466 144.18633971649041  0.999999999999996 12.409844481312629 -5.5597678622411975 146.78373188029667  1.0000000000000022 11.8585665478063 -4.0910739092254893 149.24792213854656  0.99999999999999933 10.146786653753164 -1.5887827588369174 149.83333333333334  1 
13.945591716770171 -6.1054596354261896 127.66666666666666  1 15.088059899307051 -7.7465977206763448 129.33180829252694  0.99999999999999911 15.822703317673737 -7.8480000830407715 130.99933674862388  1.0000000000000049 16.421940603179493 -8.7511466521902985 133.70499022625893  0.99999999999999445 14.815381518360468 -7.7062479093911636 138.84398153835798  1.0000000000000051 14.485243681610775 -7.0735222745789095 144.18633971649041  0.999999999999996 12.441258201877481 -5.5494432569791989 146.78373188029667  1.0000000000000022 11.878565741571933 -4.0815070795592954 149.24792213854656  0.99999999999999933 10.154186138889969 -1.5846754842368898 149.83333333333334  1 
14.014897639458495 -6.0562138060103834 127.66666666666666  1 15.178592532970606 -7.6888294159334514 129.33180829252694  0.99999999999999911 15.939986185581358 -7.7909058840334566 130.99933674862388  1.0000000000000049 16.545414307660394 -8.6964576974902421 133.70499022625893  0.99999999999999445 14.943309211413334 -7.6598015104024064 138.84398153835798  1.0000000000000051 14.592398672357152 -7.0284683779936064 144.18633971649041  0.999999999999996 12.534254135060561 -5.5183640775714231 146.78373188029667  1.0000000000000022 11.937721238716614 -4.0528344239654421 149.24792213854656  0.99999999999999933 10.176061092761906 -1.5723783802417828 149.83333333333334  1 
14.091097266790145 -5.9999658854842401 127.66666666666666  1 15.278232645997223 -7.622625561058169 129.33180829252714  0.99999999999999911 16.06946524049938 -7.7249111778922837 130.99933674862322  1.0000000000000049 16.681900820635388 -8.6332075601475289 133.7049902262595  0.99999999999999445 15.084912175328874 -7.6056223790937771 138.84398153835704  1.0000000000000051 14.710892486995249 -6.9762548442408079 144.18633971649137  0.999999999999996 12.637233456450948 -5.4819365690332793 146.78373188029539  1.0000000000000022 12.003035691852959 -4.0197110184920462 149.24792213854712  0.99999999999999933 10.200167027163403 -1.5582226483823933 149.83333333333334  1 
14.19769382622877 -5.9180582016982939 127.66666666666666  1 15.417770427181846 -7.5259052091625325 129.33180829252657  0.99999999999999911 16.251366204213241 -7.6275744193014674 130.9993367486245  1.0000000000000049 16.873935240433909 -8.5398731949014799 133.70499022625847  0.99999999999999445 15.28442614707753 -7.5249732750096801 138.84398153835858  1.0000000000000051 14.877678228742937 -6.8990441941855769 144.18633971648984  0.999999999999996 12.782388519091853 -5.4274596605227448 146.78373188029778  1.0000000000000022 12.094812732950444 -3.9708960903974075 149.24792213854599  0.99999999999999933 10.233968380144159 -1.5374420496850272 149.83333333333334  1 
14.256390311605196 -5.8713693172210295 127.66666666666666  1 15.494678658927493 -7.4706254893554593 129.33180829252646  0.99999999999999911 16.351902448355627 -7.5714940123534253 130.99933674862496  1.0000000000000049 16.980217555394194 -8.4860783257831951 133.70499022625785  0.99999999999999445 15.394983707008473 -7.4781588855971632 138.84398153835934  1.0000000000000051 14.970018786361482 -6.8544656722562065 144.18633971648933  0.999999999999996 12.862853155895859 -5.3957208287585781 146.78373188029801  1.0000000000000022 12.145547787038312 -3.942791065185038 149.24792213854599  0.99999999999999933 10.252619318653847 -1.5255172880433654 149.83333333333334  1 
14.307718302725267 -5.8294193664359977 127.66666666666666  1 15.561984590501252 -7.4208492271180493 129.33180829252657  0.99999999999999911 16.440064260807773 -7.5206975942712768 130.99933674862444  1.0000000000000049 17.073536267591091 -8.4373114089077266 133.70499022625856  0.99999999999999445 15.492144563522418 -7.4354999159789692 138.84398153835829  1.0000000000000051 15.051117202380809 -6.8140024490071784 144.18633971649055  0.999999999999996 12.93358778559522 -5.3667199339219538 146.78373188029624  1.0000000000000022 12.190050299455422 -3.9173376448645634 149.24792213854684  0.99999999999999933 10.268955048678391 -1.5147479678698355 149.83333333333334  1 
14.338648895024297 -5.8039756279145864 127.66666666666666  1 15.602551221630579 -7.3906432127588824 129.33180829252657  0.99999999999999911 16.493227060184712 -7.4898300157701438 130.99933674862444  1.0000000000000049 17.129826144593721 -8.4076710589231975 133.70499022625864  0.99999999999999445 15.550764853772389 -7.4095408797167535 138.84398153835801  1.0000000000000051 15.10003883256632 -6.7894018167642933 144.18633971649092  0.999999999999996 12.976267221137432 -5.3490610073927227 146.78373188029559  1.0000000000000022 12.216887751174264 -3.9018706962931815 149.24792213854712  0.99999999999999933 10.278802881247712 -1.5082082520459483 149.83333333333334  1 
14.371139257666899 -5.7767828856775143 127.66666666666666  1 15.645184331203023 -7.358317205989632 129.33180829252626  0.99999999999999911 16.549172084524702 -7.4566753066877158 130.99933674862538  1.0000000000000049 17.189110010960722 -8.3758176356302982 133.70499022625754  0.99999999999999445 15.612540792422871 -7.381554784184722 138.84398153835966  1.0000000000000051 15.151571483572898 -6.7629436781113874 144.18633971648944  0.999999999999996 13.021252216003942 -5.3299919589837845 146.7837318802971  1.0000000000000022 12.245134507465492 -3.8852587661191782 149.24792213854656  0.99999999999999933 10.289157983521982 -1.5011968390349166 149.83333333333334  1 
14.40117405557427 -5.7512546400389901 127.66666666666666  1 15.684610854140674 -7.3279334421982867 129.33180829252686  0.99999999999999911 16.600972955918884 -7.4254106997391451 130.99933674862388  1.0000000000000049 17.244040010623213 -8.345766639298752 133.70499022625899  0.99999999999999445 15.669814618525626 -7.3550757862558349 138.84398153835772  1.0000000000000051 15.199327643934371 -6.7379650324104325 144.18633971649101  0.999999999999996 13.062965325266296 -5.3119237425553383 146.78373188029559  1.0000000000000022 12.271291442996874 -3.8695957892919375 149.24792213854712  0.99999999999999933 10.298739089483391 -1.4945961686785607 149.83333333333334  1 
14.425964337276586 -5.7300549682438948 127.66666666666666  1 15.717157959399545 -7.3026896263304319 129.33180829252686  0.99999999999999911 16.643756226842449 -7.3994018628675295 130.99933674862388  1.0000000000000049 17.289420128306407 -8.3207628711583226 133.70499022625899  0.99999999999999445 15.717142394733779 -7.3330193371029369 138.84398153835772  1.0000000000000051 15.238783910009595 -6.7171758812396156 144.18633971649101  0.999999999999996 13.097436818616227 -5.296864807353824 146.78373188029559  1.0000000000000022 12.292895762045378 -3.856566483382553 149.24792213854712  0.99999999999999933 10.30665001821068 -1.4891087011790449 149.83333333333334  1 
14.488532666116324 -5.6758759540117314 127.66666666666666  1 15.79932934557954 -7.2381129909754423 129.33180829252686  0.99999999999999911 16.751880247727989 -7.3326955675049099 130.99933674862388  1.0000000000000049 17.404171672453113 -8.2566103325884868 133.70499022625899  0.99999999999999445 15.836878003657935 -7.2763001395777049 138.84398153835772  1.0000000000000051 15.338570058565146 -6.6638070352005006 144.18633971649101  0.999999999999996 13.18465944499553 -5.2580950781516647 146.78373188029559  1.0000000000000022 12.347499038777595 -3.8231532101809313 149.24792213854712  0.99999999999999933 10.326631046883579 -1.4750534117911378 149.83333333333337  1 
14.561906806892955 -5.6100392921360784 127.66666666666666  1 15.895773048294432 -7.1594278743184283 129.33180829252686  0.99999999999999911 16.879158037349555 -7.2508275055412925 130.99933674862388  1.0000000000000049 17.539471051730565 -8.177788749515944 133.70499022625899  0.99999999999999445 15.978253319655122 -7.2061757419807595 138.84398153835772  1.0000000000000051 15.456271895663523 -6.5981338484694989 144.18633971649101  0.999999999999996 13.287687010658335 -5.210011213700759 146.78373188029559  1.0000000000000022 12.411787592004625 -3.782157012813868 149.24792213854712  0.99999999999999933 10.35011138588076 -1.4578676967828263 149.83333333333337  1 
14.659615628356393 -5.5191010718277065 127.66666666666666  1 16.024313300962724 -7.0504639744351012 129.33180829252728  0.99999999999999911 17.049276935531807 -7.136576420413542 130.99933674862288  1.0000000000000049 17.720642667910074 -8.0676695410679127 133.70499022625981  0.99999999999999445 16.167826406588215 -7.1075943935560026 138.84398153835653  1.0000000000000051 15.613943131854432 -6.5062413722237808 144.18633971649203  0.999999999999996 13.425893779140255 -5.1422111794291645 146.78373188029425  1.0000000000000022 12.497740858505541 -3.7249691404460239 149.24792213854772  0.99999999999999933 10.381442347290294 -1.4339810793534939 149.83333333333334  1 
14.719262556245244 -5.4615727275235875 127.66666666666666  1 16.102848758925344 -6.9813703328378018 129.33180829252703  0.99999999999999911 17.15350204097637 -7.0635899736593313 130.99933674862351  1.0000000000000049 17.831847662669972 -7.9972520638086699 133.70499022625927  0.99999999999999445 16.284347266707865 -7.0441895380480153 138.84398153835744  1.0000000000000051 15.710761302355596 -6.4473940994250025 144.18633971649101  0.999999999999996 13.510875527619039 -5.0984856277043136 146.78373188029559  1.0000000000000022 12.550418158512135 -3.6884520169867208 149.24792213854712  0.99999999999999933 10.400606557129457 -1.4187816228436931 149.83333333333334  1 
14.762303356301183 -5.4188986112288271 127.66666666666666  1 16.159557940754482 -6.9300197022382992 129.33180829252703  0.99999999999999911 17.228905967899536 -7.0090601891835087 130.99933674862351  1.0000000000000049 17.912431372412311 -7.9445685449075434 133.70499022625927  0.99999999999999445 16.368867537510251 -6.9965574034051947 138.84398153835744  1.0000000000000051 15.780939818888911 -6.4033213398393904 144.18633971649101  0.999999999999996 13.572536842875165 -5.0655713332104604 146.78373188029559  1.0000000000000022 12.588541982134371 -3.6611658191254333 149.24792213854712  0.99999999999999933 10.414455864653352 -1.4074570975074423 149.83333333333334  1 
14.786141346271013 -5.3951984739050598 127.66666666666666  1 16.190968248552728 -6.9014955289289439 129.33180829252703  0.99999999999999911 17.270679108543614 -6.9787543818805755 130.99933674862351  1.0000000000000049 17.957081260484561 -7.9152849044672369 133.70499022625927  0.99999999999999445 16.415703406184377 -6.9700708058433669 138.84398153835744  1.0000000000000051 15.819825532628176 -6.3788214017654408 144.18633971649101  0.999999999999996 13.606706711608471 -5.0472652827554167 146.78373188029559  1.0000000000000022 12.609662977726547 -3.646000891290615 149.24792213854712  0.99999999999999933 10.422127398650812 -1.4011650243804989 149.83333333333334  1 
14.809630108917528 -5.3715440720840117 127.66666666666666  1 16.221928238153634 -6.8730018964910702 129.33180829252703  0.99999999999999911 17.31189086292029 -6.948408731241873 130.99933674862351  1.0000000000000049 18.001164294888593 -7.8859446992631579 133.70499022625927  0.99999999999999445 16.461966907274221 -6.9434836235230559 138.84398153835744  1.0000000000000051 15.858222862128919 -6.3542625797108663 144.18633971649101  0.999999999999996 13.640463654702945 -5.0288734281991569 146.78373188029559  1.0000000000000022 12.630503438559909 -3.6308151830848119 149.24792213854712  0.99999999999999933 10.429691834717392 -1.3948725803519988 149.83333333333334  1 
14.836247136591199 -5.3443331669751561 127.66666666666666  1 16.257022861280419 -6.840191585579948 129.33180829252728  0.99999999999999911 17.358657794390041 -6.9133668087757929 130.99933674862288  1.0000000000000049 18.051231133844308 -7.8520410431397138 133.70499022625981  0.99999999999999445 16.514542943718965 -6.9126906879509837 138.84398153835653  1.0000000000000051 15.90183991782728 -6.3258677540897228 144.18633971649203  0.999999999999996 13.678832605340448 -5.0075500874529091 146.78373188029425  1.0000000000000022 12.654156176068131 -3.6132798597438787 149.24792213854772  0.99999999999999933 10.43827047147777 -1.3876173063731376 149.83333333333334  1 
14.864152479640151 -5.3156686183087407 127.66666666666666  1 16.293819851888539 -6.8056176716301549 129.33180829252728  0.99999999999999911 17.4077105156465 -6.8764085259724741 130.99933674862288  1.0000000000000049 18.103759016628938 -7.8162755961651076 133.70499022625981  0.99999999999999445 16.569714220563633 -6.8801835902476629 138.84398153835653  1.0000000000000051 15.947603639960722 -6.2959081819534184 144.18633971649203  0.999999999999996 13.719097535988654 -4.985032366210179 146.78373188029425  1.0000000000000022 12.678965989882707 -3.5947857471316964 149.24792213854772  0.99999999999999933 10.447266579650208 -1.3799688929622276 149.83333333333334  1 
14.922220944904074 -5.2550694242427536 127.66666666666666  1 16.370416235485067 -6.7324503706405459 129.33180829252717  0.99999999999999911 17.509938044106729 -6.7979674892695652 130.99933674862308  1.0000000000000049 18.213325666945444 -7.7403125526661878 133.70499022625972  0.99999999999999445 16.684870149251658 -6.8109798869226941 138.84398153835653  1.0000000000000051 16.04307924930383 -6.2322388926975663 144.18633971649203  0.999999999999996 13.803155245647636 -4.9370424395523562 146.78373188029425  1.0000000000000022 12.730677023645407 -3.5555353343518603 149.24792213854772  0.99999999999999933 10.466002154561416 -1.3637610054252896 149.83333333333334  1 
14.992670790194589 -5.1788642460447241 127.66666666666666  1 16.463404934585274 -6.6402280135560252 129.33180829252723  0.99999999999999911 17.634376410411935 -6.6984582032149653 130.99933674862308  1.0000000000000049 18.346965932290416 -7.6437858463556676 133.70499022625964  0.99999999999999445 16.825535293085249 -6.7225920766606961 138.8439815383567  1.0000000000000051 16.159582401375619 -6.1512291063360696 144.18633971649177  0.999999999999996 13.905873605121814 -4.8756045074264858 146.78373188029474  1.0000000000000022 12.793640892112057 -3.5057465631450322 149.24792213854744  0.99999999999999933 10.488773707444413 -1.3432713798760041 149.83333333333334  1 
15.076430595518096 -5.0851570025469082 127.66666666666666  1 16.574030884911547 -6.5266014428612031 129.33180829252728  0.99999999999999911 17.782751133803295 -6.5750902586093716 130.99933674862288  1.0000000000000049 18.50663363261047 -7.5239332677748472 133.70499022625981  0.99999999999999445 16.993818165783644 -6.6123333966199542 138.84398153835653  1.0000000000000051 16.298828944371557 -6.0505236884266349 144.18633971649203  0.999999999999996 14.028803071140533 -4.7988064076885166 146.78373188029425  1.0000000000000022 12.868743349667662 -3.4440300835027844 149.24792213854772  0.99999999999999933 10.515890116616891 -1.3179543493443058 149.83333333333334  1 
15.128342557912456 -5.0250276328853776 127.66666666666666  1 16.642639114696117 -6.4535520370226465 129.33180829252706  0.99999999999999911 17.874974215603117 -6.4952744437866485 130.99933674862351  1.0000000000000049 18.606091486516419 -7.4462747799479736 133.70499022625916  0.99999999999999445 17.098783171189925 -6.5405625946284198 138.84398153835772  1.0000000000000051 16.385600198695773 -5.9851947070270253 144.18633971649061  0.999999999999996 14.105507478055394 -4.7487173799789453 146.78373188029644  1.0000000000000022 12.915443304945086 -3.4041086726585035 149.24792213854656  0.99999999999999933 10.532723104272534 -1.3016314201368611 149.83333333333334  1 
15.174219363688318 -4.9705584149326407 127.66666666666666  1 16.703298870059268 -6.3872847026863635 129.33180829252706  0.99999999999999911 17.956627396584821 -6.4225769853561658 130.99933674862351  1.0000000000000049 18.694290785405236 -7.3754291940645302 133.70499022625916  0.99999999999999445 17.191951451607043 -6.4748932931967556 138.84398153835772  1.0000000000000051 16.462569429086557 -5.925551281503763 144.18633971649061  0.999999999999996 14.173608548066547 -4.7028244838081532 146.78373188029644  1.0000000000000022 12.95680424609975 -3.3677378910746447 149.24792213854656  0.99999999999999933 10.547615048976779 -1.2867963721770401 149.83333333333334  1 
15.193810999608521 -4.9470871533198295 127.66666666666666  1 16.729207886818401 -6.3587150201323652 129.33180829252706  0.99999999999999911 17.991521170338974 -6.3911899984704865 130.99933674862351  1.0000000000000049 18.732004004967365 -7.34482452837943 133.70499022625916  0.99999999999999445 17.231802871529865 -6.4464945837667535 138.84398153835772  1.0000000000000051 16.495484008862093 -5.899778776050594 144.18633971649061  0.999999999999996 14.202740509721464 -4.6829686492943861 146.78373188029644  1.0000000000000022 12.974481550544334 -3.3520334020890417 149.24792213854656  0.99999999999999933 10.553977137675428 -1.2803963206304845 149.83333333333334  1 
15.214275363068717 -4.9222606894256309 127.66666666666666  1 16.756277061156545 -6.3284748069634142 129.33180829252709  0.99999999999999911 18.028003674889277 -6.3579006447031254 130.99933674862339  1.0000000000000049 18.771465504318233 -7.312340827004939 133.70499022625935  0.99999999999999445 17.273522267362647 -6.4163056603386401 138.8439815383573  1.0000000000000051 16.529929327834246 -5.8724131148470065 144.18633971649118  0.999999999999996 14.233241763357032 -4.6618471786468039 146.78373188029539  1.0000000000000022 12.992966344290364 -3.3353758759469274 149.24792213854712  0.99999999999999933 10.560626196662994 -1.2736157905721854 149.83333333333334  1 
15.226374582252527 -4.9074789726268362 127.66666666666666  1 16.772283113857512 -6.3104628681005801 129.33180829252706  0.99999999999999911 18.049584631331683 -6.3380501313001307 130.99933674862351  1.0000000000000049 18.79481878167751 -7.2929630116285828 133.70499022625916  0.99999999999999445 17.298218793044068 -6.3982808512348068 138.84398153835772  1.0000000000000051 16.550315708313203 -5.8560847524889086 144.18633971649061  0.999999999999996 14.251298733237569 -4.6492316145132238 146.78373188029644  1.0000000000000022 13.003901666530664 -3.3254427726079734 149.24792213854656  0.99999999999999933 10.564558499146782 -1.2695750380135804 149.83333333333334  1 
15.258578150470557 -4.8679865353962724 127.66666666666666  1 16.814887785279964 -6.2623303784415221 129.33180829252706  0.99999999999999911 18.107041070070387 -6.2849724496357204 130.99933674862351  1.0000000000000049 18.857008317879306 -7.2411380893916935 133.70499022625916  0.99999999999999445 17.363995383997867 -6.3500518330991316 138.84398153835772  1.0000000000000051 16.604606888663628 -5.8124100660917613 144.18633971649061  0.999999999999996 14.299393329764063 -4.6154694276498107 146.78373188029644  1.0000000000000022 13.033016628366097 -3.2988826954114856 149.24792213854656  0.99999999999999933 10.575026451003401 -1.2587741546794429 149.83333333333334  1 
15.313879438276297 -4.798717394672896 127.66666666666666  1 16.888074752291558 -6.177811255439126 129.33180829252689  0.99999999999999911 18.20586259209287 -6.1914585583396562 130.99933674862388  1.0000000000000049 18.964111186908315 -7.149722606372908 133.7049902262589  0.99999999999999445 17.477372928846908 -6.2647592538933186 138.84398153835798  1.0000000000000051 16.698130819960749 -5.735319607521097 144.18633971649061  0.999999999999996 14.382310591344057 -4.555694523256844 146.78373188029644  1.0000000000000022 13.083102965201498 -3.2520867768426629 149.24792213854656  0.99999999999999933 10.593018264439189 -1.2397794176325725 149.83333333333331  1 
15.381144268638142 -4.7111231237306876 127.66666666666666  1 16.977133759194903 -6.0707157489334467 129.33180829252689  0.99999999999999911 18.326383450040368 -6.072259060374428 130.99933674862388  1.0000000000000049 19.095040311431486 -7.0329343357791565 133.7049902262589  0.99999999999999445 17.616183969300238 -6.1552956162270975 138.84398153835798  1.0000000000000051 16.812511707721352 -5.6367158242299462 144.18633971649061  0.999999999999996 14.483865881729761 -4.4788317945644271 146.78373188029644  1.0000000000000022 13.144209336446453 -3.192431573698272 149.24792213854656  0.99999999999999933 10.614934191048766 -1.2156464514143637 149.83333333333331  1 
15.449707938296417 -4.6190125767419268 127.66666666666666  1 17.067947092025495 -5.9579328010254464 129.33180829252686  0.99999999999999911 18.449460900660636 -5.9461272614033813 130.99933674862388  1.0000000000000049 19.229011294105081 -6.9091368967409075 133.70499022625899  0.99999999999999445 17.758383087208433 -6.038853816621959 138.84398153835772  1.0000000000000051 16.929589774472085 -5.5320983762627494 144.18633971649101  0.999999999999996 14.587929673987613 -4.396951802455674 146.78373188029559  1.0000000000000022 13.206635576915144 -3.1293055358958264 149.24792213854712  0.99999999999999933 10.637296514905666 -1.1901769961711683 149.83333333333331  1 
15.492544402062517 -4.5595006802886786 127.66666666666666  1 17.124709162702761 -5.8849573968529825 129.33180829252689  0.99999999999999911 18.526498030640091 -5.8640976596279817 130.99933674862388  1.0000000000000049 19.313052248860757 -6.8284782142109393 133.70499022625893  0.99999999999999445 17.847692542554149 -5.9627112883704756 138.84398153835784  1.0000000000000051 17.003059704725626 -5.4638712035275265 144.18633971649083  0.999999999999996 14.653308046543703 -4.3433322670430572 146.78373188029602  1.0000000000000022 13.245727613104872 -3.0882515566834563 149.24792213854684  0.99999999999999933 10.651282828849231 -1.1736595106739021 149.83333333333331  1 
15.535256325346628 -4.4988283831606282 127.66666666666669  1 17.181320146932748 -5.8104820126054673 129.33180829252689  0.99999999999999911 18.6033942959866 -5.7801350881473237 130.99933674862373  1.0000000000000049 19.39705620758453 -6.7457858492974498 133.70499022625913  0.99999999999999445 17.937031880029608 -5.8844788960807541 138.84398153835753  1.0000000000000051 17.07651404960788 -5.3938837291787154 144.18633971649118  0.999999999999996 14.718720767860027 -4.2881900374376594 146.78373188029539  1.0000000000000022 13.284757935345301 -3.0462167725138278 149.24792213854712  0.99999999999999933 10.665237300959202 -1.1567796808523032 149.83333333333331  1 
15.552981956219027 -4.4733276691195893 127.66666666666669  1 17.20481729438097 -5.7791616749064776 129.33180829252686  0.99999999999999911 18.635326564186869 -5.7447667447865323 130.99933674862388  1.0000000000000049 19.431968094137272 -6.7109213966439514 133.70499022625899  0.99999999999999445 17.974177779752626 -5.8514548328856133 138.84398153835772  1.0000000000000051 17.107045565816666 -5.3643664393566572 144.18633971649101  0.999999999999996 14.745921345824895 -4.2649010595055223 146.78373188029559  1.0000000000000022 13.300968170215357 -3.0285069334402643 149.24792213854712  0.99999999999999933 10.671030587658024 -1.1496755526668934 149.83333333333334  1 
15.571517079294555 -4.4462816258935547 127.66666666666669  1 17.229390924335959 -5.745922766534691 129.33180829252686  0.99999999999999911 18.668738951796019 -5.7071614988428463 130.99933674862388  1.0000000000000049 19.46852948180241 -6.6738183283349501 133.70499022625899  0.99999999999999445 18.013098357736443 -5.816257946374491 138.84398153835772  1.0000000000000051 17.139024407130233 -5.332941805262287 144.18633971649101  0.999999999999996 14.774424586897892 -4.2400655834924921 146.78373188029559  1.0000000000000022 13.317932217398285 -3.009675497352855 149.24792213854712  0.99999999999999933 10.677090736899959 -1.1421298673948543 149.83333333333334  1 
15.577961840215185 -4.4368491623782207 127.66666666666669  1 17.237935556676863 -5.734328990547815 129.33180829252686  0.99999999999999911 18.680358221928056 -5.6940395741528675 130.99933674862388  1.0000000000000049 19.48124614736939 -6.6608691460503326 133.70499022625899  0.99999999999999445 18.026637035855828 -5.8039702141424456 138.84398153835772  1.0000000000000051 17.150147544775272 -5.3219735199974147 144.18633971649101  0.999999999999996 14.784339783779789 -4.2313941126256873 146.78373188029559  1.0000000000000022 13.323831703804261 -3.0031043707248029 149.24792213854712  0.99999999999999933 10.679198051918432 -1.1394974538051437 149.83333333333334  1 
15.612615152022705 -4.3859515241710625 127.66666666666671  1 17.283881384865197 -5.6717593553589793 129.33180829252646  0.99999999999999911 18.742844784515682 -5.6231902421252027 130.99933674862467  1.0000000000000049 19.549648924750468 -6.5909368245095159 133.70499022625839  0.99999999999999445 18.099470505954354 -5.7375859791617332 138.84398153835846  1.0000000000000051 17.209981006239857 -5.2627334053548411 144.18633971649052  0.999999999999996 14.83768163000236 -4.1845398456624592 146.78373188029582  1.0000000000000022 13.355559327480711 -2.9676242189933739 149.24792213854712  0.99999999999999933 10.690530087433759 -1.1252878165156441 149.83333333333331  1 
15.664712668950486 -4.3072663177328705 127.66666666666671  1 17.352974358820831 -5.5749151500796881 129.3318082925266  0.99999999999999911 18.836905568969168 -5.5131399080372105 130.99933674862436  1.0000000000000049 19.652790116246784 -6.4821213862232332 133.70499022625864  0.99999999999999445 18.209401180939473 -5.6340020279787453 138.84398153835815  1.0000000000000051 17.300227821872078 -5.170487054061276 144.18633971649061  0.999999999999996 14.918210276223112 -4.111348199390628 146.78373188029582  1.0000000000000022 13.403332422504866 -2.9125054399673895 149.24792213854712  0.99999999999999933 10.707579107880267 -1.1032589822662162 149.83333333333331  1 
15.725601968184208 -4.2113038763587332 127.66666666666671  1 17.433738153758483 -5.4566023635268666 129.3318082925266  0.99999999999999911 18.947008844672823 -5.3779934964450451 130.99933674862436  1.0000000000000049 19.773813377787 -6.34813113937496 133.70499022625864  0.99999999999999445 18.338571973913876 -5.5059362023129736 138.84398153835815  1.0000000000000051 17.406165973905839 -5.0567771607735406 144.18633971649061  0.999999999999996 15.012861120469076 -4.0207154803579712 146.78373188029582  1.0000000000000022 13.459274884747375 -2.8448012988072446 149.24792213854712  0.99999999999999933 10.727522050381076 -1.0762840037268944 149.83333333333331  1 
15.778260685035912 -4.1258964254931634 127.66666666666671  1 17.503594425998948 -5.3511917967392435 129.33180829252674  0.99999999999999911 19.042302432566636 -5.2571683340901814 130.99933674862396  1.0000000000000049 19.878734155204445 -6.2281302186501017 133.70499022625899  0.99999999999999445 18.450653660185715 -5.3909417941838127 138.84398153835772  1.0000000000000051 17.498032949898366 -4.9548684702377042 144.18633971649101  0.999999999999996 15.095005639964105 -3.9392535486814828 146.78373188029559  1.0000000000000022 13.507709211896394 -2.7842641009904541 149.24792213854712  0.99999999999999933 10.744776946627983 -1.0522132260663861 149.83333333333331  1 
15.811969039286398 -4.0694653918854575 127.66666666666671  1 17.54831982801818 -5.2814690652278156 129.3318082925266  0.99999999999999911 19.103341676140435 -5.176949358785162 130.99933674862436  1.0000000000000049 19.946068280371552 -6.1483099329942013 133.70499022625864  0.99999999999999445 18.522648542341798 -5.3142399669739007 138.84398153835815  1.0000000000000051 17.557005781128591 -4.8870323573690069 144.18633971649061  0.999999999999996 15.147781869980763 -3.88486287444892 146.78373188029582  1.0000000000000022 13.538746603487775 -2.7440670973878332 149.24792213854712  0.99999999999999933 10.755827079282726 -1.0362650081960432 149.83333333333331  1 
15.844697503189485 -4.0135482397073012 127.66666666666671  1 17.591747160665115 -5.2123303211213194 129.33180829252674  0.99999999999999911 19.16262732676287 -5.0972371783274122 130.99933674862396  1.0000000000000049 20.011535258712914 -6.0688778387740729 133.70499022625899  0.99999999999999445 18.592688588516097 -5.237788573914993 138.84398153835772  1.0000000000000051 17.614353528941525 -4.819497073615616 144.18633971649101  0.999999999999996 15.199131232980418 -3.830615505165047 146.78373188029559  1.0000000000000022 13.56889639078303 -2.7041120617148171 149.24792213854712  0.99999999999999933 10.766558175740624 -1.0204351766952418 149.83333333333331  1 
15.858350185352064 -3.9899431448497276 127.66666666666671  1 17.609863379641126 -5.1831314206681176 129.3318082925266  0.99999999999999911 19.1873634790884 -5.0635328839750464 130.99933674862436  1.0000000000000049 20.038867101368385 -6.0352637555913988 133.70499022625864  0.99999999999999445 18.621939926941156 -5.2054062438542745 138.84398153835815  1.0000000000000051 17.638298198591659 -4.790910464065961 144.18633971649061  0.999999999999996 15.220578148466553 -3.8076297779231827 146.78373188029582  1.0000000000000022 13.581476991605237 -2.6872151668656037 149.24792213854712  0.99999999999999933 10.771035192299799 -1.0137461889119881 149.83333333333331  1 
15.872321112641309 -3.965466730370983 127.66666666666671  1 17.628402259945709 -5.1528412286905398 129.3318082925266  0.99999999999999911 19.212680597668012 -5.0285219636976199 130.99933674862436  1.0000000000000049 20.066859332015468 -6.000317147273158 133.70499022625864  0.99999999999999445 18.651908347082145 -5.1717023835815032 138.84398153835815  1.0000000000000051 17.662824047874913 -4.7611818627882405 144.18633971649061  0.999999999999996 15.242552228789762 -3.7836964554527275 146.78373188029582  1.0000000000000022 13.594354484222006 -2.6696615959627752 149.24792213854712  0.99999999999999933 10.775617047676764 -1.0068029614354344 149.83333333333331  1 
15.891331071426931 -3.9320817251857241 127.66666666666671  1 17.653627822829279 -5.1115230900061484 129.3318082925266  0.99999999999999911 19.247130139490817 -4.9807528199935156 130.99933674862436  1.0000000000000049 20.104953536796351 -5.9526284548701467 133.70499022625864  0.99999999999999445 18.692694481337451 -5.1257002968181835 138.84398153835815  1.0000000000000051 17.696201551716321 -4.7206115254202849 144.18633971649061  0.999999999999996 15.272458638497554 -3.7510277018000067 146.78373188029582  1.0000000000000022 13.611877518383405 -2.6457109832416603 149.24792213854712  0.99999999999999933 10.781851601059973 -0.99733082227499104 149.83333333333331  1 
15.930502896677696 -3.8620642686431013 127.66666666666671  1 17.705608677568364 -5.0248170616656038 129.3318082925266  0.99999999999999911 19.318132312321442 -4.8803337268215987 130.99933674862436  1.0000000000000049 20.183536995366421 -5.8522677360736139 133.70499022625864  0.99999999999999445 18.776869808315471 -5.0287482009653743 138.84398153835815  1.0000000000000051 17.765064882184195 -4.6351979334930284 144.18633971649061  0.999999999999996 15.33418505693826 -3.6821394180492959 146.78373188029582  1.0000000000000022 13.647998824008729 -2.595356969843301 149.24792213854712  0.99999999999999933 10.794700208071996 -0.97743768776723683 149.83333333333331  1 
15.981132781738967 -3.7678824074787483 127.66666666666669  1 17.772793300251191 -4.9080389052169453 129.33180829252703  0.99999999999999911 19.409928752870229 -4.7445746015121042 130.99933674862351  1.0000000000000049 20.2853256201305 -5.7162546434386989 133.70499022625927  0.99999999999999445 18.88600581308674 -4.8969433863147263 138.84398153835744  1.0000000000000051 17.854289578190802 -4.5193440724219851 144.18633971649101  0.999999999999996 15.414228179513611 -3.5883805127183588 146.78373188029559  1.0000000000000022 13.69471404009583 -2.5272643351566502 149.24792213854712  0.99999999999999933 10.811310032370249 -0.95059899842278406 149.83333333333331  1 
16.024741411700919 -3.6836315635556578 127.66666666666666  1 17.830649970024165 -4.8034564508288984 129.33180829252728  0.99999999999999911 19.488990770764037 -4.6225822992820946 130.99933674862288  1.0000000000000049 20.373133492208531 -5.5937569422441138 133.70499022625981  0.99999999999999445 18.980227408671993 -4.7779060846823276 138.84398153835653  1.0000000000000051 17.931278450375839 -4.4149238989318444 144.18633971649203  0.999999999999996 15.483341401811169 -3.5036203398468633 146.78373188029425  1.0000000000000022 13.734959323807171 -2.4660612292465656 149.24792213854772  0.99999999999999933 10.825615731983914 -0.92652638506519991 149.83333333333334  1 
16.062140659042768 -3.6094641056777772 127.66666666666664  1 17.880263472195114 -4.7113250721952147 129.33180829252714  0.99999999999999911 19.556778549247731 -4.5148692317586079 130.99933674862336  1.0000000000000049 20.448502979580457 -5.4854353120878798 133.70499022625933  0.99999999999999445 19.061141431213155 -4.6724521155129697 138.84398153835747  1.0000000000000051 17.997371594049035 -4.3225419223653043 144.18633971649081  0.999999999999996 15.542698048765885 -3.4284846106480837 146.78373188029644  1.0000000000000022 13.769473579995759 -2.4120136013367133 149.24792213854656  0.99999999999999933 10.837882836638725 -0.90529776039456711 149.83333333333334  1 
16.086881219625575 -3.5589500940331629 127.66666666666666  1 17.913081200900148 -4.6485298306967691 129.33180829252714  0.99999999999999911 19.601601268792397 -4.4412716149993186 130.99933674862336  1.0000000000000049 20.498400437908142 -5.4113023768562298 133.70499022625933  0.99999999999999445 19.114735602472035 -4.6001406203763056 138.84398153835747  1.0000000000000051 18.041134434039847 -4.2592840323132135 144.18633971649081  0.999999999999996 15.582016947897856 -3.3769286210350122 146.78373188029644  1.0000000000000022 13.792301723350642 -2.3750783488915528 149.24792213854656  0.99999999999999933 10.845996153896435 -0.8908123591028787 149.83333333333334  1 
16.110239357242847 -3.5103587803192959 127.66666666666664  1 17.944061120199184 -4.5880946071992055 129.33180829252714  0.99999999999999911 19.643906229369755 -4.3703431810876339 130.99933674862336  1.0000000000000049 20.545522034871322 -5.3397739927795467 133.70499022625933  0.99999999999999445 19.165364662354843 -4.5302901266694153 138.84398153835747  1.0000000000000051 18.082466839636204 -4.1982295860063692 144.18633971649081  0.999999999999996 15.619161979116448 -3.3271067385054871 146.78373188029644  1.0000000000000022 13.813848364686452 -2.3394743387648553 149.24792213854656  0.99999999999999933 10.853654649279179 -0.87686241430935552 149.83333333333334  1 
16.120217504481921 -3.4893669050438221 127.66666666666664  1 17.957294061497983 -4.5619783224797308 129.33180829252714  0.99999999999999911 19.661974645512199 -4.3396677791569536 130.99933674862336  1.0000000000000049 20.56565453409976 -5.3088175182321677 133.70499022625935  0.99999999999999445 19.186999983843407 -4.5000395761721306 138.84398153835733  1.0000000000000051 18.100127018517234 -4.1718012509520666 144.18633971649101  0.999999999999996 15.635035521270584 -3.3055248321229764 146.78373188029602  1.0000000000000022 13.823051113668672 -2.3240740482705475 149.24792213854684  0.99999999999999933 10.856925821529718 -0.8708318521015479 149.83333333333334  1 
16.12987134719312 -3.468814445384782 127.66666666666664  1 17.970095753644198 -4.536401169197112 129.33180829252714  0.99999999999999911 19.679451342488939 -4.3095996916813686 130.99933674862336  1.0000000000000049 20.585134829442477 -5.2784535604476543 133.70499022625933  0.99999999999999445 19.207937445211353 -4.4703450718361939 138.84398153835747  1.0000000000000051 18.117215943168979 -4.1458733890349562 144.18633971649081  0.999999999999996 15.650397237325143 -3.2843342422536304 146.78373188029644  1.0000000000000022 13.831953038374428 -2.3089774231006466 149.24792213854656  0.99999999999999933 10.86009020683619 -0.86492342350977358 149.83333333333334  1 
16.159471815772598 -3.4056751439573492 127.66666666666664  1 18.009347519679327 -4.4578217474651662 129.33180829252714  0.99999999999999911 19.733035856345925 -4.2172102047334583 130.99933674862336  1.0000000000000049 20.644865991574566 -5.1851448627399659 133.70499022625933  0.99999999999999445 19.272138132557433 -4.3790823426786565 138.84398153835747  1.0000000000000051 18.169615001200157 -4.0661941343027417 144.18633971649081  0.999999999999996 15.69750104476077 -3.2192046479700331 146.78373188029644  1.0000000000000022 13.859247108443945 -2.2625897826298145 149.24792213854656  0.99999999999999933 10.869792558584498 -0.84677008727966763 149.83333333333334  1 
16.201484178272292 -3.3126520922578684 127.66666666666661  1 18.065041444078012 -4.3419463722872811 129.33180829252717  0.99999999999999911 19.809024956485764 -4.0806126269723224 130.99933674862339  1.0000000000000049 20.729669566137165 -5.0469061181603294 133.70499022625907  0.99999999999999445 19.363329270201216 -4.2435596029356741 138.84398153835784  1.0000000000000051 18.244020088797704 -3.9480721344069702 144.18633971649049  0.999999999999996 15.764408984416267 -3.1224125008879384 146.78373188029667  1.0000000000000022 13.897961347885504 -2.1939895050408196 149.24792213854656  0.99999999999999933 10.883556493220183 -0.81996816120648131 149.83333333333334  1 
16.249484157635841 -3.2000571061242464 127.66666666666661  1 18.128629801854672 -4.2015123481550019 129.33180829252709  0.99999999999999911 19.895673192685322 -3.9144591725642619 130.99933674862368  1.0000000000000049 20.826488968577404 -4.8782571015269376 133.70499022625899  0.99999999999999445 19.467484455478544 -4.0776872180249661 138.84398153835772  1.0000000000000051 18.328979882441985 -3.8038362135646904 144.18633971649101  0.999999999999996 15.840827334464107 -3.0038173507482031 146.78373188029559  1.0000000000000022 13.942115953940228 -2.1105156489617349 149.24792213854712  0.99999999999999933 10.899263883489189 -0.78743101142561078 149.83333333333334  1 
16.277552087379927 -3.1320124245523404 127.66666666666661  1 18.165790140738999 -4.11658671752323 129.33180829252709  0.99999999999999911 19.946269139715682 -3.813785383831545 130.99933674862368  1.0000000000000049 20.88305334686854 -4.7759077462444015 133.70499022625899  0.99999999999999445 19.528344271143943 -3.9768508380405216 138.84398153835772  1.0000000000000051 18.378618486848787 -3.7162612150220795 144.18633971649101  0.999999999999996 15.885478701913607 -2.9316815703134398 146.78373188029559  1.0000000000000022 13.967900571077879 -2.0599279866792926 149.24792213854712  0.99999999999999933 10.908440647444902 -0.76773699144107477 149.83333333333334  1 
16.301499199489157 -3.0726012288748361 127.66666666666666  1 18.197483330008858 -4.0424041479769937 129.331808292527  0.99999999999999911 19.989384053287239 -3.7257308585039746 130.99933674862368  1.0000000000000049 20.931273473964584 -4.6862916264364598 133.70499022625899  0.99999999999999445 19.580228210044201 -3.888458402044725 138.84398153835772  1.0000000000000051 18.420935334107398 -3.6395570422392294 144.18633971649101  0.999999999999996 15.923543874079268 -2.8684247786572281 146.78373188029559  1.0000000000000022 13.98987547267652 -2.0156756869581867 149.24792213854712  0.99999999999999933 10.916264476501508 -0.75052373248888071 149.83333333333334  1 
16.317749304299806 -3.0312276738139508 127.66666666666666  1 18.21898254802695 -3.9907203309628447 129.331808292527  0.99999999999999911 20.018594464642355 -3.6642938937450054 130.99933674862368  1.0000000000000049 20.963958488403435 -4.6236926599230523 133.70499022625899  0.99999999999999445 19.61539580228273 -3.8266380034915826 138.84398153835772  1.0000000000000051 18.44961892657145 -3.5859589994964001 144.18633971649101  0.999999999999996 15.949344436591479 -2.8241667405538271 146.78373188029559  1.0000000000000022 14.004766467375321 -1.9847959971330118 149.24792213854712  0.99999999999999933 10.921568993731217 -0.7385230607688994 149.83333333333334  1 
16.332793449370577 -2.9922842407523973 127.66666666666666  1 18.238879706695023 -3.9420574806137805 129.33180829252669  0.99999999999999911 20.04561223670034 -3.6064017223025302 130.99933674862453  1.0000000000000049 20.994188878805442 -4.5646583723085614 133.70499022625827  0.99999999999999445 19.647924071051019 -3.7682956649164168 138.8439815383588  1.0000000000000051 18.476148899753184 -3.5354028687723438 144.1863397164901  0.999999999999996 15.973207868816848 -2.7823886726743572 146.78373188029644  1.0000000000000022 14.018537822877828 -1.955693599674752 149.24792213854684  0.99999999999999933 10.926476891806884 -0.72721953461862543 149.83333333333334  1 
16.339337652069478 -2.9751707182464178 127.66666666666666  1 18.247533161081698 -3.9206688678740176 129.33180829252669  0.99999999999999911 20.057358302196644 -3.5809443840263877 130.99933674862453  1.0000000000000049 21.007331136957067 -4.5386861972648171 133.70499022625827  0.99999999999999445 19.662065804772858 -3.7426167297724473 138.8439815383588  1.0000000000000051 18.487682603613372 -3.5131579697828128 144.1863397164901  0.999999999999996 15.983582286226458 -2.7639976962363018 146.78373188029644  1.0000000000000022 14.024524440522395 -1.9428950190817111 149.24792213854684  0.99999999999999933 10.928611024425029 -0.72225019804409207 149.83333333333334  1 
16.345407110965983 -2.9591332991651043 127.66666666666666  1 18.255557228165308 -3.9006216317627915 129.33180829252669  0.99999999999999911 20.068245267075039 -3.5570717702345518 130.99933674862453  1.0000000000000049 21.019512375689434 -4.5143197524855436 133.70499022625827  0.99999999999999445 19.675172330325697 -3.7185139010253594 138.8439815383588  1.0000000000000051 18.498372750587443 -3.4922856409572689 144.1863397164901  0.999999999999996 15.993196927524592 -2.7467329840555506 146.78373188029644  1.0000000000000022 14.030073205015476 -1.9308924700464356 149.24792213854684  0.99999999999999933 10.930589545513563 -0.71759142749623661 149.83333333333334  1 
16.382453838082082 -2.8610957105193235 127.66666666666666  1 18.304533008270006 -3.7780686719397427 129.33180829252709  0.99999999999999911 20.134690769120894 -3.4111230109047694 130.99933674862368  1.0000000000000049 21.09385722912733 -4.3653420679425468 133.7049902262589  0.99999999999999445 19.755163461040393 -3.5711378449227613 138.84398153835795  1.0000000000000051 18.563616924365018 -3.3646686986232583 144.18633971649072  0.999999999999996 16.051876202548208 -2.6411661308293595 146.78373188029602  1.0000000000000022 14.063938523519635 -1.857512507274141 149.24792213854684  0.99999999999999933 10.942665316155134 -0.68911042634228836 149.83333333333337  1 
16.424729185269584 -2.7415832544038454 127.66666666666666  1 18.360345214148225 -3.6285092267413797 129.33180829252723  0.99999999999999911 20.210190153018949 -3.2324749357758629 130.99933674862325  1.0000000000000049 21.178338198519658 -4.182482656502823 133.70499022625924  0.99999999999999445 19.846010542580643 -3.3897238873357436 138.84398153835755  1.0000000000000051 18.637746019475209 -3.207902136232454 144.18633971649092  0.999999999999996 16.118499440622173 -2.5111001271281497 146.78373188029559  1.0000000000000022 14.102419512045191 -1.7676617404905108 149.24792213854712  0.99999999999999933 10.956408609134794 -0.65430393064441317 149.83333333333334  1 
16.46814073587829 -2.6079701352784022 127.66666666666669  1 18.417528264444485 -3.4611109339500121 129.33180829252703  0.99999999999999911 20.28716710193423 -3.0318899531722217 130.99933674862351  1.0000000000000049 21.264365290891639 -3.9765495519513538 133.70499022625927  0.99999999999999445 19.93836653064314 -3.1848113474853768 138.84398153835744  1.0000000000000051 18.713196036388808 -3.0312071045195377 144.18633971649101  0.999999999999996 16.186190001727439 -2.3640543027074319 146.78373188029559  1.0000000000000022 14.141646547735366 -1.6667380613121623 149.24792213854712  0.99999999999999933 10.970457699878356 -0.61528888041033181 149.83333333333334  1 
16.483331026778558 -2.5599451989140949 127.66666666666666  1 18.437523993995065 -3.4009226759592504 129.33180829252706  0.99999999999999911 20.314036761282331 -2.9597041708275706 130.99933674862351  1.0000000000000049 21.294379306026109 -3.9023744182865192 133.70499022625916  0.99999999999999445 19.970568207977088 -3.1109413318498076 138.84398153835772  1.0000000000000051 18.739515015990644 -2.9675480873484181 144.18633971649064  0.999999999999996 16.209786738468704 -2.3110315291992589 146.78373188029624  1.0000000000000022 14.155338463260161 -1.6304138335999716 149.24792213854684  0.99999999999999933 10.975366263181504 -0.60125507011391233 149.83333333333334  1 
16.496269235757893 -2.5182539935109083 127.66666666666666  1 18.454546247917332 -3.3486607268191988 129.33180829252706  0.99999999999999911 20.336882795382419 -2.8969861406397874 130.99933674862351  1.0000000000000049 21.319887604341901 -3.8378896488958847 133.70499022625916  0.99999999999999445 19.997922701329159 -3.0466850740058469 138.84398153835772  1.0000000000000051 18.761879902367294 -2.9121966736369616 144.18633971649064  0.999999999999996 16.229828385603003 -2.2649015231902414 146.78373188029624  1.0000000000000022 14.166979122325277 -1.5988513441746293 149.24792213854684  0.99999999999999933 10.979542522784284 -0.58906591377507245 149.83333333333334  1 
16.505222026265653 -2.4887793874505615 127.66666666666666  1 18.466317485615331 -3.3117040841424226 129.33180829252706  0.99999999999999911 20.352660032494885 -2.8526059520574116 130.99933674862351  1.0000000000000049 21.337492986614315 -3.7922297967121574 133.70499022625916  0.99999999999999445 20.016791619050455 -3.001158899958138 138.84398153835772  1.0000000000000051 18.777313237932638 -2.8729970679284431 144.18633971649064  0.999999999999996 16.243650308397381 -2.2322120054362093 146.78373188029624  1.0000000000000022 14.175016981988193 -1.5765153710125679 149.24792213854684  0.99999999999999933 10.982428692108583 -0.58044375752209332 149.83333333333334  1 
16.513411601356523 -2.4614446926111042 127.66666666666666  1 18.477080765290221 -3.2774253543840457 129.33180829252706  0.99999999999999911 20.36707297465307 -2.8114256760901175 130.99933674862351  1.0000000000000049 21.353569894461515 -3.7498444379597693 133.70499022625916  0.99999999999999445 20.034015284169044 -2.958882007971535 138.84398153835772  1.0000000000000051 18.791404997573867 -2.8366048670236421 144.18633971649064  0.999999999999996 16.256265432832876 -2.2018521948035294 146.78373188029624  1.0000000000000022 14.182359394000439 -1.5557884644294522 149.24792213854684  0.99999999999999933 10.985066623495072 -0.57244489769547657 149.83333333333334  1 
16.51702180487495 -2.4492915272468183 127.66666666666666  1 18.481824294859553 -3.2621834060110806 129.33180829252706  0.99999999999999911 20.373421260907882 -2.7931106555814087 130.99933674862351  1.0000000000000049 21.360649398617092 -3.7309886146195979 133.70499022625916  0.99999999999999445 20.041597785718221 -2.9400701899042643 138.84398153835772  1.0000000000000051 18.797609868354161 -2.8204141683229187 144.18633971649064  0.999999999999996 16.261818634372304 -2.1883421542199861 146.78373188029624  1.0000000000000022 14.185593308999328 -1.5465697392728939 149.24792213854684  0.99999999999999933 10.986228892252043 -0.56888782513812619 149.83333333333334  1 
16.520274729408243 -2.4382477358263528 127.66666666666666  1 18.486097256786749 -3.248331549670552 129.33180829252706  0.99999999999999911 20.379136411961898 -2.7764621078082818 130.99933674862351  1.0000000000000049 21.367021240050228 -3.7138443418159928 133.70499022625916  0.99999999999999445 20.048420525462653 -2.9229619927306922 138.84398153835772  1.0000000000000051 18.803194072986319 -2.8056921575318436 144.18633971649064  0.999999999999996 16.266814989119208 -2.1760547883495502 146.78373188029624  1.0000000000000022 14.18850460767878 -1.5381895444757863 149.24792213854684  0.99999999999999933 10.987275586179059 -0.56565480557975101 149.83333333333334  1 
16.560655438054177 -2.3009969311871359 127.66666666666666  1 18.539138462566186 -3.0761804252822764 129.33180829252618  0.99999999999999911 20.450074152389114 -2.569547189284191 130.99933674862501  1.0000000000000049 21.44610725668748 -3.5007614800462723 133.70499022625847  0.99999999999999445 20.133099939818944 -2.7103209813782003 138.84398153835815  1.0000000000000051 18.8725033718604 -2.6227135307680727 144.18633971649083  0.999999999999996 16.328825789110809 -2.0233314456956228 146.78373188029559  1.0000000000000022 14.224640154447767 -1.4340366184647833 149.24792213854712  0.99999999999999933 11.000267962693353 -0.52547418384442035 149.83333333333334  1 
16.599816289152393 -2.1520467231162099 127.66666666666666  1 18.590385089842407 -2.8891478742375871 129.33180829252709  0.99999999999999911 20.518038819004747 -2.3440941247436626 130.99933674862339  1.0000000000000049 21.521604395491302 -3.2678951596709722 133.70499022625918  0.99999999999999445 20.213627335125707 -2.4772793328447218 138.84398153835772  1.0000000000000051 18.938593973403652 -2.4225859965744863 144.18633971649072  0.999999999999996 16.387724201707329 -1.8558190059720008 146.78373188029602  1.0000000000000022 14.259246392261188 -1.3205062770084428 149.24792213854684  0.99999999999999933 11.01277401566611 -0.48176014619132645 149.83333333333337  1 
16.635783723381323 -1.9952578081088213 127.66666666666666  1 18.637174042250592 -2.6920978006097336 129.33180829252728  0.99999999999999911 20.57932448894082 -2.1060101902576265 130.99933674862297  1.0000000000000049 21.589094811618224 -3.0214178466214991 133.70499022625967  0.99999999999999445 20.285200113682642 -2.2300464688241304 138.8439815383569  1.0000000000000051 18.997575837993658 -2.2106214812114362 144.18633971649155  0.999999999999996 16.440000771314942 -1.6779875125921939 146.78373188029522  1.0000000000000022 14.290404465411006 -1.2005790428537364 149.24792213854712  0.99999999999999933 11.024135460810951 -0.43565206502241827 149.83333333333337  1 
16.641428577193118 -1.9701972426005687 127.66666666666666  1 18.64450893601812 -2.6605986463476157 129.33180829252728  0.99999999999999911 20.588915958653935 -2.0679408682560219 130.99933674862288  1.0000000000000049 21.599642543536049 -2.9819955642382774 133.70499022625975  0.99999999999999445 20.296376308985916 -2.1904923190036691 138.8439815383567  1.0000000000000051 19.006791515580666 -2.1767165734790539 144.18633971649177  0.999999999999996 16.448162127739497 -1.6495344269559409 146.78373188029474  1.0000000000000022 14.295279397861588 -1.1814021292558063 149.24792213854744  0.99999999999999933 11.02591545778909 -0.42828050049460814 149.83333333333337  1 
16.646249189229067 -1.948517633729173 127.66666666666666  1 18.65076854057855 -2.6333471271402917 129.33180829252652  0.99999999999999911 20.597088761807857 -2.0349986461984737 130.99933674862493  1.0000000000000049 21.608622269914758 -2.9478762100904738 133.70499022625808  0.99999999999999445 20.305884685899109 -2.1562522521234806 138.84398153835886  1.0000000000000051 19.014635670497452 -2.1473708053874891 144.18633971649001  0.999999999999996 16.455104589431496 -1.6249026449768305 146.78373188029667  1.0000000000000022 14.299432931662606 -1.1648075345443765 149.24792213854656  0.99999999999999933 11.027433539884699 -0.42190236143711424 149.83333333333337  1 
16.649637165056109 -1.9330588464989873 127.66666666666666  1 18.655165031437225 -2.6139137662634093 129.33180829252703  0.99999999999999911 20.602817049982939 -2.0115020229171741 130.99933674862351  1.0000000000000049 21.614910656438827 -2.9235350586253004 133.70499022625918  0.99999999999999445 20.312537819648281 -2.1318198359572325 138.84398153835758  1.0000000000000051 19.020127504163977 -2.1264339235715322 144.18633971649083  0.999999999999996 16.459961627367221 -1.6073252879616333 146.78373188029602  1.0000000000000022 14.302344152890546 -1.1529708515063875 149.24792213854684  0.99999999999999933 11.028498849716634 -0.41735355132956231 149.83333333333337  1 
16.652723614073778 -1.9188461850757066 127.66666666666666  1 18.659168119964637 -2.5960460382918846 129.33180829252728  0.99999999999999911 20.608027584071813 -1.989895648460464 130.99933674862288  1.0000000000000049 21.62062521471772 -2.9011491402538745 133.70499022625981  0.99999999999999445 20.318581491066823 -2.1093471383208779 138.84398153835653  1.0000000000000051 19.025117616329474 -2.1071781225355575 144.18633971649203  0.999999999999996 16.464373242748177 -1.591157205904735 146.78373188029425  1.0000000000000022 14.304991367215356 -1.1420861555828075 149.24792213854772  0.99999999999999933 11.029468395528282 -0.41317095094424605 149.83333333333337  1 
16.654097232982185 -1.9124845663719601 127.66666666666666  1 18.660949082988374 -2.5880481586274224 129.33180829252703  0.99999999999999911 20.610344330625406 -1.9802235377012312 130.99933674862351  1.0000000000000049 21.623164480813671 -2.8911272433852298 133.70499022625918  0.99999999999999445 20.321266358431529 -2.0992856050722506 138.84398153835758  1.0000000000000051 19.027334819457234 -2.0985573472545256 144.18633971649083  0.999999999999996 16.466332926488636 -1.5839182226933206 146.78373188029602  1.0000000000000022 14.306168138850655 -1.1372135450607816 149.24792213854684  0.99999999999999933 11.029899623437069 -0.41129868037006173 149.83333333333337  1 
16.655316116270342 -1.9068079763116095 127.66666666666666  1 18.662528932399017 -2.5809112983396649 129.33180829252703  0.99999999999999911 20.612398087656558 -1.9715920231932835 130.99933674862351  1.0000000000000049 21.625414344001452 -2.8821829053190835 133.70499022625918  0.99999999999999445 20.323644329781718 -2.0903051768472456 138.84398153835758  1.0000000000000051 19.029299124994093 -2.0908633090671112 144.18633971649083  0.999999999999996 16.468068461957397 -1.5774569139749439 146.78373188029602  1.0000000000000022 14.307211227781522 -1.1328651286683109 149.24792213854684  0.99999999999999933 11.030282040635269 -0.40962790862129062 149.83333333333337  1 
16.694157533074005 -1.7257865072917327 127.66666666666666  1 18.712871027781024 -2.3533222658352546 129.33180829252652  0.99999999999999911 20.677835714760644 -1.6963369193549815 130.99933674862496  1.0000000000000049 21.697095642044204 -2.596949278349856 133.70499022625779  0.99999999999999445 20.399403565306017 -1.8039177529587533 138.84398153835949  1.0000000000000051 19.09188158953652 -1.8455008535068784 144.18633971648933  0.999999999999996 16.523359850789262 -1.3714040376285994 146.78373188029758  1.0000000000000022 14.340446143054633 -0.99419594393683308 149.24792213854627  0.99999999999999933 11.042467343404361 -0.35634801968312518 149.8333333333334  1 
16.726178492204408 -1.5439521516801458 127.66666666666666  1 18.753865182752026 -2.1245019334095372 129.33180829252737  0.99999999999999911 20.729708526012526 -1.4189139962119872 130.99933674862302  1.0000000000000049 21.752720132598377 -2.3087823962242213 133.70499022625927  0.99999999999999445 20.457274685449278 -1.5138562791769943 138.84398153835744  1.0000000000000051 19.140223213002752 -1.5974366774298148 144.18633971649101  0.999999999999996 16.565432307720151 -1.162552145263384 146.78373188029559  1.0000000000000022 14.366692353524794 -0.85439776378619814 149.24792213854712  0.99999999999999933 11.0522716125336 -0.30271629259086552 149.83333333333337  1 
16.752133191349536 -1.3613083335200993 127.66666666666666  1 18.786561090427419 -1.8945608446927387 129.33180829252646  0.99999999999999911 20.769303122128836 -1.1399238735826238 130.99933674862496  1.0000000000000049 21.794069281359928 -2.0186551470168412 133.70499022625785  0.99999999999999445 20.4986363729539 -1.2217918238024243 138.84398153835934  1.0000000000000051 19.17575341682689 -1.3476803536923043 144.18633971648956  0.999999999999996 16.595119337531649 -0.95226897526189336 146.7837318802971  1.0000000000000022 14.38668438178002 -0.7137713720523905 149.24792213854656  0.99999999999999933 11.059903845832698 -0.24881704290550699 149.83333333333334  1 

0 4
0.01400482831271266 1
0.01425355806634049 1
0.01443409239054228 1
0.01459353195519353 1
0.015172013248470119 1
0.01536293986083488 1
0.015718323583853 1
0.015846126209007161 1
0.015956610836575281 1
0.027856320142396061 1
0.028352433215584571 1
0.028716092457802149 1
0.029035085006860729 1
0.030169848870408959 1
0.030543744756757758 1
0.03123443770353862 1
0.031489262974367813 1
0.031690278219977053 1
0.041715004717585519 1
0.042461321191219432 1
0.04301712341919868 1
0.043499381632642227 1
0.045159697707882751 1
0.045705162606385692 1
0.046699565006744291 1
0.047082697973937077 1
0.047337373962673977 1
0.055644629370606817 1
0.056646279792837567 1
0.057407958516163718 1
0.058059499557286037 1
0.06020368024892922 1
0.060905090573511983 1
0.06215899297524885 1
0.06267285369759526 1
0.062928021602338638 1
0.069691552836642107 1
0.070955470757722489 1
0.071940581342739354 1
0.072769252068311682 1
0.075346213156922082 1
0.076184279362002866 1
0.077642476527712473 1
0.078290389510885183 1
0.078478570423174632 1
0.083891532194485113 1
0.085426026488626711 1
0.086655006861581674 1
0.087670032941228396 1
0.090621605335898525 1
0.091574203520222081 1
0.093172796181943129 1
0.093958801439483139 1
0.09400085933218974 1
0.098271179047500379 1
0.10008551140709737 1
0.10158069723999985 1
0.10279222451482681 1
0.10605576812223379 1
0.10709889960954491 1
0.10876797734599511 1
0.10950491591727984 1
0.1096966394327359 1
0.11284840034913701 1
0.11495236800719369 1
0.11673701040778586 1
0.11815565223033868 1
0.12166672299221076 1
0.12277551743042237 1
0.12444202271811028 1
0.1249999999999999 1
0.12551823404566945 1
0.12763275631981352 1
0.13003629302256445 1
0.13213362556187899 1
0.13377003456264475 1
0.13746493453122169 1
0.13861463403408383 1
0.14020524260450748 1
0.14049508408272046 1
0.1414340260808333 1
0.14262601122045721 1
0.1453388202431013 1
0.14777121107223545 1
0.14963569059800205 1
0.15345378886160416 1
0.15462066713018499 1
0.15599914066781029 1
0.15606454823418639 1
0.1574508666310091 1
0.15782298958866831 1
0.16085422088085197 1
0.1636424343615353 1
0.16574460072903363 1
0.16963035967541384 1
0.17079254437832417 1
0.17152142957682517 1
0.17202389271275292 1
0.17321285898185368 1
0.17357247276158186 1
0.17657084207477636 1
0.17973342718515867 1
0.18208193170342257 1
0.18598660780500556 1
0.18707197839766124 1
0.18712478618115427 1
0.18808504235214407 1
0.18878114930796216 1
0.18980022217086348 1
0.19247319832761273 1
0.1960260226260771 1
0.19862834494128542 1
0.20251135518641183 1
0.2026626260373261 1
0.20360935073880015 1
0.20424904340941155 1
0.20451356257102524 1
0.20613465451689578 1
0.20854589154681227 1
0.21250186363861598 1
0.21536420434596804 1
0.21830972178002292 1
0.21919415702264855 1
0.22023936693020041 1
0.22040650718458085 1
0.22051950204914425 1
0.222578808192991 1
0.22478440106821987 1
0.22915355291182324 1
0.23228093583942239 1
0.23404338916342485 1
0.23603630219571858 1
0.23656197339082774 1
0.2369127783768365 1
0.23701996773082223 1
0.23914854770791075 1
0.24129205338660184 1
0.24608419002729126 1
0.24948218647381989 1
0.25000000000000006 1
0.2527174395970746 1
0.25315116162752344 1
0.25355503378011862 1
0.2540681197275319 1
0.25597068516825844 1
0.25779970570498384 1
0.26301482714275926 1
0.26595661083657524 1
0.2666834371082174 1
0.26861038421063027 1
0.27019728918340075 1
0.27026602105932829 1
0.27111627172424158 1
0.2727928226286061 1
0.27403821522639144 1
0.27966651641596652 1
0.28169027821997716 1
0.2836001686016717 1
0.28434279747369334 1
0.28659056551109291 1
0.28710816623239827 1
0.28789687252486346 1
0.28936256214352585 1
0.29011090844559095 1
0.29614235742850537 1
0.29733737396267396 1
0.29991108779980175 1
0.30033602800635434 1
0.30286102415082566 1
0.30379096806863504 1
0.30452688871626371 1
0.30580671581962099 1
0.30601326469842732 1
0.31243495286942374 1
0.31292802160233885 1
0.31530095719298712 1
0.31688244124421711 1
0.31902502520809323 1
0.32031571545004123 1
0.32101145327390962 1
0.32172988589235174 1
0.32214114816565337 1
0.32847857042317463 1
0.32852594569304711 1
0.33049793556119827 1
0.33321977221860605 1
0.3350861748474841 1
0.33667196357963297 1
0.33724528653010227 1
0.33734369507673972 1
0.33836889757493493 1
0.34400085933218977 1
0.34439716898234701 1
0.34549119046184196 1
0.3493286823496376 1
0.35104551932605071 1
0.35254781375063926 1
0.3528485343934426 1
0.35351557232487885 1
0.35449050370550766 1
0.35950491591727979 1
0.3600347544927035 1
0.36027554643251847 1
0.36519433838499499 1
0.36690482495572962 1
0.36763173876601002 1
0.36883738872382515 1
0.36952160542098 1
0.37050734425568349 1
0.37485276773415505 1
0.37499999999999994 1
0.37543136964679663 1
0.38080872071730104 1
0.38249859536610636 1
0.38266804484212674 1
0.38463560026283605 1
0.3853607220246415 1
0.38642313629084729 1
0.38923241458717028 1
0.39049508408272021 1
0.39058768281458267 1
0.3961721484328129 1
0.39715808028457705 1
0.398342090214242 1
0.40024655513281304 1
0.40103733984551898 1
0.40224473090378088 1
0.40343239394501329 1
0.40551337319300085 1
0.40599914066781034 1
0.4112943400064113 1
0.41162863601548116 1
0.41393727137829389 1
0.41568071791914829 1
0.41656203593484181 1
0.41747931741104854 1
0.41798256889703361 1
0.42022779871184318 1
0.42152142957682526 1
0.42593782698036609 1
0.42619512087932798 1
0.42946759103252458 1
0.43095611009812468 1
0.43140894206406988 1
0.43195196009306103 1
0.43365098082563153 1
0.43476042153841882 1
0.43707197839766126 1
0.4401227855819842 1
0.44090487339035361 1
0.44495107458498828 1
0.44526762663925923 1
0.44609864300611757 1
0.44723114888155197 1
0.44915125663538391 1
0.44926851663892148 1
0.45266262603732599 1
0.45423167355761906 1
0.4554649913149974 1
0.45911911846894266 1
0.46041050255349275 1
0.46114262554716406 1
0.46243107684867818 1
0.46345228759678042 1
0.46485867236257966 1
0.46830972178002278 1
0.46833054870686314 1
0.46992928794077887 1
0.47312394678165531 1
0.4758756298566984 1
0.47613247438463785 1
0.477592494698306 1
0.47773428766404025 1
0.48045210736214888 1
0.48258410677320362 1
0.4840433891634246 1
0.48437084099244609 1
0.49057740229731045 1
0.4911303100065767 1
0.49139174397638402 1
0.49216838005458258 1
0.49277329959422889 1
0.49609524412750955 1
0.49896437294763962 1
0.49909651487096157 1
0.49999999999999994 1
0.50630232325504687 1
0.50711006756023702 1
0.5076324876118723 1
0.5077642316629184 1
0.50813623945506381 1
0.51194137033651677 1
0.51369540967968497 1
0.51537821399679384 1
0.51595661083657529 1
0.5206401160523767 1
0.52190256375151245 1
0.52242472385750027 1
0.52290867362770321 1
0.52481134224730908 1
0.52622277902916537 1
0.52826957169435695 1
0.53157032603701915 1
0.53169027821997716 1
0.53483321093707303 1
0.53652428445754796 1
0.53656882645196124 1
0.53815634541692858 1
0.54035515014159252 1
0.54173078608933556 1
0.54285992583700893 1
0.54733737396267401 1
0.54770402378594196 1
0.54905766290831559 1
0.55074382419774981 1
0.55113634774292142 1
0.55342977414708205 1
0.5545091746997759 1
0.55753729436569888 1
0.55852172541883838 1
0.56292802160233879 1
0.56338917357599505 1
0.56379622600254142 1
0.56502500531874689 1
0.56579849373808588 1
0.56875610520529019 1
0.56876657361134131 1
0.57235356758325739 1
0.57518129788098649 1
0.57788381845484693 1
0.57847857042317474 1
0.57946812722802943 1
0.57985918396410618 1
0.58055333256870212 1
0.58314838798659696 1
0.58419576676569562 1
0.58734871303573932 1
0.59170821933617257 1
0.59258464190101445 1
0.59400085933218982 1
0.59411599382822644 1
0.59543377975800127 1
0.59590327453733261 1
0.59772637055784772 1
0.5997397272956797 1
0.60255224296226195 1
0.60752298512432479 1
0.60810446769649273 1
0.60899978100029251 1
0.60950491591727995 1
0.61046474062159595 1
0.61193808007990269 1
0.61251968353877317 1
0.61541477329048766 1
0.61798367225223683 1
0.62271894125741922 1
0.62413948961496213 1
0.62437621152539569 1
0.62500000000000022 1
0.6256636105348663 1
0.62754768520560955 1
0.62797288562247267 1
0.63123147483537079 1
0.63365293557368385 1
0.6381818536335363 1
0.63954443974090081 1
0.64049508408272038 1
0.64053435586704865 1
0.64104059480723474 1
0.64281989831442454 1
0.64401697619569909 1
0.64719502236444304 1
0.64956104005470516 1
0.65391109819526294 1
0.65521404682624718 1
0.65599914066781051 1
0.65659488547768552 1
0.65659916257426731 1
0.65833669691419716 1
0.66007993415726385 1
0.66330582199017263 1
0.66570105984813255 1
0.66989723003205093 1
0.67113896012870877 1
0.67152142957682559 1
0.67233677549177084 1
0.6725791870426282 1
0.67409033748189906 1
0.67617213637386331 1
0.67956048365487665 1
0.68205959150821027 1
0.6861235944855868 1
0.68707197839766143 1
0.68730266383434269 1
0.68824603519674454 1
0.68851471960165556 1
0.69006644383059201 1
0.69230583412278612 1
0.69595355592024866 1
0.69861899386602799 1
0.70256871408972266 1
0.70266262603732621 1
0.70368385113512011 1
0.70431658246505113 1
0.7044371466110394 1
0.70624625803525343 1
0.70849794616301154 1
0.712481130644951 1
0.71536153099741007 1
0.71830972178002306 1
0.71921055917457832 1
0.72026067483927347 1
0.72039892190751131 1
0.72053884169346005 1
0.72261074899259903 1
0.72477964528884398 1
0.72915149796486955 1
0.73228067099083416 1
0.73404338916342504 1
0.73603792739298102 1
0.73656197339082763 1
0.73691469619909589 1
0.73702207925069463 1
0.73915171414490899 1
0.74129205338660176 1
0.74608419002729143 1
0.7494821864738197 1
0.75000000000000033 1
0.75272502487414394 1
0.75315116162752349 1
0.75355503378011857 1
0.75406811972753185 1
0.7559706851682586 1
0.75780446148435976 1
0.76301688208971341 1
0.76595661083657562 1
0.76668370195680535 1
0.76868680017061586 1
0.77019537136114125 1
0.77026439586206608 1
0.77111416020436907 1
0.77278965619160822 1
0.77408616061019209 1
0.77968724940963197 1
0.78169027821997761 1
0.78360284195022945 1
0.7846092271799997 1
0.78657122586677708 1
0.78709176408046888 1
0.78787556461579022 1
0.78933062134391818 1
0.7902782726504175 1
0.79621482413433431 1
0.79733737396267446 1
0.80034537908161152 1
0.80054475973902717 1
0.802793485095186 1
0.80373360916532444 1
0.8044523883199437 1
0.80569511230126367 1
0.80641197039934021 1
0.81260789639970632 1
0.81292802160233923 1
0.81652906130396974 1
0.81690478143942935 1
0.81886403236349259 1
0.8201787287694603 1
0.82083357562072123 1
0.8218749265059252 1
0.82250417261593967 1
0.8284785704231753 1
0.82886255806441034 1
0.83258959091460671 1
0.83326331309950707 1
0.83477329206846618 1
0.83640509322299617 1
0.83699727932635515 1
0.83785103285461815 1
0.83856713057750443 1
0.84400085933219016 1
0.84497335769013993 1
0.84874773525625957 1
0.84940333289293446 1
0.85051090498596971 1
0.85239122505978426 1
0.85292219262881663 1
0.85360467342231983 1
0.85461122115073085 1
0.85950491591727995 1
0.86093690521921207 1
0.86501947908516275 1
0.86531143737395566 1
0.86606947275300228 1
0.86812046962151102 1
0.86859179971416312 1
0.86912147202209256 1
0.87064602669330093 1
0.87500000000000044 1
0.87675360676409519 1
0.88098070069540291 1
0.88141572744548291 1
0.88144645702537083 1
0.88358338199762798 1
0.88399674984010179 1
0.88439368513090744 1
0.88668083223587091 1
0.89049508408272049 1
0.89242865275890315 1
0.89641212998537767 1
0.89664532693864107 1
0.8979426489006691 1
0.89877933813072242 1
0.8991364584547713 1
0.8994216867977437 1
0.90272492280909733 1
0.90599914066781073 1
0.90797261328888734 1
0.9116156599119003 1
0.91167628780223575 1
0.91371768135403286 1
0.91402024562683748 1
0.91421499977866927 1
0.91460222136281721 1
0.91878788077066209 1
0.92152142957682581 1
0.92340180644324166 1
0.9265567349915349 1
0.92661080536438223 1
0.92841850480020027 1
0.9286681122270346 1
0.92879298234991992 1
0.93139316069232003 1
0.93488008298726155 1
0.93707197839766143 1
0.93873860590750091 1
0.94131157382215103 1
0.94142707858194064 1
0.94291314967905204 1
0.94311123413631703 1
0.9431852651312268 1
0.94831260453434651 1
0.95101378073618437 1
0.95266262603732632 1
0.95401203463765438 1
0.9559737198173156 1
0.9561044471106307 1
0.95724466034673161 1
0.95739241525731422 1
0.9574321956367412 1
0.96535971511873719 1
0.96720589277640978 1
0.96830972178002317 1
0.96925970642687975 1
0.97058578310268906 1
0.97069480125328267 1
0.97146911231797428 1
0.97156741300310268 1
0.97158622019492458 1
0.98254654448434509 1
0.98348759190224222 1
0.98404338916342515 1
0.98453589244271078 1
0.98520750380872468 1
0.98526896326795477 1
0.98566220720267061 1
0.98571151559756365 1
0.98571859130735173 1
1.0000000000000002 4

0 6
0.44637381781194424 3
1 6

9 1 1 1 0 2 2 6 5 4 3 12.077472228334249 2.2437150035871509 127.5  1 23.630599696985907 0.62002882571972062 127.5  0.70710678118654757 22.376226672084599 0.62002882571972062 138.33333333333334  1 21.12185364718329 0.62002882571972062 149.16666666666669  0.70710678118654757 9.5687261785316338 2.2437150035871509 149.16666666666669  1 
12.077472228334249 2.2437150035871518 127.5  0.5 26.041148516083364 17.771974907454808 127.5  0.35355339059327379 24.786775491182059 17.771974907454808 138.33333333333334  0.5 23.53240246628075 17.771974907454808 149.16666666666669  0.35355339059327379 9.5687261785316338 2.2437150035871518 149.16666666666669  0.5 
12.077472228334249 2.2437150035871518 127.5  1 7.506182903557157 11.631531133388412 127.5  0.70710678118654757 6.2518098786558491 11.631531133388412 138.33333333333334  1 4.9974368537545413 11.631531133388412 149.16666666666669  0.70710678118654757 9.5687261785316338 2.2437150035871518 149.16666666666669  1 
12.077472228334249 2.2437150035871514 127.5  0.5 -11.028782708969054 5.4910873593220133 127.5  0.35355339059327379 -12.283155733870363 5.4910873593220133 138.33333333333334  0.5 -13.537528758771671 5.4910873593220133 149.16666666666669  0.35355339059327379 9.5687261785316338 2.2437150035871514 149.16666666666669  0.5 
12.077472228334249 2.2437150035871505 127.5  1 5.0956340844596859 -5.5204149483466782 127.5  0.70710678118654757 3.841261059558378 -5.5204149483466782 138.33333333333334  1 2.5868880346570702 -5.5204149483466782 149.16666666666669  0.70710678118654757 9.5687261785316338 2.2437150035871505 149.16666666666669  1 
12.077472228334249 2.2437150035871496 127.5  0.5 21.220050877888422 -16.531917256015376 127.5  0.35355339059327379 19.965677852987117 -16.531917256015376 138.33333333333334  0.5 18.711304828085808 -16.531917256015376 149.16666666666669  0.35355339059327379 9.5687261785316338 2.2437150035871496 149.16666666666669  0.5 

0 2
2.0943951023931953 2
4.1887902047863905 2
6.2831853071795862 2

-1.5707963267948966 3
0 2
1.5707963267948966 3

9 1 1 1 0 2 2 6 5 4 3 12.077472228334249 2.2437150035871509 127.5  1 23.630599696985907 0.62002882571972062 127.5  0.70710678118654757 22.376226672084599 0.62002882571972062 138.33333333333334  1 21.12185364718329 0.62002882571972062 149.16666666666669  0.70710678118654757 9.5687261785316338 2.2437150035871509 149.16666666666669  1 
12.077472228334249 2.2437150035871518 127.5  0.5 26.041148516083364 17.771974907454808 127.5  0.35355339059327379 24.786775491182059 17.771974907454808 138.33333333333334  0.5 23.53240246628075 17.771974907454808 149.16666666666669  0.35355339059327379 9.5687261785316338 2.2437150035871518 149.16666666666669  0.5 
12.077472228334249 2.2437150035871518 127.5  1 7.506182903557157 11.631531133388412 127.5  0.70710678118654757 6.2518098786558491 11.631531133388412 138.33333333333334  1 4.9974368537545413 11.631531133388412 149.16666666666669  0.70710678118654757 9.5687261785316338 2.2437150035871518 149.16666666666669  1 
12.077472228334249 2.2437150035871514 127.5  0.5 -11.028782708969054 5.4910873593220133 127.5  0.35355339059327379 -12.283155733870363 5.4910873593220133 138.33333333333334  0.5 -13.537528758771671 5.4910873593220133 149.16666666666669  0.35355339059327379 9.5687261785316338 2.2437150035871514 149.16666666666669  0.5 
12.077472228334249 2.2437150035871505 127.5  1 5.0956340844596859 -5.5204149483466782 127.5  0.70710678118654757 3.841261059558378 -5.5204149483466782 138.33333333333334  1 2.5868880346570702 -5.5204149483466782 149.16666666666669  0.70710678118654757 9.5687261785316338 2.2437150035871505 149.16666666666669  1 
12.077472228334249 2.2437150035871496 127.5  0.5 21.220050877888422 -16.531917256015376 127.5  0.35355339059327379 19.965677852987117 -16.531917256015376 138.33333333333334  0.5 18.711304828085808 -16.531917256015376 149.16666666666669  0.35355339059327379 9.5687261785316338 2.2437150035871496 149.16666666666669  0.5 

0 2
2.0943951023931953 2
4.1887902047863905 2
6.2831853071795862 2

-1.5707963267948966 3
0 2
1.5707963267948966 3

9 0 0 0 0 1 1 2 2 2 2 0.44551136434610544 1.8535514746407615 138.16666666666669  6.987908248436975 0.9340775555963059 138.16666666666669  
-0.74333570768814605 1.8535514746407615 148.43408820558068  5.7990611764027236 0.9340775555963059 148.43408820558068  

0 2
12.320905846696817 2

8.7103153935862139 2
16.638346710284036 2

9 0 0 0 0 1 1 2 2 2 2 0.44551136434610544 1.8535514746407615 138.16666666666669  1.6369825303771095 10.331309334511563 138.16666666666669  
20.72977541894101 -0.9972159269157207 138.16666666666669  21.92124658497201 7.48054193295508 138.16666666666669  

8.7103153935862121 2
33.290646350280092 2

0 2
10.273288368040758 2

9 0 0 0 0 1 1 2 2 2 2 14.466419782975931 -0.11695869779926094 138.16666666666669  20.72977541894101 -0.9972159269157207 138.16666666666669  
13.288167553079331 -0.11695869779926094 148.34258635229406  19.55152318904441 -0.9972159269157207 148.34258635229406  

0 2
12.211103622752853 2

25.700755289055184 2
33.290646350280092 2

9 1 0 0 0 3 5 571 9 569 3 15.563811508859654 -1.1943006123680222 127.66666666666666  1 17.595381631290007 -1.7275976783663631 129.32986206441635  1.0000000000000075 19.579953195721419 -0.97264878283233869 130.99674420080382  0.99999999999998845 20.606128261522759 -1.8517435537013438 133.70356142738069  1.0000000000000071 19.310480293078367 -1.0548544208220978 138.84341879763991  0.99999999999999201 17.987331736374852 -1.1806141911964585 144.18634891580683  1.0000000000000053 15.407531290642215 -0.78537749186213668 146.78244787109978  0.99999999999999822 13.199174924811343 -0.54686404663051458 149.24780938738135  1.0000000000000013 9.8715821633428096 -0.081809321753428449 149.83333333333334  1 
15.583633928042804 -1.0549695790367739 127.66666666666669  1 17.62157869705732 -1.5435410583675917 129.32986206441544  1.0000000000000075 19.612687464033893 -0.74208712000138677 130.99674420080544  0.99999999999998845 20.640546448782381 -1.6105350337256139 133.70356142737981  1.0000000000000071 19.34488756906984 -0.81187516096506096 138.84341879764102  0.99999999999999201 18.016229479922355 -0.9776735427788652 144.18634891580578  1.0000000000000053 15.430876746954947 -0.61987732136847096 146.78244787110134  0.99999999999999822 13.213350806094452 -0.44730286824931004 149.24780938738047  1.0000000000000013 9.8740364124784641 -0.064477279902971738 149.83333333333334  1 
15.595579797216711 -0.91028615130539803 127.66666666666666  1 17.637342766813742 -1.3524142585524634 129.32986206441635  1.0000000000000075 19.634647074053092 -0.50295303978277794 130.99674420080382  0.99999999999998845 20.659921039873868 -1.3599121190717898 133.70356142738069  1.0000000000000071 19.37043924859897 -0.56016829286834091 138.84341879763991  0.99999999999999201 18.033901491635046 -0.76698062659889144 144.18634891580683  1.0000000000000053 15.450395132135387 -0.44871528360710033 146.78244787109978  0.99999999999999822 13.221970012566002 -0.34392845633479663 149.24780938738135  1.0000000000000013 9.8758305074089847 -0.046519939138660593 149.83333333333337  1 
15.598935133412052 -0.76264507364989242 127.66666666666666  1 17.641740535128065 -1.1573685820659718 129.32986206441615  1.0000000000000075 19.644673416743942 -0.25877181463381582 130.99674420080424  0.99999999999998845 20.663094497276397 -1.1042374734248348 133.70356142738021  1.0000000000000071 19.385909436412518 -0.30297896782582212 138.84341879764077  0.99999999999999201 18.039349539131951 -0.5519363855450421 144.18634891580581  1.0000000000000053 15.465291077729491 -0.27374173943685098 146.78244787110111  0.99999999999999822 13.224529157531641 -0.2384129242464576 149.24780938738076  1.0000000000000013 9.8768788292782173 -0.028177183097470859 149.83333333333334  1 
15.599114248191038 -0.75362544889268679 127.66666666666666  1 17.641975003545348 -1.1454528969076632 129.32986206441635  1.0000000000000075 19.645249687172889 -0.2438538949438159 130.99674420080382  0.99999999999998845 20.663239805352905 -1.0886181354526674 133.70356142738069  1.0000000000000071 19.386823480076384 -0.28726579480526188 138.84341879763991  0.99999999999999201 18.039645537281295 -0.53879885618345558 144.18634891580683  1.0000000000000053 15.466186380036117 -0.2630513235034404 146.78244787109978  0.99999999999999822 13.224667247608453 -0.23196672878885199 149.24780938738135  1.0000000000000013 9.8769405818316347 -0.0270565362352467 149.83333333333334  1 
15.599322779091413 -0.74196014885676553 127.66666666666666  1 17.642247666881989 -1.1300420174243686 129.32986206441589  1.0000000000000075 19.645962606214834 -0.22455970736641334 130.99674420080481  0.99999999999998845 20.663384340577522 -1.0684174791732826 133.70356142737987  1.0000000000000071 19.387977876619789 -0.26694255441502762 138.84341879764105  0.99999999999999201 18.039995444398411 -0.5218076395060216 144.18634891580592  1.0000000000000053 15.467331138368277 -0.24922419340743723 146.78244787110069  0.99999999999999822 13.224829531752027 -0.22362962774974182 149.24780938738104  1.0000000000000013 9.8770183999463956 -0.025607120320660929 149.83333333333334  1 
15.599480157742809 -0.73087544620729827 127.66666666666666  1 17.642452850998119 -1.1153980942227557 129.32986206441635  1.0000000000000075 19.64658289334826 -0.20622494653066648 130.99674420080382  0.99999999999998845 20.66344519978102 -1.0492226236242495 133.70356142738069  1.0000000000000071 19.389025853693962 -0.24762897883659671 138.84341879763991  0.99999999999999201 18.040269915631491 -0.50566185938446606 144.18634891580683  1.0000000000000053 15.468395705211746 -0.23608350249115784 146.78244787109978  0.99999999999999822 13.224954983718863 -0.21570733098611683 149.24780938738135  1.0000000000000013 9.8770887336012905 -0.02422974062475344 149.83333333333334  1 
15.599613713292493 -0.71813046777970224 127.66666666666666  1 17.642626087536417 -1.0985607171305332 129.32986206441635  1.0000000000000075 19.647229702195915 -0.18514284905310227 130.99674420080382  0.99999999999998845 20.663426236204973 -1.0271532688602429 133.70356142738069  1.0000000000000071 19.390173967353622 -0.22542017334950501 138.84341879763991  0.99999999999999201 18.040518050309192 -0.48709745229050438 144.18634891580683  1.0000000000000053 15.469592744957817 -0.22097226478835127 146.78244787109978  0.99999999999999822 13.225065809840606 -0.20659824702142265 149.24780938738135  1.0000000000000013 9.8771654037950309 -0.022645919620269218 149.83333333333334  1 
15.599677606914087 -0.7101957227874649 127.66666666666666  1 17.64270847702165 -1.0880781032415581 129.32986206441635  1.0000000000000075 19.6476054178559 -0.17201711641662287 130.99674420080382  0.99999999999998845 20.663378303429145 -1.013413591362061 133.70356142738069  1.0000000000000071 19.390865659599005 -0.21159243666069102 138.84341879763991  0.99999999999999201 18.040645145171187 -0.47553953303517194 144.18634891580683  1.0000000000000053 15.470327025384631 -0.21156335912427382 146.78244787109978  0.99999999999999822 13.225121236595916 -0.20092705593703983 149.24780938738135  1.0000000000000013 9.8772114314103465 -0.02165980982683724 149.83333333333334  1 
15.59971850288392 -0.70298634039094465 127.66666666666666  1 17.642760646279033 -1.078553739790582 129.32986206441635  1.0000000000000075 19.647922752089052 -0.16009083379266542 130.99674420080382  0.99999999999998845 20.663302567513696 -1.0009301495863965 133.70356142738069  1.0000000000000071 19.391473536074901 -0.19902781500849381 138.84341879763991  0.99999999999999201 18.040736214961367 -0.46503807622971943 144.18634891580683  1.0000000000000053 15.470984414555167 -0.20301364980342518 146.78244787109978  0.99999999999999822 13.225159503160294 -0.19577423375278644 149.24780938738135  1.0000000000000013 9.8772517316202162 -0.02076379182662421 149.83333333333334  1 
15.600216416299698 -0.58544013635657055 127.66666666666666  1 17.64338791643452 -0.92326238117685477 129.32986206441589  1.0000000000000075 19.652860175319621 0.034367193188015177 130.99674420080481  0.99999999999998845 20.661750937866419 -0.79739457061677776 133.70356142737987  1.0000000000000071 19.401182100679396 0.0058432493091416697 138.84341879764105  0.99999999999999201 18.041980806418831 -0.29381469695819823 144.18634891580592  1.0000000000000053 15.481606837871364 -0.06360449628835789 146.78244787110069  0.99999999999999822 13.225664342185135 -0.11175876280883346 149.24780938738104  1.0000000000000013 9.8778938514284356 -0.0061540103094026603 149.83333333333334  1 
15.594843047428281 -0.46155367820258197 127.66666666666666  1 17.636249286828139 -0.75958500884484237 129.32986206441618  1.0000000000000075 19.649800758873976 0.23947722920878139 130.9967442008043  0.99999999999998845 20.649052603719916 -0.58295682599842713 133.70356142738024  1.0000000000000071 19.404336825412923 0.22211210252853369 138.84341879764065  0.99999999999999201 18.034901416505505 -0.11331436033414836 144.18634891580598  1.0000000000000053 15.489446866902238 0.083661122879934074 146.78244787110091  0.99999999999999822 13.222037443285272 -0.023187274130940239 149.24780938738076  1.0000000000000013 9.8780481348266616 0.0092635410005267003 149.83333333333334  1 
15.582812077073317 -0.3341995514393189 127.66666666666666  1 17.62031205455175 -0.59130905812487222 129.32986206441635  1.0000000000000075 19.637517312384073 0.45079220312287654 130.99674420080382  0.99999999999998845 20.623856790105084 -0.36275217347213173 133.70356142738069  1.0000000000000071 19.399708171720423 0.44542465716038449 138.84341879763991  0.99999999999999201 18.018385716594235 0.072335533377066635 144.18634891580683  1.0000000000000053 15.493745315536342 0.2360674280304868 146.78244787109978  0.99999999999999822 13.213724313144265 0.067914239468963952 149.24780938738135  1.0000000000000013 9.8776270226917884 0.02517207688061962 149.83333333333334  1 
15.581017853472797 -0.31630624912433181 127.66666666666666  1 17.617934936768048 -0.56766603953883155 129.32986206441635  1.0000000000000075 19.635645395536187 0.48048974946042583 130.99674420080382  0.99999999999998845 20.620122473135158 -0.3318173533828136 133.70356142738069  1.0000000000000071 19.398931819407071 0.47681664155802367 138.84341879763991  0.99999999999999201 18.015917406904983 0.098420968893799074 144.18634891580683  1.0000000000000053 15.494288997299657 0.25749757812825624 146.78244787109978  0.99999999999999822 13.212482939204161 0.080714849100557526 149.24780938738135  1.0000000000000013 9.8775585742434782 0.027408222121350079 149.83333333333334  1 
15.578624893108726 -0.29336323185861068 127.66666666666666  1 17.614764629831509 -0.53735045187868202 129.32986206441615  1.0000000000000075 19.633114545369487 0.51857528081055704 130.99674420080433  0.99999999999998845 20.61516132637329 -0.29215604262676775 133.70356142738024  1.0000000000000071 19.397823947671895 0.5170828875019462 138.84341879764062  0.99999999999999201 18.012620839205876 0.13186943699800965 144.18634891580606  1.0000000000000053 15.494932350530272 0.28499114533381242 146.78244787110069  0.99999999999999822 13.210825870328291 0.097128677580111678 149.24780938738104  1.0000000000000013 9.8774625361805217 0.03027634040865294 149.83333333333334  1 
15.576204639036785 -0.2716881764263368 127.66666666666666  1 17.611557865426953 -0.50870997403749196 129.32986206441635  1.0000000000000075 19.630498899446863 0.55456843050731586 130.99674420080382  0.99999999999998845 20.610174936049003 -0.25469329323681178 133.70356142738069  1.0000000000000071 19.396583159093606 0.55515034270317754 138.84341879763991  0.99999999999999201 18.009278621394916 0.16347173972546813 144.18634891580683  1.0000000000000053 15.495447253440114 0.31099271763328201 146.78244787109978  0.99999999999999822 13.20914731585569 0.11263663308293648 149.24780938738135  1.0000000000000013 9.8773574976578562 0.032987543937982311 149.83333333333334  1 
15.573255799170864 -0.2469208548572725 127.66666666666666  1 17.607650957617299 -0.47598309003628197 129.32986206441635  1.0000000000000075 19.627250168768839 0.59571155531881936 130.99674420080382  0.99999999999998845 20.604135264030162 -0.21189377819116045 133.70356142738069  1.0000000000000071 19.394938453808361 0.59868071197498862 138.84341879763991  0.99999999999999201 18.005198195203409 0.19958555842167844 144.18634891580683  1.0000000000000053 15.495927162250416 0.34073731147354314 146.78244787109978  0.99999999999999822 13.207099188542406 0.13035851996002029 149.24780938738135  1.0000000000000013 9.8772209532303883 0.036087489684044627 149.83333333333334  1 
15.571345507465091 -0.23149947528277259 127.66666666666666  1 17.605120086183984 -0.45560551370621727 129.32986206441635  1.0000000000000075 19.625122142253598 0.62133552438664141 130.99674420080382  0.99999999999998845 20.600236259808515 -0.18524787196957754 133.70356142738069  1.0000000000000071 19.393822594739266 0.62579810950965509 138.84341879763991  0.99999999999999201 18.002551403177431 0.22207304847761419 144.18634891580683  1.0000000000000053 15.496182139584194 0.35927162925651202 146.78244787109978  0.99999999999999822 13.205771140947123 0.14139366255972194 149.24780938738135  1.0000000000000013 9.8771292362023182 0.038018475765313482 149.83333333333331  1 
15.569569701686339 -0.21769116819160644 127.66666666666666  1 17.602767458906957 -0.43735926823761817 129.32986206441635  1.0000000000000075 19.623123985286767 0.64428484646890705 130.99674420080382  0.99999999999998845 20.596623342855512 -0.16139202442320516 133.70356142738069  1.0000000000000071 19.392742410155957 0.65009099940588788 138.84341879763991  0.99999999999999201 18.000088162028366 0.24220945242047395 144.18634891580683  1.0000000000000053 15.496371327829079 0.37587983031627881 146.78244787109978  0.99999999999999822 13.204535568798859 0.15127507529219025 149.24780938738135  1.0000000000000013 9.8770411996489909 0.039748211887163931 149.83333333333334  1 
15.556969773311774 -0.12179806595934872 127.66666666666666  1 17.586075096240737 -0.31064581691517457 129.32986206441564  1.0000000000000075 19.608867468529919 0.80368197090612048 130.9967442008051  0.99999999999998845 20.571034547482338 0.0042651323314542803 133.70356142737992  1.0000000000000071 19.384908331508743 0.81884509387144833 138.84341879764074  0.99999999999999201 17.982600054820541 0.38205320548401461 144.18634891580621  1.0000000000000053 15.497523338605124 0.49126944702947539 146.78244787110049  0.99999999999999822 13.1957652530087 0.21989972481389897 149.24780938738104  1.0000000000000013 9.8764055575800018 0.051763574980387243 149.83333333333334  1 
15.539293262343206 -0.01805390693492652 127.66666666666666  1 17.562661905252575 -0.17354777616984526 129.32986206441598  1.0000000000000075 19.58769791768573 0.97648625453042204 130.9967442008043  0.99999999999998845 20.53581890687186 0.18330167235014388 133.70356142738058  1.0000000000000071 19.371402563734922 1.0021758820915361 138.84341879763991  0.99999999999999201 17.957909420160615 0.53341647325242825 144.18634891580683  1.0000000000000053 15.496320461817222 0.61690619841043703 146.78244787109978  0.99999999999999822 13.183409366909981 0.2941770298730384 149.24780938738135  1.0000000000000013 9.8753508564814556 0.064809212368642427 149.83333333333334  1 
15.516141869709683 0.090368108114644574 127.66666666666666  1 17.532005603692046 -0.03025028341692456 129.32986206441592  1.0000000000000075 19.558867346071306 1.1576402611195979 130.99674420080453  0.99999999999998845 20.490386093301254 0.37014140367155113 133.70356142738035  1.0000000000000071 19.351323020922596 1.1949568548093792 138.8434187976402  0.99999999999999201 17.925441954079417 0.69172100786616664 144.18634891580638  1.0000000000000053 15.49208345451121 0.74946232357091491 146.78244787110069  0.99999999999999822 13.167179408332455 0.37185717108698779 149.24780938738076  1.0000000000000013 9.8738156091198039 0.078516236736777545 149.83333333333334  1 
15.510275797659009 0.11674998670540968 127.66666666666666  1 17.524237446354736 0.0046179207470920004 129.32986206441592  1.0000000000000075 19.551517752124312 1.2017482580665062 130.99674420080453  0.99999999999998845 20.478901642870706 0.4155899692895656 133.70356142738035  1.0000000000000071 19.346138921244478 1.2419260992946977 138.8434187976402  0.99999999999999201 17.917209789539662 0.73024619995352447 144.18634891580638  1.0000000000000053 15.490902959033921 0.78178113611125633 146.78244787110069  0.99999999999999822 13.163064948643401 0.39076132244082945 149.24780938738076  1.0000000000000013 9.8734204072248026 0.081855255035713226 149.83333333333334  1 
15.50265625373803 0.15009342932013503 127.66666666666666  1 17.514147285616993 0.04868758893165441 129.32986206441592  1.0000000000000075 19.541932289176177 1.2575204080302009 130.99674420080453  0.99999999999998845 20.464007511583603 0.47301824025178763 133.70356142738035  1.0000000000000071 19.339322465633654 1.3013439248045344 138.8434187976402  0.99999999999999201 17.906511946857414 0.7789422019283514 144.18634891580638  1.0000000000000053 15.489278101716355 0.82268625801443385 146.78244787110069  0.99999999999999822 13.157718660489113 0.41465605816129719 149.24780938738076  1.0000000000000013 9.8729017564201875 0.086078732210890241 149.83333333333334  1 
15.495186051775763 0.1812813412613401 127.66666666666666  1 17.504254486340574 0.08990884304044193 129.32986206441592  1.0000000000000075 19.53247228424631 1.3097307220764962 130.99674420080453  0.99999999999998845 20.449442489829295 0.5267110067048838 133.70356142738035  1.0000000000000071 19.332504460855144 1.3570131871674778 138.8434187976402  0.99999999999999201 17.896015228852491 0.82449809232053772 144.18634891580638  1.0000000000000053 15.487535650036477 0.8610457207130795 146.78244787110069  0.99999999999999822 13.152473761741787 0.43700967690321357 149.24780938738076  1.0000000000000013 9.8723845645296553 0.09003488139969984 149.83333333333334  1 
15.48635393152232 0.21653655172240235 127.66666666666666  1 17.492558370454692 0.13650700838247673 129.32986206441592  1.0000000000000075 19.521217096815008 1.3688001884190191 130.99674420080453  0.99999999999998845 20.432265862331924 0.58738090659719211 133.70356142738035  1.0000000000000071 19.324290711886572 1.4200489601273945 138.8434187976402  0.99999999999999201 17.883596121283485 0.87600495274983115 144.18634891580638  1.0000000000000053 15.485309854621772 0.90452365518696998 146.78244787110069  0.99999999999999822 13.146268709455196 0.46228261646484492 149.24780938738076  1.0000000000000013 9.8717634505255205 0.094513684676200693 149.83333333333334  1 
15.480698211205128 0.23848944959619164 127.66666666666666  1 17.485068760117954 0.16552345877490771 129.32986206441566  1.0000000000000075 19.513982491941981 1.4056024175669213 130.99674420080504  0.99999999999998845 20.421283656076575 0.62514895255970693 133.70356142738001  1.0000000000000071 19.318971960344818 1.459343969530795 138.84341879764054  0.99999999999999201 17.875639724806366 0.90808134835980314 144.18634891580643  1.0000000000000053 15.483820536388036 0.93164416623860147 146.78244787110026  0.99999999999999822 13.142293588644831 0.47802130032167678 149.24780938738104  1.0000000000000013 9.8713619763552209 0.097305310924668362 149.83333333333334  1 
15.475627981830788 0.25764649485931268 127.66666666666666  1 17.478354589980519 0.19084489349055897 129.32986206441566  1.0000000000000075 19.507473644833059 1.4377357599737621 130.99674420080504  0.99999999999998845 20.411452960819339 0.65809810001823776 133.70356142738001  1.0000000000000071 19.314153547250164 1.4936728883458792 138.84341879764054  0.99999999999999201 17.868504043508612 0.93607609093500965 144.18634891580643  1.0000000000000053 15.482430544003092 0.95535239467902544 146.78244787110026  0.99999999999999822 13.138728622797887 0.49175698906365123 149.24780938738104  1.0000000000000013 9.870998877502613 0.099743824161597036 149.83333333333334  1 
15.455558246579971 0.33235091633254443 127.66666666666666  1 17.451777815803112 0.28958882904798644 129.32986206441566  1.0000000000000075 19.481659094770233 1.5630828442210343 130.99674420080504  0.99999999999998845 20.372571534485942 0.78656621824818107 133.70356142738001  1.0000000000000071 19.294971491150356 1.6276270824729626 138.84341879764054  0.99999999999999201 17.840252479731721 1.0452518035427976 144.18634891580643  1.0000000000000053 15.476808817958329 1.0478975168437752 146.78244787110026  0.99999999999999822 13.124614665454599 0.54532375340284367 149.24780938738104  1.0000000000000013 9.8695546918031365 0.10925841504783411 149.83333333333334  1 
15.430318558479573 0.41665116046504691 127.66666666666666  1 17.418357127201524 0.40102522602096791 129.32986206441606  1.0000000000000075 19.448762330556502 1.7048860695993899 130.99674420080419  0.99999999999998845 20.323949506274314 0.9313642706075258 133.70356142738063  1.0000000000000071 19.269909345406393 1.7795394283595642 138.84341879763986  0.99999999999999201 17.804671668996278 1.1685214801449983 144.18634891580678  1.0000000000000053 15.468709524988043 1.1531444943613498 146.78244787110006  0.99999999999999822 13.106842881812382 0.60580065858708565 149.24780938738104  1.0000000000000013 9.8676789519592791 0.1200425789285875 149.83333333333334  1 
15.399771845570269 0.50755046156334638 127.66666666666666  1 17.377914229695591 0.52120046147588805 129.32986206441566  1.0000000000000075 19.408406192892109 1.8583101687076353 130.99674420080504  0.99999999999998845 20.26547224627069 1.0872637075594493 133.70356142738001  1.0000000000000071 19.238392460362476 1.9444394985498734 138.84341879764054  0.99999999999999201 17.761554528528617 1.301552294848046 144.18634891580643  1.0000000000000053 15.45761416705667 1.2678196061988467 146.78244787110026  0.99999999999999822 13.085308126075885 0.67105716097643042 149.24780938738104  1.0000000000000013 9.8653338953772689 0.13174031258914551 149.8333333333334  1 
15.387859113447607 0.54175960516311128 127.66666666666666  1 17.362140919990715 0.56642737072126303 129.32986206441566  1.0000000000000075 19.392605535013917 1.9161163849006733 130.99674420080504  0.99999999999998845 20.242708212224706 1.14590385513528 133.70356142738001  1.0000000000000071 19.225965131748943 2.0066382163257246 138.84341879764054  0.99999999999999201 17.744732429163609 1.3516306306104713 144.18634891580643  1.0000000000000053 15.453139176279706 1.3111291113537131 146.78244787110026  0.99999999999999822 13.076906425852396 0.69562118832619801 149.24780938738104  1.0000000000000013 9.8644107398541649 0.13615150481010141 149.8333333333334  1 
15.372733136904609 0.58414939619582995 127.66666666666666  1 17.342113022542605 0.62247078481160478 129.32986206441566  1.0000000000000075 19.372487453010777 1.987803265591269 130.99674420080504  0.99999999999998845 20.2138391967693 1.2185389072202206 133.70356142738001  1.0000000000000071 19.210067978344409 2.0838347992606909 138.84341879764054  0.99999999999999201 17.723366462122854 1.4136960393457125 144.18634891580643  1.0000000000000053 15.447329827310575 1.3649310104102523 146.78244787110026  0.99999999999999822 13.066235275254614 0.72606384840019689 149.24780938738104  1.0000000000000013 9.8632311425657129 0.14162542078882642 149.8333333333334  1 
15.358200571224055 0.62324760189785944 127.66666666666666  1 17.322869925048451 0.67416308389243218 129.32986206441558  1.0000000000000075 19.353073642820338 2.054018839840178 130.99674420080524  0.99999999999998845 20.186156724769255 1.2854865751447575 133.70356142737981  1.0000000000000071 19.194608989007598 2.1552374753794563 138.84341879764102  0.99999999999999201 17.702827666123195 1.4709595655520828 144.18634891580578  1.0000000000000053 15.441547846338917 1.4147742274733865 146.78244787110134  0.99999999999999822 13.055977227305226 0.7541494077800559 149.24780938738047  1.0000000000000013 9.8620860584833014 0.14668692062179986 149.8333333333334  1 
15.34138277191647 0.66677023469033558 127.66666666666666  1 17.300601338154646 0.73170722014818634 129.32986206441601  1.0000000000000075 19.330509759781009 2.1278327009104658 130.99674420080433  0.99999999999998845 20.154186245919604 1.3599621510624664 133.70356142738044  1.0000000000000071 19.176506796498206 2.2349411881102039 138.8434187976402  0.99999999999999201 17.679048375901282 1.5347248315777915 144.18634891580638  1.0000000000000053 15.434632812077467 1.4705054773304553 146.78244787110069  0.99999999999999822 13.044099665981234 0.78542070313806189 149.24780938738076  1.0000000000000013 9.8607478139091747 0.15233553636797498 149.8333333333334  1 
15.330653539981828 0.69387423591253539 127.66666666666666  1 17.286394824776437 0.76754410803724737 129.32986206441635  1.0000000000000075 19.316077027999736 2.1738433047457404 130.99674420080387  0.99999999999998845 20.133815347012415 1.4063230466494019 133.70356142738055  1.0000000000000071 19.164876014175984 2.2846665960796937 138.8434187976402  0.99999999999999201 17.663872996085068 1.5744432687656829 144.18634891580638  1.0000000000000053 15.43013451378269 1.5053127471117334 146.78244787110069  0.99999999999999822 13.036519368517858 0.80489791661521781 149.24780938738076  1.0000000000000013 9.8598889437261583 0.1558590296488564 149.8333333333334  1 
15.321430055251655 0.71663246195196195 127.66666666666666  1 17.274182229313833 0.79763585199706466 129.32986206441635  1.0000000000000075 19.303638258424719 2.2125129493476834 130.99674420080387  0.99999999999998845 20.116324722418973 1.4452345541301592 133.70356142738055  1.0000000000000071 19.154808611752348 2.3264952106119852 138.8434187976402  0.99999999999999201 17.650823667246875 1.6078006992570313 144.18634891580638  1.0000000000000053 15.426193960772075 1.5346240241075337 146.78244787110069  0.99999999999999822 13.030000714169461 0.82125469238977977 149.24780938738076  1.0000000000000013 9.859146309145336 0.15882249818786276 149.8333333333334  1 
15.298851756707235 0.77166071612190024 127.66666666666666  1 17.244287092208914 0.87039732583546581 129.32986206441637  1.0000000000000075 19.273148993551402 2.3060613352072519 130.99674420080382  0.99999999999998845 20.073536685079368 1.539300104996024 133.70356142738063  1.0000000000000071 19.130076489323713 2.427733438150796 138.84341879764006  0.99999999999999201 17.618875778481303 1.6884671304235626 144.18634891580663  1.0000000000000053 15.416452999657507 1.6056070504821389 146.78244787110026  0.99999999999999822 13.014041324070721 0.86080804717989512 149.24780938738104  1.0000000000000013 9.8573229072326551 0.16599441350296193 149.8333333333334  1 
15.270085753005942 0.83801293453411141 127.66666666666666  1 17.206200439935451 0.95813846798827729 129.32986206441637  1.0000000000000075 19.234081208025501 2.4191244026399117 130.99674420080382  0.99999999999998845 20.019175100856003 1.652608548801711 133.70356142738063  1.0000000000000071 19.098078984969636 2.5503576461084818 138.84341879764006  0.99999999999999201 17.578149037923755 1.7857888296682376 144.18634891580663  1.0000000000000053 15.40351717246673 1.6918121223029263 146.78244787110026  0.99999999999999822 12.993695613953038 0.90852050350902935 149.24780938738104  1.0000000000000013 9.8549693038392583 0.17467800768979433 149.8333333333334  1 
15.234977747110525 0.91354779703067013 127.66666666666666  1 17.159719878383822 1.0580350218638266 129.32986206441598  1.0000000000000075 19.186051573400707 2.5482626096919025 130.9967442008043  0.99999999999998845 19.95307616835548 1.7814265634896631 133.70356142738072  1.0000000000000071 19.058261391348417 2.6908446152588548 138.84341879763977  0.99999999999999201 17.528410795670432 1.896675759409987 144.18634891580692  1.0000000000000053 15.38690471413001 1.7909401103193812 146.78244787109978  0.99999999999999822 12.968845590723488 0.96286996056304497 149.24780938738135  1.0000000000000013 9.8520487922175448 0.18462122475112847 149.83333333333337  1 
15.2152015715681 0.95467409308650275 127.66666666666666  1 17.133536817574633 1.1124251251561472 129.32986206441598  1.0000000000000075 19.158901894397605 2.6186954784954115 130.9967442008043  0.99999999999998845 19.915909572237595 1.8515129612193415 133.70356142738072  1.0000000000000071 19.035624091209279 2.7675882503906801 138.84341879763977  0.99999999999999201 17.500384117783906 1.9570760377706362 144.18634891580692  1.0000000000000053 15.377323204598222 1.8451946906394772 146.78244787109978  0.99999999999999822 12.954842236139367 0.99247022469100743 149.24780938738135  1.0000000000000013 9.8503905966280652 0.19005136759167374 149.83333333333337  1 
15.190720170227666 1.0043973829448787 127.66666666666666  1 17.101124543131867 1.1781869022478579 129.32986206441598  1.0000000000000075 19.125209632928449 2.703953510488601 130.9967442008043  0.99999999999998845 19.869957346675452 1.9362053529591958 133.70356142738072  1.0000000000000071 19.007421597095053 2.8605941368711827 138.84341879763977  0.99999999999999201 17.465681040544549 2.0301244134502991 144.18634891580692  1.0000000000000053 15.365269888690282 1.9110373211753549 146.78244787109978  0.99999999999999822 12.937502291058658 1.0282652717183325 149.24780938738135  1.0000000000000013 9.8483266164931642 0.19663088570143281 149.83333333333334  1 
15.167678895105032 1.0494490076927625 127.66666666666666  1 17.070618868070252 1.23777118182324 129.32986206441635  1.0000000000000075 19.093376875205635 2.7813619497271089 130.99674420080382  0.99999999999998845 19.826792966480024 2.0128692729543149 133.70356142738069  1.0000000000000071 18.980609577485321 2.9451964909699102 138.84341879763991  0.99999999999999201 17.433006473908623 2.0963413030343867 144.18634891580683  1.0000000000000053 15.353637674647318 1.971069019415415 146.78244787109978  0.99999999999999822 12.921174781963474 1.0607073427616269 149.24780938738135  1.0000000000000013 9.8463671274519662 0.20261383054379672 149.83333333333334  1 
15.141620465191149 1.0986023605202659 127.66666666666666  1 17.036119973993394 1.3027843181143217 129.32986206441635  1.0000000000000075 19.057239752305332 2.8659876024070448 130.99674420080382  0.99999999999998845 19.77807329532838 2.096446597498824 133.70356142738069  1.0000000000000071 18.949988486855315 3.0378533447946849 138.84341879763991  0.99999999999999201 17.39604064215774 2.1686250594236274 144.18634891580683  1.0000000000000053 15.340166589614736 2.0369721292031784 146.78244787109978  0.99999999999999822 12.902700848316842 1.0961138879761498 149.24780938738135  1.0000000000000013 9.8441324956267451 0.20916494807004749 149.83333333333334  1 
15.125024706310759 1.1292218372896876 127.66666666666666  1 17.014149249641601 1.3432850561410163 129.32986206441635  1.0000000000000075 19.034172759543054 2.9187717383718632 130.99674420080382  0.99999999999998845 19.747082753954452 2.1484839200203187 133.70356142738069  1.0000000000000071 18.930372034967387 3.0957132040749933 138.84341879763991  0.99999999999999201 17.372492673569827 2.2136675007187434 144.18634891580683  1.0000000000000053 15.331465359764509 2.0781876033749378 146.78244787109978  0.99999999999999822 12.89093189757329 1.1181738453227417 149.24780938738135  1.0000000000000013 9.8427021226057292 0.21325519263502532 149.83333333333334  1 
15.111530827053111 1.1535795269954283 127.66666666666666  1 16.996285457154517 1.3755046931135266 129.32986206441635  1.0000000000000075 19.015374807459914 2.9608163066300963 130.99674420080382  0.99999999999998845 19.721915026746341 2.1898589599901905 133.70356142738069  1.0000000000000071 18.914329120045817 3.1418543703298591 138.84341879763991  0.99999999999999201 17.353341963179606 2.249510824819144 144.18634891580683  1.0000000000000053 15.324290758968861 2.1111048676171826 146.78244787109978  0.99999999999999822 12.881360022082076 1.135725820645952 149.24780938738135  1.0000000000000013 9.8415332379860914 0.21651651579201681 149.83333333333334  1 
15.090446902096621 1.1912415439107591 127.66666666666664  1 16.968373966431383 1.4253240567160574 129.32986206441635  1.0000000000000075 18.985971677550864 3.0258674819106575 130.99674420080382  0.99999999999998845 19.682613810948457 2.253818190803218 133.70356142738069  1.0000000000000071 18.889192778392328 3.2132841411933954 138.84341879763991  0.99999999999999201 17.323416619264567 2.3049416291249543 144.18634891580683  1.0000000000000053 15.31300524012879 2.1620997837807727 146.78244787109978  0.99999999999999822 12.86640254317116 1.1628676722163187 149.24780938738135  1.0000000000000013 9.839702479478456 0.22156489913504052 149.83333333333334  1 
15.061364008684638 1.2417422479795126 127.66666666666664  1 16.929874466561476 1.4921307724809356 129.32986206441637  1.0000000000000075 18.945296992502794 3.1132480983254807 130.9967442008039  0.99999999999998845 19.62848628300539 2.3395249553177688 133.70356142738069  1.0000000000000071 18.854264424931991 3.3093820999987056 138.84341879763991  0.99999999999999201 17.28212800504015 2.3793041643312116 144.18634891580683  1.0000000000000053 15.297161392445373 2.23084130339398 146.78244787109978  0.99999999999999822 12.845764511665559 1.1992726684108661 149.24780938738135  1.0000000000000013 9.8371609808860541 0.22835534759775364 149.83333333333334  1 
15.023489514484435 1.3045633052111498 127.66666666666664  1 16.879739555358185 1.5752464431553401 129.32986206441637  1.0000000000000075 18.892078142108684 3.2222755008773216 130.9967442008039  0.99999999999998845 19.558177611837543 2.4460304179575583 133.70356142738069  1.0000000000000071 18.808231121715806 3.429602170777013 138.84341879763991  0.99999999999999201 17.228337784952082 2.4718891036957835 144.18634891580683  1.0000000000000053 15.275935859908953 2.3171251315189263 146.78244787109978  0.99999999999999822 12.818875524432411 1.2445833967146847 149.24780938738135  1.0000000000000013 9.8338164908427341 0.23684733097815308 149.83333333333334  1 
14.994224636678497 1.3514841198828376 127.66666666666664  1 16.841002197109717 1.6373250771204928 129.32986206441637  1.0000000000000075 18.850814332818207 3.3038979233137429 130.9967442008039  0.99999999999998845 19.503955676056282 2.5255125969141252 133.70356142738069  1.0000000000000071 18.772348229851961 3.5197857097955274 138.84341879763991  0.99999999999999201 17.186763519353629 2.5410853506993991 144.18634891580683  1.0000000000000053 15.259194980484633 2.3820179928511496 146.78244787109978  0.99999999999999822 12.798091883692448 1.2784385915399792 149.24780938738135  1.0000000000000013 9.8312122585039212 0.24321585487614281 149.83333333333334  1 
14.959013606354519 1.4066039952675533 127.66666666666664  1 16.794395398108723 1.7102553202753144 129.32986206441637  1.0000000000000075 18.80104437202645 3.3999397648760761 130.9967442008039  0.99999999999998845 19.438805487453465 2.6188269809460207 133.70356142738069  1.0000000000000071 18.728907564375117 3.6260616869483253 138.84341879763991  0.99999999999999201 17.136732254924102 2.6224110892973171 144.18634891580683  1.0000000000000053 15.238763208295797 2.4586337076105247 146.78244787109978  0.99999999999999822 12.773079343313769 1.3182200589291457 149.24780938738135  1.0000000000000013 9.8280618380987175 0.25071932408151054 149.83333333333334  1 
14.92661709496652 1.4554841593400933 127.66666666666666  1 16.751515944766432 1.7749321915661775 129.32986206441637  1.0000000000000075 18.755081712624005 3.4853395247531722 130.9967442008039  0.99999999999998845 19.378987566231519 2.7014934464217211 133.70356142738069  1.0000000000000071 18.68856408661745 3.7207797164206378 138.84341879763991  0.99999999999999201 17.090686325336929 2.6945817537422876 144.18634891580683  1.0000000000000053 15.219557713521093 2.5271189414342019 146.78244787109978  0.99999999999999822 12.750057648724171 1.3535116634766995 149.24780938738135  1.0000000000000013 9.8251392291550932 0.25740450183166919 149.83333333333337  1 
14.890936513132464 1.5075001612074546 127.66666666666666  1 16.704292669698162 1.8437652735463488 129.32986206441635  1.0000000000000075 18.704278620531497 3.5764491012679573 130.99674420080382  0.99999999999998845 19.313238938421403 2.7893930220757777 133.70356142738069  1.0000000000000071 18.643733772348252 3.8220465710695639 138.84341879763991  0.99999999999999201 17.039958794114909 2.7714415352045658 144.18634891580683  1.0000000000000053 15.197975213024735 2.600555627786405 146.78244787109978  0.99999999999999822 12.724693354264968 1.3910813687454797 149.24780938738135  1.0000000000000013 9.8218948989349109 0.26455065935503214 149.83333333333334  1 
14.868228251548485 1.5399213438799075 127.66666666666666  1 16.674239327013435 1.8866711700572703 129.32986206441637  1.0000000000000075 18.671876905586782 3.6333275606648647 130.9967442008039  0.99999999999998845 19.271445036504652 2.844153280598801 133.70356142738058  1.0000000000000071 18.615051128891348 3.8853505493708282 138.84341879764008  0.99999999999999201 17.007668256082539 2.8193693631846783 144.18634891580663  1.0000000000000053 15.184075144467027 2.6465466359957186 146.7824478711  0.99999999999999822 12.708547143829673 1.4145032132780009 149.24780938738135  1.0000000000000013 9.8198203422147561 0.26901729641701011 149.83333333333334  1 
14.85109568758411 1.5638737781379941 127.66666666666666  1 16.651565972618265 1.9183719093102911 129.32986206441637  1.0000000000000075 18.647378323044652 3.6754178891166034 130.9967442008039  0.99999999999998845 19.239951690444187 2.8845902799709733 133.70356142738058  1.0000000000000071 18.593295644684471 3.9322597158804649 138.84341879764008  0.99999999999999201 16.983302142717218 2.8547955926478918 144.18634891580663  1.0000000000000053 15.173461434197176 2.6806892843111974 146.7824478711  0.99999999999999822 12.696362904904761 1.4318111180455444 149.24780938738135  1.0000000000000013 9.8182476650979513 0.27232669530223408 149.83333333333334  1 
14.834459271078222 1.5869286799135978 127.66666666666666  1 16.629549555472366 1.9488857821997934 129.32986206441637  1.0000000000000075 18.623567704095034 3.7159594402839087 130.9967442008039  0.99999999999998845 19.209386154792881 2.9235044411637441 133.70356142738058  1.0000000000000071 18.572123015377048 3.9774688921202435 138.84341879764008  0.99999999999999201 16.959640148817503 2.8889019427015001 144.18634891580663  1.0000000000000053 15.163102947932229 2.7136197287325725 146.7824478711  0.99999999999999822 12.684530704647754 1.4484724462362479 149.24780938738135  1.0000000000000013 9.8167174576642928 0.27551597880548434 149.83333333333334  1 
14.807378324772012 1.6239993918919371 127.66666666666666  1 16.593711730294171 1.9979523013916927 129.32986206441637  1.0000000000000075 18.58476013236502 3.7812119355058482 130.9967442008039  0.99999999999998845 19.159666749412715 2.9860585548154881 133.70356142738058  1.0000000000000071 18.537551827358548 4.0502931878619695 138.84341879764008  0.99999999999999201 16.921119498628624 2.9437598770714697 144.18634891580663  1.0000000000000053 15.146123948494505 2.7667219892530968 146.7824478711  0.99999999999999822 12.665268298418324 1.475267217605079 149.24780938738135  1.0000000000000013 9.8142196492233591 0.28065295747439434 149.83333333333334  1 
14.767457478635871 1.67691288864108 127.66666666666666  1 16.540884921621316 2.0679976139153977 129.32986206441637  1.0000000000000075 18.527365413008432 3.8745994413657732 130.9967442008039  0.99999999999998845 19.086511289619651 3.0752836702498239 133.70356142738058  1.0000000000000071 18.486178410888254 4.1547437522515915 138.84341879764008  0.99999999999999201 16.864321943196583 3.022130616869525 144.18634891580663  1.0000000000000053 15.120639975485103 2.8431034843932963 146.7824478711  0.99999999999999822 12.636866019071856 1.5135311477600832 149.24780938738135  1.0000000000000013 9.8105106906183153 0.28801919626784062 149.83333333333334  1 
14.727285584341585 1.7283292522690397 127.66666666666666  1 16.487730512037182 2.1360630382196568 129.32986206441637  1.0000000000000075 18.46940384018701 3.9656145831160581 130.9967442008039  0.99999999999998845 19.013048384272746 3.1619154045797782 133.70356142738058  1.0000000000000071 18.434029725306271 4.2567854393260829 138.84341879764008  0.99999999999999201 16.807153820233093 3.0983571296688015 144.18634891580663  1.0000000000000053 15.094494218091548 2.9179607113581092 146.7824478711  0.99999999999999822 12.608278020705422 1.5507307211981851 149.24780938738135  1.0000000000000013 9.8067487253552024 0.29521364163104102 149.83333333333334  1 
14.680435308918929 1.786810131805475 127.66666666666666  1 16.425742594425856 2.2134879375037539 129.32986206441637  1.0000000000000075 18.401635731204596 4.0693525628776781 130.9967442008039  0.99999999999998845 18.927500671445046 3.2603940275648844 133.70356142738058  1.0000000000000071 18.372833946777888 4.3733029588264234 138.84341879764008  0.99999999999999201 16.740471065239017 3.1851185175212855 144.18634891580663  1.0000000000000053 15.063582157081175 3.0036365205649527 146.7824478711  0.99999999999999822 12.574931777460579 1.5930561983678779 149.24780938738135  1.0000000000000013 9.8023364749774835 0.30342714079191724 149.83333333333334  1 
14.638400226221984 1.8373930501402758 127.66666666666666  1 16.370130888521942 2.2804627547630014 129.32986206441637  1.0000000000000075 18.340607987101439 4.1593755387395008 130.9967442008039  0.99999999999998845 18.850913586095491 3.3454954778196622 133.70356142738058  1.0000000000000071 18.317435835090329 4.4746803624154561 138.84341879764008  0.99999999999999201 16.680628832742229 3.260240462184989 144.18634891580663  1.0000000000000053 15.035300276910361 3.0784381407012127 146.7824478711  0.99999999999999822 12.545005879606473 1.6296836326363311 149.24780938738135  1.0000000000000013 9.7983452783234526 0.31057106764811587 149.83333333333334  1 
14.593511036963136 1.8896208202243301 127.66666666666669  1 16.310748137067289 2.3496271699931612 129.32986206441623  1.0000000000000075 18.275212766791167 4.2526068381454323 130.99674420080416  0.99999999999998845 18.769291745870206 3.4333110372875661 133.70356142738035  1.0000000000000071 18.257787046204935 4.5799177346257727 138.84341879764054  0.99999999999999201 16.616709547500587 3.3378900128139675 144.18634891580601  1.0000000000000053 15.004549699059918 3.1563482735217492 146.78244787110111  0.99999999999999822 12.513041362749771 1.6675204497455347 149.24780938738076  1.0000000000000013 9.7940504013676879 0.31798586694171094 149.83333333333334  1 
14.566389294469712 1.9205505327426036 127.66666666666666  1 16.274871149330387 2.3905912183738725 129.32986206441623  1.0000000000000075 18.235622050714234 4.3079213230383138 130.99674420080416  0.99999999999998845 18.720034758361891 3.4852976521776742 133.70356142738035  1.0000000000000071 18.22157423382475 4.6424450086009852 138.84341879764054  0.99999999999999201 16.578084758561747 3.383903997911327 144.18634891580601  1.0000000000000053 14.985775377408624 3.2027326959589031 146.78244787110111  0.99999999999999822 12.493726215188765 1.6899338133581832 149.24780938738076  1.0000000000000013 9.7914438164505349 0.32239087157560042 149.83333333333334  1 
14.545464716673198 1.9439604804532495 127.66666666666669  1 16.24719303557611 2.4215993524247494 129.32986206441637  1.0000000000000075 18.205018884526591 4.3498629322792794 130.9967442008039  0.99999999999998845 18.682075628942179 3.5246329388778062 133.70356142738058  1.0000000000000071 18.19350758212105 4.6899210583734572 138.84341879764008  0.99999999999999201 16.548281904505465 3.4187538345285837 144.18634891580663  1.0000000000000053 14.971145696410559 3.2380188472216007 146.7824478711  0.99999999999999822 12.478822854246532 1.7069028798120165 149.24780938738135  1.0000000000000013 9.78942415303014 0.32573510547742268 149.83333333333334  1 
14.535242598134799 1.9552998570049434 127.66666666666666  1 16.2336719175685 2.4366199459592845 129.32986206441637  1.0000000000000075 18.190055816709545 4.370195196662265 130.9967442008039  0.99999999999998845 18.663541041012884 3.5436838313081926 133.70356142738058  1.0000000000000071 18.179768555207637 4.7129504655840275 138.84341879764008  0.99999999999999201 16.533721809651411 3.4356397135041736 144.18634891580663  1.0000000000000053 14.9639670931476 3.2551495377537054 146.7824478711  0.99999999999999822 12.471541959599 1.7151236547869519 149.24780938738135  1.0000000000000013 9.7884356146350928 0.32735721230571668 149.83333333333334  1 
14.510158615166059 1.9830454734949714 127.66666666666666  1 16.200492751368976 2.4733735640923546 129.32986206441637  1.0000000000000075 18.153327501255628 4.4199586659372212 130.9967442008039  0.99999999999998845 18.61806683119601 3.5902962755095635 133.70356142738058  1.0000000000000071 18.14603140181719 4.7693270115468485 138.84341879764008  0.99999999999999201 16.497992290206792 3.4769611001946488 144.18634891580663  1.0000000000000053 14.946325316526234 3.297097709214226 146.7824478711  0.99999999999999822 12.453675210066816 1.735239628703634 149.24780938738135  1.0000000000000013 9.7860082840092346 0.331328090228659 149.83333333333334  1 
14.46942444719304 2.0270824198744224 127.66666666666666  1 16.14661535947117 2.5317162228360077 129.32986206441637  1.0000000000000075 18.093549146245596 4.49911695882248 130.9967442008039  0.99999999999998845 18.5443188180435 3.6642528486961798 133.70356142738058  1.0000000000000071 18.090950684743678 4.8591551733895813 138.84341879764008  0.99999999999999201 16.439962916115242 3.5426012449915723 144.18634891580663  1.0000000000000053 14.917341155641104 3.3640872567310054 146.7824478711  0.99999999999999822 12.42465844133565 1.767180809233929 149.24780938738135  1.0000000000000013 9.7820465316736183 0.33765411466135065 149.83333333333334  1 
14.417141438610832 2.0815501683360602 127.66666666666666  1 16.077472862732392 2.6038861946248311 129.32986206441637  1.0000000000000075 18.016541144932066 4.597383442520691 130.9967442008039  0.99999999999998845 18.449869470483147 3.7556785924869294 133.70356142738058  1.0000000000000071 18.019638337121776 4.9709714493964317 138.84341879764008  0.99999999999999201 16.365466907395131 3.6239048377440528 144.18634891580663  1.0000000000000053 14.879436285287339 3.4477819979507673 146.7824478711  0.99999999999999822 12.387410452177887 1.8067151752787047 149.24780938738135  1.0000000000000013 9.7769196354207377 0.34552623001878779 149.83333333333334  1 
14.358162348397146 2.1413586406114087 127.66666666666666  1 15.999480533505846 2.6831466434837314 129.32986206441635  1.0000000000000075 17.929444691622805 4.7055687164258515 130.99674420080382  0.99999999999998845 18.343493900385525 3.8560334496328625 133.70356142738069  1.0000000000000071 17.938690332162508 5.0943313662823835 138.84341879763991  0.99999999999999201 16.281418969227435 3.7132769089672788 144.18634891580683  1.0000000000000053 14.836100523018846 3.5403686511067365 146.78244787109978  0.99999999999999822 12.345388983234633 1.850148354604239 149.24780938738135  1.0000000000000013 9.7711017264567115 0.35420903028537698 149.83333333333334  1 
14.306685811926737 2.191646769472281 127.66666666666666  1 15.931418232676625 2.7498038940728531 129.32986206441618  1.0000000000000075 17.85315173588852 4.7968845133292328 130.9967442008043  0.99999999999998845 18.250856531170832 3.940368898198316 133.70356142738024  1.0000000000000071 17.867438636328252 5.1987497915678071 138.84341879764065  0.99999999999999201 16.208051355223532 3.7885366773116602 144.18634891580598  1.0000000000000053 14.797588218013216 3.6190371366207716 146.78244787110091  0.99999999999999822 12.308710231751856 1.8866937614969979 149.24780938738076  1.0000000000000013 9.7659827903777288 0.36155581630064199 149.83333333333334  1 
14.253650812827017 2.2417395564670981 127.66666666666666  1 15.861301982637505 2.8162208835370857 129.32986206441618  1.0000000000000075 17.774293154566838 4.8881617731678508 130.9967442008043  0.99999999999998845 18.155600329873355 4.0243617418205115 133.70356142738024  1.0000000000000071 17.793473515189007 5.3033822269597524 138.84341879764065  0.99999999999999201 16.132449372461899 3.863619830290876 144.18634891580598  1.0000000000000053 14.757262586010301 3.6981465337572859 146.78244787110091  0.99999999999999822 12.270918704170722 1.9231226506502563 149.24780938738076  1.0000000000000013 9.7606700168029548 0.36891597834851186 149.83333333333334  1 
14.227922533133137 2.2655709022349746 127.66666666666666  1 15.82728903642708 2.8478237377178535 129.32986206441618  1.0000000000000075 17.735966533425401 4.9316760280949667 130.9967442008043  0.99999999999998845 18.109440783103985 4.0643174645866207 133.70356142738024  1.0000000000000071 17.757437694093966 5.353336111043359 138.84341879764065  0.99999999999999201 16.095769839706406 3.8993718646037445 144.18634891580598  1.0000000000000053 14.737520206285966 3.7359933475547034 146.78244787110091  0.99999999999999822 12.252584769764745 1.9404602934677173 149.24780938738076  1.0000000000000013 9.7580818982713762 0.37242928826537608 149.83333333333334  1 
14.207985428435626 2.2837853737061669 127.66666666666666  1 15.800932971083615 2.8719811458255529 129.32986206441618  1.0000000000000075 17.706228022364229 4.9649833751333805 130.9967442008043  0.99999999999998845 18.073698929464094 4.0948551407112985 133.70356142738024  1.0000000000000071 17.729428859014767 5.3916119948434309 138.84341879764065  0.99999999999999201 16.067344521343745 3.9267156833868162 144.18634891580598  1.0000000000000053 14.722122867492073 3.765033847673247 146.78244787110091  0.99999999999999822 12.238377368313683 1.9537156432217162 149.24780938738076  1.0000000000000013 9.7560703967244056 0.37512091068355513 149.83333333333334  1 
14.197197216944611 2.2935912599056247 127.66666666666666  1 15.786671560884962 2.8849870873393355 129.32986206441618  1.0000000000000075 17.690128410910649 4.9829244946440481 130.9967442008043  0.99999999999998845 18.054364073567278 4.1112951958283936 133.70356142738024  1.0000000000000071 17.714256131222211 5.4122373398105283 138.84341879764065  0.99999999999999201 16.051962840421723 3.9414401372546259 144.18634891580598  1.0000000000000053 14.713771474653024 3.7806908475635224 146.78244787110091  0.99999999999999822 12.230689527938477 1.960852605161314 149.24780938738076  1.0000000000000013 9.7549807631020649 0.37657124477010639 149.83333333333334  1 
14.169676725930639 2.3184371935674601 127.66666666666666  1 15.750291696526348 2.9179433094603997 129.32986206441609  1.0000000000000075 17.649032549021861 5.0284166036648594 130.99674420080453  0.99999999999998845 18.005059860663142 4.152950358706299 133.70356142738018  1.0000000000000071 17.675494144345574 5.4645622338283175 138.84341879764065  0.99999999999999201 16.012723236883467 3.9787612996377715 144.18634891580598  1.0000000000000053 14.692400671160581 3.8204389128410772 146.78244787110091  0.99999999999999822 12.211077936724854 1.9789390798454964 149.24780938738076  1.0000000000000013 9.7521971274665677 0.38025037511827808 149.83333333333334  1 
14.123950389696182 2.3589042290515438 127.66666666666669  1 15.689848971895604 2.9716292085379088 129.32986206441635  1.0000000000000075 17.58062337356137 5.1026721013654788 130.99674420080382  0.99999999999998845 17.923229534028781 4.220794223153888 133.70356142738069  1.0000000000000071 17.610814148431043 5.5500991637006161 138.84341879763991  0.99999999999999201 15.947519311083974 4.0396093369566772 144.18634891580683  1.0000000000000053 14.656568019076776 3.8855476860981564 146.78244787109978  0.99999999999999822 12.178492518907918 2.0084122262401518 149.24780938738135  1.0000000000000013 9.7475525489420178 0.38626349740819876 149.83333333333334  1 
14.066909978075282 2.4077194226416587 127.66666666666666  1 15.6144629081888 3.036405048532187 129.32986206441595  1.0000000000000075 17.495023536666526 5.1925797202337227 130.99674420080473  0.99999999999998845 17.821341963490337 4.3026373722032414 133.70356142737998  1.0000000000000071 17.529556653642313 5.6539281614414021 138.84341879764074  0.99999999999999201 15.866171081521943 4.1131409424940015 144.18634891580621  1.0000000000000053 14.611192264649086 3.9648486799641853 146.78244787110049  0.99999999999999822 12.137845392769497 2.0439976436184772 149.24780938738104  1.0000000000000013 9.7417181286446546 0.39355960479516472 149.83333333333334  1 
13.995668271071072 2.4668949505372924 127.66666666666669  1 15.520315942817961 3.1149537792713629 129.32986206441635  1.0000000000000075 17.387829200841708 5.3019250699390135 130.99674420080382  0.99999999999998845 17.694296841879535 4.4018630531004828 133.70356142738069  1.0000000000000071 17.427438225965179 5.7805005869194295 138.84341879763991  0.99999999999999201 15.764558386009504 4.2024268503552733 144.18634891580683  1.0000000000000053 14.553772218043102 4.061813491591753 146.78244787109978  0.99999999999999822 12.08708032458552 2.0871717209459768 149.24780938738135  1.0000000000000013 9.7343862458391239 0.40245042913648499 149.83333333333334  1 
13.935321945913515 2.5151047071136357 127.66666666666669  1 15.440579290970566 3.1789716578908043 129.32986206441615  1.0000000000000075 17.296711285198676 5.3914089128781884 130.99674420080433  0.99999999999998845 17.586913401936158 4.4827156621823487 133.70356142738024  1.0000000000000071 17.3402504907429 5.8843914125046881 138.84341879764062  0.99999999999999201 15.67847621282448 4.2753297479320196 144.18634891580606  1.0000000000000053 14.504320100763817 4.1417181413314745 146.78244787110069  0.99999999999999822 12.044082334281095 2.1223847316284434 149.24780938738104  1.0000000000000013 9.7281268680514632 0.40974370018148892 149.83333333333334  1 
13.88097295832514 2.5570518244243732 127.66666666666666  1 15.368773892106402 3.2346987221876429 129.32986206441615  1.0000000000000075 17.214400947644123 5.4695776257220565 130.99674420080433  0.99999999999998845 17.49037472763392 4.5531019074789372 133.70356142738024  1.0000000000000071 17.261192764891806 5.9753764111148655 138.84341879764062  0.99999999999999201 15.600937360732029 4.3389010861546096 144.18634891580606  1.0000000000000053 14.459137529496722 4.2119453515234495 146.78244787110069  0.99999999999999822 12.005360207233069 2.153056895133711 149.24780938738104  1.0000000000000013 9.7224506077285167 0.41612797151826719 149.83333333333334  1 
13.855728474061904 2.5762421029893159 127.66666666666666  1 15.335422430488887 3.2601984663475791 129.32986206441615  1.0000000000000075 17.176118718830999 5.5054027585927692 130.99674420080433  0.99999999999998845 17.445568092344061 4.5853110042721408 133.70356142738024  1.0000000000000071 17.224363487349304 6.0171228225353532 138.84341879764062  0.99999999999999201 15.564919268740955 4.368012277820748 144.18634891580606  1.0000000000000053 14.438020392435464 4.2442180065603443 146.78244787110069  0.99999999999999822 11.98737486392252 2.1670957612159838 149.24780938738104  1.0000000000000013 9.7198061833758764 0.41905653915068841 149.83333333333337  1 
13.837463933553797 2.5899719391556428 127.66666666666666  1 15.311293109980413 3.2784453682422887 129.32986206441615  1.0000000000000075 17.148394755879892 5.5310681878237018 130.99674420080433  0.99999999999998845 17.413168310381199 4.6083601387687452 133.70356142738024  1.0000000000000071 17.19766010456075 6.0470553914035943 138.84341879764062  0.99999999999999201 15.538858733034315 4.3888554910938726 144.18634891580606  1.0000000000000053 14.422672861751174 4.2673840253873783 146.78244787110069  0.99999999999999822 11.974362695912815 2.1771437249808332 149.24780938738104  1.0000000000000013 9.7178887456731999 0.42115594983115828 149.83333333333334  1 
13.819269779099832 2.6035569013537856 127.66666666666666  1 15.287257241653757 3.2965014390970167 129.32986206441635  1.0000000000000075 17.120761779948158 5.5564832475476811 130.99674420080396  0.99999999999998845 17.380904210587619 4.6311691111279494 133.70356142738046  1.0000000000000071 17.171025474034483 6.07671094897439 138.84341879764048  0.99999999999999201 15.512897918602121 4.4094881176282428 144.18634891580592  1.0000000000000053 14.407343118199039 4.2903511835679957 146.78244787110111  0.99999999999999822 11.961400897922848 2.1870879507795769 149.24780938738076  1.0000000000000013 9.7159761963913596 0.42323568374682874 149.83333333333334  1 
13.79154035496426 2.6240609562051342 127.66666666666666  1 15.250625665127451 3.3237575088942224 129.32986206441635  1.0000000000000075 17.078612143058461 5.5948875088055496 130.99674420080396  0.99999999999998845 17.331754680471551 4.6656019998731315 133.70356142738046  1.0000000000000071 17.130357397832917 6.1215556767693364 138.84341879764048  0.99999999999999201 15.473329938002628 4.4406500224843839 144.18634891580592  1.0000000000000053 14.383888820272455 4.3251154454306953 146.78244787110111  0.99999999999999822 11.94164656319283 2.2021021481346508 149.24780938738076  1.0000000000000013 9.7130558389090815 0.42638007565250902 149.83333333333334  1 
13.740719381859448 2.6609587860449668 127.66666666666666  1 15.183493962288791 3.3728178869914771 129.32986206441578  1.0000000000000075 17.001244248091517 5.6641502134897177 130.99674420080487  0.99999999999998845 17.241757114479221 4.727590226604125 133.70356142738007  1.0000000000000071 17.055568265527608 6.202544531719786 138.84341879764077  0.99999999999999201 15.40080705304724 4.4967992349156827 144.18634891580581  1.0000000000000053 14.340593473116376 4.3880105451096867 146.78244787110111  0.99999999999999822 11.905444090027544 2.2291399060197699 149.24780938738076  1.0000000000000013 9.7076848827126199 0.43205685518026582 149.83333333333334  1 
13.680034912251118 2.7036641880905292 127.66666666666666  1 15.103345151916917 3.4296225158756819 129.32986206441578  1.0000000000000075 16.908623078568993 5.744621804792545 130.99674420080487  0.99999999999998845 17.134455516063966 4.7993896364564206 133.70356142738007  1.0000000000000071 16.965752572444107 6.2968601050480322 138.84341879764077  0.99999999999999201 15.314199449229289 4.5619335300785293 144.18634891580581  1.0000000000000053 14.288273439700848 4.4614761081978509 146.78244787110111  0.99999999999999822 11.862220195351725 2.2604725442158777 149.24780938738076  1.0000000000000013 9.7012340087220306 0.43866356314467636 149.83333333333334  1 
13.596682364109423 2.7603607898910303 127.66666666666669  1 14.993267028303288 3.5050802867227482 129.32986206441595  1.0000000000000075 16.781066580278843 5.8518994795940023 130.99674420080473  0.99999999999998845 16.987310779221307 4.8948068243470368 133.70356142737998  1.0000000000000071 16.841637028772965 6.4229236921020938 138.84341879764074  0.99999999999999201 15.195226878504551 4.6486320831651033 144.18634891580621  1.0000000000000053 14.215493395222291 4.5599907800282651 146.78244787110049  0.99999999999999822 11.802858556108822 2.3021306675784055 149.24780938738104  1.0000000000000013 9.6923181995264329 0.4474874143450584 149.83333333333334  1 
13.528301538605474 2.8049680579854659 127.66666666666666  1 14.90297437111243 3.5644895199146998 129.32986206441615  1.0000000000000075 16.676076336820461 5.9367532747268239 130.99674420080453  0.99999999999998845 16.866835465360325 4.9699775794005205 133.70356142738001  1.0000000000000071 16.739074515362372 6.5229515072321114 138.84341879764074  0.99999999999999201 15.097613443836726 4.71707101169563 144.18634891580621  1.0000000000000053 14.15488262054901 4.6384705648262257 146.78244787110049  0.99999999999999822 11.75416867208796 2.3349672251518636 149.24780938738104  1.0000000000000013 9.684949466300905 0.45448143463664736 149.83333333333334  1 
13.477211073203906 2.8371133613003137 127.66666666666666  1 14.835518166831857 3.6073324729767551 129.32986206441637  1.0000000000000075 16.597418147181774 5.9981841613913947 130.9967442008039  0.99999999999998845 16.776962471093608 5.0242325048879213 133.70356142738069  1.0000000000000071 16.661985910535311 6.5955586501920633 138.84341879763991  0.99999999999999201 15.024670590803163 4.7665447188192829 144.18634891580683  1.0000000000000053 14.109026345713861 4.6956313319522112 146.78244787109978  0.99999999999999822 11.717795788147763 2.3586720695427434 149.24780938738135  1.0000000000000013 9.6794093607228309 0.45955338799046158 149.83333333333334  1 
13.451446432403758 2.8531711624803813 127.66666666666666  1 14.801501064704849 3.6287383468675669 129.32986206441637  1.0000000000000075 16.557723204256472 6.0289091127855752 130.9967442008039  0.99999999999998845 16.731657955473679 5.0513466562393301 133.70356142738069  1.0000000000000071 16.623050687299433 6.6318988477571637 138.84341879763991  0.99999999999999201 14.987884566302057 4.7912792168470615 144.18634891580683  1.0000000000000053 14.085826783926588 4.7242660252715325 146.78244787109978  0.99999999999999822 11.699453937523527 2.3705191047045111 149.24780938738135  1.0000000000000013 9.6766110120055764 0.4620912277737203 149.83333333333334  1 
13.436567825949201 2.8623478454680469 127.66666666666666  1 14.78185724513143 3.6409740103643826 129.32986206441637  1.0000000000000075 16.534782403151318 6.0464918581991194 130.9967442008039  0.99999999999998845 16.70550672856309 5.0668493270161399 133.70356142738069  1.0000000000000071 16.600528541413738 6.652711105382819 138.84341879763991  0.99999999999999201 14.966640453000787 4.8054275266098614 144.18634891580683  1.0000000000000053 14.072382464520805 4.7406814100814572 146.78244787109978  0.99999999999999822 11.688862354988652 2.3772929837635015 149.24780938738135  1.0000000000000013 9.6749921746663219 0.46354422001394097 149.83333333333334  1 
13.408301224069303 2.8796116090285038 127.66666666666666  1 14.74453865662959 3.6639971797734168 129.32986206441615  1.0000000000000075 16.491167733438822 6.0796124061184296 130.99674420080453  0.99999999999998845 16.655844228380722 5.0960278938816552 133.70356142738001  1.0000000000000071 16.557673705570444 6.6919433599347711 138.84341879764074  0.99999999999999201 14.926279054169832 4.83206799050439 144.18634891580621  1.0000000000000053 14.04675738702362 4.7716529785748047 146.78244787110049  0.99999999999999822 11.66874125439274 2.3900429595183881 149.24780938738104  1.0000000000000013 9.6719116364494884 0.46628235708628657 149.83333333333334  1 
13.382435275457002 2.8952318284830598 127.66666666666666  1 14.710390591234406 3.6848333910500637 129.32986206441615  1.0000000000000075 16.451224506554038 6.1096247882514758 130.99674420080453  0.99999999999998845 16.610420347389223 5.1224433052703802 133.70356142738001  1.0000000000000071 16.518388757901246 6.7275236021705549 138.84341879764074  0.99999999999999201 14.889343933748949 4.8561972440116552 144.18634891580621  1.0000000000000053 14.023221765488472 4.7997704912445318 146.78244787110049  0.99999999999999822 11.650330008474208 2.4015859801838966 149.24780938738104  1.0000000000000013 9.6690874670924423 0.46876473285467402 149.83333333333334  1 
13.325212573149175 2.9291543658071815 127.66666666666666  1 14.634850639763743 3.7301007320831747 129.32986206441564  1.0000000000000075 16.362741500563086 6.1749642626067685 130.9967442008051  0.99999999999998845 16.510004679600673 5.1798653038939371 133.70356142737992  1.0000000000000071 16.431229351279551 6.8050899717442981 138.84341879764074  0.99999999999999201 14.807627525774748 4.90869140289524 144.18634891580621  1.0000000000000053 13.97084254360573 4.8611667960480132 146.78244787110049  0.99999999999999822 11.609602906741618 2.4266809689050883 149.24780938738104  1.0000000000000013 9.6628207635160628 0.47417315210908639 149.83333333333334  1 
13.260249321296559 2.966486855594141 127.66666666666666  1 14.549103428781182 3.779950274620488 129.32986206441635  1.0000000000000075 16.262070189925502 6.2471762996529758 130.99674420080382  0.99999999999998845 16.396144803909912 5.243167281826425 133.70356142738069  1.0000000000000071 16.331813356234139 6.8910117505295343 138.84341879763991  0.99999999999999201 14.714846837935713 4.9666386660951183 144.18634891580683  1.0000000000000053 13.910796097522882 4.9293609001537142 146.78244787109978  0.99999999999999822 11.563373709674261 2.4543500828553793 149.24780938738135  1.0000000000000013 9.655671211246295 0.48015781208791947 149.83333333333334  1 
13.165156817933648 3.0189905437112463 127.66666666666666  1 14.423596822522427 3.8501270660629467 129.32986206441635  1.0000000000000075 16.114321765449745 6.3492870779549255 130.99674420080382  0.99999999999998845 16.229728466047614 5.332414141031987 133.70356142738069  1.0000000000000071 16.185437099595905 7.0128757107186992 138.84341879763991  0.99999999999999201 14.579014745698203 5.0484722559899211 144.18634891580683  1.0000000000000053 13.821833804737105 5.0264108231237632 146.78244787109978  0.99999999999999822 11.495717384299947 2.4933631551406128 149.24780938738135  1.0000000000000013 9.6451414006818705 0.48863312521963631 149.83333333333331  1 
13.096697129839212 3.0550748524028934 127.66666666666666  1 14.333252400540227 3.8984147118383023 129.32986206441637  1.0000000000000075 16.007628201359783 6.4199290702109275 130.9967442008039  0.99999999999998845 16.110126387407771 5.3939406157361738 133.70356142738058  1.0000000000000071 16.079367609696998 7.0974736725699801 138.84341879764008  0.99999999999999201 14.481210715637104 5.1049976732950526 144.18634891580663  1.0000000000000053 13.75692665175316 5.0940456170598205 146.7824478711  0.99999999999999822 11.447021529559049 2.5202601873674531 149.24780938738135  1.0000000000000013 9.6375089370543847 0.49450533755767134 149.83333333333331  1 
13.043694583105088 3.0820825968595895 127.66666666666666  1 14.263309839417415 3.9345917018947869 129.32986206441637  1.0000000000000075 15.924849248334514 6.47305899162816 130.9967442008039  0.99999999999998845 16.017629859545249 5.4401136866265514 133.70356142738058  1.0000000000000071 15.996878099883778 7.1612550441128064 138.84341879764008  0.99999999999999201 14.405476576209333 5.1474718646283684 144.18634891580663  1.0000000000000053 13.706205636194102 5.1451792899787714 146.7824478711  0.99999999999999822 11.409326267362188 2.5404418196605758 149.24780938738135  1.0000000000000013 9.6315714426691326 0.49892594291579073 149.83333333333331  1 
13.023538778489335 3.0922608016900366 127.66666666666666  1 14.236712422013124 3.9482291117460875 129.32986206441637  1.0000000000000075 15.893352632265394 6.4931080675937425 130.9967442008039  0.99999999999998845 15.982465285080044 5.4575273062682896 133.70356142738058  1.0000000000000071 15.965472274972823 7.1853393834301533 138.84341879764008  0.99999999999999201 14.376675168611847 5.1634959186963227 144.18634891580663  1.0000000000000053 13.686870777899241 5.1645020547698621 146.7824478711  0.99999999999999822 11.394992110564546 2.548052677791742 149.24780938738135  1.0000000000000013 9.6293107162314229 0.50059450244607673 149.83333333333331  1 
13.002247422298277 3.1028927216773625 127.66666666666666  1 14.208617072047106 3.9624792011188559 129.32986206441635  1.0000000000000075 15.860058876211793 6.5140853922914577 130.99674420080382  0.99999999999998845 15.945332539743189 5.4757339735650774 133.70356142738069  1.0000000000000071 15.932249382857714 7.2105594421165859 138.84341879763991  0.99999999999999201 14.346249653969654 5.180256594850996 144.18634891580683  1.0000000000000053 13.666385944724508 5.1847544393284037 146.78244787109978  0.99999999999999822 11.37985122189296 2.556009540846548 149.24780938738135  1.0000000000000013 9.6269189698168347 0.50234080798944358 149.83333333333331  1 
12.971269774563407 3.1181976750369866 127.66666666666666  1 14.167740885719738 3.9829991855767619 129.32986206441635  1.0000000000000075 15.811587416491587 6.5443305019318307 130.99674420080382  0.99999999999998845 15.891324278820477 5.5019665641041451 133.70356142738069  1.0000000000000071 15.883846780554899 7.2469500204447304 138.84341879763991  0.99999999999999201 14.301980289769491 5.2044152182207384 144.18634891580683  1.0000000000000053 13.636498729035868 5.2140018940470894 146.78244787109978  0.99999999999999822 11.357823292059502 2.5674731180529715 149.24780938738135  1.0000000000000013 9.6234341203145259 0.50485926873252529 149.83333333333331  1 
12.941956738030282 3.1324328625465556 127.66666666666666  1 14.129062685538345 4.0020948947051753 129.32986206441637  1.0000000000000075 15.765673734306862 6.5725341250367872 130.9967442008039  0.99999999999998845 15.840244769389001 5.5264019231372892 133.70356142738069  1.0000000000000071 15.837946598432774 7.2809271328368181 138.84341879763991  0.99999999999999201 14.260086608387343 5.2269330650937027 144.18634891580683  1.0000000000000053 13.608092271728323 5.2413467211558373 146.78244787109978  0.99999999999999822 11.336980802763241 2.5781499678439044 149.24780938738135  1.0000000000000013 9.6201289885743027 0.5072086691719262 149.83333333333331  1 
12.881462021596665 3.1613053995929215 127.66666666666666  1 14.049244526863394 4.0408464682625791 129.32986206441572  1.0000000000000075 15.670823571700829 6.6298880627020642 130.99674420080518  0.99999999999998845 15.734883335548693 5.5760406382271741 133.70356142737992  1.0000000000000071 15.743018983202475 7.3501090418911081 138.84341879764074  0.99999999999999201 14.17362178560618 5.27270628938932 144.18634891580621  1.0000000000000053 13.549213041289949 5.2970963819039536 146.78244787110049  0.99999999999999822 11.293970579212756 2.5998374360715211 149.24780938738104  1.0000000000000013 9.6132926549582969 0.51198804610212612 149.83333333333331  1 
12.811531787251864 3.1935892434612789 127.66666666666666  1 13.956986076131267 4.0842218845536706 129.32986206441572  1.0000000000000075 15.560972013949979 6.6943474614840754 130.99674420080518  0.99999999999998845 15.613204281440447 5.6317165382158185 133.70356142737992  1.0000000000000071 15.632850446044042 7.4280520003375594 138.84341879764074  0.99999999999999201 14.073655860653872 5.3241112591893129 144.18634891580621  1.0000000000000053 13.480598261961426 5.3600622016475876 146.78244787110049  0.99999999999999822 11.244259310270186 2.6241583177828747 149.24780938738104  1.0000000000000013 9.6053568428950431 0.51736310396477636 149.83333333333331  1 
12.708604524210143 3.2388354932070329 127.66666666666666  1 13.821200722270975 4.1451191285551001 129.32986206441615  1.0000000000000075 15.398871386960058 6.7853802536042753 130.99674420080447  0.99999999999998845 15.434342157492152 5.710139053707187 133.70356142738015  1.0000000000000071 15.469797673015009 7.5385298345212117 138.84341879764077  0.99999999999999201 13.926484908572803 5.3966463690859916 144.18634891580581  1.0000000000000053 13.378461675759093 5.4496262937698932 146.78244787110111  0.99999999999999822 11.171106127019179 2.6584018458035246 149.24780938738076  1.0000000000000013 9.5936078014852288 0.52496000372459317 149.83333333333334  1 
12.639676500896355 3.2676277133274478 127.66666666666666  1 13.73027531607824 4.1839451360658853 129.32986206441615  1.0000000000000075 15.2900276671021 6.8437920336803337 130.99674420080447  0.99999999999998845 15.314718128489746 5.7603239479956692 133.70356142738015  1.0000000000000071 15.360003943857972 7.6096876762306067 138.84341879764077  0.99999999999999201 13.827904848225401 5.4431492157730057 144.18634891580581  1.0000000000000053 13.309301683144694 5.5075219004941225 146.78244787110111  0.99999999999999822 11.122127161100153 2.6803043788610195 149.24780938738076  1.0000000000000013 9.5856943112238273 0.52983727984794493 149.83333333333334  1 
12.584879441109841 3.2897556419449123 127.66666666666666  1 13.657991886696221 4.2138258989189961 129.32986206441637  1.0000000000000075 15.203354315954302 6.8889369559411406 130.9967442008039  0.99999999999998845 15.219687496425712 5.7990522354442815 133.70356142738069  1.0000000000000071 15.272421830389334 7.6648201845901909 138.84341879763991  0.99999999999999201 13.749518878163638 5.4790764120963722 144.18634891580683  1.0000000000000053 13.253938523306065 5.5524824879056824 146.78244787109978  0.99999999999999822 11.083193591538251 2.6971986896577316 149.24780938738135  1.0000000000000013 9.5793803628571474 0.53360745803974807 149.83333333333334  1 
12.568944653423744 3.2961107338459361 127.66666666666666  1 13.636972275479478 4.2224120732471802 129.32986206441637  1.0000000000000075 15.17813501907955 6.9019298211171645 130.9967442008039  0.99999999999998845 15.192060105979523 5.8101922159991908 133.70356142738069  1.0000000000000071 15.246922263604427 7.6807021375337925 138.84341879763991  0.99999999999999201 13.726722843463939 5.489414981077239 144.18634891580683  1.0000000000000053 13.23779924453817 5.5654452847871312 146.78244787109978  0.99999999999999822 11.071872289898002 2.7020573479942249 149.24780938738135  1.0000000000000013 9.5775419074763946 0.53469259205069475 149.83333333333334  1 
12.543533676992656 3.3061432157903909 127.66666666666666  1 13.603452903696537 4.2359724163171286 129.32986206441652  1.0000000000000075 15.137898956870654 6.9224764107632897 130.99674420080373  0.99999999999998845 15.148012182685767 5.8278009735534644 133.70356142738069  1.0000000000000071 15.206218783637631 7.7058362793434423 138.84341879763991  0.99999999999999201 13.690368333696313 5.5057622777850348 144.18634891580683  1.0000000000000053 13.212011136702147 5.5859736283919172 146.78244787109978  0.99999999999999822 11.053819003067309 2.709736096036873 149.24780938738135  1.0000000000000013 9.5746071133154622 0.53640863257679183 149.83333333333334  1 
12.511752837396395 3.3185556019707381 127.66666666666666  1 13.561531509232701 4.2527572438286434 129.32986206441635  1.0000000000000075 15.087551320672697 6.9479443877851645 130.99674420080382  0.99999999999998845 15.092934625201785 5.8496171279460585 133.70356142738069  1.0000000000000071 15.155259436996236 7.7370157727785127 138.84341879763991  0.99999999999999201 13.644898060256494 5.526022652092391 144.18634891580683  1.0000000000000053 13.179691026003182 5.6114581144152744 146.78244787109978  0.99999999999999822 11.031241069479217 2.7192479229053834 149.24780938738135  1.0000000000000013 9.5709326227168301 0.53853575256999486 149.83333333333334  1 
12.477737807033277 3.3315034036588149 127.66666666666666  1 13.516664382564709 4.2702854091955214 129.32986206441635  1.0000000000000075 15.033600733997833 6.974630076877081 130.99674420080382  0.99999999999998845 15.034014604572249 5.8724515918263744 133.70356142738069  1.0000000000000071 15.100586703885662 7.7697487703992953 138.84341879763991  0.99999999999999201 13.596224298663588 5.5472465278394552 144.18634891580683  1.0000000000000053 13.144930752361946 5.6382573843008723 146.78244787109978  0.99999999999999822 11.007077916494685 2.7291994827832555 149.24780938738135  1.0000000000000013 9.5669898312707637 0.54076459221397521 149.83333333333334  1 
12.413551231863867 3.3555137512152498 127.66666666666669  1 13.432002113375171 4.3028141518778265 129.32986206441564  1.0000000000000075 14.931716227517347 7.024268262345247 130.9967442008051  0.99999999999998845 14.922868083825227 5.9148966113302039 133.70356142737992  1.0000000000000071 14.997255662520299 7.8307145348915386 138.84341879764074  0.99999999999999201 13.504367283089172 5.5867206127261166 144.18634891580621  1.0000000000000053 13.079129123379836 5.6882249978220898 146.78244787110049  0.99999999999999822 10.961484009336683 2.7476929867003759 149.24780938738104  1.0000000000000013 9.5595373638270313 0.54491029875833252 149.83333333333334  1 
12.338042136081693 3.3826940308375226 127.66666666666671  1 13.332411376258413 4.3397004966143395 129.32986206441564  1.0000000000000075 14.811658921626737 7.0808508932086056 130.9967442008051  0.99999999999998845 14.792205624743712 5.9632049417998729 133.70356142737992  1.0000000000000071 14.875285275399358 7.9004112580066135 138.84341879764074  0.99999999999999201 13.396282985988295 5.6317059017188278 144.18634891580621  1.0000000000000053 13.001193641684505 5.7454848066409294 146.78244787110049  0.99999999999999822 10.907852604356938 2.7687293021754407 149.24780938738104  1.0000000000000013 9.5507390388863058 0.54963549081614649 149.83333333333334  1 
12.233596396758317 3.4179930120502751 127.66666666666671  1 13.194654201313382 4.3877565776789815 129.32986206441629  1.0000000000000075 14.645179906211697 7.1551922303254125 130.99674420080382  0.99999999999998845 14.611648835407012 6.0265456003573528 133.70356142738069  1.0000000000000071 14.705697088399988 7.9924309808163487 138.84341879763991  0.99999999999999201 13.246719637793797 5.6908092604480522 144.18634891580683  1.0000000000000053 12.89227261757153 5.8213679265072606 146.78244787109978  0.99999999999999822 10.833677271816223 2.7962808555753784 149.24780938738135  1.0000000000000013 9.5385030462179277 0.55584093716226268 149.83333333333334  1 
12.159913461634376 3.441575405510314 127.66666666666671  1 13.097472503275007 4.4199546133026226 129.32986206441586  1.0000000000000075 14.527487420006658 7.2053846876369532 130.99674420080473  0.99999999999998845 14.484372857061402 6.0692365004796267 133.70356142737998  1.0000000000000071 14.585555648870429 8.0548205818641421 138.84341879764085  0.99999999999999201 13.141172869349401 5.7307141793123471 144.18634891580598  1.0000000000000053 12.814794483467987 5.8729792051417187 146.78244787110091  0.99999999999999822 10.781353548926258 2.8148308655241023 149.24780938738076  1.0000000000000013 9.5298336282895661 0.56002748590434348 149.83333333333331  1 
12.11426364452142 3.4556109832537429 127.66666666666671  1 13.037263432185551 4.43916189070797 129.32986206441595  1.0000000000000075 14.454465645158674 7.2354978966050076 130.99674420080461  0.99999999999998845 14.405557504045872 6.0948226007641244 133.70356142738001  1.0000000000000071 14.510908410912879 8.0923675974236975 138.84341879764074  0.99999999999999201 13.07576405199204 5.7546597391097469 144.18634891580621  1.0000000000000053 12.766519463579982 5.904110304466597 146.78244787110049  0.99999999999999822 10.748937843443652 2.8259383542302681 149.24780938738104  1.0000000000000013 9.5244465404071565 0.56253739004079417 149.83333333333331  1 
12.089143726331301 3.463231455534197 127.66666666666671  1 13.00413182214036 4.4495985856980571 129.32986206441595  1.0000000000000075 14.414264797750457 7.2518921610403453 130.99674420080461  0.99999999999998845 14.362193842180469 6.1087478479298083 133.70356142738001  1.0000000000000071 14.469793983540201 8.1128302483369517 138.84341879764074  0.99999999999999201 13.039767921193191 5.7676973296487679 144.18634891580621  1.0000000000000053 12.739906249812657 5.9210891743659069 146.78244787110049  0.99999999999999822 10.731100496570241 2.8319816347119855 149.24780938738104  1.0000000000000013 9.521479323589789 0.56390346611088404 149.83333333333331  1 
12.065706610241346 3.4702575327959972 127.66666666666671  1 12.973219642923588 4.459228084205801 129.32986206441595  1.0000000000000075 14.376741678465587 7.2670445233706955 130.99674420080461  0.99999999999998845 14.321740334211464 6.121614654606927 133.70356142738001  1.0000000000000071 14.431402904158896 8.1317603225085726 138.84341879764074  0.99999999999999201 13.006180483503654 5.7797482088533094 144.18634891580621  1.0000000000000053 12.715036197071452 5.9368068916628882 146.78244787110049  0.99999999999999822 10.714458238001651 2.8375639364686376 149.24780938738104  1.0000000000000013 9.5187085704726719 0.56516575010086301 149.83333333333331  1 
12.024746356426336 3.4822864893728211 127.66666666666671  1 12.91919538728143 4.4757350456941456 129.32986206441595  1.0000000000000075 14.311118012169839 7.2930973242708621 130.99674420080461  0.99999999999998845 14.251056192494387 6.1437273353651305 133.70356142738001  1.0000000000000071 14.364215987814084 8.1643611925049466 138.84341879764074  0.99999999999999201 12.947472939437986 5.8004709171249837 144.18634891580621  1.0000000000000053 12.671453652844189 5.9639064312854178 146.78244787110049  0.99999999999999822 10.685373636013228 2.8471524622500262 149.24780938738104  1.0000000000000013 9.5138593805222307 0.56733511961260019 149.83333333333331  1 
11.993732183216553 3.4911315953267028 127.66666666666666  1 12.878289491065894 4.4878954163052631 129.32986206441564  1.0000000000000075 14.261381282735947 7.3123736728509465 130.9967442008051  0.99999999999998845 14.197551082276538 6.1600780524135974 133.70356142737992  1.0000000000000071 14.313247242061866 8.1885384204893477 138.84341879764074  0.99999999999999201 12.903012295868459 5.8158070038676284 144.18634891580621  1.0000000000000053 12.638330886427855 5.9840355458332857 146.78244787110049  0.99999999999999822 10.663351854317792 2.8542370108905075 149.24780938738104  1.0000000000000013 9.5101805631778813 0.56893912205799424 149.83333333333331  1 
11.925539285982095 3.5101977185730804 127.66666666666666  1 12.788347420328854 4.5141419138754282 129.32986206441635  1.0000000000000075 14.15195245000052 7.3541031550570208 130.99674420080382  0.99999999999998845 14.079926749329603 6.1954606568761577 133.70356142738069  1.0000000000000071 14.201040091617644 8.2409597641706061 138.84341879763991  0.99999999999999201 12.805240363891475 5.8490138649280405 144.18634891580683  1.0000000000000053 12.565325430043535 6.0277228677643162 146.78244787109978  0.99999999999999822 10.614931154805545 2.869560784606024 149.24780938738135  1.0000000000000013 9.5020815219491954 0.57240970144503844 149.83333333333331  1 
11.843232648860171 3.5320991303123472 127.66666666666666  1 12.679791305802093 4.5443926959705045 129.32986206441632  1.0000000000000075 14.019673746600397 7.4025665292696869 130.9967442008039  0.99999999999998845 13.938018404297965 6.2365134051583082 133.70356142738052  1.0000000000000071 14.065206346805271 8.3020835414134577 138.84341879764023  0.99999999999999201 12.687193731224555 5.8876009931344688 144.18634891580641  1.0000000000000053 12.476698228979823 6.0787893976060907 146.78244787110049  0.99999999999999822 10.556488963497838 2.887319569392214 149.24780938738104  1.0000000000000013 9.4922766593395949 0.57643509100237633 149.83333333333334  1 
11.739147327011555 3.5574923616252847 127.66666666666666  1 12.542499226413257 4.5796885374834959 129.32986206441666  1.0000000000000075 13.851994995930447 7.4599098374458572 130.99674420080316  0.99999999999998845 13.758661714574989 6.2850230325917176 133.70356142738109  1.0000000000000071 13.892613552620059 8.3749195068369211 138.8434187976396  0.99999999999999201 12.537818931740974 5.9333166556092509 144.1863489158068  1.0000000000000053 12.363589234054329 6.1398952465495471 146.78244787110026  0.99999999999999822 10.482577813569049 2.9082570797882603 149.24780938738104  1.0000000000000013 9.4798185645896051 0.58118434698066257 149.83333333333334  1 
11.671544109235267 3.572982869619501 127.66666666666666  1 12.453324109944933 4.6013272485790804 129.32986206441666  1.0000000000000075 13.742909111428714 7.4954353331184782 130.99674420080316  0.99999999999998845 13.642209833433581 6.3150554587117158 133.70356142738109  1.0000000000000071 13.780162747494884 8.4202813424044223 138.8434187976396  0.99999999999999201 12.440757882364116 5.9616722378371669 144.1863489158068  1.0000000000000053 12.289685091503033 6.1780639682210294 146.78244787110026  0.99999999999999822 10.434569337193057 2.9211965925302881 149.24780938738104  1.0000000000000013 9.4717022271930755 0.58411978378587182 149.83333333333334  1 
11.627379530876961 3.5827071986126175 127.66666666666666  1 12.395064534738312 4.6149565255077789 129.32986206441666  1.0000000000000075 13.671574547851931 7.5179656302078257 130.99674420080316  0.99999999999998845 13.566145512793247 6.3340949682567107 133.70356142738109  1.0000000000000071 13.706563200761977 8.449147997278839 138.8434187976396  0.99999999999999201 12.37733061209906 5.9796701932186949 144.1863489158068  1.0000000000000053 12.241233402833815 6.2023978471873633 146.78244787110026  0.99999999999999822 10.403203996300515 2.9293902268249621 149.24780938738104  1.0000000000000013 9.4663903025284402 0.58597843128864446 149.83333333333334  1 
11.59300241888803 3.5900795488310151 127.66666666666666  1 12.349714866861534 4.6253115351480583 129.32986206441669  1.0000000000000075 13.616014124651128 7.5351646126277938 130.99674420080305  0.99999999999998845 13.506943635370412 6.3486254809265352 133.70356142738117  1.0000000000000071 13.649206896735311 8.4712339060223485 138.84341879763946  0.99999999999999201 12.327950294637551 5.9934168235421437 144.18634891580703  1.0000000000000053 12.203434786380951 6.221038175589757 146.78244787109978  0.99999999999999822 10.378788613199784 2.9356385081576071 149.24780938738135  1.0000000000000013 9.4622508398036622 0.58739564051950133 149.83333333333331  1 
11.562169616156702 3.5965115065612814 127.66666666666666  1 12.309039632660266 4.6343655023930852 129.32986206441669  1.0000000000000075 13.566150514948546 7.5502801923869045 130.99674420080305  0.99999999999998845 13.453850031086686 6.3613923221805759 133.70356142738117  1.0000000000000071 13.597702784002042 8.4906907232189734 138.84341879763946  0.99999999999999201 12.283652262056995 6.0055051819331675 144.18634891580703  1.0000000000000053 12.169456349213132 6.2374801924213035 146.78244787109978  0.99999999999999822 10.356889445800025 2.9411237858371853 149.24780938738135  1.0000000000000013 9.4585338654279028 0.58863960235576718 149.83333333333331  1 
11.523528453073698 3.6043667178883609 127.66666666666666  1 12.258062142402107 4.6454446584747409 129.32986206441643  1.0000000000000075 13.503623027463346 7.5688694044942419 130.99674420080345  0.99999999999998845 13.387315146467911 6.3770887984623688 133.70356142738115  1.0000000000000071 13.533085480771566 8.5146722719125467 138.84341879763946  0.99999999999999201 12.228125670364477 6.0203793725058992 144.18634891580703  1.0000000000000053 12.12678558598685 6.2577693473803988 146.78244787109978  0.99999999999999822 10.329443132530274 2.9478623959428867 149.24780938738135  1.0000000000000013 9.4538707303774228 0.59016752374165005 149.83333333333331  1 
11.493654077946507 3.6102396695002654 127.66666666666666  1 12.218648976188531 4.6537487422180472 129.32986206441637  1.0000000000000075 13.455246564244069 7.5828959139231422 130.99674420080333  0.99999999999998845 13.335879551521431 6.3889283156449741 133.70356142738123  1.0000000000000071 13.483060545302745 8.5328202866923668 138.84341879763929  0.99999999999999201 12.185186635617729 6.0316105014820574 144.1863489158072  1.0000000000000053 12.093711328602346 6.273146061346714 146.78244787109935  0.99999999999999822 10.308222458291468 2.952939854444371 149.24780938738164  1.0000000000000013 9.4502608763382039 0.59131847647337699 149.83333333333331  1 
11.421223471005483 3.6240826257615266 127.66666666666666  1 12.123088897994636 4.6733603480144339 129.32986206441637  1.0000000000000075 13.337888251533556 7.6162181106502747 130.99674420080333  0.99999999999998845 13.211179877241607 6.4170460475397197 133.70356142738123  1.0000000000000071 13.361641314165436 8.5760393384895686 138.84341879763929  0.99999999999999201 12.08105937911481 6.0583076991259439 144.1863489158072  1.0000000000000053 12.013357627316399 6.3098098509964746 146.78244787109935  0.99999999999999822 10.256769494746063 2.9649880037098617 149.24780938738164  1.0000000000000013 9.4414996603415524 0.59404859665095566 149.83333333333331  1 
11.32968263834149 3.6403234388947512 127.66666666666666  1 12.002307389730461 4.6964965451639031 129.32986206441635  1.0000000000000075 13.189346777312021 7.6561563712125364 130.99674420080353  0.99999999999998845 13.053597753863764 6.45072215931385 133.70356142738103  1.0000000000000071 13.207764390743311 8.62818461183541 138.8434187976396  0.99999999999999201 11.949390700221393 6.090360797125097 144.1863489158068  1.0000000000000053 11.911282259024624 6.3541887397002705 146.78244787110026  0.99999999999999822 10.191730119909245 2.9793844227529167 149.24780938738104  1.0000000000000013 9.430398136212057 0.59730757453849037 149.83333333333331  1 
11.228055330666267 3.6561639001852448 127.66666666666666  1 11.868192497877915 4.7193689977085258 129.32986206441589  1.0000000000000075 13.024062967194107 7.6965624851921151 130.99674420080461  0.99999999999998845 12.878654816092086 6.4848567466673606 133.70356142738024  1.0000000000000071 13.036207099088362 8.6816763789684703 138.84341879764062  0.99999999999999201 11.803077605695114 6.1229804890342345 144.18634891580606  1.0000000000000053 11.797077778838148 6.3999739075982198 146.78244787110069  0.99999999999999822 10.119497299958676 2.9939059492152151 149.24780938738104  1.0000000000000013 9.4180257106664325 0.60058560736064603 149.83333333333331  1 
11.170279090231604 3.6644688872404863 127.66666666666666  1 11.791938205039772 4.7314625273720399 129.32986206441612  1.0000000000000075 12.929974851863637 7.718301693460929 130.9967442008041  0.99999999999998845 12.779192648323301 6.503204353919231 133.70356142738063  1.0000000000000071 12.938444712685046 8.710674974958609 138.84341879764006  0.99999999999999201 11.719849742680658 6.140565014426512 144.18634891580641  1.0000000000000053 11.7318754186389 6.4248785946337588 146.78244787110049  0.99999999999999822 10.078421722718488 3.0016897545355468 149.24780938738104  1.0000000000000013 9.4109771964782478 0.60233903763847818 149.83333333333331  1 
11.126339714841635 3.6705691844582509 127.66666666666666  1 11.733943287536283 4.74038030668879 129.32986206441578  1.0000000000000075 12.858382321375078 7.7344532088335756 130.99674420080487  0.99999999999998845 12.703548137303962 6.5168342828218 133.70356142738015  1.0000000000000071 12.864025071043006 8.7322898221947689 138.84341879764062  0.99999999999999201 11.65653906676466 6.1536430546947818 144.18634891580606  1.0000000000000053 11.682204264640468 6.4434699388974757 146.78244787110069  0.99999999999999822 10.047179914135182 3.007464041052736 149.24780938738104  1.0000000000000013 9.4056122897364336 0.60363845178198783 149.83333333333331  1 
11.083789155652546 3.6761681273395763 127.66666666666666  1 11.677777807228587 4.7486205856151029 129.32986206441578  1.0000000000000075 12.788999339598009 7.7495488334936287 130.99674420080487  0.99999999999998845 12.630290489774735 6.5295747185138771 133.70356142738015  1.0000000000000071 12.791858081702276 8.7525934705910693 138.84341879764062  0.99999999999999201 11.595207879437117 6.1658880390379975 144.18634891580606  1.0000000000000053 11.633984161966632 6.4609749209676908 146.78244787110069  0.99999999999999822 10.016920648099184 3.0128488443143029 149.24780938738104  1.0000000000000013 9.4004107038097295 0.60484814893404371 149.83333333333331  1 
11.043129472129714 3.6811744369753416 127.66666666666666  1 11.624105522026698 4.7560683836550579 129.32986206441578  1.0000000000000075 12.722642024257338 7.7633660918104814 130.99674420080487  0.99999999999998845 12.560282448537841 6.5412526725712663 133.70356142738015  1.0000000000000071 12.722791253320581 8.7712938916863923 138.84341879764062  0.99999999999999201 11.536578039975932 6.1771299107032949 144.18634891580606  1.0000000000000053 11.587779419754897 6.4771475808211241 146.78244787110069  0.99999999999999822 9.9880005206761258 3.0177666048409901 149.24780938738104  1.0000000000000013 9.3954336911340075 0.60595066101085227 149.83333333333331  1 
11.007999911729254 3.6853541251131103 127.66666666666666  1 11.577732377200805 4.7623251796740895 129.32986206441578  1.0000000000000075 12.66528587375721 7.7750481228806203 130.99674420080487  0.99999999999998845 12.499793532822697 6.5511334398479955 133.70356142738015  1.0000000000000071 12.663073652157268 8.7871570042134639 138.84341879764062  0.99999999999999201 11.485912336129394 6.1866479278169075 144.18634891580606  1.0000000000000053 11.547805974975223 6.4908876798756934 146.78244787110069  0.99999999999999822 9.9630114973898678 3.0219190269138521 149.24780938738104  1.0000000000000013 9.3911308990708378 0.60688074677099024 149.83333333333331  1 
10.979814555360122 3.6885519077747393 127.66666666666666  1 11.540525263434212 4.7671562520543631 129.32986206441518  1.0000000000000075 12.619241962526612 7.7841479428198959 130.99674420080618  0.99999999999998845 12.451258757248594 6.5588388327082852 133.70356142737896  1.0000000000000071 12.615113436418234 8.7995711821207472 138.84341879764233  0.99999999999999201 11.445251121180878 6.1940774599000861 144.18634891580444  1.0000000000000053 11.515678133356538 6.5016624483677052 146.78244787110262  0.99999999999999822 9.9429596651373 3.0251480415294592 149.24780938738016  1.0000000000000013 9.387675808720326 0.60760304478821126 149.83333333333331  1 
10.90202222949117 3.6969490042496953 127.66666666666666  1 11.437831953909283 4.7799818226610542 129.32986206441538  1.0000000000000075 12.492090528920164 7.80851605326436 130.99674420080561  0.99999999999998845 12.317292423208437 6.5795030235409993 133.7035614273795  1.0000000000000071 12.48261524227785 8.8329783931855612 138.84341879764148  0.99999999999999201 11.332995221056729 6.2140249105797709 144.18634891580541  1.0000000000000053 11.426854866867107 6.530706115503258 146.78244787110128  0.99999999999999822 9.8876089868591688 3.0337876263136838 149.24780938738076  1.0000000000000013 9.3781321823547206 0.6095314025984 149.83333333333331  1 
10.801527859039068 3.7063484215689209 127.66666666666669  1 11.305165572108761 4.7948230643472716 129.32986206441484  1.0000000000000075 12.327603445624073 7.837492789304032 130.99674420080672  0.99999999999998845 12.144198702212714 6.604166391631435 133.70356142737873  1.0000000000000071 12.311026019077254 8.8732530443495516 138.84341879764241  0.99999999999999201 11.187878575804049 6.2379182617572662 144.18634891580461  1.0000000000000053 11.311610301735922 6.5658720874291001 146.78244787110242  0.99999999999999822 9.816081150460656 3.0440372250959942 149.24780938738016  1.0000000000000013 9.3657785194571179 0.61180302945892873 149.83333333333334  1 
10.704591916200785 3.713162026201331 127.66666666666669  1 11.177160006670093 4.8062715267271585 129.32986206441484  1.0000000000000075 12.168647626076416 7.8619219526689879 130.99674420080672  0.99999999999998845 11.977159858713913 6.6248552193435719 133.70356142737873  1.0000000000000071 12.14491274046356 8.9078181293594749 138.84341879764241  0.99999999999999201 11.047738866670786 6.2581290852196494 144.18634891580461  1.0000000000000053 11.199744653131697 6.5962717108752482 146.78244787110242  0.99999999999999822 9.747046018687886 3.0525516228634726 149.24780938738016  1.0000000000000013 9.3538291970054743 0.6136641934749536 149.83333333333334  1 
10.6579598257147 3.7159590395844453 127.66666666666669  1 11.115575736974876 4.8111870614374981 129.32986206441484  1.0000000000000075 12.092112355819634 7.8728725952547203 130.99674420080672  0.99999999999998845 11.896788796452613 6.6341857516266067 133.70356142737873  1.0000000000000071 12.064879863599376 8.923538115841513 138.84341879764241  0.99999999999999201 10.980289883774557 6.2672718397206131 144.18634891580461  1.0000000000000053 11.145790958152773 6.610156109409437 146.78244787110242  0.99999999999999822 9.7138274571035836 3.0563647931213596 149.24780938738016  1.0000000000000013 9.3480746504860637 0.61449084452984515 149.83333333333334  1 
10.614674801112319 3.7184903991989913 127.66666666666669  1 11.05841094832895 4.815669835900021 129.32986206441495  1.0000000000000075 12.021061352138926 7.8829292218965969 130.99674420080657  0.99999999999998845 11.82218435285656 6.642762456514923 133.70356142737879  1.0000000000000071 11.990574984931541 8.938007512748019 138.8434187976425  0.99999999999999201 10.917677617950282 6.2756800618834552 144.18634891580425  1.0000000000000053 11.095691073973478 6.6229442503469276 146.78244787110305  0.99999999999999822 9.6829920453434859 3.0598661100850864 149.24780938737987  1.0000000000000013 9.3427323101198247 0.61524889844968511 149.83333333333334  1 
10.561208984777311 3.721066487605091 127.66666666666669  1 10.987793242727218 4.8205258881997084 129.32986206441484  1.0000000000000075 11.933221928407692 7.8944381068184333 130.99674420080672  0.99999999999998845 11.730013214527082 6.6526375407152294 133.70356142737873  1.0000000000000071 11.89865511755265 8.954849960155487 138.84341879764241  0.99999999999999201 10.840299744763662 6.2854000887966794 144.18634891580461  1.0000000000000053 11.033649592102091 6.6378979789374783 146.78244787110242  0.99999999999999822 9.6448940152091502 3.0638671601829994 149.24780938738016  1.0000000000000013 9.3361264492582787 0.61610679191483964 149.83333333333334  1 
10.51043457268478 3.7229027222956019 127.66666666666666  1 10.920714764428457 4.8243588813278331 129.32986206441578  1.0000000000000075 11.849723323889457 7.9043863188045007 130.99674420080487  0.99999999999998845 11.642445711033725 6.6611744545905491 133.70356142738007  1.0000000000000071 11.811220592097509 8.9697664356746429 138.84341879764077  0.99999999999999201 10.76676709585599 6.2938809838607108 144.18634891580581  1.0000000000000053 10.974567729499141 6.6511961695583377 146.78244787110111  0.99999999999999822 9.608700472117313 3.0673103911440043 149.24780938738076  1.0000000000000013 9.329845800741241 0.61683390216900658 149.83333333333334  1 
10.482034731714645 3.7238349078426802 127.66666666666666  1 10.883192842941124 4.8263813117546492 129.32986206441609  1.0000000000000075 11.803007074748262 7.909797474018422 130.99674420080416  0.99999999999998845 11.593460274622094 6.6658189508295163 133.70356142738055  1.0000000000000071 11.762293331892248 8.9779402903846997 138.8434187976402  0.99999999999999201 10.725630165179528 6.2985105709148845 144.18634891580618  1.0000000000000053 10.941496038514787 6.6584929171541312 146.78244787110091  0.99999999999999822 9.5884541387776405 3.0691818081478539 149.24780938738076  1.0000000000000013 9.3263317042757325 0.61722694632544839 149.83333333333334  1 
10.455925161840115 3.7245834271611242 127.66666666666666  1 10.848693728570654 4.8281016019527092 129.32986206441609  1.0000000000000075 11.760043723095597 7.9145970682896785 130.99674420080416  0.99999999999998845 11.548418280118886 6.6699395897341063 133.70356142738055  1.0000000000000071 11.717286420105951 8.9852612964112843 138.8434187976402  0.99999999999999201 10.687801852538808 6.3026361257184416 144.18634891580618  1.0000000000000053 10.911062696048992 6.6650401542263031 146.78244787110091  0.99999999999999822 9.5698381494659426 3.070839900846424 149.24780938738076  1.0000000000000013 9.3230997235900652 0.6175726762747521 149.83333333333337  1 
10.375889937624287 3.7264014034955459 127.66666666666666  1 10.742926117775866 4.832759971012023 129.32986206441609  1.0000000000000075 11.628282114291672 7.9285406860900371 130.99674420080416  0.99999999999998845 11.410314811591199 6.6819111816046535 133.70356142738055  1.0000000000000071 11.579213969512056 9.0068552019433383 138.8434187976402  0.99999999999999201 10.571802672996416 6.314697712340779 144.18634891580618  1.0000000000000053 10.81765369842007 6.6844298672345888 146.78244787110091  0.99999999999999822 9.5127602995021689 3.0756354423564352 149.24780938738076  1.0000000000000013 9.3131870725972501 0.61856366499341531 149.83333333333337  1 
10.280633976756341 3.7270309051160875 127.66666666666666  1 10.616996438662003 4.8363311382773002 129.32986206441609  1.0000000000000075 11.471254110134462 7.9426494777026271 130.9967442008041  0.99999999999998845 11.24583423502572 6.6940307342244321 133.70356142738069  1.0000000000000071 11.414530656252076 9.0298304702134047 138.84341879763991  0.99999999999999201 10.433603068538359 6.3271502122426213 144.18634891580683  1.0000000000000053 10.706106581493739 6.705372020753563 146.78244787109978  0.99999999999999822 9.4447801877753861 3.0803928276650909 149.24780938738135  1.0000000000000013 9.3013719334303602 0.61952119816954554 149.83333333333334  1 
10.189638362877259 3.7256843773240496 127.66666666666666  1 10.496654571628659 4.8372973377645003 129.32986206441609  1.0000000000000075 11.320949349443284 7.9528629498546284 130.9967442008041  0.99999999999998845 11.088531111873728 6.7028984311102668 133.70356142738069  1.0000000000000071 11.256766057416643 9.0482722453727842 138.84341879763991  0.99999999999999201 10.301382967938334 6.3366151259828509 144.18634891580683  1.0000000000000053 10.599101851030051 6.7226371225883037 146.78244787109978  0.99999999999999822 9.3797673388425586 3.083720942993684 149.24780938738135  1.0000000000000013 9.2900651753287988 0.62015105485499011 149.83333333333334  1 
10.145957740104805 3.7246548524271379 127.66666666666666  1 10.438876134537685 4.8372763694687526 129.32986206441609  1.0000000000000075 11.248744167072772 7.9571349804995934 130.9967442008041  0.99999999999998845 11.012979629433159 6.7066149154960852 133.70356142738069  1.0000000000000071 11.180948448721136 9.0564355944406731 138.84341879763991  0.99999999999999201 10.237870258002387 6.3406761637933995 144.18634891580683  1.0000000000000053 10.547652228420963 6.7303847881271901 146.78244787109978  0.99999999999999822 9.3485432398841333 3.085077527724676 149.24780938738135  1.0000000000000013 9.284633853143978 0.62039705089046737 149.83333333333334  1 
10.089976951507062 3.7231441799939864 127.66666666666666  1 10.364822083548905 4.8370072666046928 129.32986206441595  1.0000000000000075 11.15617970260497 7.9622961286231693 130.99674420080439  0.99999999999998845 10.916132207572828 6.7111077037170448 133.70356142738044  1.0000000000000071 11.083738377609853 9.0665537308554445 138.84341879764023  0.99999999999999201 10.156450958332979 6.3456396551772087 144.18634891580641  1.0000000000000053 10.481673019395052 6.7400445100716988 146.78244787110049  0.99999999999999822 9.3085185162809783 3.086695693905154 149.24780938738104  1.0000000000000013 9.2776712545284568 0.62068416626520484 149.83333333333334  1 
10.029371783788228 3.7207333116874195 127.66666666666666  1 10.28462629102564 4.8357319198742754 129.32986206441589  1.0000000000000075 11.055862628342863 7.9666177583195985 130.99674420080481  0.99999999999998845 10.811194879194419 6.7148719746005394 133.70356142737987  1.0000000000000071 10.978325669733156 9.0761135940120976 138.84341879764105  0.99999999999999201 10.068214998663336 6.350033235976202 144.18634891580592  1.0000000000000053 10.410076305545347 6.7494087833521643 146.78244787110069  0.99999999999999822 9.2651533495316265 3.0879579935385055 149.24780938738104  1.0000000000000013 9.2701261603499496 0.6208809915928053 149.83333333333334  1 
9.9761293114773597 3.7179142118528197 127.66666666666664  1 10.214149575223752 4.8337295286022615 129.32986206441589  1.0000000000000075 10.967631806890246 7.9692565266125799 130.99674420080481  0.99999999999998845 10.718921865916222 6.717205514698307 133.70356142737987  1.0000000000000071 10.885555809699893 9.0832234682466346 138.84341879764105  0.99999999999999201 9.9906120462140926 6.3530129928693393 144.18634891580592  1.0000000000000053 10.347030714872627 6.7566340792986725 146.78244787110069  0.99999999999999822 9.2270218714088958 3.0886226312549061 149.24780938738104  1.0000000000000013 9.2634918212197395 0.62095141570256052 149.83333333333334  1 
9.9575865408055098 3.7168808394032236 127.66666666666666  1 10.189602823067244 4.8329672893657811 129.32986206441635  1.0000000000000075 10.93689625957988 7.9700905269741069 130.99674420080382  0.99999999999998845 10.68677953173815 6.7179465417085549 133.70356142738069  1.0000000000000071 10.853234982209283 9.0856052470766251 138.84341879763991  0.99999999999999201 9.9635786257237147 6.3539855758444554 144.18634891580683  1.0000000000000053 10.325063227067023 6.7590770168525163 146.78244787109978  0.99999999999999822 9.213739156387847 3.0888212565142021 149.24780938738135  1.0000000000000013 9.2611808590739457 0.62096841462354613 149.83333333333334  1 
9.9324595644013005 3.7154236875900679 127.66666666666666  1 10.156337956896733 4.831862880698865 129.32986206441635  1.0000000000000075 10.895238945967582 7.971126971922442 130.99674420080382  0.99999999999998845 10.643216961309307 6.718871663784709 133.70356142738069  1.0000000000000071 10.809424575330702 9.0887287552536158 138.84341879763991  0.99999999999999201 9.9269387898473997 6.355231592747888 144.18634891580683  1.0000000000000053 10.295283831364346 6.7623064506073467 146.78244787109978  0.99999999999999822 9.1957370587812726 3.0890542167592137 149.24780938738135  1.0000000000000013 9.2580488555965683 0.62098315197549381 149.83333333333334  1 
9.8550295200311346 3.7104630744412801 127.66666666666666  1 10.053813635260214 4.8278682525351035 129.32986206441595  1.0000000000000075 10.766802635582099 7.9735457835638615 130.99674420080473  0.99999999999998845 10.508917192718993 6.7210692016082785 133.70356142737998  1.0000000000000071 10.674313001746633 9.0974933844694661 138.84341879764074  0.99999999999999201 9.813970619743241 6.3584786189857132 144.18634891580621  1.0000000000000053 10.203420008556723 6.7715829093018378 146.78244787110049  0.99999999999999822 9.1402389787481155 3.0894754886635614 149.24780938738104  1.0000000000000013 9.2483937137121401 0.62095998664841134 149.83333333333334  1 
9.7660958482260707 3.7031747263478842 127.66666666666666  1 9.936001155633825 4.8212802672438322 129.32986206441595  1.0000000000000075 10.619054540283786 7.9737052179767076 130.99674420080473  0.99999999999998845 10.35445685513808 6.7213875173608795 133.70356142737998  1.0000000000000071 10.518765312728879 9.1046482814539456 138.84341879764074  0.99999999999999201 9.684014053399034 6.3602202191866555 144.18634891580621  1.0000000000000053 10.09757403031238 6.7799145545975161 146.78244787110049  0.99999999999999822 9.0764192776218646 3.0889765160107987 149.24780938738104  1.0000000000000013 9.2372922151795738 0.62070193886063385 149.83333333333334  1 
9.6886948447736181 3.6953679051647566 127.66666666666666  1 9.83341675397606 4.8137044240089235 129.32986206441595  1.0000000000000075 10.490247562619661 7.9714499538844663 130.99674420080473  0.99999999999998845 10.219812352065047 6.7196369506836247 133.70356142737998  1.0000000000000071 10.383065355231862 9.1082169587836663 138.84341879764074  0.99999999999999201 9.5707082178307417 6.3599120070118733 144.18634891580621  1.0000000000000053 10.005173403107015 6.7850523585898666 146.78244787110049  0.99999999999999822 9.0207981860630451 3.0876393999449516 149.24780938738104  1.0000000000000013 9.2276213278355694 0.62026593527457097 149.83333333333334  1 
9.6422430748326384 3.6903909432724058 127.66666666666666  1 9.771840898075677 4.8087909203715018 129.32986206441558  1.0000000000000075 10.412902373175292 7.9696193431242826 130.99674420080552  0.99999999999998845 10.138961473063926 6.7181826100361803 133.70356142737944  1.0000000000000071 10.301562473538111 9.1098300070746756 138.84341879764133  0.99999999999999201 9.5026670530686346 6.3593639345696031 144.18634891580581  1.0000000000000053 9.9496658296579099 6.7877161008222471 146.78244787110069  0.99999999999999822 8.9874015438890478 3.0866571011879138 149.24780938738104  1.0000000000000013 9.2218157437847204 0.61996223489385605 149.83333333333334  1 
9.5737240588728145 3.6825575816733336 127.66666666666666  1 9.6809948867491329 4.8009244427592952 129.32986206441558  1.0000000000000075 10.298742603996022 7.9661143758402 130.99674420080552  0.99999999999998845 10.019625220099817 6.7153565451480457 133.70356142737944  1.0000000000000071 10.181234511399904 9.1113181658755096 138.84341879764133  0.99999999999999201 9.4022320989340979 6.3579432554100421 144.18634891580581  1.0000000000000053 9.8676988464339477 6.7909380797509229 146.78244787110069  0.99999999999999822 8.9381123440491965 3.0849048788915741 149.24780938738104  1.0000000000000013 9.2132494240764728 0.6194434033590257 149.83333333333334  1 
9.504196599603123 3.6734344019121243 127.66666666666664  1 9.5887626041460639 4.7914657202132434 129.32986206441558  1.0000000000000075 10.182736610015727 7.9606372129552438 130.99674420080552  0.99999999999998845 9.8983374718308017 6.7108653047804525 133.70356142737944  1.0000000000000071 10.058884114924432 9.1107064692709177 138.84341879764133  0.99999999999999201 9.3001436668755399 6.3550421246400148 144.18634891580581  1.0000000000000053 9.7843182497913173 6.7925268081794128 146.78244787110069  0.99999999999999822 8.8880290858995838 3.0824031428868928 149.24780938738104  1.0000000000000013 9.2045509480471601 0.6187484706289792 149.83333333333334  1 
9.4534536405251615 3.6661334361509721 127.66666666666664  1 9.5214182841228272 4.783753813456773 129.32986206441558  1.0000000000000075 10.097979804855049 7.9555929059903097 130.99674420080552  0.99999999999998845 9.8097045497844615 6.7066973573228594 133.70356142737944  1.0000000000000071 9.9694508669784554 9.1091071583121952 138.84341879764133  0.99999999999999201 9.2255357635234461 6.3521266607016376 144.18634891580581  1.0000000000000053 9.7233577592485645 6.7927750733186656 146.78244787110069  0.99999999999999822 8.8514364110037871 3.0801811771041319 149.24780938738104  1.0000000000000013 9.1981997278980057 0.61814977470348409 149.83333333333334  1 
9.4431517949127866 3.6646242587471232 127.66666666666664  1 9.5077447088308631 4.7821542426388621 129.32986206441558  1.0000000000000075 10.080768583761616 7.9545249525776995 130.99674420080552  0.99999999999998845 9.7917054418095564 6.7058138642786194 133.70356142737944  1.0000000000000071 9.9512883215644301 9.1087341904530188 138.84341879764133  0.99999999999999201 9.2103845639506599 6.3515013160219418 144.18634891580581  1.0000000000000053 9.7109771108171827 6.7927873324660073 146.78244787110069  0.99999999999999822 8.8440056336730866 3.0797134701837936 149.24780938738104  1.0000000000000013 9.1969101855723778 0.61802439566142253 149.83333333333334  1 
9.4172107706350587 3.6607932170478006 127.66666666666664  1 9.4733118227003921 4.7780876174799598 129.32986206441558  1.0000000000000075 10.037424665946604 7.9517856240139118 130.99674420080552  0.99999999999998845 9.7463764120893774 6.7035464811527685 133.70356142737944  1.0000000000000071 9.9055467082456286 9.1077398663197844 138.84341879764133  0.99999999999999201 9.1722274685970007 6.3498884086856728 144.18634891580581  1.0000000000000053 9.6797964249071136 6.7927746275882628 146.78244787110069  0.99999999999999822 8.8252922478294895 3.0785167649470271 149.24780938738104  1.0000000000000013 9.1936628647621781 0.61770430194010673 149.83333333333334  1 
9.3434196357347492 3.6494512608169036 127.66666666666661  1 9.3753429574532579 4.7659606205009082 129.32986206441606  1.0000000000000075 9.9140657484345951 7.9432702162560949 130.99674420080473  0.99999999999998845 9.6173542374981196 6.696481120541903 133.70356142737992  1.0000000000000071 9.7753361312853073 9.104115649217059 138.84341879764074  0.99999999999999201 9.0636154960797999 6.3447487525907942 144.18634891580621  1.0000000000000053 9.5910280600181821 6.7921098055358238 146.78244787110049  0.99999999999999822 8.7720320054772873 3.0748388670744093 149.24780938738104  1.0000000000000013 9.1844237397421082 0.61673061573761068 149.83333333333334  1 
9.2621638801694974 3.635333888198935 127.66666666666661  1 9.2673857644583446 4.7505593635173673 129.32986206441615  1.0000000000000075 9.7779865572983109 7.931245767961232 130.99674420080453  0.99999999999998845 9.4749755113643044 6.6864438379239299 133.70356142738001  1.0000000000000071 9.631605839548099 9.0972172955281518 138.84341879764074  0.99999999999999201 8.9437500523665339 6.3370700025672724 144.18634891580621  1.0000000000000053 9.4930183530198402 6.7890821858024877 146.78244787110049  0.99999999999999822 8.7132775220582559 3.0697874346016754 149.24780938738104  1.0000000000000013 9.1742437187383175 0.61542785084530749 149.83333333333334  1 
9.1969638759136298 3.6229155081621878 127.66666666666661  1 9.1807123910361579 4.7368322864914667 129.32986206441615  1.0000000000000075 9.6686236566487942 7.9198282382875274 130.99674420080453  0.99999999999998845 9.3605097033651887 6.6768754581972534 133.70356142738001  1.0000000000000071 9.5160460604314334 9.0897495623232238 138.84341879764074  0.99999999999999201 8.8473808901906015 6.3295569925329556 144.18634891580621  1.0000000000000053 9.414213763992807 6.7851365328874698 146.78244787110049  0.99999999999999822 8.6660559917654982 3.065062665893953 149.24780938738104  1.0000000000000013 9.1660720036642189 0.6142294040362839 149.83333333333334  1 
9.1481829534624506 3.6134329844685986 127.66666666666661  1 9.1158570255768758 4.7263217389989123 129.32986206441615  1.0000000000000075 9.5867714091822087 7.9109757150036089 130.99674420080453  0.99999999999998845 9.2748300480735804 6.6694507083724366 133.70356142738001  1.0000000000000071 9.4295471792635954 9.0838236589664216 138.84341879764074  0.99999999999999201 8.7752465569719753 6.3236987284985586 144.18634891580621  1.0000000000000053 9.3552264272812096 6.7819189614062454 146.78244787110049  0.99999999999999822 8.6307124641850219 3.061409832516218 149.24780938738104  1.0000000000000013 9.1599576048510816 0.61330592166592246 149.83333333333334  1 
9.0677403217856369 3.5968719478496411 127.66666666666664  1 9.0088635611023662 4.707829376249415 129.32986206441595  1.0000000000000075 9.4516494365680028 7.8948811582730372 130.99674420080473  0.99999999999998845 9.1333465242558489 6.655923018937659 133.70356142737998  1.0000000000000071 9.2867121573286475 9.0724182122589827 138.84341879764074  0.99999999999999201 8.6561295583249347 6.3128932449064052 144.18634891580621  1.0000000000000053 9.257819672119501 6.7753334986383562 146.78244787110049  0.99999999999999822 8.57236235766951 3.0548170883321846 149.24780938738104  1.0000000000000013 9.1498720561784257 0.61165365238995484 149.83333333333334  1 
8.9924842727654077 3.5797522906144597 127.66666666666666  1 8.9086768964233887 4.688486190349014 129.32986206441595  1.0000000000000075 9.3250001516010919 7.8772004034927168 130.99674420080473  0.99999999999998845 9.0006161577676629 6.6410028440216564 133.70356142737998  1.0000000000000071 9.152749569077832 9.0588889117541971 138.84341879764074  0.99999999999999201 8.544387074648423 6.3007687992274359 144.18634891580621  1.0000000000000053 9.1664711798148772 6.7669421434914048 146.78244787110049  0.99999999999999822 8.517648740877334 3.0476459005765175 149.24780938738104  1.0000000000000013 9.1404328881989407 0.60988206925219379 149.83333333333334  1 
8.9501513351999922 3.5696149053970125 127.66666666666669  1 8.8522884833946716 4.6769681803812402 129.32986206441601  1.0000000000000075 9.2536802261163142 7.8664384915877417 130.99674420080467  0.99999999999998845 8.9258334390684535 6.6319033425718557 133.70356142738007  1.0000000000000071 9.077284299635302 9.0503913779056369 138.84341879764054  0.99999999999999201 8.4814307210627664 6.2933204261908244 144.18634891580643  1.0000000000000053 9.1150190525178925 6.7615335485952954 146.78244787110026  0.99999999999999822 8.4868297527824232 3.0432985057312796 149.24780938738104  1.0000000000000013 9.1351221712567998 0.60881576835453144 149.83333333333334  1 
8.9404681908450279 3.5672887051212028 127.66666666666666  1 8.8393898591617859 4.6743242854258016 129.32986206441601  1.0000000000000075 9.2373655333867557 7.8639649351765897 130.99674420080467  0.99999999999998845 8.9087260590854491 6.629811637801013 133.70356142738007  1.0000000000000071 9.0600209516314028 9.0484347379721264 138.84341879764054  0.99999999999999201 8.4670287739272201 6.2916075413674566 144.18634891580643  1.0000000000000053 9.1032490305764107 6.7602863641306268 146.78244787110026  0.99999999999999822 8.4797796774392111 3.0422995208030175 149.24780938738104  1.0000000000000013 9.1339073947318727 0.60857084806229755 149.83333333333334  1 
8.9120920278883968 3.5603962918164132 127.66666666666666  1 8.8015861331805461 4.666481538183155 129.32986206441601  1.0000000000000075 9.1895442696177856 7.8565947240280272 130.99674420080467  0.99999999999998845 8.8585755494428078 6.6235766897549899 133.70356142738007  1.0000000000000071 9.0094150428579702 9.0425688266379272 138.84341879764054  0.99999999999999201 8.4248094677184895 6.2864944039965653 144.18634891580643  1.0000000000000053 9.0687474236023426 6.7565290990821483 146.78244787110026  0.99999999999999822 8.4591134230540312 3.0393253248532597 149.24780938738104  1.0000000000000013 9.1303473805043023 0.6078427338034269 149.83333333333334  1 
8.8394489543880574 3.5421758217844577 127.66666666666666  1 8.7047730189917232 4.6456808829967189 129.32986206441635  1.0000000000000075 9.0670327590482405 7.8368013195431807 130.99674420080387  0.99999999999998845 8.730052776929913 6.6068123996427648 133.70356142738055  1.0000000000000071 8.8797406724902928 9.0265473973423109 138.8434187976402  0.99999999999999201 8.3166134253809165 6.2726911637121621 144.18634891580638  1.0000000000000053 8.9803484502387114 6.7461312527739636 146.78244787110069  0.99999999999999822 8.4061599461760963 3.0313556770856636 149.24780938738076  1.0000000000000013 9.1212326433920126 0.60589975870611512 149.83333333333331  1 
8.7718627431563458 3.5238816884568611 127.66666666666666  1 8.6146192132959509 4.6246436270444971 129.32986206441643  1.0000000000000075 8.9528357470227817 7.8162318543590255 130.99674420080362  0.99999999999998845 8.6101501002567815 6.5893426240746971 133.70356142738078  1.0000000000000071 8.7588052661462168 9.009307867569655 138.84341879763986  0.99999999999999201 8.2156792893652497 6.258189045075043 144.18634891580678  1.0000000000000053 8.8979281198905369 6.7346451653954489 146.78244787110006  0.99999999999999822 8.3567809930827899 3.0231154024481945 149.24780938738104  1.0000000000000013 9.1127501272150013 0.60390879754878224 149.83333333333334  1 
8.7182536026941904 3.5085656002177057 127.66666666666666  1 8.5430648760114796 4.6069470265813255 129.32986206441643  1.0000000000000075 8.8621179023112155 7.7986290400343208 130.99674420080362  0.99999999999998845 8.5148378672167571 6.5743590067301589 133.70356142738078  1.0000000000000071 8.6627064404677423 8.9942468056221418 138.84341879763986  0.99999999999999201 8.1354502969815794 6.2456904646192326 144.18634891580678  1.0000000000000053 8.8324531460829014 6.7244658716067818 146.78244787110006  0.99999999999999822 8.3175434987059127 3.0160833277407391 149.24780938738104  1.0000000000000013 9.1060208198880659 0.6022208329363492 149.83333333333334  1 
8.6653610568994992 3.493323880409863 127.66666666666666  1 8.4724597507900068 4.5893234711846018 129.32986206441635  1.0000000000000075 8.7725903826580858 7.781053178262078 130.99674420080382  0.99999999999998845 8.4207662264231988 6.5593932477660051 133.70356142738069  1.0000000000000071 8.5678640750487425 8.9791626692052251 138.84341879763991  0.99999999999999201 8.0562663790882496 6.2331977789971482 144.18634891580683  1.0000000000000053 8.7678372954450978 6.7142498006863134 146.78244787109978  0.99999999999999822 8.2788190714988019 3.0090649577935036 149.24780938738135  1.0000000000000013 9.099381300752583 0.60053783623882584 149.83333333333334  1 
8.5844462465344265 3.4687137129629737 127.66666666666666  1 8.3643740373800703 4.5607403830064648 129.32986206441635  1.0000000000000075 8.6354117946783582 7.7520997678927941 130.99674420080382  0.99999999999998845 8.2765200042214637 6.5346877786263091 133.70356142738069  1.0000000000000071 8.4224957519228294 8.9538630411016129 138.84341879763991  0.99999999999999201 7.9348573116521148 6.2124872399372046 144.18634891580683  1.0000000000000053 8.6688294510022601 6.6969098215938363 146.78244787109978  0.99999999999999822 8.2194641659912637 2.9975314102785795 149.24780938738135  1.0000000000000013 9.0892225819995076 0.59778882799833455 149.83333333333334  1 
8.501499271339279 3.4414489292750559 127.66666666666666  1 8.2534281568875514 4.5288801685058795 129.32986206441589  1.0000000000000075 8.4944615465298057 7.7191822851139058 130.99674420080481  0.99999999999998845 8.1280728636900434 6.5064995077670984 133.70356142737987  1.0000000000000071 8.273036399299313 8.9244576136724891 138.84341879764105  0.99999999999999201 7.809936760909503 6.1887368116111121 144.18634891580592  1.0000000000000053 8.5670950875481147 6.6764841643606871 146.78244787110069  0.99999999999999822 8.158424553724533 2.9844498535051462 149.24780938738104  1.0000000000000013 9.078806164195651 0.5946997441920725 149.83333333333334  1 
8.4630448487559988 3.4283147252664281 127.66666666666666  1 8.2019556132778515 4.5134881106823102 129.32986206441595  1.0000000000000075 8.4290347618447381 7.7031383404628997 130.99674420080473  0.99999999999998845 8.0591093762097632 6.4927353791622435 133.70356142737998  1.0000000000000071 8.2036355705854671 8.9099877917055927 138.84341879764074  0.99999999999999201 7.7519083098442323 6.1771145014124951 144.18634891580621  1.0000000000000053 8.5198725278555223 6.6663787237505883 146.78244787110049  0.99999999999999822 8.1300776676797053 2.978079311656324 149.24780938738104  1.0000000000000013 9.0739764598277741 0.59320243131039785 149.83333333333334  1 
8.4457239586607162 3.4223505871111066 127.66666666666666  1 8.1787673985299438 4.5064945911113528 129.32986206441635  1.0000000000000075 8.3995566612572947 7.6958354310674615 130.99674420080382  0.99999999999998845 8.0280324151889548 6.486467818947804 133.70356142738069  1.0000000000000071 8.1723646480406611 8.9033887332680983 138.84341879763991  0.99999999999999201 7.7257594965825911 6.1718199261119917 144.18634891580683  1.0000000000000053 8.4985965529665588 6.6617651755769787 146.78244787109978  0.99999999999999822 8.1173046875646051 2.975180035958088 149.24780938738135  1.0000000000000013 9.0718009718552377 0.59252166367735448 149.83333333333334  1 
8.4188688669941829 3.4130187028605592 127.66666666666666  1 8.1428089697403294 4.4955448917464764 129.32986206441635  1.0000000000000075 8.3538381256055629 7.6843782709138608 130.99674420080382  0.99999999999998845 7.9798246584149481 6.4766308120320053 133.70356142738069  1.0000000000000071 8.1238614961476401 8.8930137417419211 138.84341879763991  0.99999999999999201 7.6851973504583944 6.1635060197874312 144.18634891580683  1.0000000000000053 8.465599305060163 6.6545032751268165 146.78244787109978  0.99999999999999822 8.0974924385021279 2.9706323451630956 149.24780938738135  1.0000000000000013 9.0684278889712981 0.59145500552681385 149.83333333333334  1 
8.3608573585329307 3.3923314657808743 127.66666666666664  1 8.0650935196445683 4.471227118640595 129.32986206441535  1.0000000000000075 8.2549875118069149 7.6587915125477313 130.99674420080581  0.99999999999998845 7.8755329092304978 6.4546354721578041 133.70356142737944  1.0000000000000071 8.0189661359785873 8.8697093720263478 138.84341879764133  0.99999999999999201 7.5974508984451496 6.1448918173054441 144.18634891580581  1.0000000000000053 8.3942577203133766 6.6381398954451605 146.78244787110069  0.99999999999999822 8.054641528639559 2.9604812796419377 149.24780938738104  1.0000000000000013 9.0611407890401612 0.5890814097227981 149.83333333333334  1 
8.3003772784855148 3.369734893432049 127.66666666666664  1 7.9839969043507226 4.444582313609275 129.32986206441535  1.0000000000000075 8.1517477449232736 7.6304881281850925 130.99674420080595  0.99999999999998845 7.7664977066173764 6.4302509324952162 133.70356142737919  1.0000000000000071 7.9093703875300543 8.8436826006591218 138.84341879764185  0.99999999999999201 7.505724279554113 6.1242128201742565 144.18634891580504  1.0000000000000053 8.3197572557291224 6.6197689756195395 146.78244787110197  0.99999999999999822 8.0098634401868054 2.9492630498040806 149.24780938738047  1.0000000000000013 9.0535422818470082 0.58647234995072517 149.83333333333334  1 
8.2568121143997555 3.352788219739232 127.66666666666666  1 7.9255353472949466 4.4245493329090424 129.32986206441609  1.0000000000000075 8.0772563081875006 7.609043140997187 130.99674420080444  0.99999999999998845 7.6877534368695839 6.4117374916013876 133.70356142738018  1.0000000000000071 7.8302696904382669 8.8238165738255727 138.84341879764065  0.99999999999999201 7.4394876697397878 6.1084885473825548 144.18634891580592  1.0000000000000053 8.2660130535544933 6.6056943825526604 146.78244787110111  0.99999999999999822 7.9775395421635498 2.9407681960877858 149.24780938738076  1.0000000000000013 9.0480680409194072 0.58450621087240906 149.83333333333334  1 
8.1927545050663753 3.3275804035653587 127.66666666666666  1 7.8395542047727913 4.3947296922341517 129.32986206441609  1.0000000000000075 7.9676695502280204 7.5770537481529665 130.99674420080444  0.99999999999998845 7.5718795504114906 6.3841047345190551 133.70356142738018  1.0000000000000071 7.7138926795683727 8.7941234142437033 138.84341879764065  0.99999999999999201 7.3420224386927453 6.0850092561891191 144.18634891580592  1.0000000000000053 8.1869535367602211 6.5846371666939643 146.78244787110111  0.99999999999999822 7.9299805228605305 2.9280982403068632 149.24780938738076  1.0000000000000013 9.0400183855887732 0.58157780915326462 149.83333333333334  1 
8.120177021454829 3.2976290906284302 127.66666666666666  1 7.7420407746825122 4.3591989735344274 129.32986206441609  1.0000000000000075 7.8432401058941865 7.5386156103705222 130.99674420080444  0.99999999999998845 7.4401643814898373 6.350823913149279 133.70356142738018  1.0000000000000071 7.5817082533703442 8.7581649951565677 138.84341879764065  0.99999999999999201 7.2312487732500887 6.0566856166515457 144.18634891580592  1.0000000000000053 8.0972117150706637 6.5590410914084236 146.78244787110111  0.99999999999999822 7.8759498491370268 2.9128824795584123 149.24780938738076  1.0000000000000013 9.0308961291822136 0.57808030211795081 149.83333333333334  1 
8.0342478866522651 3.2598124266096229 127.66666666666666  1 7.6263835880660897 4.3141632027416801 129.32986206441637  1.0000000000000075 7.6954941328037165 7.4894200452259403 130.99674420080382  0.99999999999998845 7.2834246379007235 6.3080527231720191 133.70356142738063  1.0000000000000071 7.424637917800986 8.7117148081175237 138.84341879764006  0.99999999999999201 7.0994689923033008 6.0202271594778241 144.18634891580641  1.0000000000000053 7.9906746759830733 6.5258577588628448 146.78244787110049  0.99999999999999822 7.8117137320648666 2.8934022457733728 149.24780938738104  1.0000000000000013 9.0200909426671849 0.57363989850166996 149.83333333333334  1 
7.9970421364311886 3.2429229837484201 127.66666666666666  1 7.5762595819385732 4.2940130998642259 129.32986206441609  1.0000000000000075 7.6314270893784171 7.4673137811413488 130.99674420080444  0.99999999999998845 7.2153841286291911 6.2887952663857023 133.70356142738018  1.0000000000000071 7.3565004785577717 8.6907572509148157 138.84341879764065  0.99999999999999201 7.0422715111405356 6.0038009986426619 144.18634891580592  1.0000000000000053 7.9444819065833716 6.5108651698880697 146.78244787110111  0.99999999999999822 7.7838413892734222 2.8846464037196502 149.24780938738076  1.0000000000000013 9.0154113303505294 0.57165213850712315 149.83333333333334  1 
7.9715445707943795 3.231175282336276 127.66666666666666  1 7.5418937835279856 4.2799857998988067 129.32986206441609  1.0000000000000075 7.5874877106893379 7.4518934827597585 130.99674420080444  0.99999999999998845 7.1686961606808426 6.2753497029165866 133.70356142738018  1.0000000000000071 7.3097605889409358 8.6761114444255831 138.84341879764065  0.99999999999999201 7.0030262222377093 5.9923288412045572 144.18634891580592  1.0000000000000053 7.9128034390069475 6.5003819119012567 146.78244787110111  0.99999999999999822 7.7647199654235584 2.8785378884277426 149.24780938738076  1.0000000000000013 9.012203913837963 0.57026811577548231 149.83333333333334  1 
7.9446893729603003 3.218684427968765 127.66666666666666  1 7.5056878840530086 4.2650634070774744 129.32986206441609  1.0000000000000075 7.5411859103110768 7.4354682731530399 130.99674420080444  0.99999999999998845 7.1194821957341059 6.2610195876781249 133.70356142738018  1.0000000000000071 7.2605016870868457 8.6604933843535559 138.84341879764065  0.99999999999999201 6.9616592344524859 5.9800997060258041 144.18634891580592  1.0000000000000053 7.879423241452006 6.4891988108195893 146.78244787110111  0.99999999999999822 7.7445667031594629 2.8720307465496049 149.24780938738076  1.0000000000000013 9.0088254285442204 0.56879560853623523 149.83333333333334  1 
7.9040365448404337 3.1993667061878845 127.66666666666666  1 7.4508448391535227 4.2419588078470998 129.32986206441609  1.0000000000000075 7.4710145049252814 7.4099647183373598 130.99674420080444  0.99999999999998845 7.0448428958055356 6.2387395094776128 133.70356142738018  1.0000000000000071 7.1858286935430851 8.6361832316380731 138.84341879764065  0.99999999999999201 6.8989259543721015 5.9610785117820875 144.18634891580592  1.0000000000000053 7.8288407140111751 6.4717789314806753 146.78244787110111  0.99999999999999822 7.7140110663504986 2.8619251542697568 149.24780938738076  1.0000000000000013 9.0037101072132035 0.56651522224333117 149.83333333333334  1 
7.8547553287769745 3.1752905296685694 127.66666666666666  1 7.3843061905603449 4.2131223547865577 129.32986206441495  1.0000000000000075 7.3858156231188357 7.3780201822253195 130.9967442008066  0.99999999999998845 6.9541342593723456 6.2107842199765608 133.70356142737884  1.0000000000000071 7.095133791645285 8.6056429717464393 138.84341879764216  0.99999999999999201 6.8226951087797296 5.9372023434840422 144.18634891580493  1.0000000000000053 7.7674352650306107 6.4498746623241638 146.78244787110197  0.99999999999999822 7.6768926497597407 2.8492653163991699 149.24780938738047  1.0000000000000013 8.9975072876359974 0.56366865510165454 149.83333333333334  1 
7.8170986645097074 3.1563582446283083 127.66666666666666  1 7.3334188826977265 4.1904154355361385 129.32986206441609  1.0000000000000075 7.320601549229977 7.3527755653986633 130.99674420080444  0.99999999999998845 6.8846356184382529 6.1886522587619721 133.70356142738018  1.0000000000000071 7.0256897702410583 8.5814399129269603 138.84341879764065  0.99999999999999201 6.7642958519540359 5.9182930100583597 144.18634891580592  1.0000000000000053 7.7204423124239137 6.4325024513037139 146.78244787110111  0.99999999999999822 7.6484661920565458 2.8392585636030203 149.24780938738076  1.0000000000000013 8.9927660491099104 0.56142704251994124 149.83333333333334  1 
7.7436298337570415 3.1187267071444391 127.66666666666666  1 7.2340790626161855 4.1452408195769577 129.32986206441609  1.0000000000000075 7.193216898235141 7.3024396483198064 130.99674420080444  0.99999999999998845 6.7487964009562376 6.1444695471592876 133.70356142738018  1.0000000000000071 6.890014286616708 8.5330990291448057 138.84341879764065  0.99999999999999201 6.6501599745639668 5.8805366355639634 144.18634891580592  1.0000000000000053 7.628662080323056 6.3977919852839644 146.78244787110111  0.99999999999999822 7.5929215605390876 2.8193022200912297 149.24780938738076  1.0000000000000013 8.9835135466741427 0.55696770105878668 149.83333333333334  1 
7.6767631203949245 3.08280823243348 127.66666666666666  1 7.1435268955919664 4.1020272164859497 129.32986206441595  1.0000000000000075 7.0769136032277098 7.2540239306454941 130.99674420080473  0.99999999999998845 6.6245700565956191 6.101845259014735 133.70356142737995  1.0000000000000071 6.7660743134614609 8.4864122992440976 138.84341879764096  0.99999999999999201 6.5458030225282533 5.844096197027346 144.1863489158055  1.0000000000000053 7.5448967003528811 6.3642412893906153 146.78244787110199  0.99999999999999822 7.5421652648477036 2.8000980306697185 149.24780938738016  1.0000000000000013 8.9750868927898679 0.55270288285075231 149.83333333333334  1 
7.5932764714972514 3.0355240746410179 127.66666666666666  1 7.030220286977122 4.0449830184261106 129.32986206441609  1.0000000000000075 6.9311940103312493 7.1898101127459997 130.99674420080444  0.99999999999998845 6.4685336572109264 6.0450616727328921 133.70356142738018  1.0000000000000071 6.6106371892721416 8.4242400595135951 138.84341879764065  0.99999999999999201 6.414765324618914 5.7955474252517289 144.18634891580592  1.0000000000000053 7.4399496106860177 6.3195578387100779 146.78244787110111  0.99999999999999822 7.4784786236167555 2.7745884821203584 149.24780938738076  1.0000000000000013 8.9645546884195859 0.54708122402906645 149.83333333333334  1 
7.5572807574373346 3.0145645627241553 127.66666666666666  1 6.9813084205247335 4.0196616747767253 129.32986206441609  1.0000000000000075 6.8682448876462132 7.1612403508390088 130.99674420080444  0.99999999999998845 6.4010380906345938 6.0197409309955745 133.70356142738018  1.0000000000000071 6.5434538206744959 8.3965238813982168 138.84341879764065  0.99999999999999201 6.358092293935564 5.7738984047306632 144.18634891580592  1.0000000000000053 7.3946142515000748 6.2996391412212258 146.78244787110111  0.99999999999999822 7.450945260222583 2.7632296039463697 149.24780938738076  1.0000000000000013 8.960010927763097 0.5445879167170139 149.83333333333334  1 
7.5241706005191169 2.9948717915874932 127.66666666666666  1 6.9362764335948386 3.9958472585424927 129.32986206441609  1.0000000000000075 6.8102494610140392 7.1343218015911738 130.99674420080444  0.99999999999998845 6.3387946251722393 5.9958442073866598 133.70356142738018  1.0000000000000071 6.481531222953647 8.3703740290211694 138.84341879764065  0.99999999999999201 6.3058345631988173 5.7534670380029906 144.18634891580592  1.0000000000000053 7.3528475635550183 6.2808497343722189 146.78244787110111  0.99999999999999822 7.4255644867723625 2.7525206537862923 149.24780938738076  1.0000000000000013 8.9558292325085098 0.54224461683662617 149.83333333333334  1 
7.4976986995738848 2.9789720272313511 127.66666666666666  1 6.900257580648903 3.9766111934653514 129.32986206441609  1.0000000000000075 6.7638465097854361 7.1125602073640906 130.99674420080444  0.99999999999998845 6.2889708162066871 5.976511109621347 133.70356142738018  1.0000000000000071 6.4319762967640983 8.3492209930014063 138.84341879764065  0.99999999999999201 6.2640059383255178 5.7369375881763611 144.18634891580592  1.0000000000000053 7.3194298748034887 6.2656521252689901 146.78244787110111  0.99999999999999822 7.4052517886873304 2.7438609397651943 149.24780938738076  1.0000000000000013 8.9524850954980195 0.54035242517069082 149.83333333333337  1 
7.4739480854411013 2.9644252031161105 127.66666666666666  1 6.8679139084716212 3.9589969277768655 129.32986206441609  1.0000000000000075 6.7221492756694889 7.0926004304745378 130.99674420080444  0.99999999999998845 6.2441604406269047 5.9587523341163342 133.70356142738018  1.0000000000000071 6.3874294223046135 8.3297973936048955 138.84341879764065  0.99999999999999201 6.2263893074853423 5.7217542821847767 144.18634891580592  1.0000000000000053 7.289402088040239 6.2516999961456401 146.78244787110111  0.99999999999999822 7.3869897600157532 2.7359140466517782 149.24780938738076  1.0000000000000013 8.9494831767379317 0.53862090395048456 149.83333333333337  1 
7.4341627871328138 2.9397320708789794 127.66666666666666  1 6.813702993437631 3.9290804477891803 129.32986206441609  1.0000000000000075 6.6522245274469682 7.0586621129735923 130.99674420080444  0.99999999999998845 6.1689714800446511 5.9285259299772131 133.70356142738018  1.0000000000000071 6.3127064954971104 8.2967476945745311 138.84341879764065  0.99999999999999201 6.1632744675082609 5.6959126594613361 144.18634891580592  1.0000000000000053 7.2390473166909315 6.2279633588345087 146.78244787110111  0.99999999999999822 7.356355143174417 2.7223975363454396 149.24780938738076  1.0000000000000013 8.9444526785081262 0.53568143641749966 149.83333333333337  1 
7.4037017221606112 2.9204217797585179 127.66666666666666  1 6.7721584808909387 3.9056653858923069 129.32986206441609  1.0000000000000075 6.5985923061991931 7.032052404304669 130.99674420080444  0.99999999999998845 6.1112476044919539 5.9047891564036936 133.70356142738018  1.0000000000000071 6.2553699861173913 8.2708066082183933 138.84341879764065  0.99999999999999201 6.1148244043292976 5.6756207473947091 144.18634891580592  1.0000000000000053 7.2004261658334734 6.2093362453532945 146.78244787110111  0.99999999999999822 7.3328462198843081 2.7117947064891141 149.24780938738076  1.0000000000000013 8.9405987756905514 0.53338247934292804 149.83333333333337  1 
7.3231599506649037 2.8680564173470473 127.66666666666666  1 6.662184575803284 3.842103002549313 129.32986206441609  1.0000000000000075 6.4564599919160273 6.9596698847047263 130.99674420080444  0.99999999999998845 5.958105561980064 5.8400956030910596 133.70356142738018  1.0000000000000071 6.1033454010750532 8.2001654207502916 138.84341879764065  0.99999999999999201 5.9862987875153069 5.6203247176639248 144.18634891580592  1.0000000000000053 7.0980770769060211 6.1586339859296242 146.78244787110111  0.99999999999999822 7.270508279473888 2.6829355009102009 149.24780938738076  1.0000000000000013 8.9304000918838646 0.52714810212974494 149.83333333333334  1 
7.2646619499626599 2.8281542378122118 127.66666666666666  1 6.5821284818226706 3.7935763250836736 129.32986206441609  1.0000000000000075 6.3527600992307978 6.9042034806935311 130.99674420080444  0.99999999999998845 5.8461383441102743 5.7903437997872143 133.70356142738018  1.0000000000000071 5.9923212615243822 8.145929499531821 138.84341879764065  0.99999999999999201 5.8923475346143546 5.5778133266861731 144.18634891580592  1.0000000000000053 7.0234054907175292 6.1197400486623641 146.78244787110111  0.99999999999999822 7.2249758014945531 2.6607952790508058 149.24780938738076  1.0000000000000013 8.9229800447496945 0.522397707408497 149.83333333333334  1 
7.183762056660683 2.7703872275841648 127.66666666666666  1 6.4711205095582205 3.723165316292437 129.32986206441637  1.0000000000000075 6.2087221454187205 6.823545307566893 130.99674420080382  0.99999999999998845 5.6902105594642522 5.7176597844750479 133.70356142738063  1.0000000000000071 5.8379010118808186 8.0669237314211433 138.84341879764006  0.99999999999999201 5.7615403676657779 5.5157478608735833 144.18634891580641  1.0000000000000053 6.9196332472772983 6.0631598119603636 146.78244787110049  0.99999999999999822 7.1616354467811885 2.6285310105994779 149.24780938738104  1.0000000000000013 8.9126966413668818 0.51552452578104446 149.83333333333334  1 
7.1490143551771075 2.7448920362102243 127.66666666666666  1 6.423362865469997 3.6920495389043837 129.32986206441609  1.0000000000000075 6.1466895442578702 6.7878566969281513 130.99674420080444  0.99999999999998845 5.6229509715461035 5.6854147214316209 133.70356142738018  1.0000000000000071 5.7713415396648529 8.0319319741641539 138.84341879764065  0.99999999999999201 5.705124531505863 5.488223829699181 144.18634891580592  1.0000000000000053 6.8749271408356396 6.0381202166047183 146.78244787110111  0.99999999999999822 7.1343315260117723 2.6142377593262855 149.24780938738076  1.0000000000000013 8.9082739336910937 0.51249215231799083 149.83333333333334  1 
7.1093617341949678 2.714964135135868 127.66666666666666  1 6.3687723684731319 3.6554816397428889 129.32986206441618  1.0000000000000075 6.0756842696495994 6.7458494814323355 130.9967442008043  0.99999999999998845 5.545849010841323 5.6473648255040674 133.70356142738027  1.0000000000000071 5.6950853526051617 7.9907120424121238 138.8434187976406  0.99999999999999201 5.6404590176399934 5.4557572524690148 144.18634891580589  1.0000000000000053 6.8237353185622203 6.0086553789516408 146.78244787110134  0.99999999999999822 7.1030516913480213 2.5973942055455645 149.24780938738047  1.0000000000000013 8.9032190506072855 0.50893449874680408 149.83333333333334  1 
7.0975809515084594 2.7059814650696619 127.66666666666666  1 6.3525436061157272 3.6445016131885355 129.32986206441609  1.0000000000000075 6.0545648067370106 6.7332291273290119 130.99674420080444  0.99999999999998845 5.5229040225624537 5.6359232893037632 133.70356142738018  1.0000000000000071 5.6723965173073534 7.978324827299585 138.84341879764065  0.99999999999999201 5.6212156153127957 5.445995931719791 144.18634891580592  1.0000000000000053 6.8085069531526887 5.9998041632968366 146.78244787110111  0.99999999999999822 7.0937451433701311 2.5923318176343177 149.24780938738076  1.0000000000000013 8.9017163754608433 0.50786690710425964 149.83333333333334  1 
7.0756671404657823 2.6891512578006092 127.66666666666666  1 6.3223428386007452 3.6239234554472732 129.32986206441609  1.0000000000000075 6.015247714569929 6.7095671565676565 130.99674420080444  0.99999999999998845 5.4801726128653829 5.6144580368763766 133.70356142738018  1.0000000000000071 5.6301478313079123 7.9550960321594566 138.84341879764065  0.99999999999999201 5.5853783969471289 5.4276845851968183 144.18634891580592  1.0000000000000053 6.780154204238217 5.9832107842892208 146.78244787110111  0.99999999999999822 7.0764159113467731 2.5828376793585797 149.24780938738076  1.0000000000000013 8.8989200126308088 0.50586694474805649 149.83333333333334  1 
7.0435582789863904 2.664179276214758 127.66666666666666  1 6.2780579038210478 3.5933760316927121 129.32986206441609  1.0000000000000075 5.957556381512763 6.6744174010249413 130.99674420080444  0.99999999999998845 5.4174307177269805 5.582537170001018 133.70356142738018  1.0000000000000071 5.5681292602079502 7.9205797513309761 138.84341879764065  0.99999999999999201 5.5327606068773783 5.4004581932724118 144.18634891580592  1.0000000000000053 6.7385439417710264 5.9585660388769952 146.78244787110111  0.99999999999999822 7.0509786955156768 2.5687274612262829 149.24780938738076  1.0000000000000013 8.8948196271711435 0.50290027599387099 149.83333333333334  1 
7.0077911739848897 2.635559166192261 127.66666666666666  1 6.228640385718677 3.558328551767187 129.32986206441595  1.0000000000000075 5.8930735881648717 6.6340257592793384 130.99674420080473  0.99999999999998845 5.3472024699787237 5.5457671181443526 133.70356142737998  1.0000000000000071 5.4987438600805429 7.8808945341585908 138.84341879764074  0.99999999999999201 5.4738675782646062 5.3691092802490967 144.18634891580621  1.0000000000000053 6.6920142333094557 5.930259721153039 146.78244787110049  0.99999999999999822 7.0225243595373827 2.5524975044669338 149.24780938738104  1.0000000000000013 8.8902437735218491 0.49950239254715867 149.83333333333334  1 
6.941175966763744 2.5811725801612826 127.66666666666666  1 6.1364839442009051 3.4916774813672102 129.32986206441637  1.0000000000000075 5.7726716150541471 6.5571259788294558 130.9967442008039  0.99999999999998845 5.2159448424999812 5.4756425822598844 133.70356142738069  1.0000000000000071 5.3690990719808731 7.8053191861591715 138.84341879763991  0.99999999999999201 5.3637984493511759 5.3093435374192781 144.18634891580683  1.0000000000000053 6.6051027101105309 5.8763970744241503 146.78244787109978  0.99999999999999822 6.9693665813718066 2.5215772139516095 149.24780938738135  1.0000000000000013 8.8817094596185076 0.49304855846094642 149.83333333333334  1 
6.8886747520687459 2.5363588873770393 127.66666666666666  1 6.0636407526877152 3.4366680235857823 129.32986206441589  1.0000000000000075 5.6772265249405276 6.4935061669457808 130.99674420080481  0.99999999999998845 5.1116676537235834 5.4174153919052159 133.70356142737987  1.0000000000000071 5.2661676009911673 7.7427622232718285 138.84341879764105  0.99999999999999201 5.2763588581068745 5.2597540484265393 144.18634891580592  1.0000000000000053 6.5361482469607219 5.8318907415959149 146.78244787110069  0.99999999999999822 6.9271781479723717 2.4959595845760969 149.24780938738104  1.0000000000000013 8.8749615194153044 0.48773641359741382 149.83333333333334  1 
6.813348129706422 2.4690784717520282 127.66666666666666  1 5.9587667747435837 3.3538990188159508 129.32986206441589  1.0000000000000075 5.5394516431573759 6.3976808757947863 130.99674420080481  0.99999999999998845 4.9607378980610735 5.3292725773432092 133.70356142737987  1.0000000000000071 5.1172772202385008 7.6484733413358548 138.84341879764105  0.99999999999999201 5.1498069269131515 5.1847664900448622 144.18634891580592  1.0000000000000053 6.4364541389856633 5.7649501087578958 146.78244787110069  0.99999999999999822 6.8661844577368605 2.4572769314176446 149.24780938738104  1.0000000000000013 8.8652411067803243 0.47977207032128932 149.83333333333334  1 
6.7789340353900851 2.4373747520040823 127.66666666666666  1 5.9107362772216199 3.3148412283717872 129.32986206441589  1.0000000000000075 5.4762368046852483 6.3524306037925111 130.99674420080481  0.99999999999998845 4.8913557546201032 5.2875122223799744 133.70356142737987  1.0000000000000071 5.0488614560486322 7.6039294993607953 138.84341879764105  0.99999999999999201 5.0916334971854278 5.1492639814624344 144.18634891580592  1.0000000000000053 6.3906590695349115 5.7333706577956205 146.78244787110069  0.99999999999999822 6.8381681381076005 2.4389798090778854 149.24780938738104  1.0000000000000013 8.8607874820266375 0.47602260765921633 149.83333333333334  1 
6.7461077083153 2.4062287975722758 127.66666666666666  1 5.8648146944139281 3.2764276613852905 129.32986206441589  1.0000000000000075 5.4156718463789817 6.3078791737578186 130.99674420080481  0.99999999999998845 4.824776303323099 5.2462814280378822 133.70356142737987  1.0000000000000071 4.9832152967912231 7.5600642617029186 138.84341879764105  0.99999999999999201 5.0358075657366399 5.1142336242035666 144.18634891580592  1.0000000000000053 6.3467293170158801 5.7023210949156846 146.78244787110069  0.99999999999999822 6.8113018815424287 2.420939900391271 149.24780938738104  1.0000000000000013 8.8565264405697057 0.47234274801962517 149.83333333333334  1 
6.7330004029892923 2.3937228157845354 127.66666666666666  1 5.846470317286343 3.2610003173233486 129.32986206441589  1.0000000000000075 5.3914680930375765 6.2899831605701202 130.99674420080481  0.99999999999998845 4.7981609699646235 5.2297107350325289 133.70356142737987  1.0000000000000071 4.9569733646293059 7.5424432330177673 138.84341879764105  0.99999999999999201 5.013490768555835 5.100156520601562 144.18634891580592  1.0000000000000053 6.3291693382424654 5.6898519222272714 146.78244787110069  0.99999999999999822 6.800563402547688 2.4136915064863915 149.24780938738104  1.0000000000000013 8.8548240390504329 0.47086545278251551 149.83333333333334  1 
6.7087667473815618 2.3703538995543494 127.66666666666664  1 5.8125248252578361 3.2321611497746798 129.32986206441589  1.0000000000000075 5.3466449790431181 6.2565159852088792 130.99674420080481  0.99999999999998845 4.7488440036518345 5.198692068706789 133.70356142737987  1.0000000000000071 4.908348773764212 7.5094881723330582 138.84341879764105  0.99999999999999201 4.9721378879164275 5.0738113466276493 144.18634891580592  1.0000000000000053 6.2966348150484448 5.666545117223051 146.78244787110069  0.99999999999999822 6.7806703443814849 2.4001298673546123 149.24780938738104  1.0000000000000013 8.8516729456185033 0.46810591498974263 149.83333333333334  1 
6.675356900923143 2.3374456306427622 127.66666666666664  1 5.7656440545460121 3.1915177758012705 129.32986206441589  1.0000000000000075 5.2846411079255846 6.2093129211194604 130.99674420080481  0.99999999999998845 4.6805481438264263 5.154858609971086 133.70356142737987  1.0000000000000071 4.8410107411877563 7.4630042362563005 138.84341879764105  0.99999999999999201 4.9148672773015418 5.0365974622321055 144.18634891580592  1.0000000000000053 6.251586824557176 5.6337073266492643 146.78244787110069  0.99999999999999822 6.7531348035557821 2.3809843308785346 149.24780938738104  1.0000000000000013 8.8473184404144867 0.46422260175824109 149.83333333333334  1 
6.6486128956680837 2.3103936538410825 127.66666666666664  1 5.7280329057252555 3.1580744828395213 129.32986206441589  1.0000000000000075 5.2347893391091063 6.1704318468467321 130.99674420080481  0.99999999999998845 4.6255643554936006 5.1186684192537744 133.70356142737987  1.0000000000000071 4.7867918231207973 7.424715881408952 138.84341879764105  0.99999999999999201 4.8687547928287662 5.0058901023331304 144.18634891580592  1.0000000000000053 6.2153210257475573 5.6066949261763606 146.78244787110069  0.99999999999999822 6.7309793164271765 2.3651981538685409 149.24780938738104  1.0000000000000013 8.8438218053955833 0.46103309399907333 149.83333333333334  1 
6.5994366630481629 2.2599508621742337 127.66666666666666  1 5.6587916083196479 3.0956819004491485 129.32986206441589  1.0000000000000075 5.1429029245360409 6.0978538086071339 130.99674420080481  0.99999999999998845 4.524150539757521 5.051031342253073 133.70356142737987  1.0000000000000071 4.6867778913223059 7.3532482143836422 138.84341879764105  0.99999999999999201 4.7836976679581156 4.9485178478007059 144.18634891580592  1.0000000000000053 6.148427600443946 5.5563107189140926 146.78244787110069  0.99999999999999822 6.6901273442532538 2.3357153062921929 149.24780938738104  1.0000000000000013 8.8373811201694767 0.45508840463768463 149.83333333333334  1 
6.553254484918666 2.2107078933959001 127.66666666666666  1 5.5935446781432976 3.0346885070159453 129.32986206441635  1.0000000000000075 5.0560215640743902 6.0267959608355941 130.99674420080382  0.99999999999998845 4.4280800572877723 4.9845948582835611 133.70356142738069  1.0000000000000071 4.5920035089852362 7.2832887275537646 138.84341879763991  0.99999999999999201 4.7031063442109513 4.8922109392968256 144.18634891580683  1.0000000000000053 6.0850477660338367 5.507085415621634 146.78244787109978  0.99999999999999822 6.6514604991056672 2.3068097140328798 149.24780938738135  1.0000000000000013 8.8313026613921899 0.44929215333913475 149.83333333333334  1 
6.4944693522117305 2.144855372836135 127.66666666666666  1 5.5100944317825853 2.9529309593245734 129.32986206441635  1.0000000000000075 4.9444284172478206 5.9314981621846332 130.99674420080382  0.99999999999998845 4.3043579397657856 4.8950116979100251 133.70356142738069  1.0000000000000071 4.4698665606783878 7.1894523408272244 138.84341879763991  0.99999999999999201 4.5992860827180211 4.816387352220576 144.18634891580683  1.0000000000000053 6.0033560111676056 5.4412321413492384 146.78244787109978  0.99999999999999822 6.6017199012293215 2.2679350067399833 149.24780938738135  1.0000000000000013 8.8235095184496526 0.44155328237703223 149.83333333333334  1 
6.4553845607682776 2.0998337459603076 127.66666666666666  1 5.4544540616768078 2.8969658957171425 129.32986206441595  1.0000000000000075 4.869840324834799 5.8662455647343172 130.99674420080473  0.99999999999998845 4.2215357659505415 4.8334856153326529 133.70356142737998  1.0000000000000071 4.3880691577271769 7.1251973881269759 138.84341879764074  0.99999999999999201 4.5297732896164229 4.7643506011445149 144.18634891580621  1.0000000000000053 5.9486373697561401 5.3962047644410234 146.78244787110049  0.99999999999999822 6.5684439490832247 2.2412742321642329 149.24780938738104  1.0000000000000013 8.818305679876941 0.4362671470013687 149.83333333333334  1 
6.4244354449887426 2.0629362322866296 127.66666666666666  1 5.4102386680558059 2.8510381654144168 129.32986206441609  1.0000000000000075 4.8103740738357548 5.8126593778876279 130.99674420080444  0.99999999999998845 4.1553887923270478 4.7827884455778324 133.70356142738018  1.0000000000000071 4.322688043460218 7.0724327836354295 138.84341879764065  0.99999999999999201 4.4742391520813829 4.7215093112516193 144.18634891580592  1.0000000000000053 5.9048890917246055 5.3592997039142238 146.78244787110111  0.99999999999999822 6.5418874149607511 2.2193414759731467 149.24780938738076  1.0000000000000013 8.8141616820317683 0.43193967421265211 149.83333333333331  1 
6.400910195118005 2.0343235028803628 127.66666666666666  1 5.376559021605928 2.8153958195243405 129.32986206441609  1.0000000000000075 4.764984922286958 5.7710519854822184 130.99674420080444  0.99999999999998845 4.1048533574926527 4.7433531280790708 133.70356142738018  1.0000000000000071 4.2727066939178329 7.0314659759935019 138.84341879764065  0.99999999999999201 4.431802588911621 4.6882002281645709 144.18634891580592  1.0000000000000053 5.8714386620143788 5.3306797334456615 146.78244787110111  0.99999999999999822 6.5216066750421398 2.2022955790924699 149.24780938738076  1.0000000000000013 8.811000757983285 0.42858589795324459 149.83333333333334  1 
6.3787033764437009 2.0070121682491155 127.66666666666666  1 5.3447293939565554 2.781360465726201 129.32986206441595  1.0000000000000075 4.722039255962919 5.7313087736131454 130.99674420080473  0.99999999999998845 4.0570138195577101 4.7056477857026948 133.70356142737998  1.0000000000000071 4.2253746670651537 6.9923361522320295 138.84341879764074  0.99999999999999201 4.3916248677510641 4.6563604113246511 144.18634891580621  1.0000000000000053 5.8397577419076843 5.3033606695941407 146.78244787110049  0.99999999999999822 6.5024120807877708 2.186005179265786 149.24780938738104  1.0000000000000013 8.8080111041036862 0.42538571757089788 149.83333333333334  1 
6.3537016857216422 1.9754852307392838 127.66666666666666  1 5.3087976354918505 2.742035110548684 129.32986206441595  1.0000000000000075 4.6734280315242671 5.6853567877324798 130.99674420080473  0.99999999999998845 4.0028025261476303 4.6619576015784077 133.70356142737998  1.0000000000000071 4.1716910259577995 6.9471001835514619 138.84341879764074  0.99999999999999201 4.3460817635173994 4.6194862582365097 144.18634891580621  1.0000000000000053 5.8038153528807142 5.2718236462768067 146.78244787110049  0.99999999999999822 6.4806712130717372 2.1671491580532622 149.24780938738104  1.0000000000000013 8.8046298041433229 0.42169422133044943 149.83333333333331  1 
6.3326142881864174 1.9482773528949826 127.66666666666666  1 5.2784158081324772 2.7080683889773467 129.32986206441595  1.0000000000000075 4.6322175507142545 5.6456386851015052 130.99674420080473  0.99999999999998845 3.9568008896777349 4.624122209918986 133.70356142737998  1.0000000000000071 4.126094066742775 6.9080091410722755 138.84341879764074  0.99999999999999201 4.3074230305656371 4.5875701487460452 144.18634891580621  1.0000000000000053 5.7732775904423939 5.2446037164094443 146.78244787110049  0.99999999999999822 6.4622300253585454 2.150837124648227 149.24780938738104  1.0000000000000013 8.8017653530583342 0.41851042167531033 149.83333333333334  1 
6.299935251525965 1.9056564630748727 127.66666666666666  1 5.2312774256317809 2.6548388234802629 129.32986206441564  1.0000000000000075 4.5681974055557308 5.5833751517559094 130.9967442008051  0.99999999999998845 3.8853067383821012 4.5647579127008298 133.70356142737992  1.0000000000000071 4.0551954591862795 6.8467354712706525 138.84341879764074  0.99999999999999201 4.2473313261660994 4.5375055208189776 144.18634891580621  1.0000000000000053 5.7257867875223845 5.2019617990459661 146.78244787110049  0.99999999999999822 6.4335745911441169 2.1252557677462152 149.24780938738104  1.0000000000000013 8.7973169457272515 0.41352444127548238 149.83333333333334  1 
6.2592837507847978 1.8506712633605369 127.66666666666666  1 5.1723987025355962 2.5860742892726738 129.32986206441595  1.0000000000000075 4.4878842646559125 5.5028594552733701 130.99674420080473  0.99999999999998845 3.7954856589533956 4.4877607665609327 133.70356142737998  1.0000000000000071 3.9659754271467662 6.7675262614089462 138.84341879764074  0.99999999999999201 4.1717934141741733 4.4726237284437786 144.18634891580621  1.0000000000000053 5.6659885800958811 5.1469417406142339 146.78244787110049  0.99999999999999822 6.3975957160909083 2.0921299671511489 149.24780938738104  1.0000000000000013 8.7917426514627373 0.40709798896518529 149.83333333333334  1 
6.2185447285129642 1.7926438657227814 127.66666666666666  1 5.1130340887179289 2.5133325716986779 129.32986206441595  1.0000000000000075 4.4063825817079456 5.4176616042515624 130.99674420080473  0.99999999999998845 3.7041538272533954 4.4058632450622772 133.70356142737998  1.0000000000000071 3.8749963666808895 6.683719381876962 138.84341879764074  0.99999999999999201 4.0949138985956512 4.4037043803623552 144.18634891580621  1.0000000000000053 5.6049392548301249 5.0888818673285163 146.78244787110049  0.99999999999999822 6.3610419108764811 2.0569825313470327 149.24780938738104  1.0000000000000013 8.7860926304461717 0.40032424464380012 149.83333333333334  1 
6.1769531567316767 1.7318569316145114 127.66666666666666  1 5.0522341408454796 2.4370471102634181 129.32986206441635  1.0000000000000075 4.322637061307872 5.3283000279082122 130.99674420080382  0.99999999999998845 3.6102135541628311 4.3197377309660769 133.70356142738069  1.0000000000000071 3.7812733473164339 6.59582107881005 138.84341879763991  0.99999999999999201 4.0157993277308748 4.331276110838477 144.18634891580683  1.0000000000000053 5.5420051477749066 5.0280666831061316 146.78244787109978  0.99999999999999822 6.3234593405524055 2.0200656521897931 149.24780938738135  1.0000000000000013 8.7802897513264604 0.39323244015810777 149.83333333333334  1 
6.1485409176287433 1.6885010758437218 127.66666666666666  1 5.0104707826979045 2.3825428865990612 129.32986206441635  1.0000000000000075 4.2647885974461044 5.2644281920675864 130.99674420080382  0.99999999999998845 3.5452156005182487 4.2579257176625642 133.70356142738069  1.0000000000000071 3.7162477248725079 6.5330019840442892 138.84341879763991  0.99999999999999201 3.9610115898958131 4.2793498392305569 144.18634891580683  1.0000000000000053 5.4982878638440091 4.9846968821310851 146.78244787109978  0.99999999999999822 6.2974729723206337 1.993621148370438 149.24780938738135  1.0000000000000013 8.7762842672574681 0.388178928815471 149.83333333333334  1 
6.1185667128632151 1.6409742413446919 127.66666666666666  1 4.9661841220310734 2.3227096834152188 129.32986206441635  1.0000000000000075 4.2031228839108499 5.1942500835327001 130.99674420080382  0.99999999999998845 3.4758418768828747 4.1898042362311054 133.70356142738069  1.0000000000000071 3.6466377084201973 6.463993125696005 138.84341879763991  0.99999999999999201 3.9024815921234999 4.2221691868252922 144.18634891580683  1.0000000000000053 5.451426426522274 4.937152612461996 146.78244787109978  0.99999999999999822 6.2697507705754303 1.9645187307872356 149.24780938738135  1.0000000000000013 8.77201617292652 0.38264278406318375 149.83333333333334  1 
6.1012931421553986 1.613262275264961 127.66666666666666  1 4.9406214353872091 2.2878072522357482 129.32986206441635  1.0000000000000075 4.1674708779812644 5.1533023397264257 130.99674420080382  0.99999999999998845 3.4357180388459252 4.150020772200377 133.70356142738069  1.0000000000000071 3.606340111044458 6.4237298252526482 138.84341879763991  0.99999999999999201 3.8686198052489562 4.1887831929816279 144.18634891580683  1.0000000000000053 5.4242870107533214 4.9094300488463896 146.78244787109978  0.99999999999999822 6.253719426253749 1.9475298672723107 149.24780938738135  1.0000000000000013 8.7695488752577333 0.37941537735928754 149.83333333333334  1 
6.082747658927576 1.582658304917518 127.66666666666666  1 4.913067721897268 2.2492234790582599 129.32986206441635  1.0000000000000075 4.1288884475024012 5.1080047960336783 130.99674420080382  0.99999999999998845 3.3922579586619359 4.1059185929690418 133.70356142738069  1.0000000000000071 3.5625896819011427 6.379198112289699 138.84341879763991  0.99999999999999201 3.8319160643966597 4.1517922238028673 144.18634891580683  1.0000000000000053 5.3947920000220684 4.8788134548584541 146.78244787109978  0.99999999999999822 6.2363606887034475 1.9287156990967578 149.24780938738135  1.0000000000000013 8.7668794200068358 0.37585264318619194 149.83333333333334  1 
6.0652154581590345 1.5531017446886042 127.66666666666666  1 4.8869391900925088 2.2119323550087122 129.32986206441635  1.0000000000000075 4.0921883230016256 5.06419915669691 130.99674420080382  0.99999999999998845 3.3508927455740021 4.0632046435492155 133.70356142738069  1.0000000000000071 3.5208688061763915 6.3361414045165123 138.84341879763991  0.99999999999999201 3.7969608046106336 4.1159803395931327 144.18634891580683  1.0000000000000053 5.3666423680302557 4.8492410532745041 146.78244787109978  0.99999999999999822 6.2198418005081368 1.9105083735388595 149.24780938738135  1.0000000000000013 8.7643404993826337 0.37241277829739039 149.83333333333334  1 
6.0449345269047985 1.5184377151748327 127.66666666666666  1 4.8566533145697335 2.168175945681214 129.32986206441635  1.0000000000000075 4.049562714717811 5.0127811039541781 130.99674420080382  0.99999999999998845 3.3028303280929987 4.0130189924360851 133.70356142738069  1.0000000000000071 3.4723325419690307 6.2856079790055164 138.84341879763991  0.99999999999999201 3.7563302785918191 4.0739152815987163 144.18634891580683  1.0000000000000053 5.3338769696456723 4.8145553736990268 146.78244787109978  0.99999999999999822 6.2006506187747119 1.8891272684654941 149.24780938738135  1.0000000000000013 8.7613918643682656 0.36837916861357811 149.83333333333334  1 
6.0148929453707769 1.4653434099321272 127.66666666666666  1 4.811567068770497 2.1010720628494313 129.32986206441635  1.0000000000000075 3.9857850814752815 4.9338761738619219 130.99674420080382  0.99999999999998845 3.2308560973397755 3.9358138631398063 133.70356142738069  1.0000000000000071 3.3994172414188384 6.2080753852595238 138.84341879763991  0.99999999999999201 3.6954251326397092 4.0092453773509913 144.18634891580683  1.0000000000000053 5.2845874493870832 4.7614173170953471 146.78244787109978  0.99999999999999822 6.1719187009474981 1.8562764994171896 149.24780938738135  1.0000000000000013 8.7569806748327039 0.36220323037626978 149.83333333333334  1 
5.9884713805997576 1.4163506239195061 127.66666666666666  1 4.7716185043704531 2.0390301623290652 129.32986206441635  1.0000000000000075 3.9288420247975195 4.8608966750354519 130.99674420080382  0.99999999999998845 3.1665324069834124 3.8641247280789446 133.70356142738069  1.0000000000000071 3.3339255629960007 6.1363681411429214 138.84341879763991  0.99999999999999201 3.6409096365710556 3.9492554045923978 144.18634891580683  1.0000000000000053 5.2402211330241091 4.7123725072760472 146.78244787109978  0.99999999999999822 6.1462478960261713 1.8258293200058155 149.24780938738135  1.0000000000000013 8.753042468303347 0.35650682220694047 149.83333333333334  1 
5.9482491829568875 1.3394925127911554 127.66666666666666  1 4.710507783505828 1.9415879296382008 129.32986206441615  1.0000000000000075 3.8413041285066671 4.7462528342037205 130.99674420080424  0.99999999999998845 3.067600610913948 3.7512225293536856 133.70356142738021  1.0000000000000071 3.2328553657653076 6.0237217413544055 138.84341879764077  0.99999999999999201 3.5569756791011229 3.854837846487027 144.18634891580581  1.0000000000000053 5.1716521448477693 4.635422450874036 146.78244787110111  0.99999999999999822 6.1067703257913433 1.7779339888071775 149.24780938738076  1.0000000000000013 8.7469878499213998 0.34757238833505566 149.83333333333334  1 
5.9201304174618814 1.2823016777288287 127.66666666666666  1 4.667341504567923 1.868910005993472 129.32986206441635  1.0000000000000075 3.7788102932627332 4.6607144490094088 130.99674420080382  0.99999999999998845 2.9969075404080141 3.6665544508161769 133.70356142738069  1.0000000000000071 3.1601100680530618 5.9396698878967547 138.84341879763991  0.99999999999999201 3.4968656924375896 3.7841212961614308 144.18634891580683  1.0000000000000053 5.1221458281299395 4.5781467476035482 146.78244787109978  0.99999999999999822 6.0785677296834297 1.7420987436059536 149.24780938738135  1.0000000000000013 8.7426646333649494 0.34092667588097703 149.83333333333334  1 
5.8908187155082699 1.2189341192492897 127.66666666666666  1 4.6219184594766523 1.7882076514236227 129.32986206441635  1.0000000000000075 3.712252490627967 4.5656123204790617 130.99674420080382  0.99999999999998845 2.9216045788668357 3.5720596101389788 133.70356142738069  1.0000000000000071 3.0819787287213298 5.8462183415683757 138.84341879763991  0.99999999999999201 3.4326740994881653 3.7052714231174955 144.18634891580683  1.0000000000000053 5.0687799784958276 4.5146309166711207 146.78244787109978  0.99999999999999822 6.0485272764148235 1.7021733006456023 149.24780938738135  1.0000000000000013 8.7380578794981059 0.33356256861653111 149.83333333333334  1 
5.8814220273935494 1.1983215528590989 127.66666666666666  1 4.6073231464694508 1.7619431883603724 129.32986206441635  1.0000000000000075 3.6908031127268499 4.5346524331658244 130.99674420080382  0.99999999999998845 2.8973361357198559 3.541270580539277 133.70356142738069  1.0000000000000071 3.0567484538124927 5.8157957404311036 138.84341879763991  0.99999999999999201 3.4119739590513021 3.6795853839068013 144.18634891580683  1.0000000000000053 5.0515319462043236 4.4939660536261306 146.78244787109978  0.99999999999999822 6.0388459957485896 1.6891695780060572 149.24780938738135  1.0000000000000013 8.7365730856914503 0.33116707242371368 149.83333333333334  1 
5.8657249693160054 1.1631064858552653 127.66666666666666  1 4.5828559500227897 1.7170378550562249 129.32986206441635  1.0000000000000075 3.6546769230509808 4.4816939025725198 130.99674420080382  0.99999999999998845 2.8564628796270366 3.4885355530803559 133.70356142738069  1.0000000000000071 3.0141194409415242 5.76375776050293 138.84341879763991  0.99999999999999201 3.3770768205218689 3.6356035093649375 144.18634891580683  1.0000000000000053 5.0223496040884488 4.4586505630311937 146.78244787109978  0.99999999999999822 6.0225402635001641 1.6669101865552061 149.24780938738135  1.0000000000000013 8.7340717813661222 0.32707426676587403 149.83333333333334  1 
5.8513245267342064 1.1298228290350041 127.66666666666666  1 4.5603047076137795 1.6745529930703129 129.32986206441635  1.0000000000000075 3.6211653542964291 4.431556801521487 130.99674420080382  0.99999999999998845 2.8185516224282918 3.4385273471607931 133.70356142738069  1.0000000000000071 2.9744073145533214 5.7144948538337061 138.84341879763991  0.99999999999999201 3.3446656461064324 3.5939118862261443 144.18634891580683  1.0000000000000053 4.995114056942211 4.4252559805110883 146.78244787109978  0.99999999999999822 6.0074149556880636 1.6458184616821929 149.24780938738135  1.0000000000000013 8.7317507974874147 0.32320547615819784 149.83333333333334  1 
5.8376142996241676 1.0971468513119431 127.66666666666666  1 4.538733763272619 1.6327974502913583 129.32986206441635  1.0000000000000075 3.588883079779321 4.3822574379068504 130.99674420080382  0.99999999999998845 2.7820438043411029 3.3892643920816252 133.70356142738069  1.0000000000000071 2.9359839024167127 5.6660524940035941 138.84341879763991  0.99999999999999201 3.3134086633217104 3.5528591254041828 144.18634891580683  1.0000000000000053 4.9687119118936565 4.3924514317291541 146.78244787109978  0.99999999999999822 5.9928466782263214 1.6250593297443403 149.24780938738135  1.0000000000000013 8.7295143390879382 0.31940663002784125 149.83333333333334  1 
5.8234011578586831 1.0625822946901806 127.66666666666666  1 4.5163032824621308 1.5885954502088384 129.32986206441635  1.0000000000000075 3.5551520094178546 4.3300575368072609 130.99674420080382  0.99999999999998845 2.7439096014277635 3.3370385017373638 133.70356142738069  1.0000000000000071 2.8957200840127619 5.6147565402781332 138.84341879763991  0.99999999999999201 3.2807268877162823 3.5093494903896656 144.18634891580683  1.0000000000000053 4.941009711588495 4.3577371268721521 146.78244787109978  0.99999999999999822 5.9776270464912251 1.6030642808600071 149.24780938738135  1.0000000000000013 8.7271771225830665 0.31538766885230091 149.83333333333334  1 
5.8065045738773193 1.0201189517664386 127.66666666666666  1 4.4895055144016256 1.5342247777932743 129.32986206441635  1.0000000000000075 3.5145236632620591 4.2658314519428933 130.99674420080382  0.99999999999998845 2.6980071883824888 3.2726487405200944 133.70356142738069  1.0000000000000071 2.8469941954464391 5.5516328854258292 138.84341879763991  0.99999999999999201 3.2413223647766589 3.4557306294420886 144.18634891580683  1.0000000000000053 4.9074143229150948 4.3150622890283303 146.78244787109978  0.99999999999999822 5.9593018375477982 1.5759715248524417 149.24780938738135  1.0000000000000013 8.7243612667747108 0.31044906989152188 149.83333333333334  1 
5.7713741449007445 0.92775480542777333 127.66666666666666  1 4.4333835542458289 1.4157671547113502 129.32986206441618  1.0000000000000075 3.4284944518790983 4.1258508248942602 130.9967442008043  0.99999999999998845 2.6008959910199185 3.13191306960996 133.70356142738024  1.0000000000000071 2.743118771151444 5.4140195340922634 138.84341879764065  0.99999999999999201 3.1577601123205703 3.3386102642112756 144.18634891580598  1.0000000000000053 4.835576087947894 4.2221527851157417 146.78244787110091  0.99999999999999822 5.9205156681827411 1.516829627410206 149.24780938738076  1.0000000000000013 8.7183949036315092 0.29970244210619745 149.83333333333334  1 
5.7437937731386919 0.84748572020243329 127.66666666666666  1 4.388462009218399 1.3124750850634785 129.32986206441618  1.0000000000000075 3.3579927882439593 4.0036984222919232 130.9967442008043  0.99999999999998845 2.5214437685212623 3.0083530129502454 133.70356142738024  1.0000000000000071 2.656630107278021 5.2938573054270588 138.84341879764065  0.99999999999999201 3.0890174681822442 3.235920410010388 144.18634891580598  1.0000000000000053 4.7753419960014245 4.1412462166954978 146.78244787110091  0.99999999999999822 5.8887484450960272 1.4650424435533527 149.24780938738076  1.0000000000000013 8.7134940732227388 0.29035359609908884 149.83333333333334  1 
5.7214960205103704 0.77598062671950796 127.66666666666666  1 4.3511610403187575 1.220254355985037 129.32986206441618  1.0000000000000075 3.2985197740809875 3.8943833589494465 130.9967442008043  0.99999999999998845 2.4543563150492003 2.8973797400223393 133.70356142738024  1.0000000000000071 2.5823931928977299 5.1862711904284833 138.84341879764065  0.99999999999999201 3.0306709210309863 3.1437593105468085 144.18634891580598  1.0000000000000053 4.7232550034227607 4.0689897224307261 146.78244787110091  0.99999999999999822 5.8619057270540011 1.4186052136095473 149.24780938738076  1.0000000000000013 8.7093366938128902 0.28201449116658861 149.83333333333334  1 
5.7170699817996429 0.76149161428326728 127.66666666666666  1 4.3437120519674517 1.2015595526639242 129.32986206441618  1.0000000000000075 3.2866040066757045 3.8722124175151995 130.9967442008043  0.99999999999998845 2.4409118243921317 2.8748567066720678 133.70356142738024  1.0000000000000071 2.5674639103772074 5.164449041836864 138.84341879764065  0.99999999999999201 3.0189652811957526 3.1250568930186318 144.18634891580598  1.0000000000000053 4.7127637854589439 4.054340982700638 146.78244787110091  0.99999999999999822 5.8565255788159245 1.4091832581394941 149.24780938738076  1.0000000000000013 8.70850270061087 0.28032428621704264 149.83333333333334  1 
5.7057915544315714 0.72403475916709559 127.66666666666666  1 4.3246470964246697 1.15321575331054 129.32986206441618  1.0000000000000075 3.2560398992124053 3.8148592151874672 130.9967442008043  0.99999999999998845 2.4064199975286731 2.8165654146021231 133.70356142738024  1.0000000000000071 2.5290686660044983 5.1079953377420857 138.84341879764065  0.99999999999999201 2.988911531413097 3.0766576189706702 144.18634891580598  1.0000000000000053 4.6857529536473459 4.0164577243953392 146.78244787110091  0.99999999999999822 5.8427212463177582 1.384803617891238 149.24780938738076  1.0000000000000013 8.7063615277705413 0.27595393578249583 149.83333333333334  1 
5.6967969999596715 0.69262834928605743 127.66666666666666  1 4.3092031531960169 1.1126408124331921 129.32986206441635  1.0000000000000075 3.2310902752498851 3.7666661696786825 130.99674420080382  0.99999999999998845 2.3782467321350702 2.7675064458603238 133.70356142738069  1.0000000000000071 2.4974381458581503 5.0605499203540161 138.84341879763991  0.99999999999999201 2.9642980185009464 3.0359349851042974 144.18634891580683  1.0000000000000053 4.6634175547963759 3.9846557163928873 146.78244787109978  0.99999999999999822 5.8314410972371391 1.3642996629069057 149.24780938738135  1.0000000000000013 8.7046080998299402 0.27228711814861384 149.83333333333334  1 
5.6863190381500912 0.65406189387934521 127.66666666666669  1 4.2908868297851717 1.0627630273009241 129.32986206441635  1.0000000000000075 3.2012612389201593 3.7073688191280927 130.99674420080382  0.99999999999998845 2.3445643837410275 2.7070350505151866 133.70356142738069  1.0000000000000071 2.4592649854399475 5.0021513036614236 138.84341879763991  0.99999999999999201 2.9347823068198799 2.985755204993557 144.18634891580683  1.0000000000000053 4.6363620498364151 3.9455478263966777 146.78244787109978  0.99999999999999822 5.8179435970168125 1.339046641796293 149.24780938738135  1.0000000000000013 8.7025051284333479 0.26778095199643692 149.83333333333334  1 
5.6823582609389103 0.63922202329050104 127.66666666666666  1 4.2839201828256686 1.043564118842025 129.32986206441635  1.0000000000000075 3.1898844272793054 3.6845373387223068 130.99674420080382  0.99999999999998845 2.3317182716713765 2.6837378952286923 133.70356142738069  1.0000000000000071 2.4446600074808051 4.9796631721794329 138.84341879763991  0.99999999999999201 2.9235137919088734 2.9664249991016662 144.18634891580683  1.0000000000000053 4.6259979392615502 3.93049260553562 146.78244787109978  0.99999999999999822 5.8127942567625075 1.3293202829813433 149.24780938738135  1.0000000000000013 8.7017022113382492 0.2660466117719455 149.83333333333334  1 
5.671693246420384 0.59823861247784604 127.66666666666666  1 4.2649944573303422 0.99051676904795372 129.32986206441635  1.0000000000000075 3.1588480149848945 3.6214283764702482 130.99674420080382  0.99999999999998845 2.2966820411881987 2.6192875819748593 133.70356142738069  1.0000000000000071 2.4046433129480165 4.9174916169097793 138.84341879763991  0.99999999999999201 2.892734527912161 2.9129568874092291 144.18634891580683  1.0000000000000053 4.5975514453279738 3.8888870111866543 146.78244787109978  0.99999999999999822 5.7987435353303596 1.3024229256113078 149.24780938738135  1.0000000000000013 8.6995088032803825 0.26125516729790321 149.83333333333334  1 
5.6478286494183889 0.50061030676833762 127.66666666666666  1 4.2216845934236371 0.86400594872959746 129.32986206441609  1.0000000000000075 3.0870531943521264 3.4707879985519474 130.9967442008041  0.99999999999998845 2.215706409931248 2.4651348667313924 133.70356142738069  1.0000000000000071 2.3110970556319135 4.7690190369597811 138.84341879763991  0.99999999999999201 2.821333403553747 2.7851160187352715 144.18634891580683  1.0000000000000053 4.5307708151299115 3.7896205075618989 146.78244787109978  0.99999999999999822 5.7662305738192376 1.2381466533308088 149.24780938738135  1.0000000000000013 8.694418494889689 0.24983150081349623 149.83333333333331  1 
5.6279741441551678 0.4027702369986752 127.66666666666666  1 4.1838098497707854 0.73667094326541727 129.32986206441609  1.0000000000000075 3.0206541782310872 3.3189652921258279 130.9967442008041  0.99999999999998845 2.1417129398803429 2.3087521595715805 133.70356142738069  1.0000000000000071 2.2221692689691168 4.6190878503129342 138.84341879763991  0.99999999999999201 2.7552336670140978 2.6555620453575139 144.18634891580683  1.0000000000000053 4.4664667474759856 3.689619337065698 146.78244787109978  0.99999999999999822 5.7363619129485039 1.1731104498963596 149.24780938738135  1.0000000000000013 8.6896916618428914 0.23834620713736915 149.83333333333331  1 
5.6144493049409734 0.32643710107707136 127.66666666666666  1 4.1581449163212039 0.63686504053373727 129.32986206441635  1.0000000000000075 2.9715566899118997 3.1998822621472574 130.99674420080382  0.99999999999998845 2.0882146139569304 2.1855835826536629 133.70356142738069  1.0000000000000071 2.1554201462053015 4.5012258231645266 138.84341879763991  0.99999999999999201 2.7068360375575509 2.5535643595491386 144.18634891580683  1.0000000000000053 4.4176522514024743 3.6111476876302069 146.78244787109978  0.99999999999999822 5.7146405543867447 1.1219567753554409 149.24780938738135  1.0000000000000013 8.6862138898729206 0.22935130182961155 149.83333333333331  1 
5.6115552589751729 0.30975586803302446 127.66666666666666  1 4.1526610962640538 0.61503927679296244 129.32986206441635  1.0000000000000075 2.960912066130295 3.1738384857570572 130.99674420080382  0.99999999999998845 2.0766580632888503 2.1586301996721207 133.70356142738069  1.0000000000000071 2.1409163484219054 4.4754407036591344 138.84341879763991  0.99999999999999201 2.6963604363331677 2.531245014604468 144.18634891580683  1.0000000000000053 4.4070272930057959 3.5939845334356653 146.78244787109978  0.99999999999999822 5.7099439989513581 1.1107647833034811 149.24780938738135  1.0000000000000013 8.6854605380599281 0.22738451138867966 149.83333333333331  1 
5.6068356670414916 0.28185943872338859 127.66666666666666  1 4.1437419776802438 0.57850861879758786 129.32986206441635  1.0000000000000075 2.9432768924587434 3.130244473506834 130.99674420080382  0.99999999999998845 2.0575996581203588 2.1134808728652956 133.70356142738069  1.0000000000000071 2.1168251567828857 4.4322623468295159 138.84341879763991  0.99999999999999201 2.679042479538202 2.49386012166477 144.18634891580683  1.0000000000000053 4.3893424708815827 3.5652526467978758 146.78244787109978  0.99999999999999822 5.7021898215132323 1.0920213487613977 149.24780938738135  1.0000000000000013 8.6842138734218999 0.22409311004462196 149.83333333333331  1 
5.6012578861818643 0.24734354056409003 127.66666666666666  1 4.1332739883744232 0.53323831519272336 129.32986206441635  1.0000000000000075 2.9218203331971364 3.0762165122505349 130.99674420080382  0.99999999999998845 2.0346151191084996 2.0574507548530319 133.70356142738069  1.0000000000000071 2.0873786278843647 4.3787095095653479 138.84341879763991  0.99999999999999201 2.658061400184625 2.447469480918536 144.18634891580683  1.0000000000000053 4.3676444233276026 3.529635999870528 146.78244787109978  0.99999999999999822 5.692817835338575 1.0687700254674826 149.24780938738135  1.0000000000000013 8.6827005808449922 0.22001543872241958 149.83333333333331  1 
5.5958678358489307 0.21198045444556096 127.66666666666666  1 4.1233169251413466 0.4867551553148094 129.32986206441635  1.0000000000000075 2.9002930683424335 3.0207451930479579 130.99674420080382  0.99999999999998845 2.0118474305139369 1.999821534710152 133.70356142738069  1.0000000000000071 2.0576726176724272 4.323667785984548 138.84341879763991  0.99999999999999201 2.6371474352170581 2.3997600562750372 144.18634891580683  1.0000000000000053 4.3456467445350073 3.493050401058226 146.78244787109978  0.99999999999999822 5.6835052380625797 1.0448677258839965 149.24780938738135  1.0000000000000013 8.681187923435715 0.21583025756251745 149.83333333333334  1 
5.5916076567137081 0.18285520872490507 127.66666666666666  1 4.1155385486914398 0.4484136091184876 129.32986206441635  1.0000000000000075 2.8828426308597734 2.9749873721594007 130.99674420080382  0.99999999999998845 1.9935405858698438 1.9522273917597703 133.70356142738069  1.0000000000000071 2.033474256123788 4.2782311162959488 138.84341879763991  0.99999999999999201 2.6202548831047192 2.3603610760092413 144.18634891580683  1.0000000000000053 4.3276624998306685 3.4628601755080197 146.78244787109978  0.99999999999999822 5.6760010377915799 1.0251348282310522 149.24780938738135  1.0000000000000013 8.679963686589879 0.21237879126473791 149.83333333333334  1 
5.5865479749511833 0.14700608765886675 127.66666666666666  1 4.1063894597046016 0.40116446299087394 129.32986206441635  1.0000000000000075 2.861666870076585 2.9185906696176707 130.99674420080382  0.99999999999998845 1.9714674357144895 1.8935117165309328 133.70356142738069  1.0000000000000071 2.0039697851814671 4.2221967056837642 138.84341879763991  0.99999999999999201 2.5998069967131645 2.3117581326644654 144.18634891580683  1.0000000000000053 4.3056652827836963 3.4256390617971486 146.78244787109978  0.99999999999999822 5.6669364794112322 1.000798318622748 149.24780938738135  1.0000000000000013 8.6784792432086899 0.20812582783126921 149.83333333333334  1 
5.5736797485632952 0.04985202022282513 127.66666666666666  1 4.0834893598657818 0.27287848295854661 129.32986206441592  1.0000000000000075 2.8057687667921778 2.7653943523247566 130.99674420080487  0.99999999999998845 1.9137762312635691 1.7337732853873027 133.70356142737973  1.0000000000000071 1.925328659867229 4.0698345984319708 138.84341879764136  0.99999999999999201 2.5459905723397709 2.17954162381203 144.1863489158055  1.0000000000000053 4.2467002182628235 3.3244797923268381 146.78244787110154  0.99999999999999822 5.6431713090582187 0.93462322893143235 149.24780938738047  1.0000000000000013 8.6745605484231838 0.19657820333461604 149.83333333333334  1 
5.5638438254929881 -0.042297479794205138 127.66666666666666  1 4.0667625240090466 0.15065576678619408 129.32986206441589  1.0000000000000075 2.7575238019035133 2.619018193514143 130.99674420080481  0.99999999999998845 1.8651471219407516 1.5805394104650028 133.70356142737987  1.0000000000000071 1.8546350229119217 3.9238574202605023 138.84341879764105  0.99999999999999201 2.499549558614627 2.0527248205695612 144.18634891580592  1.0000000000000053 4.1926680060945349 3.2276867301828629 146.78244787110069  0.99999999999999822 5.6229461053879639 0.87123166563158327 149.24780938738104  1.0000000000000013 8.6711447027554733 0.18556301025515642 149.83333333333334  1 
5.5560718288824162 -0.13086269104671294 127.66666666666666  1 4.0532265581779265 0.033201193785623959 129.32986206441589  1.0000000000000075 2.7164060671383119 2.4772364416389787 130.99674420080481  0.99999999999998845 1.8229345669509442 1.4321645949357857 133.70356142737987  1.0000000000000071 1.79012479038961 3.7822848704506518 138.84341879764105  0.99999999999999201 2.4584591739253865 1.9298578734457403 144.18634891580592  1.0000000000000053 4.1423344577017041 3.1339077244955953 146.78244787110069  0.99999999999999822 5.6053367456076888 0.80986171750305203 149.24780938738104  1.0000000000000013 8.6680993321025213 0.17492802812888381 149.83333333333334  1 
5.5541714515927989 -0.15385077057318361 127.66666666666666  1 4.0498892827393957 0.0027168421451902601 129.32986206441589  1.0000000000000075 2.7060979999943031 2.4403587306331884 130.99674420080481  0.99999999999998845 1.812296244313145 1.3935758756117971 133.70356142737987  1.0000000000000071 1.7736202467870137 3.7454487875102327 138.84341879764105  0.99999999999999201 2.4480426821811347 1.897897965856316 144.18634891580592  1.0000000000000053 4.1293812264876779 3.1095135322944012 146.78244787110069  0.99999999999999822 5.6008944145997281 0.79390154252657907 149.24780938738104  1.0000000000000013 8.6673255114549477 0.1721642272064472 149.83333333333334  1 
5.5523984124199011 -0.17659533453186235 127.66666666666666  1 4.0467478190039659 -0.027438188607350849 129.32986206441572  1.0000000000000075 2.6962285408440385 2.403801300928297 130.9967442008049  0.99999999999998845 1.8020785152740146 1.3553255743038237 133.70356142738001  1.0000000000000071 1.7575083458955381 3.7089200697384639 138.84341879764074  0.99999999999999201 2.4379772091503389 1.8662123400533002 144.18634891580621  1.0000000000000053 4.1166656691246368 3.0853282058089881 146.78244787110049  0.99999999999999822 5.5966218948616397 0.77808160717118824 149.24780938738104  1.0000000000000013 8.6665755472267492 0.16942654382590794 149.83333333333334  1 
5.5490417066933579 -0.22066344466403764 127.66666666666666  1 4.0407786357672633 -0.085858878343080633 129.32986206441572  1.0000000000000075 2.6773470034281512 2.3329188476941738 130.9967442008049  0.99999999999998845 1.7825096700383936 1.2811631172327496 133.70356142738001  1.0000000000000071 1.7264505627063635 3.6380839603855639 138.84341879764074  0.99999999999999201 2.4186534726721125 1.8047733706790381 144.18634891580621  1.0000000000000053 4.092102590923691 3.0384320314620057 146.78244787110049  0.99999999999999822 5.5884343270831671 0.74740897584119947 149.24780938738104  1.0000000000000013 8.6651340185257055 0.1641198929741535 149.83333333333334  1 
5.5456065901255815 -0.27264125896667712 127.66666666666669  1 4.0345196453700218 -0.15472393481212285 129.32986206441572  1.0000000000000075 2.6566767923688421 2.2489693652653449 130.9967442008049  0.99999999999998845 1.7609694479700655 1.1933451417759444 133.70356142738001  1.0000000000000071 1.6908819857998603 3.5541254028127929 138.84341879764074  0.99999999999999201 2.3970598849357665 1.7319910918977688 144.18634891580621  1.0000000000000053 4.0636274415533027 2.982871057175426 146.78244787110049  0.99999999999999822 5.5793830768335795 0.71109053178544035 149.24780938738104  1.0000000000000013 8.6635112467557907 0.15784515921917763 149.83333333333334  1 
5.5427414107494322 -0.32472364858344188 127.66666666666671  1 4.0292378504869726 -0.22372044664857205 129.32986206441572  1.0000000000000075 2.6375523681752124 2.1645481094106134 130.9967442008049  0.99999999999998845 1.7413235367377287 1.1049525404675502 133.70356142738001  1.0000000000000071 1.6564007052933005 3.4695390824845846 138.84341879764074  0.99999999999999201 2.3768581196809895 1.6587063804501294 144.18634891580621  1.0000000000000053 4.0356990589419706 2.9268900617009792 146.78244787110049  0.99999999999999822 5.5710079728993289 0.67454876887310222 149.24780938738104  1.0000000000000013 8.6619763082048422 0.15153967282158751 149.83333333333334  1 
5.5419202175723683 -0.34063748623379764 127.66666666666669  1 4.0277211565176048 -0.24480294963468893 129.32986206441609  1.0000000000000075 2.6318526838220242 2.13872698890028 130.9967442008041  0.99999999999998845 1.7355106291897358 1.0779060103978426 133.70356142738069  1.0000000000000071 1.6459731187398352 3.4436502646489426 138.84341879763991  0.99999999999999201 2.3708248697919512 1.6362802176692119 144.18634891580683  1.0000000000000053 4.0272215273862928 2.9097554588495771 146.78244787109978  0.99999999999999822 5.5685162032866877 0.66336915139841823 149.24780938738135  1.0000000000000013 8.6615160551680805 0.14961128881816038 149.83333333333334  1 
5.5382609924564541 -0.41305151074385743 127.66666666666669  1 4.0209605612284296 -0.34073777036061514 129.32986206441589  1.0000000000000075 2.6061194492729904 2.021195029666726 130.99674420080481  0.99999999999998845 1.7093350292256446 0.95477929051188837 133.70356142737987  1.0000000000000071 1.5986777735818369 3.3257842296879474 138.84341879764105  0.99999999999999201 2.3435727789180398 1.5341839324446342 144.18634891580592  1.0000000000000053 3.9887251118952705 2.8317440008457169 146.78244787110069  0.99999999999999822 5.5572748139431178 0.61247724035357909 149.24780938738104  1.0000000000000013 8.6594343051887659 0.14083391317213295 149.83333333333334  1 
5.5354452771532436 -0.49288416407517655 127.66666666666669  1 4.0157265267051834 -0.44652449047556758 129.32986206441572  1.0000000000000075 2.5809310576099258 1.891059018982536 130.9967442008049  0.99999999999998845 1.6848115536839392 0.81817854926710454 133.70356142738001  1.0000000000000071 1.5489638674230954 3.1948668501973838 138.84341879764074  0.99999999999999201 2.3167002705141062 1.4208623224151666 144.18634891580621  1.0000000000000053 3.9475364156059811 2.7450715201357325 146.78244787110049  0.99999999999999822 5.546410715859948 0.55605098277253728 149.24780938738104  1.0000000000000013 8.6573372067447245 0.13111807480737481 149.83333333333334  1 
5.5337621762826128 -0.59290079728605416 127.66666666666669  1 4.0120968297308135 -0.57921195372667644 129.32986206441609  1.0000000000000075 2.5533929217359312 1.7277152367267543 130.9967442008041  0.99999999999998845 1.6602510390534246 0.64599277644616371 133.70356142738069  1.0000000000000071 1.4902798347433603 3.0295450773181405 138.84341879763991  0.99999999999999201 2.2875727271145778 1.2779263102807501 144.18634891580683  1.0000000000000053 3.8976301222134189 2.6355317112921632 146.78244787109978  0.99999999999999822 5.5350449349596316 0.48496708569729985 149.24780938738135  1.0000000000000013 8.654990449701895 0.11889424581082035 149.83333333333334  1 
5.5334611006119019 -0.6255051485930907 127.66666666666669  1 4.011285750858506 -0.62248342044848237 129.32986206441609  1.0000000000000075 2.5449642375797206 1.6744228465268427 130.9967442008041  0.99999999999998845 1.6530558671055993 0.58973099008303131 133.70356142738069  1.0000000000000071 1.4716369277940626 2.9754771489433667 138.84341879763991  0.99999999999999201 2.2786779710684706 1.2312073626848852 144.18634891580683  1.0000000000000053 3.8815869982316427 2.5996947577942815 146.78244787109978  0.99999999999999822 5.5316389252600624 0.46174438809509299 149.24780938738135  1.0000000000000013 8.6542626834379632 0.11490265688872756 149.83333333333334  1 
5.5332909166824757 -0.6662499308335631 127.66666666666669  1 4.0105486637201411 -0.6765660127637374 129.32986206441609  1.0000000000000075 2.5349068232701026 1.6077819912086611 130.9967442008041  0.99999999999998845 1.6447087399488656 0.51932939015483315 133.70356142738069  1.0000000000000071 1.4487648584889834 2.9077613240982831 138.84341879763991  0.99999999999999201 2.2680404635624969 1.1727326185240106 144.18634891580683  1.0000000000000053 3.8617301890947404 2.5548016596631413 146.78244787109978  0.99999999999999822 5.5276258577384443 0.43268616996499865 149.24780938738135  1.0000000000000013 8.6533836042569678 0.10990910838075649 149.83333333333334  1 
5.533316040055011 -0.71271870749470168 127.66666666666669  1 4.0100017218416184 -0.73825413620759228 129.32986206441609  1.0000000000000075 2.5239427771690677 1.5317335614878789 130.9967442008041  0.99999999999998845 1.6358742240027035 0.43893902322413453 133.70356142738069  1.0000000000000071 1.4231323921825323 2.8303744192949654 138.84341879763991  0.99999999999999201 2.2564170575520941 1.1059460411403392 144.18634891580683  1.0000000000000053 3.8392876973197096 2.5034862753708342 146.78244787109978  0.99999999999999822 5.5233078976009988 0.39950594605039286 149.24780938738135  1.0000000000000013 8.6524133504921767 0.10420833958676509 149.83333333333334  1 
5.533884353206175 -0.76132554318781709 127.66666666666671  1 4.0100793509389234 -0.80278482300970122 129.32986206441609  1.0000000000000075 2.5137638023193745 1.4520606456114593 130.9967442008041  0.99999999999998845 1.6282647576260023 0.35464293877397801 133.70356142738069  1.0000000000000071 1.3974612130750097 2.7490345409443302 138.84341879763991  0.99999999999999201 2.245512887333116 1.0358624848729159 144.18634891580683  1.0000000000000053 3.8162660946507199 2.4495332897949949 146.78244787109978  0.99999999999999822 5.519450756014578 0.36470327309928019 149.24780938738135  1.0000000000000013 8.6514769161732321 0.098231766553812383 149.83333333333334  1 
5.534662610860055 -0.80262795228944528 127.66666666666671  1 4.0105081372464353 -0.85761542429305304 129.32986206441609  1.0000000000000075 2.505793532276384 1.3842877240946705 130.9967442008041  0.99999999999998845 1.6226545292679178 0.28292706151498814 133.70356142738069  1.0000000000000071 1.3762750307590885 2.6797040871806619 138.84341879763991  0.99999999999999201 2.2369334055408623 0.97619970455592386 144.18634891580683  1.0000000000000053 3.79691081382874 2.4035443471717706 146.78244787109978  0.99999999999999822 5.5165478241274242 0.33508014050810464 149.24780938738135  1.0000000000000013 8.6507229049514915 0.093146400629156398 149.83333333333334  1 
5.5354669602933662 -0.83846003684914838 127.66666666666671  1 4.011039105794584 -0.90518256925610519 129.32986206441609  1.0000000000000075 2.4991750884523025 1.3254589396117749 130.9967442008041  0.99999999999998845 1.6181601210338674 0.22067241729453921 133.70356142738069  1.0000000000000071 1.3581698526264649 2.6194624697179139 138.84341879763991  0.99999999999999201 2.2297895608723879 0.9243910156838353 144.18634891580683  1.0000000000000053 3.7802105174580389 2.3635833011504648 146.78244787109978  0.99999999999999822 5.5141926828131078 0.30935868593179838 149.24780938738135  1.0000000000000013 8.6500869553409743 0.088731556897941516 149.83333333333334  1 
5.5378877032811475 -0.91719519986515141 127.66666666666666  1 4.0130358138323592 -1.0096953525185102 129.32986206441635  1.0000000000000075 2.4860610952372078 1.19603520258093 130.99674420080382  0.99999999999998845 1.6101768959881324 0.083706166511069074 133.70356142738069  1.0000000000000071 1.3197592854034867 2.4866224620223329 138.84341879763991  0.99999999999999201 2.2156066525358491 0.81031825692811021 144.18634891580683  1.0000000000000053 3.7439894709905541 2.275452501348147 146.78244787109978  0.99999999999999822 5.5098353198688468 0.25273619858395791 149.24780938738135  1.0000000000000013 8.6487805566243416 0.079015848268917388 149.83333333333334  1 
5.5414238165916831 -0.99161873487224539 127.66666666666666  1 4.0165926345823078 -1.1084649811116098 129.32986206441635  1.0000000000000075 2.4761705510347944 1.0734157997479725 130.99674420080382  0.99999999999998845 1.606268703738714 -0.046034515572532062 133.70356142738069  1.0000000000000071 1.2860151283316712 2.3601773131435952 138.84341879763991  0.99999999999999201 2.2050949013543288 0.70208584176529421 144.18634891580683  1.0000000000000053 3.7107018820422599 2.1915192051328645 146.78244787109978  0.99999999999999822 5.5072487932575722 0.19903717867818602 149.24780938738135  1.0000000000000013 8.6477183470346191 0.06980497109206267 149.83333333333334  1 
5.5460712636414389 -1.0678892612767548 127.66666666666666  1 4.021833888646051 -1.2096737952393752 129.32986206441615  1.0000000000000075 2.4677424645923765 0.94753863855473242 130.99674420080424  0.99999999999998845 1.6053862957974261 -0.17914435186600594 133.70356142738021  1.0000000000000071 1.2534940836352253 2.2298699346207269 138.84341879764077  0.99999999999999201 2.1967756297953493 0.59087851757809329 144.18634891580581  1.0000000000000053 3.6774616952041113 2.1049452619792142 146.78244787110111  0.99999999999999822 5.5058435714474143 0.14388833006834578 149.24780938738076  1.0000000000000013 8.6467737759187902 0.060343744367163207 149.83333333333334  1 
5.5484763854727728 -1.1028675216724482 127.66666666666666  1 4.0246695435421271 -1.256085697475197 129.32986206441615  1.0000000000000075 2.4643303329010671 0.88975324538144573 130.99674420080424  0.99999999999998845 1.6058197344062675 -0.24022577901928227 133.70356142738021  1.0000000000000071 1.2391317015219749 2.169916002984686 138.84341879764077  0.99999999999999201 2.1936187045759832 0.53980285981645582 144.18634891580581  1.0000000000000053 3.6624566794260778 2.0650906036424725 146.78244787110111  0.99999999999999822 5.5055313493002611 0.1185666396527226 149.24780938738076  1.0000000000000013 8.6463792145292508 0.055998957927581028 149.83333333333334  1 
5.5525873460048913 -1.1572484280504325 127.66666666666666  1 4.0296748540879026 -1.3282400042411413 129.32986206441615  1.0000000000000075 2.4596538236866357 0.79984323380213262 130.99674420080424  0.99999999999998845 1.6076102420258775 -0.33523062206891979 133.70356142738021  1.0000000000000071 1.2176204930852361 2.0764543355647898 138.84341879764077  0.99999999999999201 2.1895711834714566 0.46029312455653931 144.18634891580581  1.0000000000000053 3.6395081532803708 2.002921918651047 146.78244787110111  0.99999999999999822 5.5054825569103256 0.079161177725980414 149.24780938738076  1.0000000000000013 8.6458186751498705 0.049236330186460307 149.83333333333334  1 
5.5560424255385978 -1.1986141760813911 127.66666666666666  1 4.0340108294169621 -1.3831232922110297 129.32986206441615  1.0000000000000075 2.4566516474509918 0.73138993600418944 130.99674420080424  0.99999999999998845 1.6099561481168079 -0.40753229028676285 133.70356142738021  1.0000000000000071 1.2019854886853907 2.0051403902778517 138.84341879764077  0.99999999999999201 2.1872551371348221 0.39972485318263251 144.18634891580581  1.0000000000000053 3.6223869530584869 1.955447617216366 146.78244787110111  0.99999999999999822 5.5058315647726275 0.049154781808482539 149.24780938738076  1.0000000000000013 8.645439029638581 0.044085389626687219 149.83333333333337  1 
5.56050937570601 -1.246647887291231 127.66666666666666  1 4.0397986858161286 -1.4468519823505315 129.32986206441609  1.0000000000000075 2.4539400289914033 0.65182274541661223 130.99674420080444  0.99999999999998845 1.6140325064920125 -0.49152014501822494 133.70356142738012  1.0000000000000071 1.1848927318097922 1.9220303991478154 138.84341879764091  0.99999999999999201 2.1856621524763549 0.3292943383817567 144.18634891580564  1.0000000000000053 3.6029434264157496 1.9000348746947737 146.78244787110154  0.99999999999999822 5.5068095313908483 0.014286338663979469 149.24780938738047  1.0000000000000013 8.6450636537117855 0.038094813501514668 149.8333333333334  1 
5.5641175213526202 -1.2833684376313257 127.66666666666666  1 4.044540673514593 -1.4955698383883946 129.32986206441635  1.0000000000000075 2.4522013280916939 0.59096227272175494 130.99674420080382  0.99999999999998845 1.6177203068549184 -0.55573739362963548 133.70356142738069  1.0000000000000071 1.1722863032236106 1.8583680014943609 138.84341879763991  0.99999999999999201 2.1849157184554393 0.27541360965331219 144.18634891580683  1.0000000000000053 3.5882613367557812 1.8575471359309892 146.78244787109978  0.99999999999999822 5.5078061712921729 -0.012377377681831451 149.24780938738135  1.0000000000000013 8.6448046023644665 0.033511230861014533 149.83333333333337  1 
5.5706833397814659 -1.3458730369280669 127.66666666666666  1 4.0532960792720765 -1.5784911602219325 129.32986206441635  1.0000000000000075 2.4500051986316214 0.48729187451283557 130.99674420080382  0.99999999999998845 1.6252289142791085 -0.66506017392890415 133.70356142738069  1.0000000000000071 1.1518725826029468 1.7497247663398807 138.84341879763991  0.99999999999999201 2.1846858200276893 0.1836249686957788 144.18634891580683  1.0000000000000053 3.5636652091772536 1.784937203657162 146.78244787109978  0.99999999999999822 5.5100607658694614 -0.057773061256511937 149.24780938738135  1.0000000000000013 8.6444251451136846 0.025700606057260291 149.83333333333337  1 
5.5790567441135863 -1.416678956491612 127.66666666666666  1 4.0646784834811047 -1.6724081514620845 129.32986206441615  1.0000000000000075 2.4493069440264308 0.36968086164648789 130.99674420080424  0.99999999999998845 1.6363665890762129 -0.7889057419708867 133.70356142738021  1.0000000000000071 1.1311854965642565 1.6260425656709803 138.84341879764077  0.99999999999999201 2.1867007875504969 0.079499949048658841 144.18634891580581  1.0000000000000053 3.5367897975008766 1.7020512173898117 146.78244787110111  0.99999999999999822 5.5138303419075996 -0.1092127250411945 149.24780938738076  1.0000000000000013 8.6441317058442415 0.016833874494706819 149.83333333333337  1 
5.5867597011226851 -1.4749017322666218 127.66666666666666  1 4.0752315851850032 -1.7496065020593103 129.32986206441635  1.0000000000000075 2.4505032150372945 0.27281011708343406 130.99674420080382  0.99999999999998845 1.6476601877644403 -0.89069116318795261 133.70356142738069  1.0000000000000071 1.1165667569860493 1.5238183118569502 138.84341879763991  0.99999999999999201 2.1903071691969083 -0.0062118855034643001 144.18634891580683  1.0000000000000053 3.5157782385210221 1.6333503286025395 146.78244787109978  0.99999999999999822 5.5179633885307311 -0.15151246109136318 149.24780938738135  1.0000000000000013 8.6440098306194582 0.0095271899786020207 149.83333333333337  1 
5.5924243131354281 -1.5159186051610862 127.66666666666666  1 4.082998504785964 -1.8039811278190419 129.32986206441564  1.0000000000000075 2.4518922649781154 0.20451814644247021 130.9967442008051  0.99999999999998845 1.6562106764510685 -0.9623739741770051 133.70356142737992  1.0000000000000071 1.107002961643984 1.4516533008538568 138.84341879764074  0.99999999999999201 2.1934076940764919 -0.066615239987743255 144.18634891580621  1.0000000000000053 3.5013264774955362 1.5847948452454541 146.78244787110049  0.99999999999999822 5.5211705714495514 -0.18131056383493549 149.24780938738104  1.0000000000000013 8.6439586701725535 0.0043753162854010003 149.83333333333337  1 
5.5966331399652232 -1.5451875550813665 127.66666666666666  1 4.0887730102468822 -1.8427747399748351 129.32986206441564  1.0000000000000075 2.4532661999268841 0.15575262658583 130.9967442008051  0.99999999999998845 1.6627291780550355 -1.0135089529388863 133.70356142737992  1.0000000000000071 1.100689209402486 1.4000540335520211 138.84341879764074  0.99999999999999201 2.1960167835145676 -0.10973276098133145 144.18634891580621  1.0000000000000053 3.4912592804951181 1.5500373659318787 146.78244787110049  0.99999999999999822 5.5236668520455012 -0.20257306440546391 149.24780938738104  1.0000000000000013 8.6439464493857958 0.00069592590461834997 149.83333333333334  1 
5.6061996257784266 -1.6087497340284362 127.66666666666666  1 4.1019141184960857 -1.9270019081736276 129.32986206441595  1.0000000000000075 2.4571979636103016 0.049769138899810432 130.99674420080461  0.99999999999998845 1.6779736158974388 -1.1245077874822549 133.70356142738001  1.0000000000000071 1.0882266442531272 1.2877526080931443 138.84341879764074  0.99999999999999201 2.2027638902512754 -0.20340746922474046 144.18634891580621  1.0000000000000053 3.4700203422594278 1.4742877800568914 146.78244787110049  0.99999999999999822 5.5296306931229946 -0.24874525006757317 149.24780938738104  1.0000000000000013 8.6439819280046084 -0.0073021818697416299 149.83333333333334  1 
5.6144051289370545 -1.6593132341819783 127.66666666666666  1 4.1132072459384261 -1.9939763965189372 129.32986206441595  1.0000000000000075 2.4616426995802336 -0.034653023980795172 130.99674420080461  0.99999999999998845 1.6916195485582635 -1.2127335685467771 133.70356142738001  1.0000000000000071 1.0800570104731304 1.1980808176267275 138.84341879764074  0.99999999999999201 2.2096172723258527 -0.277970981226842 144.18634891580621  1.0000000000000053 3.4540546874572264 1.4136525046183417 146.78244787110049  0.99999999999999822 5.5351176302881857 -0.28546821765920605 149.24780938738104  1.0000000000000013 8.6440966973088411 -0.01367532832332745 149.83333333333334  1 
5.6225763206797108 -1.7063468028602096 127.66666666666666  1 4.1244715389632205 -2.0562454033745388 129.32986206441595  1.0000000000000075 2.4669397578804437 -0.11327912036502186 130.99674420080461  0.99999999999998845 1.7056774258620309 -1.2947091806877231 133.70356142738001  1.0000000000000071 1.0740488645597932 1.1143928218053938 138.84341879764074  0.99999999999999201 2.2172047894065465 -0.34733142223783914 144.18634891580621  1.0000000000000053 3.4404017125696238 1.3568876433253028 146.78244787110049  0.99999999999999822 5.5407259289528845 -0.31959336492584017 149.24780938738104  1.0000000000000013 8.6442814461750199 -0.019612692492470739 149.83333333333334  1 
5.6296250811770232 -1.7463458269244108 127.66666666666666  1 4.1341912710709749 -2.1091956628450657 129.32986206441595  1.0000000000000075 2.4716601663728861 -0.18016316119722728 130.99674420080461  0.99999999999998845 1.717884048089082 -1.3644069694979888 133.70356142738001  1.0000000000000071 1.0692350533721784 1.0431714112529367 138.84341879764074  0.99999999999999201 2.22387793193275 -0.4063175245016678 144.18634891580621  1.0000000000000053 3.4290225359665527 1.3085451543430526 146.78244787110049  0.99999999999999822 5.5455841487043651 -0.34860756423592176 149.24780938738104  1.0000000000000013 8.6444529924894002 -0.02466371630345613 149.83333333333334  1 
5.6427187954530869 -1.8169695780838033 127.66666666666666  1 4.1522632056054904 -2.2026508109741223 129.32986206441595  1.0000000000000075 2.4813956224409379 -0.298368156664229 130.99674420080461  0.99999999999998845 1.7410680450583158 -1.4873550144335239 133.70356142738001  1.0000000000000071 1.0626553544458226 0.91709971246873712 138.84341879764074  0.99999999999999201 2.2370914102417943 -0.51046034069998603 144.18634891580621  1.0000000000000053 3.4104332356250122 1.2227545068360117 146.78244787110049  0.99999999999999822 5.5547390109131518 -0.39978984011020885 149.24780938738104  1.0000000000000013 8.644849664639727 -0.033592835154031928 149.83333333333334  1 
5.6592202085989065 -1.8980869696330365 127.66666666666666  1 4.1750668379408431 -2.309916260799409 129.32986206441564  1.0000000000000075 2.4957133023139857 -0.43434431596599543 130.9967442008051  0.99999999999998845 1.7713358349798789 -1.6282964836310148 133.70356142737992  1.0000000000000071 1.0593716447532313 0.77167291260904158 138.84341879764074  0.99999999999999201 2.2554577908294817 -0.63002902203087285 144.18634891580621  1.0000000000000053 3.3923806183395655 1.1233128280942726 146.78244787110049  0.99999999999999822 5.5665585644997098 -0.45846422546448701 149.24780938738104  1.0000000000000013 8.6455162141347177 -0.043872026166239163 149.83333333333334  1 
5.6704777561723887 -1.9498913312306918 127.66666666666666  1 4.1906324056721518 -2.3783852741198985 129.32986206441564  1.0000000000000075 2.5063852214697082 -0.5212595832033966 130.9967442008051  0.99999999999998845 1.7924319126984523 -1.7181598714090605 133.70356142737992  1.0000000000000071 1.0593437870746762 0.67854972007578696 138.84341879764074  0.99999999999999201 2.2687337285024762 -0.70634506909641681 144.18634891580621  1.0000000000000053 3.3824222891770246 1.0594063884389913 146.78244787110049  0.99999999999999822 5.5747503576514896 -0.49587539011939574 149.24780938738104  1.0000000000000013 8.646045082964962 -0.05044748407671662 149.83333333333334  1 
5.6750987528640895 -1.97073718109226 127.66666666666666  1 4.1970225309163895 -2.4059324601656003 129.32986206441564  1.0000000000000075 2.5108723052273492 -0.55624292764321948 130.9967442008051  0.99999999999998845 1.8011430741638301 -1.754300573410789 133.70356142737992  1.0000000000000071 1.0595929669341098 0.64104721398829612 138.84341879764074  0.99999999999999201 2.2742703764771481 -0.73704660059663518 144.18634891580621  1.0000000000000053 3.3786113552621475 1.0336416118603147 146.78244787110049  0.99999999999999822 5.578128182459305 -0.51092134028135028 149.24780938738104  1.0000000000000013 8.6462709270491658 -0.053094754513317209 149.83333333333334  1 
5.6788135555857835 -1.9873623183549793 127.66666666666666  1 4.2021597761932572 -2.4279006592002617 129.32986206441564  1.0000000000000075 2.5145131966329561 -0.58414600482012013 130.9967442008051  0.99999999999998845 1.8081622894131286 -1.7831172904668884 133.70356142737992  1.0000000000000071 1.0598758673057718 0.61112822513884912 138.84341879764074  0.99999999999999201 2.2787488648963601 -0.76152936167346907 144.18634891580621  1.0000000000000053 3.375635430426621 1.0130776553247727 146.78244787110049  0.99999999999999822 5.5808484457126069 -0.52291825209529319 149.24780938738104  1.0000000000000013 8.6464552571272879 -0.05520645621599115 149.83333333333334  1 
5.691111953524123 -2.0413727647951703 127.66666666666666  1 4.2191697729228927 -2.4992576833767273 129.32986206441635  1.0000000000000075 2.5268271142889045 -0.67481822492921895 130.99674420080382  0.99999999999998845 1.8315265597797841 -1.8766827429087019 133.70356142738069  1.0000000000000071 1.0614515644503417 0.51385475585515616 138.84341879763991  0.99999999999999201 2.2937887858145349 -0.84104523145613974 144.18634891580683  1.0000000000000053 3.3664608923380257 0.94614839765702807 146.78244787109978  0.99999999999999822 5.5898919931432518 -0.56187175098991227 149.24780938738135  1.0000000000000013 8.6470870137607303 -0.062070132489816153 149.83333333333334  1 
5.7031541384324136 -2.0912601573659928 127.66666666666666  1 4.2358355101130813 -2.5651317797108448 129.32986206441635  1.0000000000000075 2.5396330189267564 -0.75863669258140254 130.99674420080382  0.99999999999998845 1.854768712671987 -1.9629445598434501 133.70356142738069  1.0000000000000071 1.0648455704905406 0.42379368437788967 138.84341879763991  0.99999999999999201 2.3091360943524202 -0.91442240258265906 144.18634891580683  1.0000000000000053 3.3594337581117513 0.88397843032774914 146.78244787109978  0.99999999999999822 5.5988595609562122 -0.59778883285899498 149.24780938738135  1.0000000000000013 8.6477681605447057 -0.068419636923941304 149.83333333333334  1 
5.7200542831218328 -2.158156279972677 127.66666666666666  1 4.2592479832044612 -2.6534201106333675 129.32986206441635  1.0000000000000075 2.5583447671275596 -0.87110739295258588 130.99674420080382  0.99999999999998845 1.8877555282541512 -2.0784124352764985 133.70356142738069  1.0000000000000071 1.0714910750344679 0.30283126029105212 138.84341879763991  0.99999999999999201 2.3313210839940273 -1.012727177230329 144.18634891580683  1.0000000000000053 3.3515272426801497 0.80029177855894362 146.78244787109978  0.99999999999999822 5.6115810376945481 -0.6458904690334285 149.24780938738135  1.0000000000000013 8.6487888285506376 -0.076944175337562523 149.83333333333334  1 
5.7337587236212668 -2.2107152271451889 127.66666666666666  1 4.2782462758160413 -2.7227608595988673 129.32986206441595  1.0000000000000075 2.5739182848427369 -0.95951588896747197 130.99674420080473  0.99999999999998845 1.9147040739500796 -2.1690170104160864 133.70356142737998  1.0000000000000071 1.0778987264193927 0.20768311331158529 138.84341879764074  0.99999999999999201 2.3496607967175489 -1.0899119739334315 144.18634891580621  1.0000000000000053 3.3461743459366211 0.73435977296548938 146.78244787110049  0.99999999999999822 5.6219706942378673 -0.68364821370105511 149.24780938738104  1.0000000000000013 8.6496515467699133 -0.083647516860994031 149.83333333333334  1 
5.7531873062915651 -2.2812101783267136 127.66666666666666  1 4.3052054197218936 -2.8157054601967944 129.32986206441595  1.0000000000000075 2.5969600471069523 -1.0781733585496198 130.99674420080476  0.99999999999998845 1.9533281332604056 -2.2902511456760233 133.70356142737987  1.0000000000000071 1.0894086038679966 0.079845536156227442 138.84341879764116  0.99999999999999201 2.3764594520818818 -1.1932955196673132 144.18634891580567  1.0000000000000053 3.3410977353711857 0.64551846628820853 146.78244787110111  0.99999999999999822 5.6368667891518456 -0.73420074325529405 149.24780938738076  1.0000000000000013 8.6509577666295403 -0.092652058277413005 149.83333333333334  1 
5.7713163086410546 -2.3440948114987243 127.66666666666666  1 4.3303656310665035 -2.8985742465168114 129.32986206441595  1.0000000000000075 2.6191706296207689 -1.1840641309734732 130.99674420080476  0.99999999999998845 1.9896322065678118 -2.3981740139656655 133.70356142737987  1.0000000000000071 1.1018988393157014 -0.034324039277352128 138.84341879764116  0.99999999999999201 2.4020176566593769 -1.2854009375521178 144.18634891580567  1.0000000000000053 3.3381665407040257 0.56597957952715539 146.78244787110111  0.99999999999999822 5.6508807123548834 -0.77922387335980825 149.24780938738076  1.0000000000000013 8.652236352634727 -0.10069453724156574 149.83333333333334  1 
5.7852749880670347 -2.3906531341661772 127.66666666666666  1 4.349733443397831 -2.9599017883007814 129.32986206441589  1.0000000000000075 2.6367367439817597 -1.2624829747193864 130.99674420080481  0.99999999999998845 2.0177338878233368 -2.4779259916899954 133.70356142737987  1.0000000000000071 1.1126418679914001 -0.11892346614821674 138.84341879764105  0.99999999999999201 2.4220389655168653 -1.3535095109164774 144.18634891580592  1.0000000000000053 3.3370677682329726 0.50690940019109676 146.78244787110069  0.99999999999999822 5.6617413142154467 -0.81250785309065454 149.24780938738104  1.0000000000000013 8.6532589889639624 -0.10665553852250653 149.83333333333334  1 
5.7952381738990244 -2.4229961082011306 127.66666666666666  1 4.3635535014641746 -3.0024912552737955 129.32986206441595  1.0000000000000075 2.6494952222980932 -1.3169665930967416 130.99674420080476  0.99999999999998845 2.0378592670761515 -2.533248631021646 133.70356142737987  1.0000000000000071 1.120834771551168 -0.17772491184243919 138.84341879764116  0.99999999999999201 2.4364953222185877 -1.4007744326113618 144.18634891580567  1.0000000000000053 3.3368285495747392 0.46578776007710582 146.78244787110111  0.99999999999999822 5.669527539565375 -0.83560264990654831 149.24780938738076  1.0000000000000013 8.6540070260674042 -0.11079964916919835 149.83333333333334  1 
5.8030512129869152 -2.4480460001736115 127.66666666666666  1 4.3743893218113401 -3.0354723308857312 129.32986206441595  1.0000000000000075 2.6595780486757699 -1.3591670494544426 130.99674420080476  0.99999999999998845 2.0536642990326475 -2.5760673803107244 133.70356142737987  1.0000000000000071 1.1274436088102366 -0.22327794649188365 138.84341879764116  0.99999999999999201 2.4478890207639208 -1.4373636852613245 144.18634891580567  1.0000000000000053 3.336833566693258 0.43390841448108564 146.78244787110111  0.99999999999999822 5.675645036976344 -0.85348003279542328 149.24780938738076  1.0000000000000013 8.6545999986456668 -0.11401041922023107 149.83333333333334  1 
5.8154268379403513 -2.4870694770096966 127.66666666666666  1 4.3915494286337315 -3.0868407435232168 129.32986206441595  1.0000000000000075 2.6757102577482788 -1.4249136607683248 130.99674420080476  0.99999999999998845 2.0787460883986748 -2.6427093924908802 133.70356142737987  1.0000000000000071 1.1382950346587994 -0.29426388419652916 138.84341879764116  0.99999999999999201 2.4660542279932689 -1.4943254053099952 144.18634891580567  1.0000000000000053 3.3372448259006999 0.38418316212519121 146.78244787110111  0.99999999999999822 5.6853586368143079 -0.88130933155068747 149.24780938738076  1.0000000000000013 8.6555525446243724 -0.11901461165943965 149.83333333333334  1 
5.8292236711538754 -2.5291896678909085 127.66666666666666  1 4.4106733924030852 -3.1422612113464998 129.32986206441595  1.0000000000000075 2.6940296659859744 -1.4958907209971433 130.99674420080476  0.99999999999998845 2.1068034210965942 -2.7145017451229809 133.70356142737987  1.0000000000000071 1.1511950246602731 -0.37092529951861042 138.84341879764116  0.99999999999999201 2.4865455208059624 -1.5557234093655103 144.18634891580567  1.0000000000000053 3.3385626803815844 0.33038646313250786 146.78244787110111  0.99999999999999822 5.6962304977358853 -0.91130375851071754 149.24780938738076  1.0000000000000013 8.6566424782974494 -0.12442087669460275 149.83333333333334  1 
5.85370298662958 -2.6018715499925049 127.66666666666666  1 4.4445973033268134 -3.2378530313011487 129.32986206441524  1.0000000000000075 2.7270117633205797 -1.6183916504604143 130.99674420080638  0.99999999999998845 2.1567149364039713 -2.8381640240358994 133.70356142737859  1.0000000000000071 1.1752509118334651 -0.5032629472222554 138.84341879764287  0.99999999999999201 2.5232337852911675 -1.6615376699374194 144.1863489158045  1.0000000000000053 3.3421917571629698 0.23738801619353342 146.78244787110214  0.99999999999999822 5.7155642635860877 -0.96299861054911584 149.24780938738047  1.0000000000000013 8.6586175257134048 -0.13375719915763956 149.83333333333334  1 
5.8778549363530654 -2.6703348811397309 127.66666666666666  1 4.4780583758521848 -3.3278278200108078 129.32986206441595  1.0000000000000075 2.760298749455762 -1.7338246596030902 130.99674420080481  0.99999999999998845 2.2061602853368805 -2.9542816575039539 133.70356142737973  1.0000000000000071 1.2008173591216136 -0.62799795686741877 138.84341879764148  0.99999999999999201 2.5599487025394478 -1.7609880857944342 144.18634891580541  1.0000000000000053 3.3478024719183828 0.14952008855684892 146.78244787110128  0.99999999999999822 5.7347080027216863 -1.0115886884510972 149.24780938738076  1.0000000000000013 8.6606312474986407 -0.14256347726040305 149.83333333333337  1 
5.9019217659173657 -2.7350107849732597 127.66666666666666  1 4.5113843447502102 -3.4127565505198074 129.32986206441549  1.0000000000000075 2.7942682360702671 -1.842872990796786 130.99674420080589  0.99999999999998845 2.255573748230967 -3.0635730282599436 133.7035614273789  1.0000000000000071 1.2282346672463 -0.74583903725634026 138.84341879764253  0.99999999999999201 2.5970368856061361 -1.85467360581466 144.1863489158045  1.0000000000000053 3.3555461127593995 0.06626069162116055 146.78244787110242  0.99999999999999822 5.7538460647494372 -1.0573667698165139 149.24780938738016  1.0000000000000013 8.6627080460626864 -0.15089531237589754 149.83333333333337  1 
5.9173188728718058 -2.7755969952005688 127.66666666666666  1 4.5326990035733505 -3.4660373543282095 129.32986206441572  1.0000000000000075 2.8161789842981393 -1.9112996922640124 130.9967442008049  0.99999999999998845 2.2872107552426142 -3.1320639042276661 133.70356142738001  1.0000000000000071 1.2462027653582735 -0.81978156714168127 138.84341879764074  0.99999999999999201 2.6208706224571725 -1.9134015081015652 144.18634891580621  1.0000000000000053 3.3609743623347743 0.013958503119322341 146.78244787110049  0.99999999999999822 5.7661024217120538 -1.0860643822042808 149.24780938738104  1.0000000000000013 8.664052276000076 -0.15612672184360873 149.83333333333337  1 
5.9319007474639687 -2.8132820434700996 127.66666666666666  1 4.5528787121004779 -3.5154956790414267 129.32986206441538  1.0000000000000075 2.8370990823218429 -1.9748294094620311 130.99674420080572  0.99999999999998845 2.317193537025088 -3.1955692760420726 133.70356142737947  1.0000000000000071 1.2636245355615683 -0.88843018048595224 138.84341879764133  0.99999999999999201 2.6435416873042521 -1.967870391354436 144.18634891580581  1.0000000000000053 3.3665644519122306 -0.034656310963755807 146.78244787110069  0.99999999999999822 5.7777214142979689 -1.1126818358448591 149.24780938738104  1.0000000000000013 8.6653400995294607 -0.16098698922292803 149.83333333333337  1 
5.9469278649181296 -2.8510448487105453 127.66666666666666  1 4.5736631812296782 -3.5650361298710105 129.32986206441538  1.0000000000000075 2.858896385737824 -2.0384798867137364 130.99674420080572  0.99999999999998845 2.3481138034719611 -3.2590717337430841 133.70356142737947  1.0000000000000071 1.2821408283015594 -0.95720848497583932 138.84341879764133  0.99999999999999201 2.6670421691458008 -2.0223538636905456 144.18634891580581  1.0000000000000053 3.3729534208598428 -0.083444624693971292 146.78244787110069  0.99999999999999822 5.7897110808140173 -1.1393096358616828 149.24780938738104  1.0000000000000013 8.6666881050853064 -0.16586126045083693 149.83333333333337  1 
5.964909701786473 -2.8954996373754294 127.66666666666666  1 4.5985251786731176 -3.623342162668981 129.32986206441544  1.0000000000000075 2.8851412022822078 -2.1134006572382602 130.99674420080558  0.99999999999998845 2.3851238527981913 -3.3337326157642586 133.7035614273795  1.0000000000000071 1.3046754683619299 -1.038163876714544 138.8434187976415  0.99999999999999201 2.6952517826501947 -2.0864241350946817 144.18634891580538  1.0000000000000053 3.3810239030365858 -0.14092383887167603 146.78244787110154  0.99999999999999822 5.8040676872014085 -1.1706253268845312 149.24780938738047  1.0000000000000013 8.6683153046676811 -0.17160203969150523 149.83333333333337  1 
5.9803199408410048 -2.9326652278641605 127.66666666666669  1 4.6198192877779194 -3.6720705574451791 129.32986206441564  1.0000000000000075 2.9078375379872803 -2.176023905798441 130.9967442008051  0.99999999999998845 2.4168517180425422 -3.3960285494648721 133.70356142737992  1.0000000000000071 1.3244643628611823 -1.1058294054252968 138.84341879764074  0.99999999999999201 2.7195369621054724 -2.139901037305771 144.18634891580621  1.0000000000000053 3.3884793676363354 -0.1890332186501372 146.78244787110049  0.99999999999999822 5.8163820921616374 -1.1967672435834897 149.24780938738104  1.0000000000000013 8.6697277196817648 -0.1764050159656409 149.83333333333337  1 
5.9973076377201524 -2.9725604856214036 127.66666666666669  1 4.6432789644873624 -3.7243541344770787 129.32986206441564  1.0000000000000075 2.9330815640251053 -2.243236325580853 130.9967442008051  0.99999999999998845 2.4518292138025193 -3.4627497801438429 133.70356142737992  1.0000000000000071 1.3468098744647137 -1.1784408296438669 138.84341879764074  0.99999999999999201 2.7464212601138245 -2.1972025572595766 144.18634891580621  1.0000000000000053 3.3973113863949056 -0.24072215388403206 146.78244787110049  0.99999999999999822 5.8299634075518192 -1.224788061906829 149.24780938738104  1.0000000000000013 8.6713051002153652 -0.18156474276832535 149.83333333333334  1 
6.0276740582171735 -3.0430048913367109 127.66666666666669  1 4.6852029547596565 -3.816652396211937 129.32986206441583  1.0000000000000075 2.9783853515217853 -2.3619084487334239 130.99674420080481  0.99999999999998845 2.5143524111290434 -3.5804354349193366 133.70356142737992  1.0000000000000071 1.3871786620426516 -1.3066327684688184 138.84341879764074  0.99999999999999201 2.7945673467343948 -2.2982950617780391 144.18634891580621  1.0000000000000053 3.4135918766853441 -0.33202861349660884 146.78244787110049  0.99999999999999822 5.8542451548989405 -1.2742307715229737 149.24780938738104  1.0000000000000013 8.6741411920668554 -0.1906787282489068 149.83333333333337  1 
6.0580383705886893 -3.1099787748973782 127.66666666666666  1 4.727080326466151 -3.9043174295663228 129.32986206441583  1.0000000000000075 3.0243857914826906 -2.4747115357398664 130.99674420080481  0.99999999999998845 2.5768587751742391 -3.6918086474050278 133.70356142737992  1.0000000000000071 1.4292169479482291 -1.4284243079347436 138.84341879764074  0.99999999999999201 2.8430541730246057 -2.3940537192632223 144.18634891580621  1.0000000000000053 3.4318173308777755 -0.41898526118635393 146.78244787110049  0.99999999999999822 5.878540299494321 -1.3210967224634995 149.24780938738104  1.0000000000000013 8.6770423222898607 -0.19935681388658941 149.83333333333334  1 
6.0892562266100025 -3.1756869218774129 127.66666666666666  1 4.770092300032216 -3.9902592839447291 129.32986206441583  1.0000000000000075 3.0722762519967501 -2.585307156215801 130.99674420080481  0.99999999999998845 2.6410149094228643 -3.8006335501874098 133.70356142737992  1.0000000000000071 1.4738520118994285 -1.5477498396792733 138.84341879764074  0.99999999999999201 2.8931324279683537 -2.4876751543035636 144.18634891580621  1.0000000000000053 3.4522277018014247 -0.50439384037016832 146.78244787110049  0.99999999999999822 5.9035113413332736 -1.3669410959781552 149.24780938738104  1.0000000000000013 8.6800828230342741 -0.20788264330581527 149.83333333333334  1 
6.0995104322201943 -3.1970819062982976 127.66666666666666  1 4.7842178533558624 -4.0182384569132683 129.32986206441583  1.0000000000000075 3.0880425712244337 -2.62131273563875 130.99674420080481  0.99999999999998845 2.6620815130326783 -3.8360400697973369 133.70356142737992  1.0000000000000071 1.4885975522394788 -1.5865922631061784 138.84341879764074  0.99999999999999201 2.909594993264454 -2.5181384065757237 144.18634891580621  1.0000000000000053 3.4590315338955899 -0.53220915027170301 146.78244787110049  0.99999999999999822 5.9117131139452397 -1.3818597898325595 149.24780938738104  1.0000000000000013 8.6810849952779225 -0.21065943952324492 149.83333333333334  1 
6.1154732874374673 -3.2299496256971425 127.66666666666666  1 4.806200589700369 -4.0612117104087844 129.32986206441595  1.0000000000000075 3.1126684444192545 -2.6766137296537957 130.99674420080473  0.99999999999998845 2.694858625190756 -3.8903679456513385 133.70356142737998  1.0000000000000071 1.511745348949306 -1.6462388402878696 138.84341879764074  0.99999999999999201 2.9352522030669395 -2.5648878608665648 144.18634891580621  1.0000000000000053 3.4698527585733174 -0.57495372851032123 146.78244787110049  0.99999999999999822 5.9244794360065418 -1.4047580241298256 149.24780938738104  1.0000000000000013 8.6826530933605994 -0.21492695609713972 149.83333333333334  1 
6.1350985608306665 -3.269551370008644 127.66666666666666  1 4.8332133903004504 -4.1129724228177524 129.32986206441595  1.0000000000000075 3.1430940329255379 -2.743221975796839 130.99674420080473  0.99999999999998845 2.7351195822612642 -3.9557050871862454 133.70356142737998  1.0000000000000071 1.5405528261003991 -1.7180620304386238 138.84341879764074  0.99999999999999201 2.9668477969826417 -2.6211201937894035 144.18634891580621  1.0000000000000053 3.4835738543359027 -0.62648227840029846 146.78244787110049  0.99999999999999822 5.9401713773867062 -1.4323085923096079 149.24780938738104  1.0000000000000013 8.6845955967317447 -0.22007196610982568 149.83333333333334  1 
6.1562180363504204 -3.3112134071868122 127.66666666666666  1 4.8622644654349703 -4.1674067124185168 129.32986206441635  1.0000000000000075 3.1760105001484042 -2.8132653279586939 130.99674420080382  0.99999999999998845 2.7783947039795578 -4.0242955721210487 133.70356142738069  1.0000000000000071 1.5719547404100358 -1.7935672738129838 138.84341879763991  0.99999999999999201 3.000901559600659 -2.6801658532715953 144.18634891580683  1.0000000000000053 3.4988255396519969 -0.68071545361203156 146.78244787109978  0.99999999999999822 5.9570516580025501 -1.461246519663663 149.24780938738135  1.0000000000000013 8.6867031022354926 -0.22548839846970056 149.83333333333334  1 
6.1807739844797283 -3.3587044386505256 127.66666666666666  1 4.8960222201437844 -4.2294384652949306 129.32986206441635  1.0000000000000075 3.2144541463901595 -2.8930755522883267 130.99674420080382  0.99999999999998845 2.8286533035397401 -4.102335146131316 133.70356142738069  1.0000000000000071 1.60885546905979 -1.8795794114118951 138.84341879763991  0.99999999999999201 3.0405409357867978 -2.7473615125007811 144.18634891580683  1.0000000000000053 3.5170368571980801 -0.74255176377205623 146.78244787109978  0.99999999999999822 5.9766689193689855 -1.4941899066753577 149.24780938738135  1.0000000000000013 8.6891703745775395 -0.23166642151549066 149.83333333333334  1 
6.2038169749496532 -3.402133749930095 127.66666666666666  1 4.9276750816632777 -4.2861405070784855 129.32986206441635  1.0000000000000075 3.2507273935816752 -2.9660240498271029 130.99674420080382  0.99999999999998845 2.8757391612702028 -4.173519519784695 133.70356142738069  1.0000000000000071 1.6439361733241384 -1.958165380383065 138.84341879763991  0.99999999999999201 3.0777831559575568 -2.8086771310975052 144.18634891580683  1.0000000000000053 3.5346910069205459 -0.79910888489188081 146.78244787109978  0.99999999999999822 5.9950623414747639 -1.5242666392922444 149.24780938738135  1.0000000000000013 8.6915055680639632 -0.23732060613654182 149.83333333333334  1 
6.2449353864407211 -3.4778205306863996 127.66666666666664  1 4.9841157562255791 -4.3849129304167338 129.32986206441635  1.0000000000000075 3.3157512521854722 -3.0931108580470132 130.99674420080382  0.99999999999998845 2.9596202224896833 -4.2972765424832087 133.70356142738069  1.0000000000000071 1.7072222834636486 -2.0950115040190709 138.84341879763991  0.99999999999999201 3.1442910793714867 -2.9153162408846187 144.18634891580683  1.0000000000000053 3.5670646881103383 -0.89769086987260871 146.78244787109978  0.99999999999999822 6.0278540114697572 -1.5766015960171718 149.24780938738135  1.0000000000000013 8.6957037423252963 -0.24718175830215666 149.83333333333334  1 
6.2808952102908844 -3.5413771230827895 127.66666666666666  1 5.033413608014496 -4.4677894411936245 129.32986206441635  1.0000000000000075 3.3730394910759198 -3.1997566715822878 130.99674420080382  0.99999999999998845 3.0327601710521686 -4.4007625969030766 133.70356142738069  1.0000000000000071 1.7635476405789217 -2.2097529853421092 138.84341879763991  0.99999999999999201 3.2025172660342296 -3.0045424864126802 144.18634891580683  1.0000000000000053 3.5966270652122718 -0.98049450167093066 146.78244787109978  0.99999999999999822 6.0564841555616979 -1.6204280252849501 149.24780938738135  1.0000000000000013 8.6994202961213709 -0.25547322985613352 149.83333333333334  1 
6.3154448683814923 -3.60002726564433 127.66666666666669  1 5.08072341962938 -4.5442167800566216 129.32986206441564  1.0000000000000075 3.4284262146733546 -3.2980736381679741 130.9967442008051  0.99999999999998845 3.1027799157789433 -4.4958912887227473 133.70356142737992  1.0000000000000071 1.818472994873461 -2.3154376314624225 138.84341879764074  0.99999999999999201 3.2584637001647914 -3.0865952059815402 144.18634891580621  1.0000000000000053 3.6261008000250605 -1.0569121028262596 146.78244787110049  0.99999999999999822 6.083933605945262 -1.660759084677542 149.24780938738104  1.0000000000000013 8.7030312761305062 -0.26313461133207949 149.83333333333334  1 
6.3247016713005761 -3.6155677913734903 127.66666666666666  1 5.0933951075874084 -4.5644638818419052 129.32986206441564  1.0000000000000075 3.4432899611439303 -3.3241176424090919 130.9967442008051  0.99999999999998845 3.1215211514071144 -4.5210700891128965 133.70356142737992  1.0000000000000071 1.8332457031929121 -2.3434267671803166 138.84341879764074  0.99999999999999201 3.273452660038882 -3.1083148576059512 144.18634891580621  1.0000000000000053 3.6340733415098856 -1.0771613878092201 146.78244787110049  0.99999999999999822 6.0912836651353164 -1.6714370520633204 149.24780938738104  1.0000000000000013 8.704001624980684 -0.26516539079340784 149.83333333333334  1 
6.3379323803223464 -3.6376835249323647 127.66666666666666  1 5.1115044475557321 -4.5932754344197892 129.32986206441558  1.0000000000000075 3.4645479102299221 -3.3611769366683482 130.99674420080524  0.99999999999998845 3.1482971137040576 -4.5568866998998701 133.70356142737981  1.0000000000000071 1.8543913355468289 -2.3832504207171454 138.84341879764102  0.99999999999999201 3.2948757007369824 -3.1392117014704097 144.18634891580578  1.0000000000000053 3.645510134699137 -1.1059788036141058 146.78244787110134  0.99999999999999822 6.1017865579049309 -1.6866280271356868 149.24780938738047  1.0000000000000013 8.705390126899573 -0.26805581056789396 149.83333333333334  1 
6.3609837109777381 -3.6757308670538 127.66666666666666  1 5.1430442556067719 -4.6428314556343473 129.32986206441558  1.0000000000000075 3.5016513505014997 -3.4249128691142583 130.99674420080524  0.99999999999998845 3.1948932792638347 -4.6184271610616303 133.70356142737981  1.0000000000000071 1.8913884078440639 -2.4517232552799517 138.84341879764102  0.99999999999999201 3.3321969208618576 -3.1923030892457822 144.18634891580578  1.0000000000000053 3.6656452659950478 -1.1555588867932753 146.78244787110134  0.99999999999999822 6.1200726304554678 -1.7127376778533792 149.24780938738047  1.0000000000000013 8.7078172279975821 -0.2730305153078505 149.83333333333334  1 
6.384965047530657 -3.7142317144239496 127.66666666666666  1 5.1758283109727277 -4.6929564047494345 129.32986206441564  1.0000000000000075 3.5403958021640491 -3.4893615950295165 130.9967442008051  0.99999999999998845 3.243237805456332 -4.6805297513576818 133.70356142737992  1.0000000000000071 1.9302116802108824 -2.5209263420774852 138.84341879764074  0.99999999999999201 3.3710072554041957 -3.2458914638030989 144.18634891580621  1.0000000000000053 3.6870472515838268 -1.2057305707530868 146.78244787110049  0.99999999999999822 6.1390657396606141 -1.7391053412290458 149.24780938738104  1.0000000000000013 8.7103597725642334 -0.27806926074771532 149.83333333333334  1 
6.4164892348233771 -3.7640075093629473 127.66666666666666  1 5.2188992658609425 -4.7577455491824008 129.32986206441564  1.0000000000000075 3.591433009992266 -3.5726448892551983 130.9967442008051  0.99999999999998845 3.3066766598335389 -4.7606872989696907 133.70356142737992  1.0000000000000071 1.981488535715682 -2.6103287201190928 138.84341879764074  0.99999999999999201 3.4220022158516539 -3.3150724738391291 144.18634891580621  1.0000000000000053 3.7155188153169734 -1.2705852818705681 146.78244787110049  0.99999999999999822 6.1640060292459022 -1.7731585941060628 149.24780938738104  1.0000000000000013 8.7137152556143072 -0.28458735559966364 149.83333333333334  1 
6.4492085930119991 -3.8145751692183478 127.66666666666666  1 5.2635706432974594 -4.8235453940433235 129.32986206441538  1.0000000000000075 3.64454419415505 -3.6572015176780068 130.99674420080572  0.99999999999998845 3.3723735623018287 -4.8419444061122432 133.70356142737947  1.0000000000000071 2.0350262251506352 -2.7010645917857734 138.84341879764133  0.99999999999999201 3.4749003271740175 -3.3852202645041016 144.18634891580581  1.0000000000000053 3.7455121566333491 -1.3364579366472649 146.78244787110069  0.99999999999999822 6.1898565463615158 -1.8077058611800743 149.24780938738104  1.0000000000000013 8.7172152901545132 -0.29121415490324842 149.83333333333334  1 
6.4999883732250474 -3.8902482254445059 127.66666666666669  1 5.3328090010225928 -4.921950677848562 129.32986206441589  1.0000000000000075 3.7272939165265928 -3.7836414174374888 130.99674420080481  0.99999999999998845 3.4739156619582388 -4.9630859757087089 133.70356142737987  1.0000000000000071 2.1188572799792684 -2.8366420013447424 138.84341879764105  0.99999999999999201 3.5568779250010225 -3.4898522882895917 144.18634891580592  1.0000000000000053 3.7931365712161886 -1.4350146458939514 146.78244787110069  0.99999999999999822 6.2298720300999451 -1.8592813507221693 149.24780938738104  1.0000000000000013 8.7226903834788629 -0.30114404980500742 149.83333333333334  1 
6.5433464457603918 -3.9525691992859353 127.66666666666669  1 5.391850662536501 -5.0029451300709331 129.32986206441589  1.0000000000000075 3.798185253153008 -3.8876843412675339 130.99674420080481  0.99999999999998845 3.5602524471248449 -5.0624948209363279 133.70356142737987  1.0000000000000071 2.1909918342901387 -2.9481183289687736 138.84341879764105  0.99999999999999201 3.6267509397074766 -3.5757499880445871 144.18634891580592  1.0000000000000053 3.8346386929222773 -1.5161668679721434 146.78244787110069  0.99999999999999822 6.2639456715408759 -1.901655824975496 149.24780938738104  1.0000000000000013 8.7273995985206057 -0.30933292150774339 149.83333333333331  1 
6.5762963097571081 -3.9985040767132918 127.66666666666666  1 5.4366735381621911 -5.0626173152322176 129.32986206441589  1.0000000000000075 3.8521861623783922 -3.9643106123754657 130.99674420080481  0.99999999999998845 3.625622712457381 -5.1355584080113701 133.70356142737987  1.0000000000000071 2.2461202009142385 -3.0301650987344062 138.84341879764105  0.99999999999999201 3.679756803096863 -3.63890035491734 144.18634891580592  1.0000000000000053 3.8666706579758912 -1.5759741199797705 146.78244787110069  0.99999999999999822 6.2897765014680802 -1.9328267778937045 149.24780938738104  1.0000000000000013 8.7309992700259311 -0.31537583739778074 149.83333333333334  1 
6.5907243249951515 -4.0183266386151271 127.66666666666666  1 5.4562912618511685 -5.0883624947040271 129.32986206441589  1.0000000000000075 3.8758562004101371 -3.9973657419466511 130.99674420080481  0.99999999999998845 3.6541955715609449 -5.1670452405343035 133.70356142737987  1.0000000000000071 2.2703199756975594 -3.065548924616369 138.84341879764105  0.99999999999999201 3.7029451904561546 -3.666117341776014 144.18634891580592  1.0000000000000053 3.8807946594570484 -1.6017833246405542 146.78244787110069  0.99999999999999822 6.3010735714962935 -1.9462649288711946 149.24780938738104  1.0000000000000013 8.7325797107902261 -0.31798508294219452 149.83333333333334  1 
6.6023395847245183 -4.034215266106794 127.66666666666666  1 5.4720823059835828 -5.1089970290561872 129.32986206441589  1.0000000000000075 3.8949173525735503 -4.0238580019250412 130.99674420080481  0.99999999999998845 3.6771857031890143 -5.1922730665702757 133.70356142737987  1.0000000000000071 2.2898160506975742 -3.0939052912836327 138.84341879764105  0.99999999999999201 3.7216076418707251 -3.687924700130083 144.18634891580592  1.0000000000000053 3.8921882156307173 -1.6224704835233994 146.78244787110069  0.99999999999999822 6.310164961468911 -1.9570330375787113 149.24780938738104  1.0000000000000013 8.7338530466176856 -0.32007686985629835 149.83333333333334  1 
6.6244600896742307 -4.0642348177155165 127.66666666666666  1 5.502147800539019 -5.1479787997924902 129.32986206441578  1.0000000000000075 3.9312373402216227 -4.073901988552139 130.99674420080518  0.99999999999998845 3.7209260941994771 -5.2399025848392871 133.70356142737953  1.0000000000000071 2.3269934002086861 -3.1474628513719569 138.84341879764156  0.99999999999999201 3.757130640394196 -3.7290985901839835 144.18634891580533  1.0000000000000053 3.9139657361084121 -1.661556171487871 146.78244787110171  0.99999999999999822 6.3274675293754914 -1.9773671724507089 149.24780938738047  1.0000000000000013 8.7362814846935954 -0.32403030090624474 149.83333333333334  1 
6.6521265937045584 -4.1009552556824573 127.66666666666666  1 5.5397239884286655 -5.1956476581472781 129.32986206441595  1.0000000000000075 3.9767272644388405 -4.1350826042822311 130.99674420080476  0.99999999999998845 3.7754810459663211 -5.2980445819941089 133.70356142737987  1.0000000000000071 2.3736516735125486 -3.2129148009683215 138.84341879764116  0.99999999999999201 3.8014926201534336 -3.7793688030050698 144.18634891580567  1.0000000000000053 3.9414694224842637 -1.7093645739466146 146.78244787110111  0.99999999999999822 6.3490679422663083 -2.0022039867240626 149.24780938738076  1.0000000000000013 8.7393305374533536 -0.32887063550585055 149.83333333333334  1 
6.691643885559321 -4.1523543248344295 127.66666666666666  1 5.5933577855089123 -5.2623570069065444 129.32986206441589  1.0000000000000075 4.0417773729267825 -4.22067502077687 130.99674420080481  0.99999999999998845 3.8532005381202459 -5.3792817210932835 133.70356142737987  1.0000000000000071 2.4404820911302321 -3.3044579241854417 138.84341879764105  0.99999999999999201 3.8647621070320457 -3.8496226293137421 144.18634891580584  1.0000000000000053 3.9810746453991541 -1.7762736587314125 146.78244787110091  0.99999999999999822 6.3798676839147612 -2.0369299896573341 149.24780938738076  1.0000000000000013 8.7437002289595327 -0.33565168864760464 149.83333333333334  1 
6.7395200699331514 -4.2131215107429503 127.66666666666666  1 5.6582803084923885 -5.3412055785612198 129.32986206441618  1.0000000000000075 4.1206909305033852 -4.321802921539625 130.9967442008043  0.99999999999998845 3.9470619413904817 -5.4751154040475249 133.70356142738024  1.0000000000000071 2.52170657223673 -3.4125846322725812 138.84341879764065  0.99999999999999201 3.9412733413938916 -3.9325220620027213 144.18634891580598  1.0000000000000053 4.0295084929015115 -1.8553664864525425 146.78244787110091  0.99999999999999822 6.4171043327117818 -2.0779292202531718 149.24780938738076  1.0000000000000013 8.7490149130414707 -0.34367725495236223 149.83333333333334  1 
6.7948243889213469 -4.2805039105888092 127.66666666666666  1 5.7331605919732844 -5.4285943852415279 129.32986206441618  1.0000000000000075 4.2120166179008169 -4.4338607479563716 130.9967442008043  0.99999999999998845 4.0548926587235075 -5.5809937101792064 133.70356142738024  1.0000000000000071 2.6159566171048834 -3.5323285733036922 138.84341879764065  0.99999999999999201 4.0293550440506438 -4.0241600328449572 144.18634891580598  1.0000000000000053 4.0862506107762426 -1.9430755514434073 146.78244787110091  0.99999999999999822 6.4599598510433953 -2.1232900278483244 149.24780938738076  1.0000000000000013 8.7551915807531557 -0.35259323127653086 149.83333333333334  1 
6.8416889350501071 -4.335722515367638 127.66666666666666  1 5.7965336282442195 -5.5001845584215561 129.32986206441618  1.0000000000000075 4.2894845088685303 -4.5256392018217788 130.9967442008043  0.99999999999998845 4.1458536362834142 -5.667528446965667 133.70356142738024  1.0000000000000071 2.6960505568757283 -3.6303591955195111 138.84341879764065  0.99999999999999201 4.1037704147630585 -4.0990832732317282 144.18634891580598  1.0000000000000053 4.1348206575106463 -2.0149687293659211 146.78244787110091  0.99999999999999822 6.4961605836788063 -2.1603989404809254 149.24780938738076  1.0000000000000013 8.7604496164397538 -0.35991158784545474 149.83333333333334  1 
6.8721537102015429 -4.3708588206918755 127.66666666666666  1 5.8376987931379478 -5.5457298919978264 129.32986206441618  1.0000000000000075 4.3398688493771989 -4.5840186139513985 130.9967442008043  0.99999999999998845 4.2048143181377791 -5.7225035915069515 133.70356142738024  1.0000000000000071 2.7481975017215281 -3.692698657043374 138.84341879764065  0.99999999999999201 4.1520503880187789 -4.1466914889205722 144.18634891580598  1.0000000000000053 4.1665824838713217 -2.0607251816159295 146.78244787110091  0.99999999999999822 6.5196455872417021 -2.1839868490140275 149.24780938738076  1.0000000000000013 8.7638772046430837 -0.36457335791575768 149.83333333333334  1 
6.895061011043004 -4.3968484585785754 127.66666666666666  1 5.8686346250887995 -5.5794141135044519 129.32986206441618  1.0000000000000075 4.3777664978941324 -4.6271909045215622 130.9967442008043  0.99999999999998845 4.2490501685979734 -5.7631188868704806 133.70356142738024  1.0000000000000071 2.7874511448924224 -3.7387921697346216 138.84341879764065  0.99999999999999201 4.1882964918525225 -4.181868280365503 144.18634891580598  1.0000000000000053 4.1905688946728414 -2.0945792868291231 146.78244787110091  0.99999999999999822 6.5372765592873883 -2.2014200329959364 149.24780938738076  1.0000000000000013 8.7664598535418996 -0.36802450054866709 149.83333333333334  1 
6.9081837405557041 -4.411577205546088 127.66666666666666  1 5.8863502317225169 -5.5985017697967185 129.32986206441618  1.0000000000000075 4.3994805809781896 -4.6516539970470792 130.9967442008043  0.99999999999998845 4.2743542745994514 -5.786118529415937 133.70356142738024  1.0000000000000071 2.8099530371489019 -3.7649081461003271 138.84341879764065  0.99999999999999201 4.209039012159943 -4.2017899705922259 144.18634891580598  1.0000000000000053 4.2043471703196378 -2.1137683870756327 146.78244787110091  0.99999999999999822 6.5473661761117707 -2.2112945783032352 149.24780938738076  1.0000000000000013 8.7679413272594431 -0.36998142724238292 149.83333333333334  1 
6.9291949675327036 -4.4350344267417698 127.66666666666666  1 5.914710309652695 -5.6288997112399883 129.32986206441618  1.0000000000000075 4.4342504822965179 -4.6906118208955458 130.9967442008043  0.99999999999998845 4.3148402432081641 -5.8227344139524675 133.70356142738024  1.0000000000000071 2.8459927810150134 -3.8064964972321076 138.84341879764065  0.99999999999999201 4.2422334471508449 -4.233507202727492 144.18634891580598  1.0000000000000053 4.2264367375712641 -2.1443319896534971 146.78244787110091  0.99999999999999822 6.5635126968958142 -2.2270170067931345 149.24780938738076  1.0000000000000013 8.7703148989653279 -0.37309894400250643 149.83333333333334  1 
6.9582489502975697 -4.467003121659328 127.66666666666666  1 5.9539076203525578 -5.67032269128865 129.32986206441618  1.0000000000000075 4.4823399127203292 -4.7436963775732268 130.9967442008043  0.99999999999998845 4.3707143148332923 -5.8725854608703001 133.70356142738024  1.0000000000000071 2.8958693957894761 -3.8631592806782185 138.84341879764065  0.99999999999999201 4.2880703107151659 -4.2766946694327714 144.18634891580598  1.0000000000000053 4.2570883486750688 -2.1859959716748421 146.78244787110091  0.99999999999999822 6.5858089008297895 -2.2484297794682324 149.24780938738076  1.0000000000000013 8.7736027500521541 -0.37735098073130358 149.83333333333334  1 
7.0067207997303207 -4.5190286077644002 127.66666666666666  1 6.0192469904913866 -5.7377258495401771 129.32986206441618  1.0000000000000075 4.5625908530071042 -4.8300620874734292 130.9967442008043  0.99999999999998845 4.4636165679002104 -5.9535808217111024 133.70356142738024  1.0000000000000071 2.9791801028724234 -3.9553380006350003 138.84341879764065  0.99999999999999201 4.3643564420589138 -4.3468836439326255 144.18634891580598  1.0000000000000053 4.3085023479169529 -2.2538256830821766 146.78244787110091  0.99999999999999822 6.6229199146451467 -2.2832448649557464 149.24780938738076  1.0000000000000013 8.7791035959876567 -0.38428034970071268 149.83333333333334  1 
7.0701953722675421 -4.585203344028808 127.66666666666666  1 6.104723753710279 -5.8234549753018907 129.32986206441635  1.0000000000000075 4.6677045283724956 -4.9398846384848314 130.99674420080382  0.99999999999998845 4.5847924390651631 -6.0564181496972838 133.70356142738069  1.0000000000000071 3.0884065510660577 -4.0725525346214688 138.84341879763991  0.99999999999999201 4.4639664518636213 -4.4360318617012098 144.18634891580683  1.0000000000000053 4.3762260227261542 -2.340156695381046 146.78244787109978  0.99999999999999822 6.6713838344721434 -2.3274844244081003 149.24780938738135  1.0000000000000013 8.786329807312903 -0.39310930730989568 149.83333333333334  1 
7.1289463811119536 -4.6438300828452874 127.66666666666666  1 6.1837138596131069 -5.899396596305265 129.32986206441635  1.0000000000000075 4.7650143997576855 -5.0371815227590542 130.99674420080382  0.99999999999998845 4.6962793048003295 -6.1472901345155577 133.70356142738069  1.0000000000000071 3.1896401155339351 -4.1763962861995001 138.84341879763991  0.99999999999999201 4.5557528137367687 -4.5148565030283647 144.18634891580683  1.0000000000000053 4.439407227712783 -2.4167473597417661 146.78244787109978  0.99999999999999822 6.7160527755110024 -2.3666255672164591 149.24780938738135  1.0000000000000013 8.7930477920031613 -0.40095253942997144 149.83333333333334  1 
7.1787916223341011 -4.6919866329360165 127.66666666666666  1 6.250652087709021 -5.9617782056080362 129.32986206441635  1.0000000000000075 4.8475543314497571 -5.1171170987610708 130.99674420080382  0.99999999999998845 4.7904547088479443 -6.2218269344006902 133.70356142738069  1.0000000000000071 3.2755623171900767 -4.2617163566872138 138.84341879763991  0.99999999999999201 4.6333627925699474 -4.5795373206610837 144.18634891580683  1.0000000000000053 4.4932750349173514 -2.4797484604684614 146.78244787109978  0.99999999999999822 6.7538303335785734 -2.3987534087993101 149.24780938738135  1.0000000000000013 8.7987643017039243 -0.40740897029762768 149.83333333333334  1 
7.2063073386136534 -4.7181516151979865 127.66666666666666  1 6.2875833495307845 -5.9956731223762532 129.32986206441635  1.0000000000000075 4.8931115151841604 -5.1605535768693649 130.99674420080382  0.99999999999998845 4.8423328868269202 -6.2622986344976947 133.70356142738069  1.0000000000000071 3.3229997865890466 -4.3080807286299709 138.84341879763991  0.99999999999999201 4.6761351957768555 -4.6146641707303395 144.18634891580683  1.0000000000000053 4.523079108614354 -2.5140044927502823 146.78244787109978  0.99999999999999822 6.7746523908553486 -2.4162037626157917 149.24780938738135  1.0000000000000013 8.8019243793712967 -0.41092078048833969 149.83333333333334  1 
7.2319198984681483 -4.7420989242937148 127.66666666666666  1 6.3219409262144755 -6.0266963273084411 129.32986206441635  1.0000000000000075 4.9355096210907741 -5.2003157798133657 130.99674420080382  0.99999999999998845 4.8905156124674711 -6.2993163634405827 133.70356142738069  1.0000000000000071 3.3671610056265155 -4.3505271231513225 138.84341879763991  0.99999999999999201 4.7158784175210045 -4.6467988247344891 144.18634891580683  1.0000000000000053 4.5508861082627607 -2.5453856225817693 146.78244787109978  0.99999999999999822 6.7940022837895686 -2.4321698524063704 149.24780938738135  1.0000000000000013 8.804870167163509 -0.41413876450617193 149.83333333333334  1 
7.2508466132055522 -4.7595896809809837 127.66666666666666  1 6.3473203483950371 -6.0493558839393184 129.32986206441635  1.0000000000000075 4.966835477436037 -5.2293619987603455 130.99674420080382  0.99999999999998845 4.92606654835987 -6.3263425449010295 133.70356142738069  1.0000000000000071 3.3997959496959171 -4.3815366487424949 138.84341879763991  0.99999999999999201 4.7452113489177208 -4.6702630520185231 144.18634891580683  1.0000000000000053 4.5714654120524436 -2.5683209986862798 146.78244787109978  0.99999999999999822 6.8082850020865973 -2.443829013506261 149.24780938738135  1.0000000000000013 8.8070491332190883 -0.41649110445316129 149.83333333333334  1 
7.272061443307626 -4.7790286353662657 127.66666666666666  1 6.3757603514444483 -6.0745399586071267 129.32986206441635  1.0000000000000075 5.0019442396711495 -5.2616475875058235 130.99674420080382  0.99999999999998845 4.9658712643793468 -6.3563705609379797 133.70356142738069  1.0000000000000071 3.436376954607526 -4.4160067972419563 138.84341879763991  0.99999999999999201 4.7780613580282045 -4.6963361540768336 144.18634891580683  1.0000000000000053 4.59455698517458 -2.5938235926530058 146.78244787109978  0.99999999999999822 6.8242813499640533 -2.4567852090498299 149.24780938738135  1.0000000000000013 8.8094932416975951 -0.41910708668756236 149.83333333333334  1 
7.3081823605188081 -4.8116939057651633 127.66666666666666  1 6.4241634517960895 -6.1168610218699646 129.32986206441589  1.0000000000000075 5.0617096369892636 -5.3159119479217978 130.99674420080481  0.99999999999998845 5.0335289455691026 -6.4068089014180627 133.70356142737987  1.0000000000000071 3.4986614033806016 -4.4739494329298743 138.84341879764105  0.99999999999999201 4.8339169457098041 -4.7401387289622914 144.18634891580592  1.0000000000000053 4.6339346964642214 -2.6367113883963063 146.78244787110069  0.99999999999999822 6.8514834447003281 -2.478553481091796 149.24780938738104  1.0000000000000013 8.8136590796499537 -0.42350728468000476 149.83333333333334  1 
7.361447806584307 -4.8586342679426036 127.66666666666666  1 6.4954837932782272 -6.1776858374195625 129.32986206441615  1.0000000000000075 5.1498058379136298 -5.3939268536253895 130.99674420080424  0.99999999999998845 5.1329704520185437 -6.4792385872903706 133.70356142738021  1.0000000000000071 3.5905036464224489 -4.5572772304452229 138.84341879764077  0.99999999999999201 4.9160674375817326 -4.8030624876230315 144.18634891580581  1.0000000000000053 4.6921655825486281 -2.698438528927722 146.78244787110111  0.99999999999999822 6.891502239428533 -2.5098307223087946 149.24780938738076  1.0000000000000013 8.8198146257713184 -0.42984298616494632 149.83333333333334  1 
7.4388471798455047 -4.9245117110904966 127.66666666666666  1 6.5990059008177733 -6.2630806333780473 129.32986206441635  1.0000000000000075 5.2777384482743752 -5.5034979464371068 130.99674420080387  0.99999999999998845 5.2768325542321026 -6.5808204589411643 133.70356142738055  1.0000000000000071 3.7239280054135815 -4.6743812518830357 138.8434187976404  0.99999999999999201 5.0350176815163268 -4.891357941097894 144.18634891580589  1.0000000000000053 4.7770690885938141 -2.7852843913322389 146.78244787110134  0.99999999999999822 6.9494691816895049 -2.5537283317671178 149.24780938738047  1.0000000000000013 8.8287820396145182 -0.43875979650864394 149.83333333333334  1 
7.5011120482039164 -4.9750966432648189 127.66666666666666  1 6.6821604129630821 -6.3286885078367936 129.32986206441623  1.0000000000000075 5.380570692198722 -5.5877647517084954 130.99674420080416  0.99999999999998845 5.3918933625075063 -6.6587743231612864 133.70356142738027  1.0000000000000071 3.831209999885322 -4.7645181424164011 138.84341879764077  0.99999999999999201 5.1302594142525022 -4.959169075083814 144.1863489158055  1.0000000000000053 4.8456482972746642 -2.8522350703487565 146.78244787110199  0.99999999999999822 6.995905952679295 -2.5874483813809612 149.24780938738016  1.0000000000000013 8.8360188648837035 -0.44563430202705145 149.83333333333331  1 
7.5534206710662994 -5.0162306430270878 127.66666666666666  1 6.7519468708275667 -6.3820688885004104 129.32986206441635  1.0000000000000075 5.4668908315260314 -5.6563859664278464 130.99674420080387  0.99999999999998845 5.488180842391607 -6.7221744022972185 133.70356142738055  1.0000000000000071 3.9212754087272383 -4.8379719109707473 138.8434187976404  0.99999999999999201 5.2100132591865602 -5.0143486139017206 144.18634891580589  1.0000000000000053 4.903394173117217 -2.906858837483115 146.78244787110134  0.99999999999999822 7.0348039631076542 -2.6148866643907227 149.24780938738047  1.0000000000000013 8.842110751171715 -0.45124140980803196 149.83333333333334  1 
7.577786984883141 -5.0351353454911409 127.66666666666666  1 6.7844414426702251 -6.406607839890011 129.32986206441635  1.0000000000000075 5.5070869117175114 -5.6879430156818405 130.99674420080387  0.99999999999998845 5.5329630430224936 -6.7513152281840885 133.70356142738055  1.0000000000000071 3.9632172280207043 -4.8717616203881846 138.8434187976404  0.99999999999999201 5.2471154321358071 -5.0397164858726109 144.18634891580589  1.0000000000000053 4.9303177293217511 -2.9319991380137598 146.78244787110134  0.99999999999999822 7.0529020174673969 -2.6275007488185986 149.24780938738047  1.0000000000000013 8.8449507617453005 -0.45382168171295811 149.83333333333334  1 
7.6041803387845111 -5.0552863439909688 127.66666666666666  1 6.8196228135607306 -6.4327722886193133 129.32986206441552  1.0000000000000075 5.5506092489112469 -5.7216078218476643 130.99674420080581  0.99999999999998845 5.5813810546438347 -6.7823830391653468 133.7035614273789  1.0000000000000071 4.0086324239531441 -4.9078226987707012 138.84341879764261  0.99999999999999201 5.2872409819039046 -5.0667684266303308 144.18634891580416  1.0000000000000053 4.9595116670723067 -2.9588456539707186 146.78244787110305  0.99999999999999822 7.0724780953627455 -2.6409518156553355 149.24780938737987  1.0000000000000013 8.8480299473637807 -0.45657636627078002 149.83333333333334  1 
7.6285624779332686 -5.073687528583771 127.66666666666666  1 6.8521127398867065 -6.4566699804248477 129.32986206441552  1.0000000000000075 5.5908031628908184 -5.7523684079821811 130.99674420080581  0.99999999999998845 5.626050783493465 -6.8107579872012787 133.7035614273789  1.0000000000000071 4.0505761432148431 -4.9407828373758358 138.84341879764261  0.99999999999999201 5.3242675965048276 -5.0914801292362935 144.18634891580416  1.0000000000000053 4.9865001403010822 -2.9833941423014263 146.78244787110305  0.99999999999999822 7.0905444433566114 -2.6532388426377413 149.24780938737987  1.0000000000000013 8.8508764014292751 -0.4590947354786542 149.83333333333334  1 
7.651837216587853 -5.0910181411059776 127.66666666666666  1 6.8831156414496126 -6.4791831725487574 129.32986206441552  1.0000000000000075 5.6291581022266142 -5.7813612499469578 130.99674420080581  0.99999999999998845 5.668627374723112 -6.8374884588660656 133.7035614273789  1.0000000000000071 4.0906026609304798 -4.97186023048984 138.84341879764261  0.99999999999999201 5.359567401563889 -5.1147648343199608 144.18634891580416  1.0000000000000053 5.0122829682804566 -3.0065517804113626 146.78244787110305  0.99999999999999822 7.1077706092417383 -2.6648157754302435 149.24780938737987  1.0000000000000013 8.8535956505704263 -0.4614698121488936 149.83333333333334  1 
7.6962186814783795 -5.1236198711217948 127.66666666666666  1 6.9422125849907292 -6.5215456000566512 129.32986206441495  1.0000000000000075 5.70226883393613 -5.8359458015913006 130.9967442008068  0.99999999999998845 5.7496929559546635 -6.8877878094090201 133.70356142737847  1.0000000000000071 4.1669030130415647 -5.030392127542104 138.84341879764295  0.99999999999999201 5.4267938983292447 -5.1585906595716855 144.18634891580407  1.0000000000000053 5.0614821934307876 -3.0501881038620247 146.78244787110305  0.99999999999999822 7.1405818931489886 -2.6866045920521837 149.24780938737987  1.0000000000000013 8.8587847526852119 -0.46594398668653375 149.83333333333334  1 
7.7545628515084299 -5.1653014720166581 127.66666666666666  1 7.0198461858419909 -6.5757393469852881 129.32986206441498  1.0000000000000075 5.7983100784678854 -5.9058533028297324 130.99674420080689  0.99999999999998845 5.8559409580432877 -6.9521411182639294 133.70356142737847  1.0000000000000071 4.267141969234804 -5.1054191107965421 138.84341879764295  0.99999999999999201 5.5149465000884375 -5.2146904115651429 144.18634891580407  1.0000000000000053 5.1262478396993378 -3.1061750968199071 146.78244787110305  0.99999999999999822 7.1836207774395318 -2.7144932141584728 149.24780938737987  1.0000000000000013 8.8656166196896358 -0.47168116522318931 149.83333333333334  1 
7.8432276854000156 -5.226024795966401 127.66666666666666  1 7.1376988275544013 -6.6547884921687785 129.32986206441583  1.0000000000000075 5.9441003599179698 -6.0079939958269728 130.99674420080495  0.99999999999998845 6.0166892129161234 -7.0460426819720707 133.70356142738007  1.0000000000000071 4.4193150961158523 -5.2152169968125932 138.84341879764077  0.99999999999999201 5.6484103534768755 -5.2966150502521279 144.18634891580581  1.0000000000000053 5.2248526291219299 -3.1882324140478109 146.78244787110111  0.99999999999999822 7.2488134200007526 -2.7552101607372825 149.24780938738076  1.0000000000000013 8.8760210804455824 -0.48007909941089133 149.83333333333334  1 
7.9091851415940679 -5.2690053522373539 127.66666666666666  1 7.2252575615707837 -6.7108307283396531 129.32986206441583  1.0000000000000075 6.0524236251124286 -6.080587865272574 130.99674420080495  0.99999999999998845 6.1356679934472487 -7.1126634690336816 133.70356142738007  1.0000000000000071 4.532377249068368 -5.2934091643028989 138.84341879764077  0.99999999999999201 5.7472721868050716 -5.3547998032926474 144.18634891580581  1.0000000000000053 5.298346457016061 -3.2467756416777855 146.78244787110111  0.99999999999999822 7.2971305738589045 -2.7841172560706879 149.24780938738076  1.0000000000000013 8.8837790147544062 -0.48605875554445105 149.83333333333334  1 
7.9634293052261853 -5.303158616971019 127.66666666666666  1 7.2972070399745217 -6.7554232467365845 129.32986206441583  1.0000000000000075 6.1414286963183136 -6.1384643621502804 130.99674420080495  0.99999999999998845 6.2332014001988423 -7.1657224365608903 133.70356142738007  1.0000000000000071 4.6252689395674551 -5.3558435416649735 138.84341879764077  0.99999999999999201 5.8283511614046963 -5.4011736752179997 144.18634891580581  1.0000000000000053 5.3588537225346133 -3.2935833853336636 146.78244787110111  0.99999999999999822 7.3367697207611737 -2.8071472152187846 149.24780938738076  1.0000000000000013 8.8901687193854109 -0.49083131741851715 149.83333333333334  1 
7.9846366851415302 -5.3163241447948382 127.66666666666666  1 7.3253273259541514 -6.7726227193145405 129.32986206441583  1.0000000000000075 6.1762133809846631 -6.1608062909927934 130.99674420080495  0.99999999999998845 6.2712840308498903 -7.1861958909067702 133.70356142738007  1.0000000000000071 4.6615713997411081 -5.3799602949668692 138.84341879764077  0.99999999999999201 5.8600146584329655 -5.4190730228389974 144.18634891580581  1.0000000000000053 5.3825197663205593 -3.3116741094489917 146.78244787110111  0.99999999999999822 7.3522518900059071 -2.8160347362669889 149.24780938738076  1.0000000000000013 8.8926683359286187 -0.49267447329373493 149.83333333333334  1 
8.0109234854445877 -5.3324199288283216 127.66666666666666  1 7.3601721821858259 -6.7936621177828904 129.32986206441583  1.0000000000000075 6.2193141206351283 -6.1881603919034953 130.99674420080495  0.99999999999998845 6.3184297110399168 -7.211251789037151 133.70356142738007  1.0000000000000071 4.7065518528108932 -5.4095064866907885 138.84341879764077  0.99999999999999201 5.8992195993272691 -5.4409850288536159 144.18634891580581  1.0000000000000053 5.4118661775174814 -3.3338498318009369 146.78244787110111  0.99999999999999822 7.3714240365948669 -2.8269126670233464 149.24780938738076  1.0000000000000013 8.8957684189629642 -0.49493200668710696 149.83333333333334  1 
8.038807473612275 -5.3492979706700003 127.66666666666666  1 7.3971250651201039 -6.815734571108484 129.32986206441544  1.0000000000000075 6.2650202124096523 -6.2168794712563429 130.99674420080595  0.99999999999998845 6.368389090076076 -7.2375486669728186 133.7035614273793  1.0000000000000071 4.75425051238782 -5.4405441313246854 138.84341879764168  0.99999999999999201 5.9407696848326248 -5.4639880083252637 144.18634891580521  1.0000000000000053 5.4430059999963349 -3.3571557082046639 146.78244787110171  0.99999999999999822 7.3917452152468384 -2.8383303857218865 149.24780938738047  1.0000000000000013 8.8990584252474214 -0.49730295107505373 149.83333333333334  1 
8.0663295632099796 -5.3656290891909402 127.66666666666666  1 7.4335835267967934 -6.8371096692695765 129.32986206441544  1.0000000000000075 6.3101104325915447 -6.2447297773474828 130.99674420080595  0.99999999999998845 6.4176155805827024 -7.2630345101502032 133.7035614273793  1.0000000000000071 4.8013053055147621 -5.4706722466631454 138.84341879764168  0.99999999999999201 5.9817194091591004 -5.4862914046949127 144.18634891580521  1.0000000000000053 5.4737578946990961 -3.3797964962516187 146.78244787110171  0.99999999999999822 7.4117764374984318 -2.8493975835009797 149.24780938738047  1.0000000000000013 8.9023083399179406 -0.49960337496305723 149.83333333333337  1 
8.1186690005015585 -5.3962258709609232 127.66666666666666  1 7.5028977068499154 -6.8771821906147919 129.32986206441535  1.0000000000000075 6.3958274916395474 -6.2969998826401765 130.99674420080595  0.99999999999998845 6.5111137067239024 -7.3108452539442084 133.70356142737944  1.0000000000000071 4.8907556715272751 -5.527260290001804 138.84341879764122  0.99999999999999201 6.0595104891815357 -5.5281465865778987 144.18634891580592  1.0000000000000053 5.532259577860632 -3.4223459271828158 146.78244787110069  0.99999999999999822 7.4498349294537087 -2.8701619855121048 149.24780938738104  1.0000000000000013 8.9084924301425286 -0.50392241609698984 149.83333333333337  1 
8.1836300164531899 -5.4329905332458077 127.66666666666666  1 7.5888751090222684 -6.9254026636159667 129.32986206441578  1.0000000000000075 6.5021308607734136 -6.3600531116749268 130.99674420080501  0.99999999999998845 6.6268519120752991 -7.3684629214701047 133.70356142737998  1.0000000000000071 5.0016851689185771 -5.5956379646030161 138.84341879764074  0.99999999999999201 6.1558411027676625 -5.5786262954809054 144.18634891580621  1.0000000000000053 5.604919692537722 -3.4738245268023982 146.78244787110049  0.99999999999999822 7.496979156392575 -2.895192761493238 149.24780938738104  1.0000000000000013 8.9161773804711721 -0.50913655896588073 149.83333333333337  1 
8.2802163132420681 -5.4848407372092272 127.66666666666666  1 7.7165924856254122 -6.9936050607418654 129.32986206441609  1.0000000000000075 6.6599973806284991 -6.4495972675938198 130.99674420080444  0.99999999999998845 6.7982409772884163 -7.4501839511409695 133.70356142738012  1.0000000000000071 5.1664132338295179 -5.69305493132204 138.84341879764091  0.99999999999999201 6.2985720609065634 -5.6503176053209661 144.18634891580564  1.0000000000000053 5.713069639109027 -3.5473208658782895 146.78244787110154  0.99999999999999822 7.5668661222704499 -2.930707695169072 149.24780938738047  1.0000000000000013 8.9276256351390995 -0.51655034117541909 149.83333333333337  1 
8.3500503019915264 -5.5203590968272556 127.66666666666666  1 7.8088504605451332 -7.040476449283295 129.32986206441609  1.0000000000000075 6.7740196326883897 -6.5114264312440797 130.99674420080444  0.99999999999998845 6.9216794416237359 -7.5065296799458432 133.70356142738012  1.0000000000000071 5.2853772823751806 -5.7605514358338166 138.84341879764091  0.99999999999999201 6.4014277489427531 -5.699819786257593 144.18634891580564  1.0000000000000053 5.7913458903001427 -3.598356594768561 146.78244787110154  0.99999999999999822 7.6172521420561408 -2.9552038344359528 149.24780938738047  1.0000000000000013 8.9359182532240311 -0.52167411813791886 149.83333333333337  1 
8.4033716105869942 -5.5464586074061337 127.66666666666666  1 7.879252051201326 -7.0750076217105358 129.32986206441635  1.0000000000000075 6.8610174763707157 -6.5571444832231576 130.99674420080387  0.99999999999998845 7.015696302843093 -7.5481541111304953 133.70356142738055  1.0000000000000071 5.3761365648498707 -5.8105891900565378 138.8434187976402  0.99999999999999201 6.4797937937352641 -5.7364273868789564 144.18634891580638  1.0000000000000053 5.8511523350874901 -3.6362531386516093 146.78244787110069  0.99999999999999822 7.6556522643290172 -2.9733029924864858 149.24780938738076  1.0000000000000013 8.9422578538741604 -0.52546438853394495 149.83333333333337  1 
8.4238061410704805 -5.5562985554095139 127.66666666666666  1 7.9062260138795573 -7.0880411220039692 129.32986206441635  1.0000000000000075 6.8943479588529524 -6.5744285520153554 130.99674420080387  0.99999999999998845 7.051690192077297 -7.5638842220283067 133.70356142738055  1.0000000000000071 5.4109066597489504 -5.8295276314684505 138.8434187976402  0.99999999999999201 6.5097998619644084 -5.7502679788823405 144.18634891580638  1.0000000000000053 5.8740783915230068 -3.6506064915665344 146.78244787110069  0.99999999999999822 7.6703572117494581 -2.9801432134521932 149.24780938738076  1.0000000000000013 8.944688655488692 -0.52689755692290807 149.8333333333334  1 
8.4490677570147792 -5.5683242345805111 127.66666666666666  1 7.9395666567287622 -7.1039823767807988 129.32986206441635  1.0000000000000075 6.9355434932774225 -6.5955939083916757 130.99674420080387  0.99999999999998845 7.0961558276920389 -7.5831411414853314 133.70356142738055  1.0000000000000071 5.4538805392680612 -5.8527374470278986 138.8434187976402  0.99999999999999201 6.546871507954763 -5.7672172332703884 144.18634891580638  1.0000000000000053 5.9024256418081489 -3.6682058852786636 146.78244787110069  0.99999999999999822 7.6885262203715765 -2.9885173918335268 149.24780938738076  1.0000000000000013 8.9476947447086346 -0.52865270324716929 149.8333333333334  1 
8.4805917446040482 -5.5831269992872583 127.66666666666666  1 7.9811649456166514 -7.1236237280742998 129.32986206441623  1.0000000000000075 6.9869392319149206 -6.6217097190763443 130.9967442008041  0.99999999999998845 7.1515993409512948 -7.6068939228044599 133.70356142738041  1.0000000000000071 5.5074936056643455 -5.8814035619569003 138.84341879764031  0.99999999999999201 6.5931001363695847 -5.7881317475411489 144.18634891580643  1.0000000000000053 5.9378084529547044 -3.6899556941628795 146.78244787110026  0.99999999999999822 7.7111852785133879 -2.9988471325588857 149.24780938738104  1.0000000000000013 8.9514476345128973 -0.5308185746281151 149.8333333333334  1 
8.5122871384010956 -5.5976134772682986 127.66666666666666  1 8.022975692145744 -7.1428820907233854 129.32986206441635  1.0000000000000075 7.0385912930285901 -6.6473934186773889 130.99674420080387  0.99999999999998845 7.2072583498583054 -7.6302375290055338 133.70356142738055  1.0000000000000071 5.5613718678056108 -5.9096501501625625 138.8434187976402  0.99999999999999201 6.6395176094762904 -5.8087022475887915 144.18634891580638  1.0000000000000053 5.9733990435334201 -3.7114126207518034 146.78244787110069  0.99999999999999822 7.7339410134252908 -3.0089996944549369 149.24780938738076  1.0000000000000013 8.9552240343672462 -0.53294888567027243 149.8333333333334  1 
8.5719848006420207 -5.6244191526080431 127.66666666666666  1 8.1017102751266528 -7.1785626102860522 129.32986206441643  1.0000000000000075 7.1358498954404999 -6.6950781250875391 130.99674420080362  0.99999999999998845 7.3119901654053416 -7.6735576607677887 133.70356142738078  1.0000000000000071 5.6628202875922335 -5.9621614028377836 138.84341879763986  0.99999999999999201 6.7268715849603895 -5.8468966773229711 144.18634891580678  1.0000000000000053 6.0404501426829285 -3.7513323828131173 146.78244787110006  0.99999999999999822 7.7767709756162162 -3.0278415372291456 149.24780938738104  1.0000000000000013 8.9623405846914608 -0.53690418667675588 149.8333333333334  1 
8.6449544155466622 -5.6558714044091571 127.66666666666666  1 8.1979079070194629 -7.2205543999134898 129.32986206441643  1.0000000000000075 7.2546574077893222 -6.7514745637318399 130.99674420080362  0.99999999999998845 7.4397307947962368 -7.7247377976574008 133.70356142738078  1.0000000000000071 5.7867404596026173 -6.0244568463975972 138.84341879763986  0.99999999999999201 6.8334488247257914 -5.8920782049751388 144.18634891580678  1.0000000000000053 6.1224536780369538 -3.7987751991989112 146.78244787110006  0.99999999999999822 7.8290414174793845 -3.0501051685032374 149.24780938738104  1.0000000000000013 8.9710496290829393 -0.54158247187231434 149.83333333333334  1 
8.7458430164749803 -5.6964470062116739 127.66666666666666  1 8.3308319136892361 -7.2750525374366415 129.32986206441635  1.0000000000000075 7.4187816521995842 -6.8252792074027102 130.99674420080382  0.99999999999998845 7.6157769315833956 -7.7916294210261796 133.70356142738069  1.0000000000000071 5.9579228320778466 -6.1064590477292784 138.84341879763991  0.99999999999999201 6.980399235464203 -5.9512602636851017 144.18634891580683  1.0000000000000053 6.2359491071356183 -3.8614225977046521 146.78244787109978  0.99999999999999822 7.9011438455927125 -3.0792061678886915 149.24780938738135  1.0000000000000013 8.9831141457812063 -0.54770537419317777 149.83333333333334  1 
8.8196357152288698 -5.7243783504221843 127.66666666666666  1 8.4280090735601991 -7.3127831640055607 129.32986206441635  1.0000000000000075 7.5387617066252233 -6.876788650617609 130.99674420080382  0.99999999999998845 7.744215175922295 -7.8382513019098594 133.70356142738069  1.0000000000000071 6.0830554873144367 -6.1639921995990514 138.84341879763991  0.99999999999999201 7.0876532917472774 -5.9925941148241444 144.18634891580683  1.0000000000000053 6.3190401506416967 -3.9054992876486101 146.78244787109978  0.99999999999999822 7.9537867227298289 -3.0994907079736662 149.24780938738135  1.0000000000000013 8.9919526016512386 -0.55197714881257465 149.83333333333334  1 
8.8646608648411576 -5.7406553781567187 127.66666666666666  1 8.4872842509007089 -7.3348748347473576 129.32986206441635  1.0000000000000075 7.6119426903808991 -6.9071427289909106 130.99674420080382  0.99999999999998845 7.8224511105935157 -7.8656992684095428 133.70356142738069  1.0000000000000071 6.1593761515292069 -6.1980361473684988 138.84341879763991  0.99999999999999201 7.1530024468197819 -6.0169676787202713 144.18634891580683  1.0000000000000053 6.3697743213689062 -3.9316374012073214 146.78244787109978  0.99999999999999822 7.985868535710372 -3.1114327479793675 149.24780938738135  1.0000000000000013 8.9973517124547886 -0.55449327560816108 149.83333333333334  1 
8.8911510264614506 -5.7500784515742751 127.66666666666666  1 8.5221551238118014 -7.3476858744657658 129.32986206441635  1.0000000000000075 7.6549932829748126 -6.9247866752134497 130.99674420080382  0.99999999999998845 7.8684554170273646 -7.881648721670711 133.70356142738069  1.0000000000000071 6.2042731782926959 -6.2178540111921707 138.84341879763991  0.99999999999999201 7.1914323514950187 -6.0311387125129343 144.18634891580683  1.0000000000000053 6.3996307357147177 -3.9468648514588587 146.78244787109978  0.99999999999999822 8.0047361921499363 -3.1183718967143523 149.24780938738135  1.0000000000000013 9.0005295080102492 -0.55595552126410364 149.83333333333334  1 
8.9145024477023895 -5.7582724791939874 127.66666666666666  1 8.5528919479366508 -7.3588421973910592 129.32986206441635  1.0000000000000075 7.6929394456728568 -6.9401826292971247 130.99674420080382  0.99999999999998845 7.908990424314716 -7.8955621677452061 133.70356142738069  1.0000000000000071 6.2438464587502551 -6.2351685296920891 138.84341879763991  0.99999999999999201 7.2252958442677429 -6.043506739569481 144.18634891580683  1.0000000000000053 6.4259550181448217 -3.9601775394692238 146.78244787109978  0.99999999999999822 8.0213628582138554 -3.1244251382255683 149.24780938738135  1.0000000000000013 9.0033317126885475 -0.55723123271756991 149.83333333333334  1 
8.9543455446208746 -5.7719174500319967 127.66666666666666  1 8.605330106672449 -7.3774689672176015 129.32986206441635  1.0000000000000075 7.7576753263628664 -6.9659833241019671 130.99674420080382  0.99999999999998845 7.9780995738404643 -7.9188664930239456 133.70356142738069  1.0000000000000071 6.3113577650707544 -6.2642498722326261 138.84341879763991  0.99999999999999201 7.283037148724393 -6.0642404829871275 144.18634891580683  1.0000000000000053 6.470887908839253 -3.9825637579018021 146.78244787109978  0.99999999999999822 8.0497161648853321 -3.1345635368503508 149.24780938738135  1.0000000000000013 9.0081157671887091 -0.55936830088890721 149.83333333333334  1 
8.9854345481125169 -5.7822316901918711 127.66666666666666  1 8.6462414022391059 -7.3915983797376024 129.32986206441637  1.0000000000000075 7.8081794652509586 -6.98565267056886 130.9967442008039  0.99999999999998845 8.0319734556853373 -7.9366205952544391 133.70356142738058  1.0000000000000071 6.3640271279175931 -6.2864864321677798 138.84341879764008  0.99999999999999201 7.3280559573001636 -6.0800544366587843 144.18634891580663  1.0000000000000053 6.5059657458629134 -3.9997073035727611 146.7824478711  0.99999999999999822 8.0718249476635933 -3.1422867808062134 149.24780938738135  1.0000000000000013 9.0118515204866849 -0.56099664789267245 149.83333333333334  1 
9.051676084731163 -5.8037061921736131 127.66666666666666  1 8.733404823775869 -7.4210927329887495 129.32986206441595  1.0000000000000075 7.915778524085173 -7.026867593418217 130.99674420080473  0.99999999999998845 8.1466902046393432 -7.973803535801629 133.70356142737998  1.0000000000000071 6.4762400131122684 -6.3331832064647395 138.84341879764074  0.99999999999999201 7.4239277796695342 -6.1132026643355157 144.18634891580621  1.0000000000000053 6.5807322107610906 -4.0357483937495244 146.78244787110049  0.99999999999999822 8.1189122038585726 -3.1584612378443011 149.24780938738104  1.0000000000000013 9.0198156392261666 -0.56440715394143748 149.83333333333334  1 
9.1336624751844031 -5.8288127195134729 127.66666666666666  1 8.8412674028018223 -7.4558059719345149 129.32986206441635  1.0000000000000075 8.0489231409984345 -7.0758427708273963 130.99674420080382  0.99999999999998845 8.2884625697714469 -8.0179322659705345 133.70356142738072  1.0000000000000071 6.6150965117740208 -6.3889789171082221 138.84341879763977  0.99999999999999201 7.5424423142026189 -6.1526284144152026 144.18634891580692  1.0000000000000053 6.6733456255587456 -4.0789297621542779 146.78244787109978  0.99999999999999822 8.1771337707663427 -3.1776554982476868 149.24780938738135  1.0000000000000013 9.0296854484782774 -0.56845528207205054 149.83333333333334  1 
9.2355026142834884 -5.8570633438599522 127.66666666666666  1 8.9752322867655554 -7.4953770350023721 129.32986206441646  1.0000000000000075 8.2142908178649154 -7.1326452243042873 130.99674420080359  0.99999999999998845 8.4642073517562402 -8.0690239904520933 133.70356142738106  1.0000000000000071 6.7875773637712999 -6.4543579634807049 138.84341879763903  0.99999999999999201 7.6894189347166186 -6.19845280880548 144.1863489158078  1.0000000000000053 6.7885694792526925 -4.1297722410825797 146.78244787109844  0.99999999999999822 8.2493607381893241 -3.1998720912216183 149.24780938738192  1.0000000000000013 9.0419716587250036 -0.57314017361809488 149.83333333333334  1 
9.3029129980467964 -5.8744346906217668 127.66666666666664  1 9.0639022248144574 -7.5199700693529472 129.32986206441652  1.0000000000000075 8.3237626721390328 -7.1684335670569812 130.9967442008039  0.99999999999998845 8.5803929367756862 -8.1011729248678481 133.70356142738052  1.0000000000000071 6.9017656250669646 -6.495877498394905 138.84341879764008  0.99999999999999201 7.7866149766721051 -6.2273742915411772 144.18634891580649  1.0000000000000053 6.8649329144269329 -4.1621773792941212 146.78244787110069  0.99999999999999822 8.2971341044896896 -3.2138481142108528 149.24780938738076  1.0000000000000013 9.0501164330225006 -0.57608624973573741 149.83333333333334  1 
9.3470518719989997 -5.8852842223757316 127.66666666666666  1 9.1219612852963028 -7.5354421758721148 129.32986206441652  1.0000000000000075 8.3954498291098822 -7.1911558600240379 130.9967442008039  0.99999999999998845 8.6564185964679563 -8.1215669810313855 133.70356142738052  1.0000000000000071 6.9765447459907328 -6.5223754838418566 138.84341879764008  0.99999999999999201 7.850225821006509 -6.2457575048016771 144.18634891580649  1.0000000000000053 6.9149734898937494 -4.1829065949720592 146.78244787110069  0.99999999999999822 8.3284031062534485 -3.2227125301114077 149.24780938738076  1.0000000000000013 9.0554543780004106 -0.57795417644547586 149.83333333333334  1 
9.3815999840178037 -5.8935106592931277 127.66666666666666  1 9.1674055041990634 -7.5472308045802574 129.3298620644162  1.0000000000000075 8.4515649673166831 -7.2085814119754232 130.99674420080459  0.99999999999998845 8.7159014154821346 -8.1371968423083878 133.70356142738007  1.0000000000000071 7.0350821276520072 -6.5427678325636416 138.84341879764054  0.99999999999999201 7.9000006168996073 -6.2598656228095741 144.18634891580643  1.0000000000000053 6.9541616913290838 -4.1988843824125013 146.78244787110026  0.99999999999999822 8.352872301991793 -3.2295054673083645 149.24780938738104  1.0000000000000013 9.0596349952904642 -0.57938520839493801 149.83333333333334  1 
9.4125616983999976 -5.9006407872198539 127.66666666666669  1 9.2081332560438369 -7.5575004553372462 129.32986206441595  1.0000000000000075 8.5018597669546629 -7.223870422692797 130.99674420080487  0.99999999999998845 8.7691894237840096 -8.1509000324181518 133.70356142738001  1.0000000000000071 7.0875498268683312 -6.5607260441685105 138.84341879764054  0.99999999999999201 7.9445964331565184 -6.2722528959044164 144.18634891580643  1.0000000000000053 6.9893013622709521 -4.2129781649356328 146.78244787110026  0.99999999999999822 8.3747968338980954 -3.2354604382844396 149.24780938738104  1.0000000000000013 9.0633839697239686 -0.58063932783980921 149.83333333333334  1 
9.450810198787698 -5.9091786506397597 127.66666666666669  1 9.2584479580130257 -7.5698552876324587 129.3298620644162  1.0000000000000075 8.5639981200280193 -7.242392543367604 130.99674420080447  0.99999999999998845 8.8349980425904722 -8.1674884133764341 133.70356142738012  1.0000000000000071 7.1523754770573724 -6.5825568076480439 138.84341879764054  0.99999999999999201 7.9996755508786128 -6.2872694460995397 144.18634891580643  1.0000000000000053 7.0327341320479659 -4.230137592218715 146.78244787110026  0.99999999999999822 8.4018766952315804 -3.242668552473067 149.24780938738104  1.0000000000000013 9.0680179133900509 -0.58215688484804706 149.83333333333334  1 
9.4807244848293006 -5.9155942891384452 127.66666666666669  1 9.297801350204125 -7.5791950910128936 129.3298620644162  1.0000000000000075 8.6126040582887846 -7.2565253133751586 130.99674420080447  0.99999999999998845 8.886448358907229 -8.1801326803533918 133.70356142738012  1.0000000000000071 7.2030863597468908 -6.5992880214714136 138.84341879764054  0.99999999999999201 8.0427423221171814 -6.2987366073913345 144.18634891580643  1.0000000000000053 7.0667257708215772 -4.243314850380087 146.78244787110026  0.99999999999999822 8.423051983534755 -3.2481621512695336 149.24780938738104  1.0000000000000013 9.0716447355279275 -0.58331299513135981 149.83333333333334  1 
9.5526580806355792 -5.9304988055418111 127.66666666666666  1 9.3924386427669351 -7.6010023875855293 129.32986206441601  1.0000000000000075 8.729502544254494 -7.2898050270853112 130.99674420080467  0.99999999999998845 9.0101360635937979 -8.2098780499205741 133.70356142738007  1.0000000000000071 7.3250540816757121 -6.6388368951622292 138.84341879764054  0.99999999999999201 8.1462862536751182 -6.325756278921089 144.18634891580643  1.0000000000000053 7.1485106173301904 -4.2745170864889657 146.78244787110026  0.99999999999999822 8.4739659040751416 -3.2610841303013545 149.24780938738104  1.0000000000000013 9.0803713043780068 -0.58603135835757869 149.83333333333334  1 
9.6440861824590201 -5.9477877323428778 127.66666666666666  1 9.5127430650894151 -7.6266612291891036 129.32986206441643  1.0000000000000075 8.8781404363646956 -7.3298668914792309 130.99674420080362  0.99999999999998845 9.1672442896634969 -8.245597188403595 133.70356142738078  1.0000000000000071 7.4801597421566512 -6.6869381610125789 138.84341879763986  0.99999999999999201 8.2778413482462181 -6.3583422193823882 144.18634891580678  1.0000000000000053 7.2526081879583284 -4.3126421245206474 146.78244787110006  0.99999999999999822 8.5386626864674042 -3.2765953568155135 149.24780938738104  1.0000000000000013 9.0914797119341966 -0.58929103026643004 149.83333333333334  1 
9.7452714847367385 -5.9640565710314783 127.66666666666666  1 9.6459448767856131 -7.6515851565443374 129.32986206441618  1.0000000000000075 9.0427997012642241 -7.370188246800037 130.9967442008043  0.99999999999998845 9.341023660480694 -8.2815260561605442 133.70356142738024  1.0000000000000071 7.6520404163445006 -6.736397490635806 138.84341879764065  0.99999999999999201 8.4234153356853696 -6.3913667807259582 144.18634891580598  1.0000000000000053 7.3681219402948575 -4.3521749662510203 146.78244787110091  0.99999999999999822 8.6102659823735532 -3.292175882301148 149.24780938738076  1.0000000000000013 9.1038047083615936 -0.59255660363190787 149.83333333333334  1 
9.8030758316754287 -5.9724249275203682 127.66666666666666  1 9.7220630378906883 -7.6646922460030478 129.32986206441618  1.0000000000000075 9.1369325690369223 -7.3919609844986844 130.9967442008043  0.99999999999998845 9.4402862193479944 -8.3008701220870584 133.70356142738024  1.0000000000000071 7.7503221798622892 -6.7634424516461333 138.84341879764065  0.99999999999999201 8.5065867627240799 -6.4092428973102935 144.18634891580598  1.0000000000000053 7.4342232571855451 -4.3739042538321762 146.78244787110091  0.99999999999999822 8.6511784534037819 -3.3005607470368767 149.24780938738076  1.0000000000000013 9.1108561403992443 -0.59431076660140914 149.83333333333334  1 
9.8470496885510208 -5.9785060114417412 127.66666666666666  1 9.7799768347065896 -7.6743157330858516 129.32986206441609  1.0000000000000075 9.2085651760975153 -7.408134798054963 130.99674420080444  0.99999999999998845 9.5157972644820177 -8.3152246351832897 133.70356142738012  1.0000000000000071 7.8251186830127129 -6.7836415632133029 138.84341879764091  0.99999999999999201 8.5698629791392822 -6.422538040343782 144.18634891580564  1.0000000000000053 7.4845445708384224 -4.3901704462785753 146.78244787110154  0.99999999999999822 8.682305165269435 -3.3067806214870816 149.24780938738047  1.0000000000000013 9.1162237064899792 -0.59561082485594707 149.83333333333334  1 
9.8896500908911769 -5.9839895372139775 127.66666666666666  1 9.8360930879126851 -7.683145951073147 129.32986206441618  1.0000000000000075 9.2779932098328199 -7.4232466998859259 130.9967442008043  0.99999999999998845 9.5889489870199967 -8.3286183331611063 133.70356142738024  1.0000000000000071 7.8976229293912628 -6.8026734999336949 138.84341879764065  0.99999999999999201 8.6311706939640764 -6.4349858518692029 144.18634891580598  1.0000000000000053 7.5333457202311571 -4.4055516225534745 146.78244787110091  0.99999999999999822 8.7124645773512999 -3.3125800637552278 149.24780938738076  1.0000000000000013 9.1214283197349388 -0.59682119525798238 149.83333333333337  1 
9.9303717168561079 -5.9887776360692939 127.66666666666666  1 9.8897467764228253 -7.6910540644083571 129.32986206441609  1.0000000000000075 9.3443987118324223 -7.4370736167320164 130.99674420080444  0.99999999999998845 9.658878606054321 -8.3408658060631549 133.70356142738012  1.0000000000000071 7.9669819087447458 -6.8202692366327078 138.84341879764091  0.99999999999999201 8.6897872725089176 -6.4464127262760655 144.18634891580564  1.0000000000000053 7.5800539737417756 -4.4198377193660718 146.78244787110154  0.99999999999999822 8.7413009148049294 -3.3178749247651727 149.24780938738047  1.0000000000000013 9.1264085951152065 -0.59792436278253591 149.83333333333337  1 
9.9655172273482222 -5.9927183065082277 127.66666666666666  1 9.9360586290922903 -7.6976570081955282 129.32986206441635  1.0000000000000075 9.4017285417480192 -7.4487471630355513 130.99674420080387  0.99999999999998845 9.7192352659029417 -8.3512030137281226 133.70356142738055  1.0000000000000071 8.0268665079792711 -6.8352061375684476 138.8434187976402  0.99999999999999201 8.7403833997499252 -6.456075343331106 144.18634891580638  1.0000000000000053 7.6203919917551133 -4.4319934900442952 146.78244787110069  0.99999999999999822 8.7661918922803039 -3.3223396678507044 149.24780938738076  1.0000000000000013 9.1307091006382795 -0.59885388615975221 149.83333333333337  1 
9.9937486677670684 -5.9956790074176638 127.66666666666666  1 9.9732650949544634 -7.7027250897485757 129.32986206441635  1.0000000000000075 9.4477989528427724 -7.4578471443534546 130.99674420080387  0.99999999999998845 9.7677214704006747 -8.3592586965359086 133.70356142738055  1.0000000000000071 8.074995285832987 -6.8469390802300456 138.8434187976402  0.99999999999999201 8.7810327931609624 -6.4636251264653763 144.18634891580638  1.0000000000000053 7.6528219753733469 -4.4415719059951089 146.78244787110069  0.99999999999999822 8.7861898083136651 -3.325814345802681 149.24780938738076  1.0000000000000013 9.134165917950483 -0.59957651713250593 149.83333333333337  1 
10.071611575718137 -6.0032808534473556 127.66666666666664  1 10.075895827506505 -7.716066514392379 129.32986206441592  1.0000000000000075 9.5749172101513391 -7.4821866260108827 130.99674420080487  0.99999999999998845 9.9014609322988214 -8.3808033065353342 133.70356142737973  1.0000000000000071 8.2078083629567544 -6.8785744086449592 138.84341879764136  0.99999999999999201 8.8931675437119928 -6.4838749412744709 144.1863489158055  1.0000000000000053 7.7423417032619835 -4.4674721880736428 146.78244787110154  0.99999999999999822 8.8413564403622136 -3.3350983989618777 149.24780938738047  1.0000000000000013 9.1437063051650096 -0.60150410760520934 149.83333333333337  1 
10.172258512086881 -6.0112042039666411 127.66666666666664  1 10.208610099657172 -7.731152533265468 129.32986206441592  1.0000000000000075 9.7394186448261877 -7.5111120341717754 130.99674420080487  0.99999999999998845 10.074385221705855 -8.4063852099416483 133.70356142737973  1.0000000000000071 8.379734015881608 -6.9170321272710922 138.84341879764136  0.99999999999999201 9.0381960798154637 -6.5081262891873308 144.1863489158055  1.0000000000000053 7.8583178856659686 -4.4992024030454552 146.78244787110154  0.99999999999999822 8.9127080123487268 -3.3460971937787805 149.24780938738047  1.0000000000000013 9.1560599913695206 -0.60377559642260814 149.83333333333337  1 
10.269399203710771 -6.0158978483979473 127.66666666666661  1 10.336830719608242 -7.7421741418497154 129.32986206441652  1.0000000000000075 9.8984831367506132 -7.5354860293487631 130.99674420080376  0.99999999999998845 10.24144111518085 -8.4276225179387936 133.70356142738055  1.0000000000000071 8.5461109688545935 -6.9505667535759104 138.8434187976402  0.99999999999999201 9.1783596012404782 -6.5286307433125188 144.18634891580638  1.0000000000000053 7.9706912783186885 -4.527241872886453 146.78244787110069  0.99999999999999822 8.9816638541704563 -3.3552068672092803 149.24780938738076  1.0000000000000013 9.1680164782176536 -0.60563787632758936 149.83333333333337  1 
10.316095236814007 -6.017523295105013 127.66666666666664  1 10.398495299528426 -7.7467372027820414 129.32986206441592  1.0000000000000075 9.9750253274097478 -7.5463951494345123 130.99674420080487  0.99999999999998845 10.321786393513896 -8.4371358898400466 133.70356142737973  1.0000000000000071 8.6261951549761662 -6.9659263509102471 138.84341879764136  0.99999999999999201 9.2457844119060706 -6.5378940134800061 144.1863489158055  1.0000000000000053 8.0248094434864061 -4.5401781566499002 146.78244787110154  0.99999999999999822 9.0148337688909876 -3.3592751016963507 149.24780938738047  1.0000000000000013 9.1737710475091916 -0.60646436954261573 149.83333333333334  1 
10.359438688486881 -6.0189470742734521 127.66666666666664  1 10.45573644902295 -7.7508735959140473 129.32986206441592  1.0000000000000075 10.046082780028422 -7.556412410718151 130.99674420080487  0.99999999999998845 10.396368774710409 -8.4458724093299899 133.70356142737973  1.0000000000000071 8.7005439142803898 -6.9800810371270163 138.84341879764136  0.99999999999999201 9.3083748537713387 -6.5464122796343709 144.1863489158055  1.0000000000000053 8.07505559199506 -4.5521127644668633 146.78244787110154  0.99999999999999822 9.0456252709455214 -3.3630094026668096 149.24780938738047  1.0000000000000013 9.1791134084371286 -0.60722227715839394 149.83333333333334  1 
10.412870585036028 -6.0199847241938489 127.66666666666664  1 10.526334457199562 -7.7551323360757465 129.32986206441595  1.0000000000000075 10.133770420390569 -7.5678471875166267 130.99674420080476  0.99999999999998845 10.488360404221568 -8.4558446737805504 133.70356142737987  1.0000000000000071 8.7923194962651046 -6.9966744133621894 138.84341879764116  0.99999999999999201 9.3855900628673155 -6.5562364695124362 144.18634891580567  1.0000000000000053 8.1371112051857253 -4.5662128630655356 146.78244787110111  0.99999999999999822 9.0836102071829732 -3.3672593252247927 149.24780938738076  1.0000000000000013 9.1857072593127622 -0.60807861090428794 149.83333333333334  1 
10.463687692884166 -6.0201772460706895 127.66666666666664  1 10.593526424619633 -7.7582174449186461 129.32986206441595  1.0000000000000075 10.217276831397735 -7.5777396806958093 130.99674420080476  0.99999999999998845 10.575930345833456 -8.4643980694497056 133.70356142737987  1.0000000000000071 8.879748218656216 -7.0115685555939002 138.84341879764116  0.99999999999999201 9.4591067449976656 -6.5648159859085444 144.18634891580567  1.0000000000000053 8.1962644754902296 -4.5789729281525746 146.78244787110111  0.99999999999999822 9.1197722600548961 -3.3709109706016123 149.24780938738076  1.0000000000000013 9.1919879078298106 -0.6088057211584571 149.83333333333334  1 
10.492166222452155 -6.0201615162400754 127.66666666666664  1 10.63118968033378 -7.7597951881867289 129.32986206441595  1.0000000000000075 10.264092673664251 -7.5831300176212135 130.99674420080476  0.99999999999998845 10.625018955087802 -8.4690466831884237 133.70356142737987  1.0000000000000071 8.9287679310050709 -7.019775583006135 138.84341879764116  0.99999999999999201 9.5003192937455694 -6.5695074749044871 144.18634891580567  1.0000000000000053 8.2294363322268804 -4.5860216312909223 146.78244787110111  0.99999999999999822 9.140043725794639 -3.3728974952848874 149.24780938738076  1.0000000000000013 9.1955091643453013 -0.60919956615114035 149.83333333333334  1 
10.5182912777481 -6.0200055597974353 127.66666666666661  1 10.665749751140273 -7.7610692230426981 129.32986206441595  1.0000000000000075 10.307060174868434 -7.5878991235329885 130.9967442008051  0.99999999999998845 10.670066336851839 -8.4731451987005304 133.7035614273795  1.0000000000000071 8.9737638084229037 -7.0271443380362353 138.84341879764168  0.99999999999999201 9.53814098108165 -6.5736775200894346 144.18634891580521  1.0000000000000053 8.259891666694779 -4.5923713777627775 146.78244787110171  0.99999999999999822 9.1586466797374957 -3.3746511776061814 149.24780938738047  1.0000000000000013 9.1987411509143246 -0.60954524264034737 149.83333333333334  1 
10.598379803382246 -6.0189089407021239 127.66666666666664  1 10.771740416882603 -7.7642095961771176 129.32986206441538  1.0000000000000075 10.438874390336247 -7.6017515052011344 130.99674420080601  0.99999999999998845 10.808236884819822 -8.4849790933491533 133.70356142737887  1.0000000000000071 9.1118264238943603 -7.0490370309752581 138.84341879764258  0.99999999999999201 9.6541582905126369 -6.5858655056741782 144.18634891580436  1.0000000000000053 8.3533634659433513 -4.6113541454253602 146.78244787110305  0.99999999999999822 9.2157089052241403 -3.3797142281770998 149.24780938737987  1.0000000000000013 9.2086568112773453 -0.61053636523320154 149.83333333333334  1 
10.694528918193699 -6.0155852756455701 127.66666666666666  1 10.899128310362167 -7.7655045428620042 129.32986206441538  1.0000000000000075 10.597439545509742 -7.6158725559263853 130.99674420080601  0.99999999999998845 10.974367544305172 -8.4968097650405152 133.70356142737887  1.0000000000000071 9.2779894712349602 -7.0730603589528762 138.84341879764258  0.99999999999999201 9.7936864785381932 -6.598544334982142 144.18634891580436  1.0000000000000053 8.4659319937688515 -4.6326272413167562 146.78244787110305  0.99999999999999822 9.2843299990262018 -3.3847515641618529 149.24780938737987  1.0000000000000013 9.2205863939214954 -0.61150308965592559 149.83333333333334  1 
10.785377186536794 -6.0099069100723792 127.66666666666666  1 11.019671132458257 -7.7636690455847646 129.32986206441538  1.0000000000000075 10.747768879972982 -7.6258819327555205 130.99674420080601  0.99999999999998845 11.131743610776057 -8.5049657589638219 133.70356142737887  1.0000000000000071 9.4356137823792565 -7.0928434254901847 138.84341879764258  0.99999999999999201 9.925908528358022 -6.608030453697241 144.18634891580436  1.0000000000000053 8.5728022907645354 -4.6507782523043755 146.78244787110305  0.99999999999999822 9.3493488760266033 -3.3881774144345753 149.24780938737987  1.0000000000000013 9.2318933648397188 -0.61212961590928117 149.83333333333334  1 
10.828938692198506 -6.0066921917839009 127.66666666666666  1 11.077509517985298 -7.7621909120417154 129.32986206441538  1.0000000000000075 10.81995144148064 -7.6300464854967753 130.99674420080601  0.99999999999998845 11.207295274740421 -8.5082805894058602 133.70356142737887  1.0000000000000071 9.5113232510255674 -7.1017643485717432 138.84341879764258  0.99999999999999201 9.9893928068601578 -6.6120896138067229 144.18634891580436  1.0000000000000053 8.6241505906527376 -4.6591029305610263 146.78244787110305  0.99999999999999822 9.3805642963384894 -3.3895588624124349 149.24780938737987  1.0000000000000013 9.237322135072759 -0.61237391374070771 149.83333333333334  1 
10.883784825502469 -6.0024206563219016 127.66666666666666  1 11.150348651986643 -7.7600570172213779 129.32986206441538  1.0000000000000075 10.910878602533156 -7.6350013254470346 130.99674420080601  0.99999999999998845 11.302460416191778 -8.5121820088703615 133.70356142737887  1.0000000000000071 9.6067045438309151 -7.1127388477898519 138.84341879764258  0.99999999999999201 10.069361576264621 -6.6169769667602267 144.18634891580436  1.0000000000000053 8.6888485207828019 -4.6694115465552679 146.78244787110305  0.99999999999999822 9.4198840921200127 -3.391178995590157 149.24780938737987  1.0000000000000013 9.2441604845703242 -0.61265589923079999 149.83333333333334  1 
10.944156224378377 -5.9967250647508266 127.66666666666666  1 11.230605969785769 -7.7564931243730442 129.32986206441538  1.0000000000000075 11.011169548958444 -7.6391812713401448 130.99674420080601  0.99999999999998845 11.407404425122563 -8.5152626546956505 133.70356142737887  1.0000000000000071 9.711962139911952 -7.1236765150346315 138.84341879764258  0.99999999999999201 10.157563958895677 -6.6213617347900131 144.18634891580436  1.0000000000000053 8.7602795353732326 -4.6799923474237008 146.78244787110305  0.99999999999999822 9.4632471410364349 -3.3924313773209045 149.24780938737987  1.0000000000000013 9.2517022507338176 -0.61285267321087455 149.83333333333334  1 
10.997128875164375 -5.9908368957553098 127.66666666666669  1 11.301101484050443 -7.7522722998667133 129.32986206441657  1.0000000000000075 11.099372648034842 -7.6416887104450115 130.99674420080353  0.99999999999998845 11.499673330770811 -8.5168871496866583 133.70356142738078  1.0000000000000071 9.804591518375636 -7.1322154926137316 138.84341879763991  0.99999999999999201 10.235132252484744 -6.6243149723768182 144.18634891580683  1.0000000000000053 8.8231678977000865 -4.6885734689806711 146.78244787109978  0.99999999999999822 9.5013779856399641 -3.393048086465202 149.24780938738135  1.0000000000000013 9.258333105532806 -0.61292315036397982 149.83333333333334  1 
11.016181711188704 -5.9886514859080284 127.66666666666666  1 11.326462520505238 -7.7506709771900297 129.32986206441589  1.0000000000000075 11.13111258594027 -7.6425025145937244 130.99674420080481  0.99999999999998845 11.532874492216427 -8.5173893535953464 133.70356142737987  1.0000000000000071 9.8379286869654514 -7.1352065716647912 138.84341879764105  0.99999999999999201 10.263045261330003 -6.6253087794639356 144.18634891580592  1.0000000000000053 8.8458033769843425 -4.6916066171672659 146.78244787110069  0.99999999999999822 9.5150990496518109 -3.3932330673047915 149.24780938738104  1.0000000000000013 9.260719065667498 -0.61294073761852963 149.83333333333334  1 
11.041170490673347 -5.9857080825468598 127.66666666666666  1 11.35973134468669 -7.7484757916268761 129.32986206441589  1.0000000000000075 11.172759058493112 -7.6434693895326333 130.99674420080481  0.99999999999998845 11.576436159215849 -8.5179543306185472 133.70356142737987  1.0000000000000071 9.8816759691314839 -7.1390380810013339 138.84341879764105  0.99999999999999201 10.299670409623101 -6.6265340998508506 144.18634891580592  1.0000000000000053 8.8755095347663406 -4.6955239707804601 146.78244787110069  0.99999999999999822 9.5331022821937097 -3.3934336564043366 149.24780938738104  1.0000000000000013 9.2638495407606651 -0.61295494735454481 149.83333333333334  1 
11.118436425142287 -5.976008695496045 127.66666666666666  1 11.46265040490583 -7.7409502962775329 129.32986206441589  1.0000000000000075 11.301671972665879 -7.6456787891221456 130.99674420080481  0.99999999999998845 11.711261459310139 -8.5189738408461206 133.70356142737987  1.0000000000000071 10.01713178656748 -7.1501743578555361 138.84341879764105  0.99999999999999201 10.413040493512558 -6.6297177959555222 144.18634891580592  1.0000000000000053 8.9675093190598112 -4.7071595854909374 146.78244787110069  0.99999999999999822 9.588825894831654 -3.3937296718464416 149.24780938738104  1.0000000000000013 9.2735381325279214 -0.61293012965456239 149.83333333333334  1 
11.209530601991634 -5.9625076904489598 127.66666666666666  1 11.584167492083495 -7.7295297739807225 129.32986206441635  1.0000000000000075 11.454157350897582 -7.6455788270416392 130.99674420080382  0.99999999999998845 11.87068704655516 -8.5176617766747942 133.70356142738069  1.0000000000000071 10.177499412889581 -7.1608388173060114 138.84341879763991  0.99999999999999201 10.547140157520086 -6.6313889682939813 144.18634891580683  1.0000000000000053 9.0765078043095464 -4.7191946873234079 146.78244787109978  0.99999999999999822 9.6547207639994959 -3.3929711616279565 149.24780938738135  1.0000000000000013 9.2849923535942605 -0.61266318419124444 149.83333333333334  1 
11.286235361199246 -5.9492180363867684 127.66666666666666  1 11.68666444468351 -7.7175398803010022 129.32986206441635  1.0000000000000075 11.583065365940762 -7.6429493235074943 130.99674420080382  0.99999999999998845 12.005423024943379 -8.5142031177274138 133.70356142738069  1.0000000000000071 10.313214361087981 -7.1675105656409723 138.84341879763991  0.99999999999999201 10.660514185845139 -6.6308462949972418 144.18634891580683  1.0000000000000053 9.1688211451576631 -4.7277558985957144 146.78244787109978  0.99999999999999822 9.7104117623023001 -3.3912947726721554 149.24780938738135  1.0000000000000013 9.2946676695630508 -0.61221636296218873 149.83333333333334  1 
11.332003289126591 -5.9409288780169014 127.66666666666666  1 11.747856015453111 -7.7099411513260154 129.32986206441635  1.0000000000000075 11.660079059392794 -7.6409023112826038 130.99674420080382  0.99999999999998845 12.085913910808287 -8.5116975700176614 133.70356142738069  1.0000000000000071 10.394323474916364 -7.1710584376732402 138.84341879763991  0.99999999999999201 10.728251214182567 -6.6301565281723587 144.18634891580683  1.0000000000000053 9.2240046663861097 -4.7325693193443028 146.78244787109978  0.99999999999999822 9.7436812627974589 -3.3900997190182478 149.24780938738135  1.0000000000000013 9.3004464724221236 -0.61190812856894616 149.83333333333334  1 
11.396232152275035 -5.9287851454006688 127.66666666666666  1 11.833778258445138 -7.6986451213994478 129.32986206441592  1.0000000000000075 11.768295464530055 -7.6373498791912766 130.9967442008049  0.99999999999998845 12.199009984698312 -8.5075530793636656 133.70356142737992  1.0000000000000071 10.508335571992189 -7.1754216902784176 138.84341879764074  0.99999999999999201 10.823438048743677 -6.6286681420671831 144.18634891580621  1.0000000000000053 9.3015926715309831 -4.738905042318172 146.78244787110049  0.99999999999999822 9.7904273183377235 -3.3881456393509546 149.24780938738104  1.0000000000000013 9.3085644167934625 -0.61141637779425906 149.83333333333334  1 
11.464603816434135 -5.914409020659158 127.66666666666666  1 11.92538294732789 -7.6848166163042881 129.32986206441592  1.0000000000000075 11.883892576498919 -7.6316312913108915 130.9967442008049  0.99999999999998845 12.319811538350759 -8.5013487821580949 133.70356142737992  1.0000000000000071 10.630247525611967 -7.1783118608745102 138.84341879764074  0.99999999999999201 10.925140931582183 -6.6255994868830541 144.18634891580621  1.0000000000000053 9.384608968458549 -4.7444555181084844 146.78244787110049  0.99999999999999822 9.8403563666492193 -3.385275237543881 149.24780938738104  1.0000000000000013 9.3172294540122795 -0.61072453445926678 149.83333333333334  1 
11.51496904414582 -5.9030285861411027 127.66666666666664  1 11.992940060391847 -7.6736339356081853 129.32986206441612  1.0000000000000075 11.969277837083672 -7.6263556849013661 130.99674420080461  0.99999999999998845 12.409035972174841 -8.4957871217286378 133.70356142737998  1.0000000000000071 10.720370434101296 -7.1794773480743741 138.84341879764074  0.99999999999999201 11.000277556136142 -6.6225195869870843 144.18634891580621  1.0000000000000053 9.4460054037560095 -4.747888724941201 146.78244787110049  0.99999999999999822 9.8772333443394871 -3.3827245897995923 149.24780938738104  1.0000000000000013 9.3236254774064378 -0.61012250851623251 149.83333333333334  1 
11.52666488960722 -5.9003453973253066 127.66666666666666  1 12.008632194726861 -7.6709860703862516 129.32986206441612  1.0000000000000075 11.989117995491183 -7.6250761588944584 130.99674420080461  0.99999999999998845 12.429767981244355 -8.4944448168412414 133.70356142737998  1.0000000000000071 10.741315187530818 -7.1796986473624091 138.84341879764074  0.99999999999999201 11.017737118386178 -6.6217624220071674 144.18634891580621  1.0000000000000053 9.46027543646208 -4.7486524199786038 146.78244787110049  0.99999999999999822 9.8858019643797981 -3.3821099406423856 149.24780938738104  1.0000000000000013 9.3251114333656275 -0.60997797757917183 149.83333333333334  1 
11.552095052433183 -5.8944595934657489 127.66666666666666  1 12.042756558414556 -7.665163412728428 129.32986206441612  1.0000000000000075 12.03227162800858 -7.6222243261638791 130.99674420080461  0.99999999999998845 12.474861197837617 -8.4914611392857235 133.70356142737998  1.0000000000000071 10.786876209906819 -7.1801165207894702 138.84341879764074  0.99999999999999201 11.055713849163475 -6.6200623421680032 144.18634891580621  1.0000000000000053 9.4913187337339089 -4.7502698747281693 146.78244787110049  0.99999999999999822 9.9044391031184968 -3.3807448672592 149.24780938738104  1.0000000000000013 9.3283431892226556 -0.60965766501865326 149.83333333333334  1 
11.625173715803706 -5.8770158816003661 127.66666666666666  1 12.140872058332691 -7.6477611242195209 129.32986206441612  1.0000000000000075 12.156439783174731 -7.6133149794476092 130.99674420080461  0.99999999999998845 12.604607751570319 -8.4822204187790362 133.70356142737998  1.0000000000000071 10.918020726205032 -7.1806695551674959 138.84341879764074  0.99999999999999201 11.164997011645932 -6.6146262846339869 144.18634891580621  1.0000000000000053 9.580693037704318 -4.7544775650947626 146.78244787110049  0.99999999999999822 9.958062950596366 -3.3765287918669418 149.24780938738104  1.0000000000000013 9.3376390528747493 -0.60867516568072033 149.83333333333337  1 
11.709107649077282 -5.8549046223375543 127.66666666666666  1 12.253767953188735 -7.6251484564103755 129.32986206441652  1.0000000000000075 12.299685413559063 -7.6002612353752763 130.99674420080373  0.99999999999998845 12.754282078721978 -8.4689815572016904 133.70356142738069  1.0000000000000071 11.069513230743707 -7.1787514069699716 138.84341879763991  0.99999999999999201 11.291113959953693 -6.6062119680040796 144.18634891580683  1.0000000000000053 9.6840105792330213 -4.7575803531834397 146.78244787109978  0.99999999999999822 10.019916280847543 -3.3705288097717419 149.24780938738135  1.0000000000000013 9.3483503811536686 -0.60730290903149231 149.83333333333334  1 
11.775647399470344 -5.8358670747024748 127.66666666666666  1 12.343419664443486 -7.6053147396292582 129.32986206441652  1.0000000000000075 12.413734969370926 -7.587820292810612 130.99674420080373  0.99999999999998845 12.873452359255161 -8.4565550314845819 133.70356142738069  1.0000000000000071 11.190280674718396 -7.1753472062825754 138.84341879763991  0.99999999999999201 11.391564226850885 -6.5979431411108482 144.18634891580683  1.0000000000000053 9.7664270139893485 -4.7587662548246872 146.78244787109978  0.99999999999999822 10.069156885529583 -3.3649199829372178 149.24780938738135  1.0000000000000013 9.3568676189829318 -0.60603654628699588 149.83333333333334  1 
11.822648169421694 -5.822167008226188 127.66666666666666  1 12.406771680387372 -7.5909850190135977 129.32986206441652  1.0000000000000075 12.494376949968702 -7.5786812410068256 130.99674420080373  0.99999999999998845 12.957717004086538 -8.4474525747104749 133.70356142738069  1.0000000000000071 11.275699170161134 -7.1726260747118786 138.84341879763991  0.99999999999999201 11.462598035806202 -6.5918335830329848 144.18634891580683  1.0000000000000053 9.8247288127568932 -4.7593898596199296 146.78244787109978  0.99999999999999822 10.103973333976807 -3.3608148484207674 149.24780938738135  1.0000000000000013 9.3628881496361949 -0.60511207901761788 149.83333333333334  1 
11.895149895207057 -5.8001460433982102 127.66666666666666  1 12.504587777979033 -7.5677562034346124 129.32986206441635  1.0000000000000075 12.619061866115535 -7.5633494238165051 130.99674420080382  0.99999999999998845 13.088010796957368 -8.4322695800213765 133.70356142738069  1.0000000000000071 11.407862784316876 -7.1673162431851178 138.84341879763991  0.99999999999999201 11.572454652015985 -6.5814644654053369 144.18634891580683  1.0000000000000053 9.9149672710681713 -4.7595996578611963 146.78244787109978  0.99999999999999822 10.157803393324459 -3.3539787937955619 149.24780938738135  1.0000000000000013 9.3721904136434588 -0.60358078207088939 149.83333333333334  1 
11.967068831109682 -5.7764797406546791 127.66666666666666  1 12.601806926534843 -7.5423855559291333 129.32986206441635  1.0000000000000075 12.743342938021074 -7.5455904166261956 130.99674420080382  0.99999999999998845 13.21792291303025 -8.4148334859554801 133.70356142738069  1.0000000000000071 11.539808182934141 -7.1597423068148647 138.84341879763991  0.99999999999999201 11.682031334434207 -6.5692148659926817 144.18634891580683  1.0000000000000053 10.005120223173209 -4.7582484237530913 146.78244787109978  0.99999999999999822 10.211463274293733 -3.3461510476125786 149.24780938738135  1.0000000000000013 9.3814491558360604 -0.60184468531895896 149.83333333333334  1 
12.010936201640215 -5.76139587165276 127.66666666666669  1 12.661171641700378 -7.5260739003910473 129.32986206441635  1.0000000000000075 12.819370778846507 -7.5338413750758715 130.99674420080382  0.99999999999998845 13.2974065352676 -8.4033415278108627 133.70356142738069  1.0000000000000071 11.620604334571135 -7.1542901443589724 138.84341879763991  0.99999999999999201 11.749090274275538 -6.5610345882797452 144.18634891580683  1.0000000000000053 10.060345889074787 -4.7568621756506388 146.78244787109978  0.99999999999999822 10.244290124966609 -3.3409987069332598 149.24780938738135  1.0000000000000013 9.3871077158707976 -0.60070803165582265 149.83333333333334  1 
12.020148400942995 -5.7582080265382167 127.66666666666666  1 12.673640336695472 -7.5226223363908646 129.32986206441635  1.0000000000000075 12.835343641614831 -7.5313454654365319 130.99674420080382  0.99999999999998845 13.314105782254762 -8.4009014746933879 133.70356142738069  1.0000000000000071 11.637581462746851 -7.1531192154846286 138.84341879763991  0.99999999999999201 11.763179674209065 -6.559294613286494 144.18634891580683  1.0000000000000053 10.071950720067203 -4.7565535283424634 146.78244787109978  0.99999999999999822 10.251186824984584 -3.339904923255903 149.24780938738135  1.0000000000000013 9.3882963673168476 -0.60046690969973138 149.83333333333334  1 
12.045523048391571 -5.749361707826826 127.66666666666666  1 12.707991463811149 -7.5130304675273774 129.32986206441635  1.0000000000000075 12.87936278293293 -7.5243777987077465 130.99674420080387  0.99999999999998845 13.360127923291801 -8.3940936912989716 133.70356142738055  1.0000000000000071 11.684376277146711 -7.1498096589094597 138.8434187976402  0.99999999999999201 11.802011007916054 -6.5544301652805128 144.18634891580638  1.0000000000000053 10.103939752320352 -4.755646465405202 146.78244787110069  0.99999999999999822 10.270193339935386 -3.3368538916330643 149.24780938738076  1.0000000000000013 9.3915715873703522 -0.59979488932021918 149.83333333333334  1 
12.117495828838383 -5.7236895983672547 127.66666666666666  1 12.805483531589328 -7.4850740275443819 129.32986206441592  1.0000000000000075 13.004418639632485 -7.5037917167754005 130.99674420080487  0.99999999999998845 13.490885016471402 -8.3740148478665191 133.70356142737987  1.0000000000000071 11.817389053197681 -7.1396749887298494 138.84341879764102  0.99999999999999201 11.912353744680617 -6.5399963261936271 144.18634891580578  1.0000000000000053 10.194886453414881 -4.7525690019312421 146.78244787110134  0.99999999999999822 10.324190688235326 -3.3278608187851311 149.24780938738047  1.0000000000000013 9.400871408894842 -0.59781911850154212 149.83333333333334  1 
12.189082737917966 -5.6963058660462398 127.66666666666664  1 12.902638365342172 -7.4548766796748644 129.32986206441595  1.0000000000000075 13.129448731179583 -7.4806729708066833 130.99674420080473  0.99999999999998845 13.621653211621201 -8.351578300063716 133.70356142737995  1.0000000000000071 11.950607279674776 -7.1271960601173197 138.84341879764096  0.99999999999999201 12.02275442528898 -6.5235999916372958 144.1863489158055  1.0000000000000053 10.286041754926453 -4.7478882002444509 146.78244787110199  0.99999999999999822 10.378176405929457 -3.3178295796150192 149.24780938738016  1.0000000000000013 9.4101531624464752 -0.59563138324803055 149.83333333333334  1 
12.249129602770148 -5.6721084790778118 127.66666666666661  1 12.984254122329864 -7.4279578358421716 129.32986206441623  1.0000000000000075 13.23476574464509 -7.4594882525832542 130.99674420080433  0.99999999999998845 13.731837495005886 -8.3310952325253584 133.70356142738012  1.0000000000000071 12.062983634654499 -7.1151054085305505 138.84341879764091  0.99999999999999201 12.115809670697852 -6.508468999359077 144.18634891580564  1.0000000000000053 10.362979518033677 -4.742866948795613 146.78244787110154  0.99999999999999822 10.423651737487763 -3.3086824973006044 149.24780938738047  1.0000000000000013 9.4179598178592627 -0.5936473827844021 149.83333333333334  1 
12.296218272950837 -5.6529409859806261 127.66666666666661  1 13.048276329114001 -7.4065995896174082 129.32986206441623  1.0000000000000075 13.317424279080674 -7.4425947965415808 130.99674420080433  0.99999999999998845 13.818321747294576 -8.3147721197268645 133.70356142738018  1.0000000000000071 12.151208219531012 -7.1053699191245823 138.84341879764065  0.99999999999999201 12.188854280553254 -6.4963876739731088 144.18634891580598  1.0000000000000053 10.423388702570961 -4.7387579499775203 146.78244787110091  0.99999999999999822 10.459343574736302 -3.3013946850979554 149.24780938738076  1.0000000000000013 9.4240850927618318 -0.59206824156871585 149.83333333333334  1 
12.374538336217078 -5.6197190953612424 127.66666666666664  1 13.154896653078234 -7.3693368863223769 129.32986206441589  1.0000000000000075 13.455388088185058 -7.4125334864005801 130.99674420080495  0.99999999999998845 13.962715217640856 -8.2857982787050091 133.7035614273797  1.0000000000000071 12.298643850600646 -7.0873977098708885 138.8434187976415  0.99999999999999201 12.310843907258773 -6.4747823115970702 144.18634891580493  1.0000000000000053 10.524388217056799 -4.7307233123128087 146.78244787110262  0.99999999999999822 10.518919873896353 -3.2884696673303115 149.24780938737987  1.0000000000000013 9.4342960608699435 -0.5892788395322095 149.83333333333334  1 
12.445902274901062 -5.5874183715952679 127.66666666666664  1 13.252249352386375 -7.3327293587096509 129.32986206441595  1.0000000000000075 13.581820958767276 -7.3821425107316543 130.99674420080473  0.99999999999998845 14.0951420293104 -8.2565910792311694 133.70356142737995  1.0000000000000071 12.434056649404315 -7.0682894967301619 138.84341879764096  0.99999999999999201 12.422774534142114 -6.4527719185635499 144.1863489158055  1.0000000000000053 10.617222744986677 -4.7215596755772875 146.78244787110199  0.99999999999999822 10.573532699360051 -3.2754580712479204 149.24780938738016  1.0000000000000013 9.4436346949443983 -0.58648929820004581 149.83333333333334  1 
12.483177161902471 -5.5700106963208933 127.66666666666664  1 13.303148915286007 -7.3129012040485781 129.32986206441595  1.0000000000000075 13.648055095161732 -7.3654675120716879 130.99674420080473  0.99999999999998845 14.164539303333399 -8.2405827758314434 133.70356142737995  1.0000000000000071 12.505078110191761 -7.0575760077540535 138.84341879764096  0.99999999999999201 12.481446317435363 -6.440651987623295 144.1863489158055  1.0000000000000053 10.66593002486913 -4.7162793096007487 146.78244787110199  0.99999999999999822 10.602146026923513 -3.2683308735448642 149.24780938738016  1.0000000000000013 9.4485214907425608 -0.58496638315539351 149.83333333333334  1 
12.492227518227288 -5.5657732460736078 127.66666666666664  1 13.315508362973008 -7.3080725963273414 129.32986206441589  1.0000000000000075 13.664140730606336 -7.3614025895622461 130.99674420080495  0.99999999999998845 14.181393603719842 -8.2366807057505742 133.7035614273797  1.0000000000000071 12.522328074492568 -7.0549599236208582 138.8434187976415  0.99999999999999201 12.49569606238062 -6.4376966354766401 144.18634891580493  1.0000000000000053 10.67776058484529 -4.7149872280824958 146.78244787110262  0.99999999999999822 10.609095132973771 -3.266593683507979 149.24780938737987  1.0000000000000013 9.4497081893835801 -0.58459528464732236 149.83333333333334  1 
12.516227027637628 -5.5544545625812738 127.66666666666664  1 13.348290474847303 -7.2951601111651394 129.32986206441538  1.0000000000000075 13.706826122493124 -7.3505008510974648 130.99674420080601  0.99999999999998845 14.22612228723583 -8.226218173984357 133.70356142737884  1.0000000000000071 12.568115829433623 -7.0479105763630834 138.84341879764264  0.99999999999999201 12.533515039732682 -6.4297643643965188 144.18634891580405  1.0000000000000053 10.7091658946057 -4.711485366526774 146.78244787110347  0.99999999999999822 10.62753602697938 -3.2619364398617652 149.24780938737959  1.0000000000000013 9.4528564252588669 -0.58360114773887406 149.83333333333334  1 
12.58242498565882 -5.522633671225833 127.66666666666664  1 13.438769362598437 -7.2587510702261682 129.32986206441538  1.0000000000000075 13.824784739027283 -7.3195300695381782 130.99674420080601  0.99999999999998845 14.349754273880023 -8.1965134544354346 133.70356142737884  1.0000000000000071 12.694740665611599 -7.0276423238367869 138.84341879764264  0.99999999999999201 12.638066352608348 -6.4071841041858981 144.18634891580405  1.0000000000000053 10.796036170242406 -4.7012707396028457 146.78244787110347  0.99999999999999822 10.678500166715004 -3.2487185473104847 149.24780938737959  1.0000000000000013 9.4615502993633971 -0.58078514262643655 149.83333333333334  1 
12.646148162299164 -5.4903905264890653 127.66666666666664  1 13.526014152295083 -7.2215759943897595 129.32986206441635  1.0000000000000075 13.938924109394682 -7.287282124173637 130.99674420080387  0.99999999999998845 14.469458595136844 -8.1656351551256812 133.70356142738055  1.0000000000000071 12.817519690418594 -7.0059037919267908 138.8434187976402  0.99999999999999201 12.739342163952141 -6.383555185070259 144.18634891580638  1.0000000000000053 10.880328378281856 -4.6899365681449936 146.78244787110069  0.99999999999999822 10.727821282561116 -3.2349910905044972 149.24780938738076  1.0000000000000013 9.4699460695930959 -0.57787561655171593 149.83333333333334  1 
12.702344375299258 -5.4607897321633052 127.66666666666666  1 13.603058351115353 -7.1872528702933938 129.32986206441635  1.0000000000000075 14.040011650158169 -7.2570447065211763 130.99674420080387  0.99999999999998845 14.575538037139179 -8.1367237418814931 133.70356142738055  1.0000000000000071 12.92644952094787 -6.985087773391875 138.8434187976402  0.99999999999999201 12.829123761579229 -6.3613229327620893 144.18634891580638  1.0000000000000053 10.95515480757537 -4.678833167701085 146.78244787110069  0.99999999999999822 10.771509649517057 -3.2221471951093839 149.24780938738076  1.0000000000000013 9.4773693096322802 -0.57516488570239876 149.83333333333334  1 
12.752431559922444 -5.4341297570009086 127.66666666666666  1 13.671751982298748 -7.1562953194414316 129.32986206441643  1.0000000000000075 14.130212364307029 -7.2296662403320422 130.99674420080362  0.99999999999998845 14.670208221853931 -8.1105554011927286 133.70356142738078  1.0000000000000071 13.023693192640202 -6.9661430309642709 138.84341879763986  0.99999999999999201 12.909256826970079 -6.341175697458489 144.18634891580678  1.0000000000000053 11.021963681534508 -4.6686730900540789 146.78244787110006  0.99999999999999822 10.810494636382034 -3.2105239601870772 149.24780938738104  1.0000000000000013 9.4839901286131738 -0.57271440354828673 149.83333333333334  1 
12.827304778126052 -5.3927503415068561 127.66666666666669  1 13.7745770851676 -7.108001131292303 129.3298620644168  1.0000000000000075 14.265609947969725 -7.186376171681399 130.99674420080302  0.99999999999998845 14.812406024656871 -8.0692257591489973 133.70356142738115  1.0000000000000071 13.169917204801042 -6.9356583653424444 138.84341879763943  0.99999999999999201 13.029661978263544 -6.3092231701488046 144.18634891580697  1.0000000000000053 11.122477962749294 -4.6520272265442051 146.78244787110006  0.99999999999999822 10.869025663131925 -3.1921781670927238 149.24780938738104  1.0000000000000013 9.4939123403004793 -0.5688614090046803 149.83333333333334  1 
12.896195532474222 -5.3525943250539578 127.66666666666666  1 13.869367221632281 -7.0607901875125263 129.32986206441635  1.0000000000000075 14.390929799603827 -7.1432904357062945 130.99674420080387  0.99999999999998845 14.94418591097431 -8.0281216723583952 133.70356142738055  1.0000000000000071 13.30563358009257 -6.9046047342430228 138.8434187976402  0.99999999999999201 13.141301244866916 -6.2772714669603973 144.18634891580638  1.0000000000000053 11.215843458709365 -4.6346869979154368 146.78244787110069  0.99999999999999822 10.923228666479416 -3.1739510519332645 149.24780938738076  1.0000000000000013 9.503074951571735 -0.56505572356148948 149.83333333333334  1 
12.928721062513118 -5.3331467644579424 127.66666666666666  1 13.914159493850686 -7.0378457007156658 129.32986206441635  1.0000000000000075 14.450272751651712 -7.1221771839740313 130.99674420080387  0.99999999999998845 15.006622512664363 -8.0079842184457508 133.70356142738055  1.0000000000000071 13.369990600240941 -6.8892276227989626 138.8434187976402  0.99999999999999201 13.194210100707977 -6.2615791764918081 144.18634891580638  1.0000000000000053 11.260133585475643 -4.6260181652344494 146.78244787110069  0.99999999999999822 10.948901266760583 -3.165025394563536 149.24780938738076  1.0000000000000013 9.5074085247430506 -0.56319754094037888 149.83333333333334  1 
12.939191810186648 -5.3268675951729154 127.66666666666666  1 13.92858065683359 -7.0304344731019075 129.32986206441635  1.0000000000000075 14.469383331961447 -7.1153510424562034 130.99674420080387  0.99999999999998845 15.026730651574043 -8.0014737282353714 133.70356142738055  1.0000000000000071 13.390719347382033 -6.8842501698385457 138.8434187976402  0.99999999999999201 13.211250327930191 -6.2565044001315488 144.18634891580638  1.0000000000000053 11.274399593341737 -4.6232091471728314 146.78244787110069  0.99999999999999822 10.957168979679301 -3.1621398584250415 149.24780938738076  1.0000000000000013 9.5088038937638633 -0.56259701748457036 149.83333333333334  1 
12.959649190981979 -5.3145287597224158 127.66666666666666  1 13.956761780811545 -7.0158597261585633 129.32986206441618  1.0000000000000075 14.506746365584496 -7.1019024712116465 130.9967442008043  0.99999999999998845 15.066048948780452 -7.9886476606831138 133.70356142738024  1.0000000000000071 13.431259250140062 -6.8744214704419839 138.84341879764065  0.99999999999999201 13.244571972701873 -6.2465013761113068 144.18634891580598  1.0000000000000053 11.302302414665375 -4.6176509937325143 146.78244787110091  0.99999999999999822 10.973333943130909 -3.1564557535950355 149.24780938738076  1.0000000000000013 9.511531216714511 -0.5614148325735473 149.83333333333334  1 
13.016610004051463 -5.2796317371992449 127.66666666666666  1 14.035270580713544 -6.9745527805843199 129.32986206441618  1.0000000000000075 14.610972483109206 -7.0635988588983558 130.9967442008043  0.99999999999998845 15.175768251791569 -7.952122035171806 133.70356142738024  1.0000000000000071 13.544448400128353 -6.846257834052043 138.84341879764065  0.99999999999999201 13.337574679697102 -6.217973799546054 144.18634891580598  1.0000000000000053 11.380226357235637 -4.601638229583048 146.78244787110091  0.99999999999999822 11.018433038519493 -3.1402733081080414 149.24780938738076  1.0000000000000013 9.519133438110881 -0.55805508405571747 149.8333333333334  1 
13.076275069323987 -5.2416212588570756 127.66666666666666  1 14.117618766176085 -6.9293326651216764 129.32986206441618  1.0000000000000075 14.720666050323574 -7.0211531625365033 130.9967442008043  0.99999999999998845 15.291350554822065 -7.9116617254949668 133.70356142738024  1.0000000000000071 13.663850396859067 -6.8145972520097722 138.84341879764065  0.99999999999999201 13.435591146139329 -6.1862633805686249 144.18634891580598  1.0000000000000053 11.462483287170645 -4.5834090251406421 146.78244787110091  0.99999999999999822 11.065911385455784 -3.1223607281010746 149.24780938738076  1.0000000000000013 9.5271188383315355 -0.55435211858608191 149.8333333333334  1 
13.131401820629085 -5.2052183422396601 127.66666666666666  1 14.193798417327427 -6.8858337301589057 129.32986206441618  1.0000000000000075 14.822466447085162 -6.9798525449702238 130.9967442008043  0.99999999999998845 15.398720191249344 -7.8723099771687401 133.70356142738024  1.0000000000000071 13.774909267602453 -6.7834054726342465 138.84341879764065  0.99999999999999201 13.52668126228707 -6.1553268801339405 144.18634891580598  1.0000000000000053 11.539040208867423 -4.5652590268153164 146.78244787110091  0.99999999999999822 11.109987674046108 -3.1049511235379419 149.24780938738076  1.0000000000000013 9.5345158580762028 -0.55076799531861664 149.8333333333334  1 
13.184647447909066 -5.1695467643503266 127.66666666666666  1 14.267416008048919 -6.8431354366900123 129.32986206441618  1.0000000000000075 14.920971563629992 -6.9391282175748703 130.9967442008043  0.99999999999998845 15.502656650374023 -7.8335142380561464 133.70356142738024  1.0000000000000071 13.882472454765704 -6.7525023521743055 138.84341879764065  0.99999999999999201 13.614873811273885 -6.1247912360528165 144.18634891580598  1.0000000000000053 11.613206142449338 -4.5472055089449217 146.78244787110091  0.99999999999999822 11.152643135664089 -3.087792198504987 149.24780938738076  1.0000000000000013 9.5416679842891909 -0.54724131922567909 149.8333333333334  1 
13.251782401702437 -5.12305231430049 127.66666666666666  1 14.360349117623013 -6.7872652537588074 129.32986206441637  1.0000000000000075 15.045696319462717 -6.8853022784928886 130.99674420080382  0.99999999999998845 15.634392591084673 -7.782250177959277 133.70356142738063  1.0000000000000071 14.01896647366679 -6.7112244493559583 138.84341879764006  0.99999999999999201 13.726698915640119 -6.0843361389618886 144.18634891580663  1.0000000000000053 11.707375592619357 -4.5228829262481964 146.78244787110026  0.99999999999999822 11.20667258385536 -3.0651332480887903 149.24780938738104  1.0000000000000013 9.5507079823390573 -0.5426018469860846 149.8333333333334  1 
13.314190172816163 -5.0778836001392245 127.66666666666666  1 14.446873751862643 -6.7327007854574017 129.32986206441572  1.0000000000000075 15.162276811909752 -6.8320644177965697 130.9967442008053  0.99999999999998845 15.757736012449131 -7.7315241906422774 133.7035614273795  1.0000000000000071 14.146957484877456 -6.6698346035561036 138.8434187976415  0.99999999999999201 13.831453535039271 -6.0441746146262556 144.18634891580538  1.0000000000000053 11.795749155160403 -4.4982362723016998 146.78244787110154  0.99999999999999822 11.257211099001506 -3.0427346229843599 149.24780938738047  1.0000000000000013 9.5591387083250758 -0.53804042197001933 149.83333333333337  1 
13.343933001884361 -5.055884760998274 127.66666666666666  1 14.488139603888811 -6.7060572886173322 129.32986206441538  1.0000000000000075 15.217991952656103 -6.8059097062096452 130.99674420080601  0.99999999999998845 15.816729312291219 -7.7065973988689986 133.70356142737887  1.0000000000000071 14.208226875396987 -6.6493670163322713 138.8434187976425  0.99999999999999201 13.881570654018498 -6.0244082043336631 144.18634891580425  1.0000000000000053 11.838069378909335 -4.4859897930509556 146.78244787110305  0.99999999999999822 11.281371962017047 -3.0317329496127785 149.24780938737987  1.0000000000000013 9.5631630877774967 -0.53580607487506338 149.83333333333337  1 
13.355126123430752 -5.0475673470145903 127.66666666666666  1 14.503671512776373 -6.6959782829196079 129.32986206441595  1.0000000000000075 15.238971841010613 -6.7960028383238438 130.99674420080473  0.99999999999998845 15.838947292174952 -7.6971551397142814 133.70356142737998  1.0000000000000071 14.23130653105161 -6.6416036270407561 138.84341879764074  0.99999999999999201 13.900446907933478 -6.0169182205633156 144.18634891580621  1.0000000000000053 11.854012328084197 -4.4813400486655928 146.78244787110049  0.99999999999999822 11.29047048854593 -3.0275659347960024 149.24780938738104  1.0000000000000013 9.5646781019011353 -0.53496027902135923 149.83333333333337  1 
13.372210248444487 -5.0348116560916498 127.66666666666666  1 14.52738160131136 -6.680512323999892 129.32986206441595  1.0000000000000075 15.271013392708207 -6.780780997873034 130.99674420080473  0.99999999999998845 15.872885526531215 -7.6826463608313666 133.70356142737998  1.0000000000000071 14.266567977696591 -6.6296584783826589 138.84341879764074  0.99999999999999201 13.929282538492556 -6.00540538421071 144.18634891580621  1.0000000000000053 11.878372234092426 -4.4741784608518689 146.78244787110049  0.99999999999999822 11.304367164615448 -3.0211636429007847 149.24780938738104  1.0000000000000013 9.5669912925759615 -0.53366154856910808 149.83333333333337  1 
13.420208537072508 -4.9985423923660512 127.66666666666666  1 14.594021482076494 -6.6364756267602951 129.32986206441595  1.0000000000000075 15.361174922807551 -6.7372961151398121 130.99674420080473  0.99999999999998845 15.968426125918128 -7.6411928064939412 133.70356142737998  1.0000000000000071 14.365882455289055 -6.5954155725971884 138.84341879764074  0.99999999999999201 14.010472824724401 -5.9724838927417636 144.18634891580621  1.0000000000000053 11.946997005384592 -4.4535970844632224 146.78244787110049  0.99999999999999822 11.343477719003888 -3.0028762257586505 149.24780938738104  1.0000000000000013 9.5734960175469475 -0.52995736272018523 149.83333333333334  1 
13.476300824388785 -4.9547629377716556 127.66666666666666  1 14.671980726930141 -6.583126823027377 129.32986206441635  1.0000000000000075 15.466987240352314 -6.6841467414563152 130.99674420080382  0.99999999999998845 16.080689041417738 -7.5905089308490616 133.70356142738069  1.0000000000000071 14.482737526302921 -6.5531812214683995 138.84341879763991  0.99999999999999201 14.105916979470308 -5.9321433869879119 144.18634891580683  1.0000000000000053 12.027796134846325 -4.428046280422933 146.78244787109978  0.99999999999999822 11.38939647932842 -2.9805338477209897 149.24780938738135  1.0000000000000013 9.5811159367800691 -0.52544952916013354 149.83333333333334  1 
13.532953339006282 -4.9090089504281655 127.66666666666666  1 14.750804691189851 -6.5271697721488202 129.32986206441635  1.0000000000000075 15.574330769623499 -6.6278587362311905 130.99674420080382  0.99999999999998845 16.194739137408543 -7.5368153696399034 133.70356142738069  1.0000000000000071 14.601620396568869 -6.5080389488646144 138.84341879763991  0.99999999999999201 14.202926987513518 -5.8893103528111705 144.18634891580683  1.0000000000000053 12.110055043078031 -4.4005594752817547 146.78244787109978  0.99999999999999822 11.436003961922532 -2.956884844059553 149.24780938738135  1.0000000000000013 9.5888311899674861 -0.52069843177842512 149.83333333333334  1 
13.586160229563999 -4.8652109285247906 127.66666666666664  1 14.824879914540862 -6.4735008390194002 129.32986206441606  1.0000000000000075 15.675396598140896 -6.5735832094125621 130.99674420080419  0.99999999999998845 16.30220899006704 -7.485033346201261 133.70356142738058  1.0000000000000071 14.713732512782144 -6.4642956635138109 138.84341879764008  0.99999999999999201 14.294364476482047 -5.8479515847012955 144.18634891580663  1.0000000000000053 12.187659514252202 -4.3738340602639045 146.7824478711  0.99999999999999822 11.479899375974941 -2.93408845205132 149.24780938738135  1.0000000000000013 9.5960873743770492 -0.51612957195047959 149.83333333333334  1 
13.6448965201148 -4.8153823595578169 127.66666666666666  1 14.906734903198208 -6.4122562147048559 129.32986206441612  1.0000000000000075 15.787403308539663 -6.5111416250804659 130.9967442008041  0.99999999999998845 16.421483179304133 -7.4254325893468422 133.70356142738066  1.0000000000000071 14.838311981146187 -6.4135856149354833 138.84341879763991  0.99999999999999201 14.395888210815427 -5.800259625790761 144.1863489158068  1.0000000000000053 12.273948016904823 -4.3426939652986922 146.78244787109958  0.99999999999999822 11.528574187025024 -2.9078702786689723 149.24780938738164  1.0000000000000013 9.6041155813798689 -0.5108948372418598 149.83333333333331  1 
13.697343204731002 -4.7692727904489889 127.66666666666666  1 14.979907214441294 -6.3553745921486335 129.32986206441606  1.0000000000000075 15.887862743133882 -6.4526191370209789 130.99674420080419  0.99999999999998845 16.528670375874817 -7.3695072668997899 133.70356142738058  1.0000000000000071 14.950423193123882 -6.3656248272881992 138.84341879764008  0.99999999999999201 14.487168226119822 -5.7554157559509154 144.18634891580663  1.0000000000000053 12.351658754393226 -4.3130732925867559 146.7824478711  0.99999999999999822 11.572268123327296 -2.8832947505252626 149.24780938738135  1.0000000000000013 9.6113026317185017 -0.50601121710723551 149.83333333333334  1 
13.726172205948133 -4.7434389771290633 127.66666666666666  1 15.020150352291196 -6.3234441452922798 129.32986206441589  1.0000000000000075 15.943216674811545 -6.4196094119716189 130.99674420080461  0.99999999999998845 16.587789578957725 -7.337943507037572 133.70356142738024  1.0000000000000071 15.012311297195112 -6.3384420460840376 138.84341879764062  0.99999999999999201 14.537528627229984 -5.7300781396859728 144.18634891580606  1.0000000000000053 12.39457325462609 -4.2962368098748618 146.78244787110069  0.99999999999999822 11.596353904256551 -2.8694316973607203 149.24780938738104  1.0000000000000013 9.6152585883477837 -0.50326341890729975 149.83333333333334  1 
13.737404288644315 -4.7332971579230012 127.66666666666666  1 15.035832738915373 -6.3108994191290089 129.32986206441609  1.0000000000000075 15.964803991798492 -6.4066161042297152 130.9967442008041  0.99999999999998845 16.610854187374592 -7.3255164543187092 133.70356142738069  1.0000000000000071 15.036464777051471 -6.3277220964738117 138.84341879763991  0.99999999999999201 14.557178479147618 -5.7200980380623925 144.18634891580683  1.0000000000000053 12.411324327944529 -4.289589655063212 146.78244787109978  0.99999999999999822 11.605748498920141 -2.8639747861762861 149.24780938738135  1.0000000000000013 9.6168007021776525 -0.50218288877513495 149.83333333333334  1 
13.75135720368537 -4.7206469247732228 127.66666666666666  1 15.055316117588287 -6.2952455797351838 129.32986206441609  1.0000000000000075 15.991634514901557 -6.3903860392154046 130.9967442008041  0.99999999999998845 16.639526823420209 -7.3099916879186733 133.70356142738069  1.0000000000000071 15.066496760749224 -6.3143181240204491 138.84341879763991  0.99999999999999201 14.581607739305802 -5.7076272249169522 144.18634891580683  1.0000000000000053 12.432154038081629 -4.2812732267327984 146.78244787109978  0.99999999999999822 11.617425857442514 -2.8571584157665306 149.24780938738135  1.0000000000000013 9.6187169291284302 -0.50083389957334745 149.83333333333334  1 
13.790873027046334 -4.6845446498101388 127.66666666666666  1 15.110506018308296 -6.2505375190502281 129.32986206441635  1.0000000000000075 16.067694974946846 -6.3439445062893745 130.99674420080382  0.99999999999998845 16.720841586201608 -7.2655575926324429 133.70356142738069  1.0000000000000071 15.151696939967945 -6.2758911710931944 138.84341879763991  0.99999999999999201 14.650897356030933 -5.6719182186075754 144.18634891580683  1.0000000000000053 12.491256863371877 -4.2574049392096196 146.78244787109978  0.99999999999999822 11.650534587092823 -2.8376532539477539 149.24780938738135  1.0000000000000013 9.6241467973413712 -0.49697762229307851 149.83333333333334  1 
13.843936432556387 -4.6346227196293137 127.66666666666666  1 15.184675537825044 -6.1885417730567935 129.32986206441635  1.0000000000000075 16.170213112446646 -6.279079472544689 130.99674420080382  0.99999999999998845 16.830611679945815 -7.2034407920131507 133.70356142738069  1.0000000000000071 15.266870382261082 -6.2218422772870809 138.84341879763991  0.99999999999999201 14.744478489428866 -5.621917349570337 144.18634891580683  1.0000000000000053 12.571206916827107 -4.2236917031033077 146.78244787109978  0.99999999999999822 11.695184809773609 -2.810410561345082 149.24780938738135  1.0000000000000013 9.6314533769339885 -0.49161170587807301 149.83333333333334  1 
13.904202320430974 -4.5759388959364609 127.66666666666666  1 15.26898872890979 -6.1154411406385716 129.32986206441635  1.0000000000000075 16.287137130429358 -6.2019274531878068 130.99674420080382  0.99999999999998845 16.95605247313884 -7.12948168278729 133.70356142738069  1.0000000000000071 15.398692827403474 -6.1570374937245891 138.84341879763991  0.99999999999999201 14.851477664439757 -5.5622719462306485 144.18634891580683  1.0000000000000053 12.662786933717081 -4.183080066595533 146.78244787109978  0.99999999999999822 11.746147251071054 -2.7780102763956571 149.24780938738135  1.0000000000000013 9.639771095906644 -0.48525848852417991 149.83333333333334  1 
13.954467735596472 -4.5257697354376001 127.66666666666666  1 15.339356833661473 -6.052816446751244 129.32986206441635  1.0000000000000075 16.384950178882821 -6.1354201696791613 130.99674420080382  0.99999999999998845 17.061145120578431 -7.0656813735706105 133.70356142738069  1.0000000000000071 15.509255477051051 -6.1008637616494585 138.84341879763991  0.99999999999999201 14.941155248554672 -5.5107519385139723 144.18634891580683  1.0000000000000053 12.739641024354134 -4.1477659248942826 146.78244787109978  0.99999999999999822 11.78880451145336 -2.7500825909261972 149.24780938738135  1.0000000000000013 9.6467201618062486 -0.47979989226737929 149.83333333333334  1 
14.004410340053743 -4.4745154016206614 127.66666666666666  1 15.409325777646572 -5.9886857388502115 129.32986206441618  1.0000000000000075 16.482452840747538 -6.0668607326366946 130.9967442008043  0.99999999999998845 17.166092148426621 -6.999837620476832 133.70356142738024  1.0000000000000071 15.619800542854197 -6.0425931347617183 138.84341879764065  0.99999999999999201 15.030747410184352 -5.4575072067298489 144.18634891580598  1.0000000000000053 12.816532301615469 -4.1110082035715614 146.78244787110091  0.99999999999999822 11.831357806647869 -2.7212881195737171 149.24780938738076  1.0000000000000013 9.6536374756580958 -0.4741925793814265 149.83333333333334  1 
14.04423893863912 -4.4325198986659968 127.66666666666666  1 15.465163667894817 -5.9360179485347251 129.32986206441578  1.0000000000000075 16.560445450294498 -6.0102134058326175 130.9967442008051  0.99999999999998845 17.250197105837458 -6.945354041261508 133.70356142737973  1.0000000000000071 15.708494320987416 -5.9941503843623298 138.84341879764105  0.99999999999999201 15.102576576064191 -5.413391918240734 144.18634891580598  1.0000000000000053 12.878263114875796 -4.0803523997057081 146.78244787110049  0.99999999999999822 11.865423844189911 -2.6974856901281483 149.24780938738104  1.0000000000000013 9.659163599094807 -0.46957431910834124 149.83333333333334  1 
14.06975560270295 -4.4051495828463576 127.66666666666666  1 15.500950360741758 -5.9016428730975239 129.32986206441623  1.0000000000000075 16.610507897737534 -5.9730990644483253 130.99674420080416  0.99999999999998845 17.304243856245513 -6.9096261078184096 133.70356142738032  1.0000000000000071 15.765536654009651 -5.9622875272371871 138.84341879764048  0.99999999999999201 15.148748059498963 -5.3844387606228059 144.18634891580621  1.0000000000000053 12.917979483418431 -4.0601499939293326 146.78244787110069  0.99999999999999822 11.887300754898458 -2.6818863154454964 149.24780938738076  1.0000000000000013 9.6627077837324471 -0.46655469714171449 149.83333333333334  1 
14.084377352038382 -4.3893284021797028 127.66666666666666  1 15.521460779469773 -5.8817584187471814 129.32986206441623  1.0000000000000075 16.639222961346466 -5.9515884988584116 130.9967442008041  0.99999999999998845 17.335261612840583 -6.8889101851189594 133.70356142738041  1.0000000000000071 15.798287910951938 -5.9437841764394577 138.84341879764031  0.99999999999999201 15.1752501653148 -5.3676438680492131 144.18634891580643  1.0000000000000053 12.940787284234986 -4.0484068124314092 146.78244787110026  0.99999999999999822 11.899851807936288 -2.6728442049730434 149.24780938738104  1.0000000000000013 9.6647397968321727 -0.46480641277060791 149.83333333333334  1 
14.095491237435338 -4.3772205297863369 127.66666666666666  1 15.537052701817274 -5.8665324528613469 129.32986206441623  1.0000000000000075 16.661065581427575 -5.935092625504045 130.9967442008041  0.99999999999998845 17.358866236804083 -6.8730182618914473 133.70356142738041  1.0000000000000071 15.823220146996793 -5.929572736435734 138.84341879764031  0.99999999999999201 15.19542086659639 -5.3547555485400826 144.18634891580643  1.0000000000000053 12.958152615710702 -4.039380743342587 146.78244787110026  0.99999999999999822 11.909400641357561 -2.6659093986794735 149.24780938738104  1.0000000000000013 9.6662849631934247 -0.4634667817393005 149.83333333333334  1 
14.13102836863561 -4.3382914011357867 127.66666666666666  1 15.586913762490861 -5.8175561240267619 129.32986206441623  1.0000000000000075 16.730950720717598 -5.881967422530419 130.9967442008041  0.99999999999998845 17.434415763178226 -6.8218238599503458 133.70356142738041  1.0000000000000071 15.903040675206549 -5.8837482363215603 138.84341879764031  0.99999999999999201 15.259986020133329 -5.3132258617756527 144.18634891580643  1.0000000000000053 13.013755004701956 -4.0102585070913825 146.78244787110026  0.99999999999999822 11.939956028224818 -2.6435742424255846 149.24780938738104  1.0000000000000013 9.6712273574924659 -0.45915528011047557 149.83333333333334  1 
14.177686382507664 -4.2858346338407243 127.66666666666671  1 15.652410845964136 -5.7514242453387912 129.32986206441544  1.0000000000000075 16.82296979902468 -5.8098296912585381 130.99674420080558  0.99999999999998845 17.534062699984709 -6.7522188500233922 133.7035614273795  1.0000000000000071 16.008457791969885 -5.8211702158071796 138.8434187976415  0.99999999999999201 15.345183925375066 -5.2566920086770166 144.18634891580538  1.0000000000000053 13.08723556827532 -3.9703754276297563 146.78244787110154  0.99999999999999822 11.980213489678881 -2.6132374177896454 149.24780938738047  1.0000000000000013 9.6777267377073741 -0.45331841258831646 149.83333333333334  1 
14.242869409030078 -4.209826207358363 127.66666666666671  1 15.743976470253267 -5.6553463396070374 129.32986206441544  1.0000000000000075 16.951999626712691 -5.7041751169594637 130.99674420080558  0.99999999999998845 17.674143473388192 -6.6500909517800908 133.7035614273795  1.0000000000000071 16.156907570415282 -5.7287978812696458 138.8434187976415  0.99999999999999201 15.465026680827862 -5.1736017088784418 144.18634891580538  1.0000000000000053 13.190803656558492 -3.9112786527433303 146.78244787110154  0.99999999999999822 12.036718206282124 -2.5687912893472773 149.24780938738047  1.0000000000000013 9.6868252629884726 -0.44480684616590827 149.83333333333334  1 
14.28779336501769 -4.1557522596512912 127.66666666666671  1 15.807121918526983 -5.5868473113658199 129.32986206441538  1.0000000000000075 17.041201626187675 -5.6283219868606018 130.99674420080561  0.99999999999998845 17.771209037508868 -6.5766588376993882 133.7035614273795  1.0000000000000071 16.259924740280919 -5.6620465034818395 138.84341879764148  0.99999999999999201 15.548112890366824 -5.1137728401325635 144.18634891580541  1.0000000000000053 13.262730169958873 -3.868440461905621 146.78244787110128  0.99999999999999822 12.0758174590026 -2.5368740162241905 149.24780938738076  1.0000000000000013 9.6931069161046057 -0.43871919571841411 149.83333333333334  1 
14.328837598255822 -4.1050465298147003 127.66666666666671  1 15.864842824486658 -5.5224983182877212 129.32986206441524  1.0000000000000075 17.122889878285413 -5.5566925618613885 130.99674420080609  0.99999999999998845 17.860275046750115 -6.5071956942277636 133.70356142737904  1.0000000000000071 16.354562047709983 -5.5986632553210463 138.84341879764222  0.99999999999999201 15.624383771633575 -5.0571157677296421 144.18634891580461  1.0000000000000053 13.328846580284875 -3.8276635792762677 146.78244787110242  0.99999999999999822 12.111652695238107 -2.5067162994580481 149.24780938738016  1.0000000000000013 9.6988538806480573 -0.4329865850520413 149.83333333333334  1 
14.354420284883707 -4.0728903336592328 127.66666666666671  1 15.900831402081103 -5.4816407590460017 129.32986206441538  1.0000000000000075 17.173882457945723 -5.511062214957823 130.99674420080561  0.99999999999998845 17.915948262207301 -6.4628901427345458 133.7035614273795  1.0000000000000071 16.413763277108128 -5.5581385509290939 138.84341879764148  0.99999999999999201 15.672072349004432 -5.0209530957342405 144.18634891580541  1.0000000000000053 13.370223222351658 -3.8015511975339185 146.78244787110128  0.99999999999999822 12.134034920634338 -2.4874956859851922 149.24780938738076  1.0000000000000013 9.7024391073319993 -0.42934114692824232 149.83333333333334  1 
14.37533952640797 -4.0461817283166184 127.66666666666671  1 15.930266615567204 -5.447669151252815 129.32986206441538  1.0000000000000075 17.215635154106955 -5.473008680798376 130.99674420080561  0.99999999999998845 17.961586518656276 -6.4259025092566366 133.7035614273795  1.0000000000000071 16.462329955998896 -5.5242305967978815 138.84341879764148  0.99999999999999201 15.711175658465795 -4.9907435543196224 144.18634891580541  1.0000000000000053 13.404179207135053 -3.7796724543389248 146.78244787110128  0.99999999999999822 12.152370148372 -2.4714601054731418 149.24780938738076  1.0000000000000013 9.7053730199683166 -0.4263059236200184 149.83333333333334  1 
14.390078013236817 -4.0271997299910272 127.66666666666671  1 15.951007387370225 -5.4235114170263286 129.32986206441538  1.0000000000000075 17.245073321219188 -5.4459032112998287 130.99674420080561  0.99999999999998845 17.993784587058968 -6.3995414846335335 133.7035614273795  1.0000000000000071 16.496608952975841 -5.5000333689096372 138.84341879764148  0.99999999999999201 15.738767527599844 -4.9692053060369084 144.18634891580541  1.0000000000000053 13.428150480909439 -3.7640476664104479 146.78244787110128  0.99999999999999822 12.165300744715246 -2.4600357991609445 149.24780938738076  1.0000000000000013 9.7074409417688692 -0.42414588744315329 149.83333333333334  1 
14.403832153886484 -4.0093456995393089 127.66666666666671  1 15.970364871553828 -5.4007775228143915 129.32986206441538  1.0000000000000075 17.272563402683399 -5.4203574468190761 130.99674420080561  0.99999999999998845 18.0238691460941 -6.3746846328500144 133.7035614273795  1.0000000000000071 16.528650248551806 -5.4771908821511648 138.84341879764148  0.99999999999999201 15.764551953383256 -4.9488891299361324 144.18634891580541  1.0000000000000053 13.450560943231332 -3.7492876432690099 146.78244787110128  0.99999999999999822 12.177378300089075 -2.4492670310556748 149.24780938738076  1.0000000000000013 9.7093714641986253 -0.42211178236073454 149.83333333333334  1 
14.438422783560263 -3.9640230173331412 127.66666666666669  1 16.019052726151685 -5.3430323503987784 129.32986206441538  1.0000000000000075 17.341751822532238 -5.3553564054597249 130.99674420080558  0.99999999999998845 18.099638651028073 -6.3113981186857613 133.70356142737955  1.0000000000000071 16.609385037788044 -5.4189548920026596 138.84341879764148  0.99999999999999201 15.829502085274457 -4.8971431554996663 144.18634891580541  1.0000000000000053 13.507041753837168 -3.7116258993408699 146.78244787110128  0.99999999999999822 12.207783055766205 -2.4218612049368855 149.24780938738076  1.0000000000000013 9.7142286602751096 -0.41694093280377542 149.83333333333334  1 
14.481622039218527 -3.9058606146729198 127.66666666666666  1 16.079874877148853 -5.2688001456685356 129.32986206441589  1.0000000000000075 17.428350155464869 -5.2713789368878921 130.99674420080461  0.99999999999998845 18.194661646922505 -6.2294922303596776 133.70356142738024  1.0000000000000071 16.710770718047758 -5.3432985491617373 138.84341879764062  0.99999999999999201 15.910995683259246 -4.8300988414709813 144.18634891580606  1.0000000000000053 13.578016737837171 -3.6625822661911456 146.78244787110069  0.99999999999999822 12.245865496485022 -2.3864365836053545 149.24780938738104  1.0000000000000013 9.7203021201601096 -0.41027860038897213 149.83333333333334  1 
14.543952864897815 -3.8188732543643065 127.66666666666666  1 16.167668183968559 -5.1575501935764931 129.32986206441586  1.0000000000000075 17.553610123116339 -5.14468452664934 130.99674420080467  0.99999999999998845 18.332480237679892 -6.1056396753614877 133.70356142738015  1.0000000000000071 16.858059969178701 -5.2283377382310912 138.84341879764077  0.99999999999999201 16.029262457573353 -4.7285734551657459 144.18634891580581  1.0000000000000053 13.681213141665394 -3.5878388543886572 146.78244787110111  0.99999999999999822 12.301007371229744 -2.3329595918819623 149.24780938738076  1.0000000000000013 9.7290776248434341 -0.40026355538898589 149.83333333333334  1 
14.584973571877246 -3.7594243858260534 127.66666666666666  1 16.225471598820942 -5.0813682399769808 129.32986206441572  1.0000000000000075 17.636240556674764 -5.0573288019490086 130.9967442008049  0.99999999999998845 18.423664290491764 -6.0200442622789838 133.70356142738001  1.0000000000000071 16.955673525511603 -5.1484991202516559 138.84341879764074  0.99999999999999201 16.107558616949166 -4.6583069085643123 144.18634891580621  1.0000000000000053 13.74966456451827 -3.5357794399703164 146.78244787110049  0.99999999999999822 12.337425880138236 -2.2960649371082562 149.24780938738104  1.0000000000000013 9.7348609903886096 -0.39338400914605315 149.83333333333334  1 
14.617317951498405 -3.7112412613141577 127.66666666666666  1 16.271061283703705 -5.0195278021066505 129.32986206441609  1.0000000000000075 17.701488385583733 -4.9861113106382069 130.9967442008041  0.99999999999998845 18.495817896075064 -5.9500994821585333 133.70356142738069  1.0000000000000071 17.033005290945976 -5.0830501261808356 138.84341879763991  0.99999999999999201 16.169540760407742 -4.6008326946552272 144.18634891580683  1.0000000000000053 13.803925921209723 -3.4930151180923015 146.78244787109978  0.99999999999999822 12.366207034196632 -2.2659579932210394 149.24780938738135  1.0000000000000013 9.7394251426107949 -0.38778827896627455 149.83333333333334  1 
14.631181184023244 -3.6904107371569248 127.66666666666666  1 16.290603222755653 -4.9927804011501422 129.32986206441635  1.0000000000000075 17.729467137116913 -4.9552671213404835 130.99674420080382  0.99999999999998845 18.526778194675572 -5.9197854156380005 133.70356142738069  1.0000000000000071 17.066199872183741 -5.0546562884629367 138.84341879763991  0.99999999999999201 16.196140242164788 -4.5759158671259286 144.18634891580683  1.0000000000000053 13.827221901717719 -3.4744511530325459 146.78244787109978  0.99999999999999822 12.378551769689627 -2.2529150501017399 149.24780938738135  1.0000000000000013 9.7413819361145162 -0.38536649674526158 149.83333333333334  1 
14.644696059289796 -3.6698747070801394 127.66666666666666  1 16.309655777987398 -4.966395449623338 129.32986206441635  1.0000000000000075 17.756758408792393 -4.9247880367465227 130.99674420080382  0.99999999999998845 18.557002906621076 -5.8898042287896288 133.70356142738069  1.0000000000000071 17.098621856654013 -5.026536638087836 138.84341879763991  0.99999999999999201 16.22211244783438 -4.551262700071586 144.18634891580683  1.0000000000000053 13.849981082292144 -3.4560521029775613 146.78244787109978  0.99999999999999822 12.390597015192506 -2.2400219820401377 149.24780938738135  1.0000000000000013 9.7432902082806319 -0.38297561026519567 149.83333333333334  1 
14.656649752557607 -3.6515538600944373 127.66666666666666  1 16.3265083421261 -4.9428461294482871 129.32986206441635  1.0000000000000075 17.780907326231027 -4.8975481804156749 130.99674420080382  0.99999999999998845 18.583764141365787 -5.8629923879266901 133.70356142738069  1.0000000000000071 17.127339740571628 -5.0013627904397486 138.84341879763991  0.99999999999999201 16.245111716046697 -4.529208666453826 144.18634891580683  1.0000000000000053 13.870143723402219 -3.4395707026373112 146.78244787109978  0.99999999999999822 12.401257798865783 -2.228496522868455 149.24780938738135  1.0000000000000013 9.7449784624682572 -0.38084036277030425 149.83333333333334  1 
14.676247992677085 -3.6213098695156121 127.66666666666666  1 16.354139366376348 -4.9039573425050857 129.32986206441635  1.0000000000000075 17.820512842756898 -4.8525175372194234 130.99674420080382  0.99999999999998845 18.627675714910314 -5.8186468754819618 133.70356142738069  1.0000000000000071 17.174476330361049 -4.9596918721625087 138.84341879763991  0.99999999999999201 16.282854735177821 -4.4927229075078561 144.18634891580683  1.0000000000000053 13.903242764733877 -3.4122756341792448 146.78244787109978  0.99999999999999822 12.418745229983779 -2.2094401877322873 149.24780938738135  1.0000000000000013 9.7477469092055085 -0.37731255650024814 149.83333333333334  1 
14.710945284064101 -3.5667963603109549 127.66666666666666  1 16.403061945404023 -4.8337986761713445 129.32986206441635  1.0000000000000075 17.890690310940943 -4.7710576240226192 130.99674420080382  0.99999999999998845 18.705583262851324 -5.7383215333574125 133.70356142738069  1.0000000000000071 17.258172482430332 -4.8840493555843203 138.84341879763991  0.99999999999999201 16.349837718013596 -4.4265915815364725 144.18634891580683  1.0000000000000053 13.96203667355476 -3.3626644459367028 146.78244787109978  0.99999999999999822 12.449745485490586 -2.1749534073950292 149.24780938738135  1.0000000000000013 9.7526506200817344 -0.3709401448956573 149.83333333333334  1 
14.753084240105391 -3.4983278255788997 127.66666666666666  1 16.462478410961758 -4.7455361200486488 129.32986206441595  1.0000000000000075 17.976036134841014 -4.6680712882763506 130.99674420080473  0.99999999999998845 18.800552034475743 -5.6365207876303085 133.70356142737998  1.0000000000000071 17.360345091732672 -4.7878123242718242 138.84341879764074  0.99999999999999201 16.431532957526624 -4.3426812120585128 144.18634891580621  1.0000000000000053 14.033860109462076 -3.2993996278135738 146.78244787110049  0.99999999999999822 12.487477181366467 -2.1313194247937282 149.24780938738104  1.0000000000000013 9.758610639062093 -0.362905232011835 149.83333333333334  1 
14.801241087677472 -3.4174485211308059 127.66666666666666  1 16.530385423305798 -4.6411239458019686 129.32986206441609  1.0000000000000075 18.07366178694177 -4.5456557648325306 130.99674420080444  0.99999999999998845 18.9094417354457 -5.5152303684240103 133.70356142738018  1.0000000000000071 17.477647005902256 -4.6727318534059945 138.84341879764065  0.99999999999999201 16.525248760946166 -4.2425945393094526 144.18634891580592  1.0000000000000053 14.116373045252198 -3.2235850247396622 146.78244787110111  0.99999999999999822 12.530676682295159 -2.0794163215118333 149.24780938738076  1.0000000000000013 9.7654256297178499 -0.35337910933260702 149.83333333333334  1 
14.837420078161594 -3.3544540390847621 127.66666666666666  1 16.581408762444752 -4.5596827143284688 129.32986206441595  1.0000000000000075 18.147057864178969 -4.4496828700687701 130.99674420080473  0.99999999999998845 18.991522757876563 -5.4199044787882968 133.70356142737998  1.0000000000000071 17.566187534475187 -4.5819429572248129 138.84341879764074  0.99999999999999201 16.595927155202389 -4.1638413639164344 144.18634891580621  1.0000000000000053 14.17869812200791 -3.1636422909837045 146.78244787110049  0.99999999999999822 12.563188801782337 -2.0386944612973643 149.24780938738104  1.0000000000000013 9.770548174899222 -0.34593128556464459 149.83333333333334  1 
14.866335156876056 -3.3025672406300677 127.66666666666666  1 16.622186955375369 -4.4925153210491517 129.32986206441572  1.0000000000000075 18.205742859603987 -4.3702464408991606 130.9967442008053  0.99999999999998845 19.057275938191253 -5.3408007828014963 133.7035614273795  1.0000000000000071 17.637194375900961 -4.5063912835087825 138.8434187976415  0.99999999999999201 16.65256932806432 -4.098432120894425 144.18634891580538  1.0000000000000053 14.228707271762842 -3.1136717657040256 146.78244787110154  0.99999999999999822 12.58920129180364 -2.004953937840932 149.24780938738047  1.0000000000000013 9.7746433399481827 -0.33977830278984156 149.83333333333334  1 
14.878760803875879 -3.279975667935235 127.66666666666666  1 16.639710184992897 -4.4632549379001798 129.32986206441595  1.0000000000000075 18.230965274444873 -4.3355875421873105 130.99674420080473  0.99999999999998845 19.085559129513673 -5.3062514119294182 133.70356142737998  1.0000000000000071 17.667751704364942 -4.4733511208541525 138.84341879764074  0.99999999999999201 16.67693774332934 -4.069852554911134 144.18634891580621  1.0000000000000053 14.250233256716676 -3.0918029086486749 146.78244787110049  0.99999999999999822 12.600384311126941 -1.9902264677671897 149.24780938738104  1.0000000000000013 9.7764033210270274 -0.33709589343769553 149.83333333333334  1 
14.886362269894175 -3.2660391066963266 127.66666666666666  1 16.650429939000361 -4.4451984934586068 129.32986206441632  1.0000000000000075 18.246396411619049 -4.3141784747232652 130.9967442008039  0.99999999999998845 19.102871662363409 -5.2848967185195175 133.70356142738052  1.0000000000000071 17.686461667304073 -4.4529119478243775 138.84341879764023  0.99999999999999201 16.691855606808087 -4.0521831551990966 144.18634891580641  1.0000000000000053 14.263415256074085 -3.0782682884413459 146.78244787110049  0.99999999999999822 12.60722728911983 -1.9811271497528697 149.24780938738104  1.0000000000000013 9.777480054527107 -0.33543982266204553 149.83333333333334  1 
14.891032165088001 -3.2574433497277022 127.66666666666666  1 16.657015464128953 -4.4340599590369321 129.32986206441595  1.0000000000000075 18.255876700630079 -4.3009656684291473 130.99674420080473  0.99999999999998845 19.113510348732262 -5.2717135837826659 133.70356142737998  1.0000000000000071 17.697960640588253 -4.4402890389874958 138.84341879764074  0.99999999999999201 16.701023215533745 -4.0412737234716793 144.18634891580621  1.0000000000000053 14.271517320788458 -3.069907701798603 146.78244787110049  0.99999999999999822 12.611431689089411 -1.9755108304973201 149.24780938738104  1.0000000000000013 9.7781415506762386 -0.3344180151514875 149.83333333333334  1 
14.914107417084747 -3.2148245871944687 127.66666666666666  1 16.689556089122505 -4.3788264904899936 129.32986206441595  1.0000000000000075 18.302722649765567 -4.2354203461754389 130.99674420080473  0.99999999999998845 19.16609116696662 -5.2062989625234284 133.70356142737998  1.0000000000000071 17.754799926022446 -4.3776331570001856 138.84341879764074  0.99999999999999201 16.74633532593263 -3.9871354027452495 144.18634891580621  1.0000000000000053 14.311567948311197 -3.0284006378696091 146.78244787110049  0.99999999999999822 12.632208781535152 -1.9476473133901671 149.24780938738104  1.0000000000000013 9.7814102440801136 -0.32935016146156204 149.83333333333334  1 
14.948194101838775 -3.150037812137124 127.66666666666666  1 16.737620790065254 -4.2947715758116525 129.32986206441572  1.0000000000000075 18.371936731006762 -4.1353450486463199 130.9967442008053  0.99999999999998845 19.243912978239656 -5.1062154636054373 133.7035614273795  1.0000000000000071 17.839006472534248 -4.2815039087066689 138.8434187976415  0.99999999999999201 16.813423823994899 -3.9042326369510705 144.18634891580538  1.0000000000000053 14.370929871838827 -2.9646152681884583 146.78244787110154  0.99999999999999822 12.662924766841085 -1.9050765450134148 149.24780938738047  1.0000000000000013 9.7862393819633091 -0.32162598754883998 149.83333333333334  1 
14.988652783501832 -3.0696858276321111 127.66666666666666  1 16.794648983654419 -4.1903594822920818 129.32986206441618  1.0000000000000075 18.454071755133118 -4.0104425841714191 130.9967442008043  0.99999999999998845 19.336479994536727 -4.980910627812384 133.70356142738024  1.0000000000000071 17.939298494576278 -4.1606680534500748 138.84341879764065  0.99999999999999201 16.893263285693294 -3.8003074469217268 144.18634891580598  1.0000000000000053 14.441674930637438 -2.8842508661959307 146.78244787110091  0.99999999999999822 12.699403597917799 -1.851890294779972 149.24780938738076  1.0000000000000013 9.7919704549399569 -0.31200983350703204 149.83333333333334  1 
15.023227931373198 -2.9989181038308397 127.66666666666666  1 16.84337322939632 -4.0983126198135071 129.32986206441589  1.0000000000000075 18.524230224400007 -3.8999856416241241 130.99674420080481  0.99999999999998845 19.415675833366631 -4.8698698848844018 133.70356142737987  1.0000000000000071 18.02517124484784 -4.0533100858134601 138.84341879764105  0.99999999999999201 16.96159077598881 -3.708137062840215 144.18634891580584  1.0000000000000053 14.502272479253659 -2.8127450162842833 146.78244787110091  0.99999999999999822 12.73058137841371 -1.8048242782707047 149.24780938738076  1.0000000000000013 9.7968668806330097 -0.30351996469724085 149.83333333333334  1 
15.049373833038713 -2.9435648924173052 127.66666666666666  1 16.880210654266889 -4.0262435158898677 129.32986206441618  1.0000000000000075 18.577242141574867 -3.8132061172454423 130.9967442008043  0.99999999999998845 19.475623557256231 -4.7824381480564702 133.70356142738024  1.0000000000000071 18.090225047527884 -3.9685441010114419 138.84341879764065  0.99999999999999201 17.013327693492712 -3.6354996714203134 144.18634891580598  1.0000000000000053 14.548197873933075 -2.7561988224266476 146.78244787110091  0.99999999999999822 12.754155498499447 -1.7678212639577371 149.24780938738076  1.0000000000000013 9.8005681667493842 -0.29686205038905439 149.83333333333334  1 
15.070025626113752 -2.8986362553585208 127.66666666666666  1 16.909298058124524 -3.9676971342524823 129.32986206441623  1.0000000000000075 18.619084763869346 -3.742547716768013 130.99674420080405  0.99999999999998845 19.522990211749807 -4.7111017718466517 133.70356142738041  1.0000000000000071 18.141659437723153 -3.899244690486797 138.84341879764034  0.99999999999999201 17.054216687661501 -3.5761958826469673 144.18634891580643  1.0000000000000053 14.584518522054815 -2.7099146644213299 146.7824478711  0.99999999999999822 12.772767783904907 -1.7376677210888745 149.24780938738135  1.0000000000000013 9.803490417776084 -0.29144733089202662 149.83333333333334  1 
15.078776821678995 -2.8793704091635353 127.66666666666666  1 16.921622056677389 -3.9425829731653983 129.32986206441623  1.0000000000000075 18.636809381561601 -3.7122078050335725 130.99674420080405  0.99999999999998845 19.543063982564757 -4.6804451052344014 133.70356142738041  1.0000000000000071 18.163462515385678 -3.8694366346459881 138.84341879764034  0.99999999999999201 17.071546914915892 -3.5507028413393793 144.18634891580643  1.0000000000000053 14.59991672519075 -2.6899963986249062 146.7824478711  0.99999999999999822 12.780652898113674 -1.7247158819321804 149.24780938738135  1.0000000000000013 9.8047284625751789 -0.28912350436307355 149.83333333333334  1 
15.085372160681539 -2.8647351952509736 127.66666666666666  1 16.930909114560514 -3.9235007679031226 129.32986206441623  1.0000000000000075 18.650164131770833 -3.6891395970304264 130.99674420080405  0.99999999999998845 19.55819330415175 -4.6571237585614425 133.70356142738041  1.0000000000000071 18.179897555256897 -3.846746692798436 138.84341879764034  0.99999999999999201 17.084609225827872 -3.5313057814899635 144.18634891580643  1.0000000000000053 14.611524673384947 -2.6748296137381762 146.7824478711  0.99999999999999822 12.786594520004568 -1.7148664304192034 149.24780938738135  1.0000000000000013 9.8056613751740755 -0.28735725271147022 149.83333333333334  1 
15.100315187425382 -2.8314024045253992 127.66666666666666  1 16.951949334374341 -3.8800331378823212 129.32986206441623  1.0000000000000075 18.680416684168257 -3.6365693648085791 130.99674420080405  0.99999999999998845 19.592472526037675 -4.6039582012484761 133.70356142738041  1.0000000000000071 18.217138721363547 -3.7949996667566643 138.84341879764034  0.99999999999999201 17.114206188824834 -3.4870805141931194 144.18634891580643  1.0000000000000053 14.637829070708008 -2.6402325170846619 146.7824478711  0.99999999999999822 12.800054866991983 -1.6924177518691812 149.24780938738135  1.0000000000000013 9.8077748547710435 -0.28333304309391483 149.83333333333334  1 
15.127968827274989 -2.7683079460578508 127.66666666666666  1 16.990874715943534 -3.7977027846704536 129.32986206441524  1.0000000000000075 18.736358507622434 -3.5368146021524844 130.99674420080581  0.99999999999998845 19.655913499958192 -4.5029257006038739 133.7035614273795  1.0000000000000071 18.286088687066254 -3.6964942470135287 138.84341879764148  0.99999999999999201 17.168990324718479 -3.4029913598360984 144.18634891580541  1.0000000000000053 14.686538842238685 -2.5743098507952573 146.78244787110128  0.99999999999999822 12.824951820719951 -1.6498000771849501 149.24780938738076  1.0000000000000013 9.8116842694373698 -0.27570420030299231 149.83333333333334  1 
15.160766113508737 -2.6900354166519169 127.66666666666666  1 17.03700733547295 -3.6954455262095576 129.32986206441524  1.0000000000000075 18.802579622229782 -3.4124896459421636 130.99674420080581  0.99999999999998845 19.731117834978317 -4.376655526410798 133.7035614273795  1.0000000000000071 18.367875611578949 -3.5729890323611158 138.84341879764148  0.99999999999999201 17.233949437333152 -3.2977887453710459 144.18634891580541  1.0000000000000053 14.744333822442623 -2.491508616441088 146.78244787110128  0.99999999999999822 12.854436305354717 -1.5966370921055582 149.24780938738076  1.0000000000000013 9.8163155953576631 -0.26621327548803053 149.83333333333334  1 
15.187779893132385 -2.6229362149402844 127.66666666666666  1 17.074967141786171 -3.6077008489537694 129.32986206441521  1.0000000000000075 18.857004567894592 -3.3055074252894374 130.99674420080609  0.99999999999998845 19.792981938220944 -4.2677430244429351 133.7035614273793  1.0000000000000071 18.435182139253207 -3.4661825039064786 138.84341879764165  0.99999999999999201 17.287394709608044 -3.206970729514059 144.18634891580541  1.0000000000000053 14.791904527237593 -2.4197986758441692 146.78244787110128  0.99999999999999822 12.878674119647625 -1.5508547746491701 149.24780938738076  1.0000000000000013 9.8201249537306357 -0.25805825457716114 149.83333333333331  1 
15.21012940653433 -2.5659265326354594 127.66666666666666  1 17.106355078262624 -3.5331063474624957 129.32986206441586  1.0000000000000075 18.901951626539738 -3.2143941267024951 130.99674420080473  0.99999999999998845 19.844105298440152 -4.1748472862793582 133.70356142738015  1.0000000000000071 18.490812059404092 -3.3749330538945288 138.84341879764065  0.99999999999999201 17.331564207741167 -3.1294669776583826 144.18634891580626  1.0000000000000053 14.831226241454116 -2.3584784024724366 146.7824478711002  0.99999999999999822 12.898695714582193 -1.5118445836646581 149.24780938738135  1.0000000000000013 9.8232731801287176 -0.2511193639583883 149.83333333333331  1 
15.227136422787563 -2.5212070096373083 127.66666666666666  1 17.130226882140523 -3.4745565989891376 129.32986206441566  1.0000000000000075 18.936072885108594 -3.1427359466207938 130.99674420080501  0.99999999999998845 19.882944935366233 -4.1016677952400808 133.70356142737998  1.0000000000000071 18.533078877730635 -3.3029214615244049 138.84341879764085  0.99999999999999201 17.365122472498477 -3.0683769034956438 144.18634891580606  1.0000000000000053 14.861105090310474 -2.3100388758074941 146.78244787110069  0.99999999999999822 12.913900131004969 -1.4811479345320619 149.24780938738104  1.0000000000000013 9.8256656546705212 -0.24566773929727356 149.83333333333331  1 
15.240471459281428 -2.485298532448541 127.66666666666666  1 17.148932225601051 -3.4275188732544501 129.32986206441578  1.0000000000000075 18.962781656405326 -3.0850917775618032 130.99674420080476  0.99999999999998845 19.913345095326861 -4.0427177354316299 133.70356142738012  1.0000000000000071 18.56616738113323 -3.2448384563840516 138.84341879764077  0.99999999999999201 17.391390538634358 -3.0191448344751457 144.18634891580589  1.0000000000000053 14.884495836472427 -2.2709400326190874 146.78244787110086  0.99999999999999822 12.925798653264289 -1.4564414203600766 149.24780938738104  1.0000000000000013 9.827539415118574 -0.2412851398113447 149.83333333333331  1 
15.246065288725523 -2.4700784379289842 127.66666666666666  1 17.156776581201285 -3.4075773235841664 129.32986206441578  1.0000000000000075 18.973976702819435 -3.0606397512065739 130.99674420080476  0.99999999999998845 19.926087423616693 -4.0176974876971281 133.70356142738012  1.0000000000000071 18.580036613852435 -3.2201722151562184 138.84341879764077  0.99999999999999201 17.402400952028888 -2.9982453089994383 144.18634891580589  1.0000000000000053 14.894300300647053 -2.254330792225423 146.78244787110086  0.99999999999999822 12.930785478040532 -1.4459589316103272 149.24780938738104  1.0000000000000013 9.8283250186776652 -0.23942662194896752 149.83333333333331  1 
15.250341636724885 -2.4583594242884916 127.66666666666666  1 17.162772247667622 -3.3922207651752907 129.32986206441578  1.0000000000000075 18.982530124392532 -3.0418023394106752 130.99674420080476  0.99999999999998845 19.935823253303123 -3.9984151356677842 133.70356142738012  1.0000000000000071 18.590632956580087 -3.2011549721653418 138.84341879764077  0.99999999999999201 17.410813431623847 -2.9821365623687863 144.18634891580589  1.0000000000000053 14.901791095000746 -2.241522695562026 146.78244787110086  0.99999999999999822 12.934595491009876 -1.437882375306232 149.24780938738104  1.0000000000000013 9.8289253726156325 -0.23799514020017049 149.83333333333331  1 
15.274287690247794 -2.3924459932970561 127.66666666666666  1 17.196341825861019 -3.3058405344595898 129.32986206441637  1.0000000000000075 19.030409109806513 -2.9358168836054639 130.99674420080362  0.99999999999998845 19.990321478894916 -3.8899014075216161 133.70356142738069  1.0000000000000071 18.649946431718643 -3.0941068435157377 138.84341879764017  0.99999999999999201 17.457903429756605 -2.8914751893394359 144.18634891580624  1.0000000000000053 14.943720990042765 -2.1694165946523323 146.78244787110069  0.99999999999999822 12.95592222508442 -1.3924374895558889 149.24780938738104  1.0000000000000013 9.8322863701982204 -0.22994214144271904 149.83333333333331  1 
15.304247570996539 -2.3054798273618369 127.66666666666666  1 17.238279107437791 -3.1917559775400726 129.32986206441578  1.0000000000000075 19.09004450778815 -2.7954477252794026 130.9967442008051  0.99999999999998845 20.058208382858076 -3.7458028358485382 133.70356142737958  1.0000000000000071 18.72380210341046 -2.9515492180100509 138.84341879764148  0.99999999999999201 17.516555816922555 -2.770970802127469 144.18634891580541  1.0000000000000053 14.995920617563712 -2.0732422687303584 146.78244787110128  0.99999999999999822 12.982483692778834 -1.3321989491682766 149.24780938738076  1.0000000000000013 9.8364793844251075 -0.2192917484168781 149.83333333333331  1 
15.335486877277615 -2.2079536357529861 127.66666666666666  1 17.281898943194861 -3.0636668591252199 129.32986206441629  1.0000000000000075 19.151763548356719 -2.637338516729979 130.99674420080382  0.99999999999998845 20.128400511388779 -3.5829757239959492 133.70356142738069  1.0000000000000071 18.80006182924707 -2.7899357349969209 138.84341879763991  0.99999999999999201 17.577172889905658 -2.6346570761012966 144.18634891580683  1.0000000000000053 15.049785532825959 -1.9640192665123535 146.78244787109978  0.99999999999999822 13.009959946039887 -1.2642777182934755 149.24780938738135  1.0000000000000013 9.840830296488619 -0.20731512517069212 149.83333333333331  1 
15.350139381126414 -2.1606980439355534 127.66666666666666  1 17.302337576623781 -3.0015725975054326 129.32986206441629  1.0000000000000075 19.180607980117244 -2.5605913860774407 130.99674420080382  0.99999999999998845 20.161185412071642 -3.5038356318499653 133.70356142738069  1.0000000000000071 18.8356525595037 -2.7112825283260467 138.84341879763991  0.99999999999999201 17.605478063413106 -2.5683746473299638 144.18634891580683  1.0000000000000053 15.074915623932345 -1.9108257699228297 146.78244787109978  0.99999999999999822 13.022797744917563 -1.2312944322914108 149.24780938738135  1.0000000000000013 9.8428663895458328 -0.20150548215221997 149.83333333333331  1 
15.362322399545663 -2.1205372903387754 127.66666666666666  1 17.319318522590752 -2.9487851295737033 129.32986206441592  1.0000000000000075 19.204532030696669 -2.4952927386203623 130.99674420080473  0.99999999999998845 20.188362934369493 -3.4364448489059458 133.70356142737995  1.0000000000000071 18.865138875771475 -2.6442505421481841 138.84341879764096  0.99999999999999201 17.628937447490305 -2.5119170018784795 144.18634891580581  1.0000000000000053 15.09572983280175 -1.8654715682821725 146.78244787110111  0.99999999999999822 13.03344291993702 -1.2032237227008533 149.24780938738076  1.0000000000000013 9.8445566489943648 -0.19656458604584204 149.83333333333331  1 
15.371655960739394 -2.0889801254471392 127.66666666666666  1 17.332315225588616 -2.907292600833149 129.32986206441637  1.0000000000000075 19.222807650720629 -2.4439184556135207 130.99674420080348  0.99999999999998845 20.209107694158302 -3.3833755171114421 133.70356142738106  1.0000000000000071 18.887629690497647 -2.5914152908913097 138.84341879763903  0.99999999999999201 17.646839723940886 -2.4674437602761246 144.1863489158078  1.0000000000000053 15.111600421920082 -1.8297054809817952 146.78244787109844  0.99999999999999822 13.041571712886649 -1.1811322304605096 149.24780938738192  1.0000000000000013 9.8458491335061886 -0.19267913112669327 149.83333333333331  1 
15.378951493087708 -2.0638276117661145 127.66666666666666  1 17.342466339783726 -2.8742127245110378 129.32986206441629  1.0000000000000075 19.237059063534726 -2.4029347336129931 130.99674420080382  0.99999999999998845 20.225274591800197 -3.3410089835568089 133.70356142738069  1.0000000000000071 18.90514577747166 -2.5492082341785589 138.84341879763991  0.99999999999999201 17.660788273782725 -2.4319319513716482 144.18634891580683  1.0000000000000053 15.123956951841503 -1.8011238205234537 146.78244787109978  0.99999999999999822 13.047908957847758 -1.1635042786163245 149.24780938738135  1.0000000000000013 9.8468578813195009 -0.18958047931829797 149.83333333333331  1 
15.381992641817257 -2.053253182250856 127.66666666666666  1 17.346696415978897 -2.8603040413729404 129.32986206441629  1.0000000000000075 19.242993549338358 -2.3856981680519325 130.99674420080382  0.99999999999998845 20.232004823798665 -3.3231854774409793 133.70356142738069  1.0000000000000071 18.912435505222152 -2.5314467779445899 138.84341879763991  0.99999999999999201 17.666594425120977 -2.4169907941149926 144.18634891580683  1.0000000000000053 15.129098717199806 -1.7890943642738164 146.78244787109978  0.99999999999999822 13.050547574254301 -1.156089689058805 149.24780938738135  1.0000000000000013 9.8472780986145363 -0.18827745134604909 149.83333333333331  1 
15.384342276096612 -2.0450339523174876 127.66666666666666  1 17.349963845637795 -2.8494923864098127 129.32986206441635  1.0000000000000075 19.24757517504419 -2.3722970973483526 130.99674420080382  0.99999999999998845 20.23719972601323 -3.3093252347003119 133.70356142738072  1.0000000000000071 18.918061055655311 -2.5176319812827885 138.84341879763977  0.99999999999999201 17.671075722466675 -2.4053711939408746 144.18634891580692  1.0000000000000053 15.133066271213538 -1.7797369236029001 146.78244787109978  0.99999999999999822 13.052584514915363 -1.1503246054626359 149.24780938738135  1.0000000000000013 9.847602610023614 -0.18726447066188165 149.83333333333331  1 
15.413571568906244 -1.9424239642046768 127.66666666666666  1 17.390604636688948 -2.7145123917456155 129.32986206441626  1.0000000000000075 19.304544889326046 -2.2049705104793955 130.9967442008041  0.99999999999998845 20.30178717887415 -3.1362446491033733 133.70356142738058  1.0000000000000071 18.987993746428717 -2.3450985059508076 138.84341879763991  0.99999999999999201 17.726788578105751 -2.260264957176283 144.18634891580683  1.0000000000000053 15.182385025554721 -1.6628643844697533 146.78244787109978  0.99999999999999822 13.077911434370284 -1.0783385431261865 149.24780938738135  1.0000000000000013 9.8516383710311519 -0.17461703414757132 149.83333333333331  1 
15.442823046246152 -1.8287020888660663 127.66666666666666  1 17.431099259488246 -2.5647398961125454 129.32986206441598  1.0000000000000075 19.360785134241031 -2.0187463459988084 130.99674420080481  0.99999999999998845 20.365301922361379 -2.942992701589846 133.70356142737995  1.0000000000000071 19.056492020137366 -2.1518413676919668 138.84341879764096  0.99999999999999201 17.781502044933983 -2.09807421014622 144.18634891580581  1.0000000000000053 15.230600155423941 -1.5317336096176153 146.78244787110111  0.99999999999999822 13.102878416638161 -0.99813852788886848 149.24780938738076  1.0000000000000013 9.8556425677448356 -0.16056238462821115 149.83333333333334  1 
15.469878005648003 -1.7095913907762388 127.66666666666666  1 17.46830276229144 -2.4077160636238135 129.32986206441623  1.0000000000000075 19.411763730747143 -1.8230096516006904 130.99674420080419  0.99999999999998845 20.422354460658788 -2.7393402329193739 133.70356142738044  1.0000000000000071 19.117647578484419 -1.9476306101076846 138.84341879764023  0.99999999999999201 17.830540717349034 -1.9269995206666422 144.18634891580641  1.0000000000000053 15.273524774112163 -1.39297666853026 146.78244787110049  0.99999999999999822 13.125429265513356 -0.91377114805438908 149.24780938738104  1.0000000000000013 9.8593005827493556 -0.14580799040844047 149.83333333333334  1 
15.475349090786155 -1.684968348614968 127.66666666666666  1 17.475813173680208 -2.3752504506628567 129.32986206441652  1.0000000000000075 19.422030592632819 -1.7825234043856801 130.99674420080382  0.99999999999998845 20.43382195028984 -2.6971993585126093 133.70356142738052  1.0000000000000071 19.129925063378536 -1.9053559290589126 138.84341879764023  0.99999999999999201 17.840393128839086 -1.8915946912854957 144.18634891580641  1.0000000000000053 15.282137267293638 -1.3642455359215586 146.78244787110049  0.99999999999999822 13.129967177186263 -0.89631826541517323 149.24780938738104  1.0000000000000013 9.8600383692118498 -0.14275678615854881 149.83333333333334  1 
15.479930815095852 -1.664041570120379 127.66666666666666  1 17.48209657755174 -2.3476556863731521 129.32986206441652  1.0000000000000075 19.430602015242332 -1.7481021522669149 130.99674420080382  0.99999999999998845 20.443384496148131 -2.6613618963479002 133.70356142738052  1.0000000000000071 19.140153832932153 -1.8693945811536503 138.84341879764023  0.99999999999999201 17.848606224978973 -1.8614828712198943 144.18634891580641  1.0000000000000053 15.289309816324236 -1.3398016296246249 146.78244787110049  0.99999999999999822 13.133754232472812 -0.88147864619675986 149.24780938738104  1.0000000000000013 9.8606550556364905 -0.14016299616689118 149.83333333333334  1 
15.48347291546653 -1.6475854190441057 127.66666666666666  1 17.486949640607381 -2.3259537207511536 129.32986206441689  1.0000000000000075 19.437202580635745 -1.7210232882502838 130.99674420080305  0.99999999999998845 20.450739438091357 -2.633160646430913 133.70356142738109  1.0000000000000071 19.148012204845315 -1.8410869189344115 138.8434187976396  0.99999999999999201 17.854920669014948 -1.8377847485876986 144.1863489158068  1.0000000000000053 15.294817740000513 -1.3205570590973825 146.78244787110026  0.99999999999999822 13.136669644499142 -0.86980337598813484 149.24780938738104  1.0000000000000013 9.861130742255666 -0.13812278640114917 149.83333333333334  1 
15.486247953804448 -1.6345267985374294 127.66666666666666  1 17.490748091717244 -2.3087309271818754 129.32986206441652  1.0000000000000075 19.442360505747565 -1.6995289666054822 130.99674420080382  0.99999999999998845 20.456477209137873 -2.6107703615893558 133.70356142738052  1.0000000000000071 19.154138903446739 -1.8186071153365273 138.84341879764023  0.99999999999999201 17.859845527951929 -1.8189682895820578 144.18634891580641  1.0000000000000053 15.299110244080801 -1.3052726884124977 146.78244787110049  0.99999999999999822 13.138945888338069 -0.86053519175343174 149.24780938738104  1.0000000000000013 9.8615027675042946 -0.13650349343155826 149.83333333333334  1 
15.487402529071437 -1.6290634006590676 127.66666666666666  1 17.492327821579828 -2.3015250960835254 129.32986206441652  1.0000000000000075 19.444504020084807 -1.690535176938474 130.99674420080382  0.99999999999998845 20.458860072798085 -2.6014007964386718 133.70356142738052  1.0000000000000071 19.15668237833976 -1.8091991651259218 138.84341879764023  0.99999999999999201 17.86189052539363 -1.8110939887602033 144.18634891580641  1.0000000000000053 15.300891977914848 -1.2988757589495679 146.78244787110049  0.99999999999999822 13.139891507163103 -0.85665701276563522 149.24780938738104  1.0000000000000013 9.8616574327788999 -0.13582596787299267 149.83333333333334  1 
15.48830134677174 -1.6247933420091758 127.66666666666666  1 17.493557269169937 -2.2958930594527103 129.32986206441652  1.0000000000000075 19.446171285913504 -1.6835052347039519 130.99674420080382  0.99999999999998845 20.460712691636999 -2.5940766594180729 133.70356142738052  1.0000000000000071 19.15865922695653 -1.801844496527055 138.84341879764023  0.99999999999999201 17.863480285960566 -1.8049385460415022 144.18634891580641  1.0000000000000053 15.30227662023238 -1.2938747800118788 146.78244787110049  0.99999999999999822 13.140626883180628 -0.8536255952879509 149.24780938738104  1.0000000000000013 9.86177777066837 -0.13529640065045831 149.83333333333334  1 
15.518436278767334 -1.4813044502940609 127.66666666666666  1 17.53477064509185 -2.1066343680512407 129.3298620644168  1.0000000000000075 19.502042824402061 -1.447262855246124 130.99674420080316  0.99999999999998845 20.522779675286579 -2.3479387554859454 133.70356142738103  1.0000000000000071 19.224876078561639 -1.5546705461529668 138.8434187976396  0.99999999999999201 17.916737189981177 -1.5980734230026477 144.1863489158068  1.0000000000000053 15.348653498904476 -1.1257996479646404 146.78244787110026  0.99999999999999822 13.165267225557313 -0.75175313238165109 149.24780938738104  1.0000000000000013 9.8658110936116685 -0.11750052291182275 149.83333333333334  1 
15.543419081632832 -1.3376382106395557 127.66666666666666  1 17.568431249891958 -1.9169469799959571 129.32986206441618  1.0000000000000075 19.546277629777137 -1.2098404135375951 130.99674420080376  0.99999999999998845 20.570720354319601 -2.0998881996521845 133.70356142738106  1.0000000000000071 19.275083610905799 -1.3048207255642108 138.84341879763903  0.99999999999999201 17.957603017247493 -1.3893905451812987 144.1863489158078  1.0000000000000053 15.383514518797712 -0.95563673981948694 146.78244787109844  0.99999999999999822 13.1845914057781 -0.64928817892211099 149.24780938738192  1.0000000000000013 9.8690573404928443 -0.099639759040719422 149.83333333333331  1 
15.563811508859654 -1.1943006123680215 127.66666666666666  1 17.595381631289627 -1.7275976783663114 129.32986206441635  1.0000000000000075 19.579953195722283 -0.97264878283245859 130.99674420080382  0.99999999999998845 20.606128261522155 -1.8517435537012594 133.70356142738069  1.0000000000000071 19.310480293079198 -1.0548544208222164 138.84341879763991  0.99999999999999201 17.987331736374156 -1.1806141911963601 144.18634891580683  1.0000000000000053 15.407531290642973 -0.7853774918622477 146.78244787109978  0.99999999999999822 13.199174924811059 -0.54686404663047161 149.24780938738135  1.0000000000000013 9.8715821633428096 -0.081809321753428449 149.83333333333334  1 

0 4
0.01352891072432418 1
0.0139339501755112 1
0.01419772463875504 1
0.01439621904112167 1
0.015055618900005129 1
0.015263498756344449 1
0.015621573119405169 1
0.01581847955863068 1
0.015956610836575291 1
0.026922419053283981 1
0.02772677340833397 1
0.028255029001635911 1
0.028651325226359891 1
0.029944504129921751 1
0.030351810020102381 1
0.03104928993420402 1
0.03143845059248844 1
0.031690278219977032 1
0.040347723795586973 1
0.041549086065892457 1
0.042348969387025683 1
0.04294605638484976 1
0.044837420411357021 1
0.045432165485349528 1
0.046440306431987287 1
0.047016919288301047 1
0.047337373962673859 1
0.053877209539217687 1
0.0554740319565152 1
0.056556917855986343 1
0.057359932584333077 1
0.059801275363221947 1
0.060567095172100523 1
0.0618459152939482 1
0.062603878128288173 1
0.06292802160233861 1
0.067564568087241747 1
0.069555758780588006 1
0.070936370377239794 1
0.071952122010936814 1
0.074884553930661749 1
0.075801312965068299 1
0.077301096092607727 1
0.078233077575998289 1
0.078478570423174798 1
0.081450990006013052 1
0.083835841349690882 1
0.085531398514039625 1
0.086767948354384519 1
0.090124670981433383 1
0.091169357242757612 1
0.092832791958095198 1
0.093930477847012028 1
0.094000859332189698 1
0.095566405230280857 1
0.098344577903369354 1
0.10037393368938052 1
0.10184018026135469 1
0.1055495661441658 1
0.10669731066872017 1
0.10846195555477715 1
0.10950491591727979 1
0.10971636892699957 1
0.10992991583831006 1
0.11310143102435585 1
0.11548422730194677 1
0.11718950312061366 1
0.12117818251660568 1
0.12240331074606667 1
0.12420418956736423 1
0.12455028119202415 1
0.12500000000000003 1
0.12560604417931498 1
0.12811550536211461 1
0.13087138286246566 1
0.13282507673669608 1
0.13702083630434853 1
0.13829788500452322 1
0.13942667846578263 1
0.14007005742761997 1
0.14049508408272032 1
0.1416101179952578 1
0.14338629819455395 1
0.14653418768169213 1
0.14874540455467541 1
0.1530797792974633 1
0.15438443285213979 1
0.15454981058481118 1
0.15599914066780998 1
0.15606542031044485 1
0.15773485055970413 1
0.15890480210643126 1
0.16246231451374435 1
0.16493958186205496 1
0.1693500802135528 1
0.16990345418913649 1
0.17065999700125567 1
0.17152142957682559 1
0.17219197489270283 1
0.17398265960063394 1
0.17465505835812523 1
0.17863798717213386 1
0.18138901590519649 1
0.18546674088328216 1
0.18582095858407022 1
0.18707197839766099 1
0.1871164712099424 1
0.18844816511358808 1
0.19035299740191339 1
0.19061646365113885 1
0.19503841726283158 1
0.19806992893100589 1
0.2012182198956271 1
0.20247790565103063 1
0.20266262603732568 1
0.20374258722381589 1
0.20483082757670362 1
0.20676790567877346 1
0.20684395835701416 1
0.21164011615024517 1
0.21495776690577287 1
0.21714664852381715 1
0.218309721780023 1
0.21930672091294179 1
0.22052781158948745 1
0.22133869677079004 1
0.22309879844805014 1
0.22345575274132179 1
0.22843029657091696 1
0.23203881902519288 1
0.23334635142463855 1
0.23404338916342435 1
0.23630474170921528 1
0.23747341450568671 1
0.2379829444922599 1
0.2397068187663165 1
0.24020125385451821 1
0.24550742276414578 1
0.24941253336393573 1
0.24954605432545987 1
0.24999999999999997 1
0.25358227163007618 1
0.25469343563671626 1
0.25488594750677396 1
0.2563148390845828 1
0.25720529708030254 1
0.26258454895737454 1
0.26547448295365 1
0.26595661083657562 1
0.26678624770267861 1
0.27085980155093708 1
0.27178895052128799 1
0.27191345676774581 1
0.27264573185385937 1
0.2742093403060869 1
0.27937472937804642 1
0.28122596196599497 1
0.281690278219977 1
0.28386729982209857 1
0.28785782234721058 1
0.28843319824275787 1
0.28879717388149406 1
0.28885905968394504 1
0.29095484141928329 1
0.29597642826546 1
0.29678924866014067 1
0.29733737396267429 1
0.30075513779686552 1
0.30468663760912168 1
0.3047585791745076 1
0.30494106743684429 1
0.30564428404961663 1
0.30756663580359095 1
0.31214289226446595 1
0.31237685835615775 1
0.31292802160233901 1
0.31743605082267506 1
0.32050883542620157 1
0.32132372989995983 1
0.32134358467608221 1
0.32227040006349011 1
0.32405759675869178 1
0.32726602438349445 1
0.32847857042317435 1
0.32855253101454729 1
0.3338854848658166 1
0.33602733933807877 1
0.33757992012084509 1
0.33781446304659957 1
0.33872687427217679 1
0.34042793455997117 1
0.342142421657253 1
0.34400085933218927 1
0.34448065784659954 1
0.35007966217319603 1
0.35129813217051825 1
0.35370647470310301 1
0.35408476396268895 1
0.3550024384212927 1
0.35667574360090087 1
0.35676278701096709 1
0.35950491591727957 1
0.36014346266582603 1
0.36599998999117545 1
0.36631220650827701 1
0.36970183758592789 1
0.37014370695580384 1
0.37108898626890929 1
0.37112629761899629 1
0.37280047616534717 1
0.37499999999999989 1
0.37553061822634487 1
0.38106905962926352 1
0.38163556360725787 1
0.38524171284326408 1
0.38556770544618357 1
0.38598636074354664 1
0.38698356052736582 1
0.3888045499812901 1
0.39049508408272016 1
0.39064091183891114 1
0.39557779618294209 1
0.39698488646651692 1
0.39912813476203529 1
0.40130993945877069 1
0.40161497711598648 1
0.40268956060471234 1
0.40469422523360549 1
0.40548344701425204 1
0.40599914066781023 1
0.40985787875204494 1
0.41205711837348707 1
0.4128154933100594 1
0.41693910305545273 1
0.41703987227871886 1
0.41821751403067486 1
0.42007847515105184 1
0.42048011631359306 1
0.42152142957682509 1
0.42393960557611771 1
0.42634497905369007 1
0.42687294471693471 1
0.43227998932949041 1
0.43247079892094004 1
0.43358555830836409 1
0.43445792767230529 1
0.43617751658460674 1
0.43707197839766138 1
0.43786455146674047 1
0.43977028379599298 1
0.44146513414353844 1
0.44736326789693021 1
0.44792597971959963 1
0.44866587614126596 1
0.44881977610133195 1
0.45168686412429893 1
0.45180671603231681 1
0.4526626260373261 1
0.45316379212495284 1
0.45587901034302175 1
0.46232712284879512 1
0.46275981652665565 1
0.46333158858156054 1
0.4639547057880829 1
0.4654796873571217 1
0.466692702849277 1
0.46739367487230393 1
0.46830972178002289 1
0.47017374150151159 1
0.47681712088953654 1
0.47722003913023037 1
0.47872260507934372 1
0.47903506125333001 1
0.47941363753263289 1
0.48297214356811646 1
0.48404338916342465 1
0.48442884768674982 1
0.48450428243205995 1
0.49101484552829155 1
0.49210892436014697 1
0.49412337251708793 1
0.4941503218941426 1
0.4960272255180731 1
0.49859211460197422 1
0.49882506672787152 1
0.49999999999999994 1
0.50203895658211228 1
0.50640048622632572 1
0.50716454326015203 1
0.50938687127343241 1
0.5097718950135478 1
0.51240869086086627 1
0.51337827886810494 1
0.51441059416060497 1
0.51595661083657529 1
0.51942151341038967 1
0.52126617616942605 1
0.52160384669396054 1
0.52340301533610345 1
0.52410952767814489 1
0.52778469867502931 1
0.52832853852727313 1
0.52870002017260465 1
0.53169027821997705 1
0.53523529173507023 1
0.5366597727082234 1
0.53678803436306655 1
0.53728848827570386 1
0.538297863761525 1
0.54211456826932736 1
0.54222310198031443 1
0.54493257725909172 1
0.54733737396267379 1
0.54925433973769366 1
0.55122562084167692 1
0.55201113984493977 1
0.55250857849360846 1
0.55374880181924524 1
0.55594769273665179 1
0.55677039488511215 1
0.56112338454911215 1
0.56292802160233857 1
0.56340598140969544 1
0.56529744048665698 1
0.56681348289053068 1
0.5673140654682528 1
0.56990856069599116 1
0.57068215350042262 1
0.57148355032687903 1
0.57728476838973553 1
0.57775203891621352 1
0.57847857042317474 1
0.57956609428102202 1
0.58126545873758229 1
0.58272840333988218 1
0.5840574330209678 1
0.58640629989178872 1
0.58745568671958659 1
0.59233971831043364 1
0.59342716923197614 1
0.5940008593321896 1
0.5940790071859392 1
0.59590518299259154 1
0.59827827384419929 1
0.59844035386845018 1
0.60157048088707676 1
0.6040694188023028 1
0.60720282205450904 1
0.60887007920250824 1
0.60950491591727962 1
0.60956022814947486 1
0.61076251094908995 1
0.61309035647045673 1
0.61398087674933521 1
0.61699649846751836 1
0.62052858896895857 1
0.62236224239544524 1
0.62396018281966048 1
0.62499999999999989 1
0.62569328706697347 1
0.62585692282117622 1
0.62802794294344511 1
0.62984680603541532 1
0.63269383243655419 1
0.63684430337956466 1
0.63782659569420908 1
0.63935781075476683 1
0.64049508408272016 1
0.64119796598180345 1
0.64183568790921408 1
0.64326169216399331 1
0.64588046531321308 1
0.64866183296401336 1
0.6530339336036719 1
0.65359319497075408 1
0.65506006552450258 1
0.65599914066780984 1
0.65678595044994192 1
0.65799707174983746 1
0.6587891952212156 1
0.66208074030100206 1
0.66489088617763425 1
0.66912144046137556 1
0.66964940859357824 1
0.67105403512860795 1
0.67152142957682548 1
0.67261299137247443 1
0.67418787903985788 1
0.67459836935140127 1
0.67844208600734957 1
0.68136405142464218 1
0.68513798474130727 1
0.68597448560018304 1
0.68707197839766088 1
0.68731863296238183 1
0.6886645077534006 1
0.69042043612634496 1
0.69066923183807749 1
0.69495637781824326 1
0.6980594861145456 1
0.70112393650863447 1
0.70254215080006888 1
0.70266262603732554 1
0.70382720307790436 1
0.70492149074470145 1
0.70671176543808334 1
0.70697643331738014 1
0.71161665398110674 1
0.71495478281309033 1
0.71713729017092498 1
0.71830972178002295 1
0.71932508416676699 1
0.72055200129829933 1
0.72136463819177499 1
0.72309323078087662 1
0.72349364753248802 1
0.72842797169064732 1
0.73203852347187615 1
0.73334635142463866 1
0.73404338916342426 1
0.73630656074567569 1
0.7374758109309596 1
0.73798551581123573 1
0.73970681876631672 1
0.74020500939136746 1
0.74550742276414583 1
0.74941253336393587 1
0.74955541267835224 1
0.74999999999999989 1
0.75358227163007574 1
0.75469343563671643 1
0.75488594750677385 1
0.75632040675175694 1
0.75720529708030226 1
0.76258687383764445 1
0.76556876634064275 1
0.76595661083657485 1
0.7667865432559956 1
0.77085798251447579 1
0.77178637920231186 1
0.77191106034247337 1
0.77270187209455021 1
0.77420558476923729 1
0.77939819154718504 1
0.78155471810796995 1
0.78169027821997694 1
0.78387028391478142 1
0.78783945909338449 1
0.78840725682177271 1
0.78883486997513352 1
0.78899320140628859 1
0.79091694662811685 1
0.79605846771004851 1
0.79733737396267357 1
0.79757126238790166 1
0.80076558061332614 1
0.80462239246008271 1
0.80485040426884602 1
0.80522575849277567 1
0.80555966819552849 1
0.80743416084322472 1
0.81257275952094221 1
0.81292802160233901 1
0.81365876924560532 1
0.81746101530322968 1
0.82110738726014709 1
0.82119005765996855 1
0.82141656578279598 1
0.82206823831105102 1
0.82374136232252748 1
0.82847857042317441 1
0.82893410522728983 1
0.82984839946971267 1
0.83393418055023749 1
0.83715890364107337 1
0.83751513466657346 1
0.83757794962341925 1
0.8383328361448249 1
0.8398122248092037 1
0.84400085933218938 1
0.84513438021507881 1
0.84616411388031865 1
0.85016323376385838 1
0.85298594456360588 1
0.85357134828939751 1
0.85372035046565986 1
0.85432680574893016 1
0.85562139893938927 1
0.85950491591727973 1
0.86116803949287646 1
0.86262328404697441 1
0.86613123429131755 1
0.86857392903174446 1
0.86933794756594251 1
0.86985340938315858 1
0.8700290605186658 1
0.87114890199661166 1
0.87500000000000011 1
0.87703396877895645 1
0.87923701612969041 1
0.88182856826035338 1
0.88391497219237158 1
0.88480230086470646 1
0.88542668845377215 1
0.88598646830065708 1
0.88638265121715987 1
0.89049508408272027 1
0.89273657168409226 1
0.8960105493488546 1
0.89725458584079487 1
0.89900938406445774 1
0.89996172120564255 1
0.90051679207092439 1
0.90132023769014824 1
0.9021288691428978 1
0.90599914066781051 1
0.90828644218840948 1
0.91241876683608303 1
0.91294390103003187 1
0.91386671202095615 1
0.91482482494971817 1
0.91530786408749343 1
0.91597024029215501 1
0.91829025298352118 1
0.92152142957682548 1
0.92370078006003886 1
0.92734151640099272 1
0.92850643627596563 1
0.92941250434393829 1
0.9298207769924105 1
0.93003293014105359 1
0.9303531611396374 1
0.9344810602735415 1
0.93707197839766165 1
0.93900370568335179 1
0.94205467184275948 1
0.94295841212301723 1
0.94375856185045626 1
0.94408943078677543 1
0.94450203346461392 1
0.94727118943888733 1
0.95071361736002857 1
0.95266262603732654 1
0.95422681116522512 1
0.95660196474755732 1
0.95726331651993946 1
0.95791020352245815 1
0.95816125043175548 1
0.9584629014239533 1
0.9646537462671646 1
0.96700494667176695 1
0.96830972178002328 1
0.96941099883433113 1
0.97104036805284244 1
0.97147403125202292 1
0.97192925152508158 1
0.97209838299772855 1
0.97229602589127773 1
0.98218842041721699 1
0.98338641201456034 1
0.98404338916342515 1
0.98461435930196606 1
0.98544678785976692 1
0.98566236733540324 1
0.98589836709072587 1
0.98598385593732896 1
0.98608205563333207 1
0.99999999999999989 4

0 6
0.44644209321222378 3
1 6

Triangulations 0

TShapes 42
Ve
5.333334167e-06
15.9437868146903 -0.470520814396754 147.134397724468
0 0

0101101
*
Ve
4.1666675e-06
14.3413102327185 1.58798765409796 148.243934882324
0 0

0101101
*
Ed
 4.166666667e-06 1 1 0
1  1 3 0.062429113731313 1
2  1 1 3 0.062429113731313 1
2  2 2 3 0.062429113731313 1
0

0101000
+42 3 -41 3 *
Ve
1.8761564114e-05
3.49769620803107 1.27497571745064 147.360996077963
0 0

0101101
*
Ed
 4.166666667e-06 1 1 0
1  2 3 0 0.992844241595839
2  3 1 3 0 0.992844241595839
2  4 3 3 0 0.992844241595839
0

0101000
+41 3 -39 3 *
Ve
5.993006768e-06
0.445511364346105 1.85355147464076 138.166666666667
0 0

0101101
*
Ed
 4.166666667e-06 1 1 0
1  3 3 0 0.666989475660779
2  5 1 3 0 0.666989475660779
2  6 4 3 0 0.666989475660779
0

0101000
+37 3 -39 3 *
Ve
5.993006768e-06
20.729775418941 -0.997215926915721 138.166666666667
0 0

0101101
*
Ed
 5.993006768e-06 1 1 0
1  4 3 0 1
2  7 1 3 0 1
2  8 5 3 0 1
0

0101000
+37 3 -35 3 *
Ed
 4.166666667e-06 1 1 0
1  5 3 0 0.646193529177774
2  9 1 3 0 0.646193529177774
2  10 6 3 0 0.646193529177774
0

0101000
+35 3 -42 3 *
Wi

0101100
-40 0 -38 0 +36 0 -34 0 -33 0 *
Fa
0  8.3333333e-08 1 3

0101000
+32 0 *
Ve
4.1666675e-06
10.6161469776324 2.09722852358078 149.122488321853
0 0

0101101
*
Ed
 1.166666667e-06 1 1 0
1  6 5 7.42310456482375 7.75541483924462
2  11 2 5 7.42310456482375 7.75541483924462
2  12 3 5 7.42310456482375 7.75541483924462
4 CN 2 5 3 5
0

0101000
+41 5 -30 5 *
Ve
5.333334167e-06
13.2881675533906 -0.116958697843002 148.342586352294
0 0

0101101
*
Ed
 4.166666667e-06 1 1 0
1  7 3 0.294715842227887 0.531848416726018
2  13 2 3 0.294715842227887 0.531848416726018
2  14 6 3 0.294715842227887 0.531848416726018
0

0101000
+28 3 -42 3 *
Ed
 4.166666667e-06 1 1 0
1  8 3 0.071492496004235 1
2  15 2 3 0.071492496004235 1
2  16 7 3 0.071492496004235 1
0

0101000
+28 3 -30 3 *
Wi

0101100
+29 4 +40 0 +27 0 -26 0 *
Fa
0  1.166666667e-06 2 3

0101000
+25 0 *
Ve
1.8761564114e-05
5.79906117642489 0.934077555596308 148.434088205389
0 0

0101101
*
Ed
 4.166666667e-06 1 1 0
1  9 3 0 0.965011642157395
2  17 3 3 0 0.965011642157395
2  18 7 3 0 0.965011642157395
0

0101000
+30 3 -23 3 *
Ed
 1.8761563281e-05 1 1 0
1  10 3 0.496120187407398 0.717714446934196
2  19 3 3 0.496120187407398 0.717714446934196
2  20 4 3 0.496120187407398 0.717714446934196
0

0101000
+39 3 -23 3 *
Wi

0101100
-22 0 +21 0 +38 0 -29 4 *
Fa
0  1.166666667e-06 3 3

0101000
+20 0 *
Ve
7.282846214e-06
1.63653810552155 1.6861635822831 138.166666666667
0 0

0101101
*
Ed
 8.3333333e-08 1 1 0
1  11 3 8.71031539358621 10.1535933650014
2  21 4 3 8.71031539358621 10.1535933650014
2  22 5 3 8.71031539358621 10.1535933650014
0

0101000
+37 3 -18 3 *
Ed
 4.166666667e-06 1 1 0
1  12 3 0 0.7686784152304
2  23 4 3 0 0.7686784152304
2  24 7 3 0 0.7686784152304
0

0101000
+18 3 -23 3 *
Wi

0101100
-17 0 -16 0 +21 0 +36 0 *
Fa
0  8.3333333e-08 4 3

0101000
+15 0 *
Ve
7.282846214e-06
19.5387779119682 -0.829832143157297 138.166666666667
0 0

0101101
*
Ed
 8.3333333e-08 1 1 0
1  13 3 31.8474038046696 33.2906463502801
2  25 5 3 31.8474038046696 33.2906463502801
2  26 6 3 31.8474038046696 33.2906463502801
0

0101000
+13 3 -35 3 *
Ed
 7.282846214e-06 1 1 0
1  14 3 0 1
2  27 5 3 0 1
2  28 7 3 0 1
0

0101000
+18 3 -13 3 *
Wi

0101100
-34 0 +12 0 +11 0 +17 0 *
Fa
0  8.3333333e-08 5 3

0101000
+10 0 *
Ed
 4.166666667e-06 1 1 0
1  15 3 0 0.758510551250699
2  29 6 3 0 0.758510551250699
2  30 7 3 0 0.758510551250699
0

0101000
+13 3 -28 3 *
Wi

0101100
-12 0 -33 0 +27 0 +8 0 *
Fa
0  8.3333333e-08 6 3

0101000
+7 0 *
Wi

0101100
-26 0 -22 0 +16 0 -11 0 -8 0 *
Fa
0  8.3333333e-08 7 3

0101000
+5 0 *
Sh

0101100
+31 0 +24 0 +19 0 -14 0 -9 0 -6 0 -4 0 *
So

0100000
+3 0 *
Co

0100000
+2 0 *

+1 1 