DBRep_DrawableShape

CASCADE Topology V1, (c) Matra-Datavision
Locations 31
1
0.990268068741571 0.139173100960064               0 0.282226006494458 
-0.139173100960064 0.990268068741571              -0 4.0360199278419 
             -0               0               1               0 
1
0.99026806874157 0.139173100960065               0 0.282226006494458 
-0.139173100960065 0.99026806874157               0 4.0360199278419 
              0               0               1               0 
2  2 -1 0
1
              1               0               0           35.15 
              0 2.22044604925031e-16              -1            -9.3 
             -0               1 2.22044604925031e-16           164.7 
1
0.951056516295154 -0.309016994374947               0 -1.15349459546165 
0.309016994374947 0.951056516295154               0 -11.3171217507345 
              0               0               1               0 
2  4 1 5 1 0
2  2 -1 5 -1 4 -1 0
1
              1               0               0           35.15 
              0 2.22044604925031e-16              -1            -9.3 
             -0               1 2.22044604925031e-16           164.7 
2  8 1 5 1 0
2  2 -1 5 -1 8 -1 0
2  2 -1 5 -1 0
1
              1               0               0               0 
              0               1               0            1.05 
              0               0               1               0 
2  4 1 12 1 5 1 0
2  2 -1 5 -1 12 -1 4 -1 0
2  8 1 12 1 0
2  2 -1 5 -1 12 -1 8 -1 0
2  8 1 12 1 5 1 0
1
              1               0               0           26.85 
              0 2.22044604925031e-16              -1            -9.3 
             -0               1 2.22044604925031e-16           164.7 
1
0.951056516295154 0.309016994374947               0 4.18799058516214 
-0.309016994374947 0.951056516295154               0 7.84193190051226 
              0               0               1               0 
2  18 1 19 1 0
2  2 -1 19 -1 18 -1 0
2  2 -1 19 -1 0
1
              1               0               0               0 
              0               1               0            1.05 
              0               0               1               0 
2  18 1 23 1 19 1 0
2  2 -1 19 -1 23 -1 18 -1 0
1
              1               0               0           26.85 
              0 2.22044604925031e-16              -1            -9.3 
             -0               1 2.22044604925031e-16           164.7 
2  26 1 19 1 0
2  2 -1 19 -1 26 -1 0
2  26 1 23 1 19 1 0
2  2 -1 19 -1 23 -1 26 -1 0
2  26 1 23 1 0
Curve2ds 166
8 0 1.412094553410312
7 0 0  5 6 2  0 2.6199999999999997  0.31382628007567348 2.6199999999998909  0.60638702739777273 2.6200000000004593  0.88055639375207306 2.6199999999995498  1.1384617990688497 2.6200000000002319  1.3818439687828483 2.6199999999999988 
 0 6 1.412094553410312 6
8 0 1.412094553410312
7 0 0  5 6 2  0 0  0.29935633259498218 7.9828749293396067e-14  0.58685000914044849 -1.097635203543131e-13  0.86342059016311623 1.6005175370935586e-13  1.1298611774045781 -1.0183598408948708e-14  1.3868653176187664 6.6427274806322801e-15 
 0 6 1.412094553410312 6
8 0 0.99999960819228206
7 0 0  8 40 6  1.5155439522523635 1.1328076487011238  1.4625171354155746 1.1455942020868948  1.4111562724557416 1.1613430508764395  1.3614486650569688 1.1803198578340925  1.3138079077598377 1.2027070163130702  1.268484144208287 1.2288959972423754  1.2259897450297217 1.2593833267929426  1.1874264709365956 1.294487427440344  1.1028572121963407 1.3935316507995594  1.0628901701784343 1.4630474243567733  1.0361050370120211 1.542492978318478  1.0268649553108844 1.628885569240083  1.0280143601121381 1.715301746095065  1.0382622009128681 1.8033343153438182  1.0554321514914591 1.8907882333760426  1.0783433931551716 1.977531574062757  1.0840748152901325 1.999217416393517  1.0901593668659699 2.0208534617858258  1.0965825489319296 2.0424316780875724  1.1033298625372556 2.0639440331466421  1.1103868087311932 2.0853824948109239  1.1177388885629878 2.1067390309283045  1.1253716030818843 2.1280056093466713  1.1332704533371285 2.1491741979139118  1.1391965736772671 2.1650505703091643  1.1452705482987642 2.1808579737695624  1.1514813956827288 2.1965796261828805  1.1578207320719507 2.2122041509656323  1.1642827714709003 2.2277255770630666  1.1708643256457278 2.2431433389491695  1.1775648041242637 2.2584622766266649  1.18438621419602 2.2736926356270115  1.2048420577830257 2.319362343296234  1.2263467376469634 2.3641456041877973  1.2493164129846264 2.4090111761179287  1.2730780213314574 2.4523841352201998  1.2984252880487475 2.4959091741911834  1.3247994927296531 2.5381178749958053  1.3526075185209265 2.5796282245319162  1.3818439687827611 2.6200000000000139 
 0 9 0.24999990204807052 7 0.62499975512017625 8 0.71874971838820267 8 0.78906219083922258 8 0.99999960819228206 9
8 0 0.99999960819228206
7 0 0  8 65 9  6.2831853071795862 4.5979910559848483  6.2454971401402704 4.5973653922433613  6.2078175090926999 4.5970303644064554  6.1701336502158259 4.5970325323257342  6.1324392593975814 4.5974248459899343  6.0947344922348856 4.5982666455249257  6.0570259640336381 4.5996236611937098  6.0193267498087195 4.6015680133964239  5.9816563842839967 4.6041782126703357  5.9157292696181685 4.6087461389961391  5.8499303957214579 4.6153427983808797  5.7841470305866096 4.6244122546049766  5.7190397310187109 4.6363294613547623  5.6543737768079154 4.6516316197521519  5.5913081032049377 4.6705186219624011  5.5301371931891481 4.6928031641618873  5.4712911763312579 4.7180561919696595  5.4271564852551144 4.7369960162115934  5.3843192691760535 4.7576033626927705  5.3429064874438748 4.7797176125880574  5.3029841581659891 4.8030787251662845  5.2645182255664533 4.8274280416848514  5.2273821773848379 4.8525571534978935  5.1914114123149115 4.8783048343779969  5.1565043574831479 4.9045020370514765  5.1303217828794017 4.9241515361714443  5.1047255647528669 4.9440599372167977  5.0796522539622426 4.9641692805253559  5.055038759867279 4.9844289760876519  5.0308223503288021 5.004795803546922  5.0069406517086961 5.025233912199111  4.9833316488699104 5.0457148209928704  4.9599336851764564 5.0662174185295612  4.9423835537883205 5.0815955295931294  4.9249551386405273 5.09698187842955  4.9076214601888095 5.1123679574797336  4.8903568458655924 5.1277450447862041  4.8731369300799878 5.1431042039931043  4.8559386542178 5.1584362843461911  4.8387402666415182 5.1737319206928349  4.8215213226903204 5.1889815334820151  4.8086112747414278 5.2004147645604641  4.7956994115543656 5.2118155200500862  4.782786841482511 5.2231632363509295  4.7698744208563379 5.2344506505319259  4.756962652309821 5.2456786314069577  4.7440515831068506 5.2568510106109212  4.731140703467636 5.2679694136757877  4.7182288448951191 5.2790280911066665  4.698864411619958 5.2956142706356015  4.6795031708030592 5.3120682013679925  4.6599882707478173 5.3285200883565267  4.6404500570606615 5.3448521389509551  4.6208507174292208 5.3610878452163888  4.601116040390707 5.3772787195541696  4.5813224068468061 5.3933440239000596  4.5614071330813681 5.4093190328744916  4.5414936051745061 5.425292435852513  4.5214718451112361 5.4411643596884707  4.5013286880099672 5.456927208747449  4.4810491475169663 5.4725721835337504  4.4606164158063537 5.4880892806908967  4.4400118635801107 5.5034672930016324  4.4192150400680736 5.5186938093879263  4.3982036730279352 5.5337552149109674 
 0 9 0.12499995102403526 8 0.34374986531609697 8 0.50781230103514319 8 0.63085912782442788 8 0.72314424791639142 8 0.79235808798536411 8 0.89617884808882309 8 0.99999960819228206 9
8 2.7913286409547178e-07 1
7 0 0  7 43 7  2.5616223599010719 2.6199999999999983  2.6131320936874545 2.5432280364077542  2.6581259890117508 2.4623224635870429  2.6975464590068441 2.3783685977177811  2.7316395894122252 2.2925974692770978  2.7604251241245947 2.2044199419960933  2.7829769189715989 2.1160447788606689  2.7984936426915845 2.0274880594077564  2.8101374891503048 1.9610652675202966  2.8177681698085189 1.8945928712319  2.8210670770955306 1.8282446399243619  2.8193254031901427 1.762409659834747  2.811705016039872 1.6977041988712658  2.7974993353801674 1.6349835714291541  2.7763942087536337 1.5753540032065487  2.7447360727569503 1.4858996999994361  2.6977377667044493 1.4032926254985796  2.6340578506860766 1.3307322728487634  2.5569333958410425 1.2716898454218608  2.469966495385961 1.223078837232606  2.3733294660846695 1.1847149392003757  2.2671849924876697 1.1555916463176896  2.2539153170711383 1.151951765416799  2.2404962060690852 1.148456768844581  2.226926997995363 1.1451053935644524  2.2132070313638259 1.1418963765398296  2.1993356446883294 1.1388284547341303  2.1853121764827264 1.1359003651107724  2.1711359652608722 1.1331108446331726  2.1587304000770473 1.1306700867113477  2.1462138893875817 1.1283355455461788  2.133574169518397 1.1261064831869589  2.1207741866164724 1.123982208318921  2.1080181409015495 1.1219620754663993  2.0948356539497581 1.1200454848169556  2.0818902373999166 1.11823188222134  1.991138045795074 1.1055382678236212  1.90373519223899 1.0978835706885033  1.8197178758466432 1.0950970293692524  1.7389583037430649 1.0970829732098042  1.6613102009531659 1.1038666450929286  1.5867543202915608 1.1156400241883939  1.5155439522523986 1.13280764870113 
 2.7913286409547178e-07 8 0.25000020934964806 7 0.43750015701223605 7 0.71875007850611805 7 0.75390631869285329 7 0.78466802885624665 7 1 8
8 2.7913286409547178e-07 1
7 0 0  8 49 7  2.8810412297854309 5.5755377442750174  2.8422876582631686 5.55163471970139  2.8042162622068747 5.5271626048486278  2.7667295721662533 5.5022023118364523  2.7297480030954131 5.4768216108350236  2.6931990365414857 5.451078599810451  2.6570064028332494 5.42502517427027  2.6210792632697451 5.3987104970089375  2.5853013923088954 5.3721844678533168  2.5539970814497921 5.3489742254708226  2.5227980873603428 5.3256008590769852  2.4916673063833059 5.3021008972223171  2.4604610196238355 5.278518115690531  2.4291371047454504 5.2548808963142619  2.3976030111534783 5.2312338313963664  2.3656383508304963 5.2076483099481976  2.3333269570882926 5.1841368219562556  2.2767770836589989 5.1429913750034757  2.2191161453338282 5.1020936675486155  2.1600978388305521 5.0615533030650113  2.0997860147763276 5.0217749510193244  2.0374882100149989 4.9828063045861199  1.9733486597178853 4.9453701402526349  1.9069025556855195 4.9098490360520373  1.8383608371981053 4.8767930791068466  1.7355484313102352 4.8272063078256906  1.6279530904321291 4.7831555039883824  1.5158649217410129 4.7460924509796314  1.4003797150216997 4.7176485909731127  1.2847126478955033 4.6959079350344837  1.168108809608384 4.6789052697567968  1.0516314525293637 4.6652998413701425  0.93510591515346964 4.6539403365001073  0.87684374954211197 4.6482606836305083  0.81857393868031736 4.6431466075508121  0.76030628704239589 4.6384605614607537  0.70204430729766598 4.6340944929102248  0.64378522031045449 4.6299698437992776  0.5855199551400968 4.6260375503781299  0.52723314904093754 4.6222780432471575  0.46890314746232914 4.6187012473568947  0.41056975697313797 4.6151240234918944  0.35219861211075809 4.6117316191463846  0.29377019564126783 4.6085331791037039  0.23526376267360408 4.6055695702205517  0.17665734065956198 4.6029133814269878  0.11792772939379577 4.600668923726432  0.059050501013818042 4.5989722301956659  0 4.5979910559848252 
 2.7913286409547178e-07 9 0.12500024424125608 8 0.2343752137110991 8 0.42578141028332428 8 0.7128907051416622 8 0.8564453525708311 8 1 9
8 2.5226324033151659 6.2831853071795862
7 0 0  6 48 10  2.5616223599010115 2.6199999999999988  2.6961783213942145 2.6200000000001693  2.8348268012937106 2.6199999999998433  2.9778014103526971 2.6200000000001182  3.1253588640982835 2.6200000000003456  3.2777846757630349 2.6199999999999091  3.5142059230880704 2.6199999999999748  3.5943101764357319 2.619999999999993  3.6757514797684991 2.6200000000000045  3.7585721421789651 2.6199999999999926  3.8428169113433164 2.6199999999999739  3.9499619993227095 2.6199999999999992  3.9714829726426366 2.6199999999999988  3.9930966495537206 2.619999999999997  4.0148037861285726 2.6199999999999961  4.0366051384398016 2.6199999999999957  4.0749237116392267 2.6199999999999974  4.091399385448546 2.6199999999999974  4.1079288152816291 2.6199999999999974  4.1245123324321327 2.6199999999999974  4.1411502681937105 2.6199999999999974  4.1609728290584211 2.6199999999999988  4.1641046336593286 2.6199999999999988  4.1672383676627405 2.6199999999999979  4.1703740310686577 2.6199999999999979  4.1735116238770793 2.6199999999999979  4.1781227984811862 2.6199999999999974  4.1795948762555417 2.6199999999999974  4.1810673794110729 2.619999999999997  4.1825403079477796 2.619999999999997  4.184013661865662 2.6199999999999979  4.1869153589248072 2.6199999999986403  4.1883420237763858 2.6200000000030741  4.1897749288718842 2.6199999999917054  4.1911989197378716 2.6200000000053478  4.1926240838922695 2.6199999999990951  4.2381458150214995 2.6200000000000032  4.2803939443145014 2.620000000000156  4.320936439395723 2.6200000000002888  4.3598989856395365 2.6200000000002128  4.3973914157256209 2.6199999999999561  4.4335116638642305 2.6199999999999979  4.7254513119662729 2.6199999999999641  5.0235809629855259 2.6199999999999855  5.3281449702761732 2.6200000000000014  5.639407596783145 2.6199999999999926  5.9576530150421334 2.6199999999999743  6.2831853071795862 2.6199999999999992 
 2.5226324033151659 7 3.462770629281271 5 3.9328397422643233 5 4.0503570205100861 5 4.1384949791944088 5 4.1550208464477194 5 4.1627673467227089 5 4.1702717688641044 5 4.4029088552473761 6 6.2831853071795862 7
8 2.5226324033151659 6.2831853071795862
7 0 0  7 45 8  2.5608418007884937 7.8965536931251547e-15  2.6770103696302789 6.4747916795496423e-14  2.7959639631478921 -1.1925427228352043e-15  2.9178228594748004 -3.525390503606913e-14  3.0427158005039781 -1.5565738225656067e-14  3.1707812861463496 1.5292377874686755e-14  3.302168868589225 1.8641327833960526e-14  3.5044762268003722 5.0486755608895377e-14  3.5727830551697504 2.2982811214475931e-14  3.6419811104793403 -5.7609986175712493e-15  3.7120914373986014 -1.0784956546215039e-14  3.7831359464499883 9.1324743237895402e-15  3.8551374140089529 3.1474650441901287e-14  3.9646105862399321 -3.7334457348590049e-16  4.0013467262519979 -3.4298833982027913e-15  4.0383309901256856 -1.5974267735782527e-15  4.0755664656465527 2.7094671891673032e-15  4.1130562406001498 7.0762403788134679e-15  4.1508034027720289 9.0883346841398259e-15  4.1899987803754728 8.2774733797994757e-15  4.1911867755435335 1.0101369645381371e-14  4.1923750254519234 1.1802880790671658e-14  4.1935635301006444 1.3382006815670336e-14  4.1947522894896965 1.4838747720377405e-14  4.1959413036190805 1.6173103504792862e-14  4.19828260897566 -1.6237489446621264e-13  4.1994355886490666 5.3905683402515735e-13  4.2005856465621036 -7.3553124909229783e-13  4.2017436582318624 5.0989033378533074e-13  4.2028922562276421 -1.7303105207430515e-13  4.2040433502434098 2.7461241693377447e-14  4.2408125395673348 -4.8193639447490388e-14  4.2752527754309106 1.9501622702438328e-14  4.3085832775360666 3.2845457579577026e-14  4.3408675129444898 -6.7153064265620398e-15  4.3721630058578578 -2.4258571929974875e-14  4.4025222072775714 1.5632609083245136e-14  4.4319933646644953 -4.1103831136818629e-15  4.6832186991842324 -2.8884055861744967e-15  4.9386340001781388 5.7803126946960376e-16  5.1983642701488035 1.2276240632596528e-15  5.4625416606653454 -5.3993967436220382e-15  5.7313054723634256 -1.6703106674355975e-14  6.0048021549452537 -2.3023887236485486e-14  6.2831853071795853 -7.6424259219167282e-15 
 2.5226324033151659 8 3.462770629281271 6 3.9328397422643233 6 4.1678742987558497 6 4.1752191286462104 6 4.1823344326024969 6 4.4029088552473761 7 6.2831853071795862 8
8 0 2.6199999999999997
7 0 0  2 3 2  6.2831853071795862 0  6.2831853071795845 1.3100000000000009  6.2831853071795862 2.6199999999999997 
 0 3 2.6199999999999997 3
8 0 2.6199999999999997
7 0 0  2 3 2  0 0  -1.7763568394002505e-15 1.3100000000000009  0 2.6199999999999997 
 0 3 2.6199999999999997 3
8 2.4186261942121798 6.2831853071795862
7 0 0  8 60 9  2.4558002449290961 2.356043131396444e-16  2.5623957668381938 -6.7505367601860434e-16  2.6708259976848163 -3.4490343740816864e-17  2.7811456863459401 8.3441949538495796e-16  2.8934126882247218 1.1567165176351698e-15  3.0076879652504935 7.0535689015076597e-16  3.1240355858787581 -1.9878772906280757e-16  3.2425227250911983 -6.8693019113560715e-16  3.4235681920278362 1.7390315080749904e-15  3.4844692734104976 1.5488870797953927e-15  3.5459317407230873 9.0201427685397918e-16  3.6079646723056906 3.6111342355448589e-16  3.6705773926590566 2.3676975047842185e-16  3.7337794724445903 5.8745339448507034e-16  3.7975807284843603 1.2195193987114879e-15  3.8941965047707261 5.4515428812473338e-16  3.926554047414291 5.5336544825848275e-16  3.9590651550648071 1.2624368853373805e-15  3.991731131095289 2.222964291725052e-15  4.0245532788787557 2.9855433597851243e-15  4.0575329017882247 3.1007697818812239e-15  4.0906713031967117 2.1192392503769775e-15  4.1281320915366715 3.90269869458053e-16  4.1322969066181026 1.024728713716267e-15  4.1364642317215363 1.4949239904106533e-15  4.1406340668469692 1.8008556995412117e-15  4.1448064119944021 1.9425238411079429e-15  4.1489812671638351 1.9199284151108463e-15  4.1531586323552681 1.7330694215499228e-15  4.1609959002400805 1.8133568376873806e-15  4.1646552260752259 2.0618410915804948e-15  4.1683164850741399 2.1273996221045139e-15  4.1719796772368207 2.0100324292594379e-15  4.1756448025632658 1.7097395130452669e-15  4.1793118610534776 1.2265208734620008e-15  4.1829808527074572 5.6037651050964012e-16  4.1882577069573017 1.1090243310841761e-14  4.1898643036111025 -2.7731273550592414e-14  4.1914742938824929 4.9537851992838624e-14  4.1930677279597148 -6.6155136748474317e-14  4.1946744119923096 5.1814163764162135e-14  4.1962679587886669 -2.3500030258159826e-14  4.1978636765616102 4.6564420433398659e-15  4.1994558415574987 -5.5659981220832514e-16  4.2233401453406243 9.7740737012993577e-16  4.2466816893325836 -4.4680521024222421e-16  4.2695018234324449 -2.0221049018891733e-15  4.2918207637520585 -2.1873764857618597e-15  4.3136575926160621 -6.2752217519781179e-16  4.3350302585618818 1.7265383840788634e-15  4.3559555763397313 2.6978681139574786e-15  4.3764492269126132 -1.1364874960592326e-15  4.6048633603322937 -3.133113494337864e-15  4.8359960195254645 -1.9369174479828211e-15  5.069903587805654 -1.1719296951885618e-16  5.3066445459963196 1.0119641411452036e-15  5.5462794724308253 9.7840171664684769e-16  5.7888710429524419 1.5191122216987933e-16  6.0344840309143386 -2.5577224455558101e-16  6.2831853071795862 1.8090300467469018e-15 
 2.4186261942121798 9 3.3847659724540318 7 3.8678358615749575 7 4.1093708061354199 7 4.1395626742054779 7 4.165980558766778 7 4.1775383832623465 8 4.3509057506958833 8 6.2831853071795862 9
8 2.4186261942121798 6.2831853071795862
7 1 0  2 5 3  -0.63736942832775867 0.56237017331393702  1 -1.4512253918813087 -0.3600238917455556  0.56847955318362531 -0.3006126959406572 -0.79506729717633817  1 0.84999999999999432 -1.230110702607135  0.56847955318362531 0.84999999999999432 0  1
 2.4186261942121798 3 4.3509057506958833 2 6.2831853071795862 3
8 4.2336916894959315e-06 1
7 0 0  6 18 4  2.455800244929176 1.8884689454623164e-14  2.4034897411079741 0.011804959576287397  2.3498685108747277 0.020925494172269753  2.2947972289616323 0.027595992507434875  2.238164580161468 0.031976322280456923  2.179887259327606 0.034151830169215282  2.1124119274978739 0.03413154504634619  2.1048888858686041 0.034095708503734556  2.0973648751682958 0.034025915981622745  2.0896919487800005 0.033922243550243536  2.0822110925691959 0.033784760377786327  2.0747168915630101 0.033613529468771108  2.0223094439529192 0.032414119942931509  1.9717852372890885 0.029564246360972251  1.9230897853728379 0.025077317096538754  1.8762056533122731 0.018968537948934949  1.8311524575222862 0.011254912143123278  1.7879868657245555 0.001955240329724715 
 4.2336916894959315e-06 7 0.50000211684584472 5 0.56250185224011418 6 1 7
8 4.2336916894959315e-06 1
7 0 0  4 9 3  0.76131271949580959 2.4376154294297199  0.67025805871005417 2.4425261687048661  0.57695690667091881 2.4454683854533528  0.48287653162011068 2.4477696450809958  0.38780368909096308 2.449330325352614  0.29273595329620949 2.4508932701347135  0.19667014428172536 2.4517544665776825  0.099425698375535276 2.451866999270095  0 2.4504200739112458 
 4.2336916894959315e-06 5 0.50000211684584472 4 1 5
8 0.00030228558801502069 1
7 0 0  2 3 2  1.7790756898306144 -8.381979570061217e-15  1.7835155576235269 0.00099202523926904848  1.7879868657244427 0.0019552403297448981 
 0.00030228558801502069 3 1 3
8 0.00030228558801502069 1
7 0 0  2 3 2  6.2711610806165545 2.4502368689387595  6.2771776765703446 2.4503327919609572  6.2831853071795862 2.4504200739112405 
 0.00030228558801502069 3 1 3
8 0 1.8142470686220507
7 0 0  5 6 2  0 1.7590694567487657e-15  0.38101154568740014 -6.5803077112654578e-15  0.74853285995050101 1.5374544665805209e-14  1.1035187707921637 -1.850363218104619e-14  1.4467907124481627 7.3802452809124683e-15  1.7790756898306455 -2.9294180048553822e-15 
 0 6 1.8142470686220507 6
8 0 1.8142470686220507
7 1 0  2 3 2  0.84999999999999432 0  1 0.84999999999999432 1.0869470413389664  0.61601418769439553 -0.20489508495066389 0.82493515148952667  1
 0 3 1.8142470686220507 3
8 0 0.2545584412271571
7 0 0  2 3 2  0 0  -7.1119211895953337e-15 0.12727922061357808  0 0.2545584412271571 
 0 3 0.2545584412271571 3
8 0 0.2545584412271571
7 0 0  2 3 2  6.2831853071795862 0  6.2831853071795871 0.12727922061357855  6.2831853071795862 0.2545584412271571 
 0 3 0.2545584412271571 3
8 8.5121161406345633e-16 1.8244288283676677
7 0 0  2 3 2  8.5121161406345633e-16 0.2545584412271571  0.91221441418381699 0.2545584412272125  1.8244288283677688 0.25455844122715876 
 8.5121161406345633e-16 3 1.8244288283676677 3
8 8.5121161406345633e-16 1.8244288283676677
7 1 0  2 3 2  0.66999999999998749 0  1 0.66999999999998749 0.86581747740256532  0.61199595784780403 -0.16811766975445153 0.64856491511361725  1
 0 3 1.8244288283676677 3
8 0 1
7 0 0  6 7 2  1.3868653176187651 2.9066287600012794e-15  1.424005469290762 0.063686578151646245  1.4753370375767645 0.12192804727044404  1.5423015675246461 0.17210927734817005  1.624097095470006 0.21120592785177905  1.7190071104546405 0.23882657279293085  1.8244288283677439 0.25455844122715549 
 0 7 1 7
8 0 1
7 0 0  8 9 2  4.3982036730278713 5.5337552149109701  4.3191477925101935 5.544748054111551  4.2409340433805482 5.5565823666693177  4.1638560142018832 5.5687141960079316  4.0877838924061507 5.5805587299400941  4.0134053267829586 5.591368919092929  3.9399887300824048 5.6007930509076687  3.8675486686242948 5.6084816089096421  3.7956440653921484 5.6142891068213885 
 0 9 1 9
8 0.064343821664555906 0.42796205508577673
7 0 0  4 5 2  3.7956440671345479 5.6142890966520289  3.7198405905675003 5.6104766281396792  3.6436780585437418 5.610668297837492  3.5677840943641002 5.6150893165686  3.4927428473658577 5.6234598317912905 
 0.064343821664555906 5 0.42796205508577673 5
8 0.064343821664555906 0.42796205508577673
7 0 0  6 22 5  -0.14038532105521995 0.67000000000000881  -0.15468652833811802 0.65805149272708263  -0.16952825815170058 0.64681979123280087  -0.18488417411549563 0.63633890710735841  -0.20072405651978897 0.6266376221919927  -0.21701380232545375 0.61773948857889138  -0.25467816835262624 0.59952555330816892  -0.27629084982393692 0.59068171182747164  -0.29847825199354361 0.58316727333232166  -0.32116071952651737 0.57700122732360626  -0.34425652482642022 0.57218709850668859  -0.39245993096292864 0.5650420154544733  -0.41760880234781439 0.56286968641759216  -0.44303197026329144 0.56218533705284557  -0.46864764373088974 0.56295879955631278  -0.4943656440624693 0.56514999187708526  -0.54528230826946356 0.57218469592318399  -0.57048080935206258 0.57696991749917714  -0.59562052615413563 0.58301262277434063  -0.6206288095158925 0.59025364907245859  -0.64544037658811249 0.59862740581107232  -0.66999999999998749 0.60806576308240778 
 0 7 0.20487106570326369 5 0.46201131959489455 5 0.73394696690014283 5 1 7
8 0 1
7 0 0  8 9 2  3.4927428474135258 5.6234598318971942  3.4203041529654001 5.6219865377443057  3.3469757999773719 5.6186112882278394  3.2724386132467771 5.6134672991465777  3.1966075365780853 5.606849049043376  3.1190848838014062 5.5991253472166136  3.040607838825963 5.590978621301474  2.961136021589482 5.582953092030948  2.881041229785406 5.5755377442750209 
 0 9 1 9
8 0 1
7 0 0  6 7 2  2.1189796704563717 0.2545584412271571  2.2284525001529119 0.23882686671099407  2.3255627472594824 0.21120534271707925  2.4081400832628788 0.17201666813036809  2.4746070588921611 0.12171023230899891  2.5248859361818177 0.063506887848944871  2.560841800788781 -8.2409202073091716e-14 
 0 7 1 7
8 4.5979910559847816 9.8985254871911028
7 0 0  2 5 3  6.2831853071795862 4.5979910559847816  6.2831853071796271 5.4096106707682523  6.2831853071795862 6.2212302855517141  6.2831853071796973 8.0598778863714333  6.2831853071795862 9.8985254871911028 
 4.5979910559847816 3 6.2212302855517141 2 9.8985254871911028 3
8 4.5979910559847816 9.8985254871911028
7 0 0  2 5 3  0 4.5979910559847816  4.0969278408800815e-14 5.4096106707682523  0 6.2212302855517141  1.1065576414229263e-13 8.0598778863714333  0 9.8985254871911028 
 4.5979910559847816 3 6.2212302855517141 2 9.8985254871911028 3
8 0 6.2831853071795862
7 0 0  2 3 2  0 9.8985254871911028  3.1415926535896594 9.8985254871910175  6.2831853071795862 9.8985254871911437 
 0 3 6.2831853071795862 3
8 0 6.2831853071795862
7 1 1  6 6 2  0.61131718520407219 0.22058431957995595  1.6690784610682365 0.2447487634712644 1.2364750963365339  1.0367296232096121 -1.0640638479745874 0.9290667987069412  1.0383466998475064 -1.6809455656280008 -0.60654312167130797  0.85353433019614966 -0.22566103112083624 -1.3944440067853634  1.0383466998475068 0.97788560693687998 -0.79530645717662196  1.0367296232096115
 0 6 6.2831853071795862 6
8 2.1189796704563544 6.2831853071795862
7 0 0  2 5 3  2.1189796704563548 0.25455844122715987  3.1600310796372013 0.25455844122719229  4.2010824888179705 0.25455844122716142  5.2421338979988148 0.25455844122715277  6.2831853071795862 0.2545584412271571 
 2.1189796704563544 3 4.2010824888179705 2 6.2831853071795862 3
8 2.1189796704563544 6.2831853071795862
7 1 0  2 5 3  -0.34916220755022209 0.57182668075095222  1 -1.3256848647656057 -0.024446312786807312  0.50531323787433091 -0.32784243238279487 -0.58431099555743771  1 0.66999999999998749 -1.1441756783280752  0.50531323787433091 0.66999999999998749 0  1
 2.1189796704563544 3 4.2010824888179705 2 6.2831853071795862 3
8 0.0022199037271411147 0.949160955922144
7 0 0  8 180 26  -0.21895674903541362 0.82380568737639948  -0.1973123300356292 0.82580216288847197  -0.17500687200492848 0.82694633876180035  -0.15214768114026356 0.82716899579972392  -0.12886409859970627 0.82640766841465307  -0.10533696958020755 0.82463341410554847  -0.081792810064484911 0.82186321273204044  -0.05846267123743587 0.81815799558555824  -0.0029571653828952549 0.80715219364665103  0.028911291942250728 0.79898008303901946  0.059506390586449243 0.78933332383861909  0.088419871319217691 0.77860584661443966  0.11577842292561513 0.76708758610318739  0.14166849133263781 0.75490888499561493  0.16623243043153479 0.74218952649594883  0.20121425172624186 0.72243942405935968  0.21254445961707802 0.71575861453513312  0.22360484852976015 0.70896348478647297  0.23441430604916036 0.70205809504140149  0.24499049020667485 0.69504453861664217  0.25534982948019547 0.68792294191771219  0.26550752279419498 0.6806914644388371  0.28559093414699532 0.66589539139341269  0.29551445101179752 0.65832589460418234  0.30524447929593634 0.65064449247440592  0.31483408361020793 0.6428221150180633  0.3242450867974469 0.6348888973472171  0.33350351435680636 0.62682919233134271  0.34260336486963183 0.61865172556810677  0.36037699842006532 0.60216762865452012  0.36905434077289101 0.59386487469387816  0.37758326606643777 0.58544747769040839  0.38596544871666083 0.5769161604823978  0.39420191247222647 0.56827185845241956  0.40229303041462572 0.55951571952746804  0.4102385249580891 0.55064910417885216  0.44663910733817147 0.50875719275909859  0.47326322805122345 0.47438694842443141  0.49788928164704771 0.43862630752256138  0.5203075037506153 0.40170703041617628  0.54056742594758589 0.36366660174454069  0.55856571024452251 0.32444041688068381  0.57414219939087729 0.28418878872200537  0.6036408792747352 0.19092838727463146  0.61600968980798143 0.13738015305344931  0.62391782379958727 0.082794078811787131  0.62709060867149446 0.027719778032690101  0.62529656263870947 -0.027427717785812433  0.61847334226496287 -0.081862964551248751  0.60667194158460802 -0.13508227332736311  0.58532006305659934 -0.20114198684176898  0.5801822969081627 -0.21567444644092149  0.57465549893180423 -0.23004575927141246  0.56874406786266718 -0.24424309196009375  0.56245299409576432 -0.25825393657023454  0.55578785968609168 -0.27206611060149299  0.54875483834842953 -0.2856677569899233  0.54136069545759824 -0.29904734410795442  0.5390418175676075 -0.30324239880619075  0.53678488691599568 -0.30724244575950621  0.53452053991688331 -0.3111787736085958  0.53221715652742319 -0.31510931055908031  0.52986886991229198 -0.31904274884094264  0.52748357610832386 -0.32296266916775096  0.52507094368900198 -0.32685166519593167  0.50356385635214451 -0.36089761876193194  0.48252216910373136 -0.38985334576570807  0.4595838648222923 -0.41741822177068855  0.43484459954126464 -0.44343951299852336  0.40841530003098114 -0.4677766658364888  0.38042028164059616 -0.49030179355671066  0.35099536613981286 -0.51090016303542996  0.3045232693241644 -0.53900274724570352  0.28842180095713843 -0.54800072741370087  0.2720012953621449 -0.55645104115124155  0.25528188415555064 -0.56434111416132282  0.2382841296678464 -0.57165937867481631  0.22102902494361842 -0.57839527345040409  0.20353799374171899 -0.58453924377468525  0.17694763948770742 -0.5928647223662864  0.16800843834744228 -0.5954954748845438  0.15901803185909102 -0.59797391999840244  0.14997917584241804 -0.60029904141936896  0.14089463719187734 -0.60246988558885306  0.13176719387678304 -0.604485561678203  0.12259963494125259 -0.60634524158872694  0.10878449090682807 -0.60890106786166598  0.10416362137698343 -0.60971488059747969  0.099532462964134538 -0.61048947082716154  0.094891326676872723 -0.61122471331979966  0.09024052348294731 -0.61192048494537232  0.085580364309350898 -0.61257666467475502  0.080911160042234087 -0.61319313357977023  0.076233221526933903 -0.61376977483314477  0.071025503758335162 -0.61441127181258537  0.065842425053347142 -0.61500109784847723  0.060604681305051145 -0.61554423782191492  0.05536781657073675 -0.61603755686481776  0.050152808700659079 -0.61647953044749215  0.044906791166795301 -0.61687272130038906  0.039593911091202472 -0.61721900316982925  0.034416323474204091 -0.6175075314078029  -3.5800557327547722e-05 -0.61942913414188894  -0.034646498338872789 -0.61919415306871173  -0.069267719975414366 -0.61680300675485  -0.1037560535274622 -0.61226884632692702  -0.13797321471264468 -0.60561678031199762  -0.17178653660721466 -0.59688309947788554  -0.20506945934758392 -0.58611450167375523  -0.25205339645600588 -0.56776129170791734  -0.26627920679831618 -0.56177253833791241  -0.28036953243318408 -0.55540574799971409  -0.29431472094685773 -0.5486659396600686  -0.30810538593743786 -0.54155845981308914  -0.32173240701484929 -0.5340889824802062  -0.33518692980086939 -0.52626350921019593  -0.37865342447645389 -0.49949215463515628  -0.40791127013213213 -0.47908683708362076  -0.43613013787833665 -0.45694455873297102  -0.4632140975336938 -0.4331553135076831  -0.48908085084710251 -0.40781027935230441  -0.51366012024152496 -0.38100075293440483  -0.53688462920754887 -0.35283268664686318  -0.58148956015659792 -0.2926973107510662  -0.60273513052439398 -0.26060757174284532  -0.62232471077066975 -0.22737044255217143  -0.64018553547057877 -0.19313635060095891  -0.65622916158767453 -0.15825906357412833  -0.67054977612880862 -0.12270165637286823  -0.68308932522290888 -0.086641379342722757  -0.69585881764987789 -0.043489168015035773  -0.69782020702211867 -0.036635943589637066  -0.69971589674207735 -0.029781508508953891  -0.70154562550737865 -0.022928819267754363  -0.703309231812284 -0.016080834741551087  -0.70500665394760631 -0.0092405161864519414  -0.70663793000088049 -0.0024108272392666663  -0.7106511163950131 0.01506535516805485  -0.71294470494666484 0.025720367162435309  -0.71508107152820344 0.036362339776957242  -0.7170652655741776 0.04697879035236241  -0.71889710660664718 0.057589876711070076  -0.72056754103945764 0.06813317458053092  -0.72208735566391624 0.078626473010764641  -0.72476831529624519 0.099056380373127695  -0.72594205526854694 0.1090017072742242  -0.7269774108775664 0.11886748518703172  -0.72787676740693996 0.12864364635162673  -0.72864296675177798 0.13832177830047243  -0.72927930741866476 0.14789512385844716  -0.72978954452580069 0.1573585811428444  -0.73174637587248981 0.2044773827887596  -0.73132516080005416 0.24039391946340771  -0.72917583739180714 0.27421142393988163  -0.7256635246592964 0.30620013035879623  -0.72086614992653608 0.33681199091168423  -0.71483943426471797 0.36639209943531625  -0.7075203223690778 0.39528725680269616  -0.69226920146897442 0.44485112981273289  -0.68499548151268641 0.46569272155579711  -0.67687429265427568 0.48640475260754812  -0.66782175553251477 0.50706752886996043  -0.65773133654491289 0.52772869243553799  -0.64647923511967065 0.54839694445678333  -0.63393330871517151 0.56903632932446868  -0.60519883335322788 0.61125985886819478  -0.58884844959024463 0.6328228487658123  -0.57076305435327868 0.65415272570519534  -0.55079908226227303 0.67508830681952503  -0.52883930662790135 0.69540135077358656  -0.50479825023592184 0.71483496969462124  -0.47859536483676379 0.73313675175560178  -0.42702037498210643 0.76370580501912855  -0.40247780589794502 0.7764381258812989  -0.37636047488814484 0.78811988363718655  -0.34855352162395548 0.79858045486568585  -0.31898229749197071 0.80764410625352667  -0.28752960016640827 0.81507933508122932  -0.25407866134997903 0.82056703178514567  -0.21895674903544204 0.82380568737637816 
 0 9 0.027564931543828258 7 0.066647846482436518 7 0.086087433520391651 7 0.10580830258281736 7 0.12527005951823059 7 0.19664239885383891 7 0.28712092453399085 7 0.31297275744782338 8 0.34053768899165165 7 0.55594506199976568 7 0.66651146980345288 7 0.72199871510280778 7 0.74978954592986768 8 0.7773544774736959 8 0.80491940901752412 7 0.81704197097921105 7 0.8446171690963975 7 0.87349166680041512 7 0.87893919432329004 7 0.88745904359739647 7 0.8956482987715414 7 0.92872808280992802 7 0.95320390178302605 7 0.9790796187043026 7 1 9
8 0.0022199037271411147 0.949160955922144
7 0 0  8 104 14  6.2711610430064795 2.4502368556465739  6.2451980803982101 2.4589677112248203  6.2208572293499484 2.4688463893795709  6.198324109911197 2.4799070736534565  6.1772100388233016 2.4920086063958222  6.1566421406392111 2.5049123812667391  6.1355477737152233 2.5183451834251649  6.1131332710747426 2.5320469774012544  6.089556996144033 2.5458036426528143  6.0482458639435208 2.5698827721671478  6.0032754265994299 2.5941785827817512  5.9525914641853888 2.6178234082326526  5.901748294243589 2.6408122480206657  5.8473116699024104 2.6633272768667666  5.79355012292217 2.6859598502269364  5.7391523159021745 2.7086097304982104  5.6844547170148862 2.7311190087530282  5.6024258563484182 2.7648946799786263  5.5195952668973405 2.7983807705600157  5.436895382925286 2.8316032959553468  5.3529978863662109 2.8635339277643652  5.2682180030719792 2.8938601469835703  5.1833041939858049 2.9225116726626084  5.0976320869015908 2.9489092553127945  5.0113214944692048 2.9729019244186579  4.9250037657849726 2.9968934647962162  4.8380752761562249 3.0184664601622124  4.7504655986297886 3.0374125726948362  4.66218499860316 3.053723411214305  4.5732972127796483 3.0675283795072259  4.4838922281235298 3.0790325246509864  4.3940590608152048 3.0884543853381192  4.3038585352063459 3.0959638402006848  4.3029720411319357 3.0960376223910862  4.3020889309888961 3.0961109454729474  4.3012092047772263 3.0961838094462704  4.3003328624969281 3.096256214311055  4.2994599041480015 3.0963281600673001  4.2985903297304464 3.0963996467150063  4.2977241392442602 3.096470674254173  4.2968613326894474 3.0965412426848  4.2900679464437417 3.0971022155954415  4.2825448449002579 3.0976395127290743  4.2765313998388592 3.0981669454486109  4.2686828167061321 3.0986856149102096  4.2623380119621288 3.0991985224827658  4.2550931052537635 3.0996985531746759  4.2482421684526344 3.1001870919608336  4.2412950105874421 3.1006664239401016  4.137225221953341 3.1078543869701627  4.0331359573548298 3.1128295414528111  3.9287273165598435 3.1157134742327344  3.8246870806069637 3.1166615651309257  3.7206257661669042 3.115697769988401  3.6164191194000068 3.1128099066208961  3.5131469631016987 3.1080154981308459  3.4098173109278633 3.1011082280229454  3.4019640807564429 3.1005820857262734  3.3940216395421885 3.1000476322151371  3.3866002790746279 3.0994960232492303  3.3777623710921034 3.0989329058793373  3.3712582216830924 3.0983615621807985  3.3622220403049141 3.097774557863886  3.3550006178356853 3.0971684570340585  3.3469876042574751 3.0965662359074453  3.2644472668599667 3.0903181727365241  3.1820678390943127 3.0827820956302743  3.0999018737150377 3.0738737221919008  3.0180184686612685 3.0634898625076623  2.936503267056731 3.0515084191468751  2.8554584572097568 3.0377883871619047  2.7750024619207014 3.0221703270255467  2.6354689147668733 2.9912083757563277  2.5760826273934287 2.9767840604024052  2.5171394032268588 2.9611553288924761  2.4587051877241795 2.9442669489417614  2.4008450109713522 2.92608516658085  2.3435847644130265 2.9066258541416983  2.2868726668897112 2.885983131181002  2.2305407306749436 2.864357985403565  2.1882826929556702 2.8481353180670239  2.1462969163810799 2.8313698440804518  2.1043746645212349 2.8140941753177424  2.0626012345215132 2.7964370598766504  2.0209813126719944 2.7784921472355917  1.9793383993167319 2.7603028200707369  1.9374883031029015 2.7419630927333771  1.8956867045698347 2.7238345763875809  1.8643267894655851 2.7102263146666332  1.8330498508181694 2.6967890380406701  1.801537266128538 2.6833794895172427  1.7697434082799484 2.6701128650054868  1.7376230084898463 2.6571493419929038  1.7050394530979913 2.6445844731634343  1.6718540141908251 2.6324434449568361  1.6381960140620782 2.6207792010693622  1.5371888705169483 2.5857796394721797  1.4315773977333777 2.5550421564045109  1.3213005433308354 2.5293207979018462  1.2095358111018868 2.5068409378527576  1.0971896960854792 2.4865072788472844  0.98428090721137096 2.4680864446462465  0.87226045967225829 2.451531461964644  0.76131271918015375 2.4376154292622982 
 0.0022199037271411147 9 0.041064010442226399 8 0.10904119719362565 8 0.21100697732072451 8 0.31297275744782338 8 0.31638538860783938 8 0.34347314844046617 8 0.74978954592986768 8 0.7773544774736959 8 0.82030609708580793 7 0.852519811794892 8 0.87668009782670497 8 0.89480031235056479 8 0.949160955922144 9
8 0 0.49594351575562201
7 0 0  4 5 2  4.2016880326977537 0  4.1876910297440446 0.028004108219438217  4.1769267732446735 0.056900776907008233  4.1699438697297069 0.086520109790093613  4.1670015864938108 0.11656598369449758 
 0 5 0.49594351575562201 5
8 0 0.49594351575562201
7 0 0  6 7 2  -0.61073623337662752 3.4625930550348798  -0.62961314282355829 3.5148883598916925  -0.64892600422663804 3.5680390538016269  -0.66846147699880021 3.6216259235514769  -0.68794024130363596 3.6751934420172674  -0.70701828097443808 3.7282747187669187  -0.72532931094255559 3.7803158538895474 
 0 7 1 7
8 5.5034305022035016e-07 1
7 0 0  6 19 4  4.1670015863412688 0.11656598371647021  4.0165855387891725 0.13735983739200464  3.8670280461215043 0.16093317251079498  3.7177593634141886 0.18752351506850573  3.5685188214283698 0.21649796400441801  3.4185272629433712 0.24709345709463548  3.2660239668436648 0.27355895921383711  3.1897753925205734 0.28679111655799261  3.1129013558484075 0.29899213387011514  3.035239490348431 0.30943169462375408  2.9565145571109497 0.31714298911930427  2.8767881868520817 0.32057808029117041  2.7968849373877487 0.31902021313600282  2.7169793518403367 0.31746014949855805  2.6368975422806216 0.31092216863214617  2.5573593004337454 0.2985982018010418  2.4799666438980239 0.28069468218552629  2.4058091381111808 0.25863338640203892  2.3353852451456878 0.23353192075351245 
 5.5034305022035016e-07 7 0.50000027517152512 6 0.75000013758576256 6 1 7
8 5.5034305022035016e-07 1
7 0 0  8 17 3  0.31730420164334944 -1.5639482806184936e-14  0.32083916285105041 -0.068140482359240542  0.32130034327916779 -0.13701983744073287  0.31877724169162797 -0.20591409229074795  0.31333839458131202 -0.27415084161698444  0.30498459989956522 -0.34114525451718186  0.29360837393312184 -0.40628893658484444  0.27895964132844614 -0.46869164739209107  0.26061765826348909 -0.52677587334963238  0.2422741532091095 -0.58485056322069795  0.2202669091370808 -0.63867481496345135  0.19405227380502765 -0.6862386310203874  0.16360518076544395 -0.72637222846969962  0.12724072912260453 -0.75360421474033501  0.087233013567129092 -0.76411670575362223  0.044414694669058008 -0.75991499749534341  -5.0015858957375939e-31 -0.74195000282064072 
 5.5034305022035016e-07 9 0.50000027517152512 8 1 9
8 0 1
7 0 0  6 7 2  2.3353852451457051 0.23353192075350995  2.2412179579281428 0.19997082334572269  2.1537507128086872 0.16099770613193698  2.074105248620981 0.1194899968780021  2.0016951475017777 0.078011145266216886  1.9342953561906597 0.037772950585676313  1.8692007270006423 2.6415147541687991e-14 
 0 7 1 7
8 0 1
7 0 0  6 7 2  6.2831853071795862 -0.74195000282064716  6.2435915971916529 -0.72594250364053892  6.2044681259640129 -0.69853546953197565  6.166792576215812 -0.66090235619617488  6.1313144822497634 -0.61499302992740468  6.0984689688225444 -0.56208705288401006  6.0688035327298442 -0.50341641578148 
 0 7 1 7
8 0 1.8692007270006743
7 0 0  2 3 2  0 0  0.93460036350025644 6.2817629677191744e-15  1.8692007270006703 2.6868865634270149e-14 
 0 3 1.8692007270006743 3
8 0 1.8692007270006743
7 1 1  6 6 2  -0.58268617803792822 -0.28782453143179509  1.6690784610682365 -0.1043775456569378 -1.2561361188356273  1.0367296232096121 1.1616459538218962 -0.80372611441643471  1.0383466998475064 1.602218571359959 0.79143426931142358  0.85353433019614966 0.067674730610573164 1.4109631886989007  1.0383466998475068 -1.0609948104189151 0.68048705597212233  1.0367296232096115
 0 6 6.2831853071795862 6
8 0 2.4504200739112618
7 0 0  2 5 3  6.2831853071795862 0  6.2831853071796084 1.0446291207888363  6.2831853071795862 2.0892582415776197  6.2831853071796306 2.2698391577444426  6.2831853071795862 2.4504200739112618 
 0 3 2.0892582415776197 2 2.4504200739112618 3
8 0 2.4504200739112618
7 0 0  2 5 3  0 0  2.2040091929047256e-14 1.0446291207888363  0 2.0892582415776197  4.4242350007643313e-14 2.2698391577444426  0 2.4504200739112618 
 0 3 2.0892582415776197 2 2.4504200739112618 3
8 4.2016880326977581 6.2831853071795862
7 0 0  2 3 2  4.2016880326977324 5.2158473336343821e-14  5.2424366699402398 -3.0904459108923123e-13  6.2831853071793606 1.4096637098466326e-14 
 4.2016880326977581 3 6.2831853071795862 3
8 4.2016880326977581 6.2831853071795862
7 1 1  6 6 2  -0.58268617803792822 -0.28782453143179509  1.6690784610682365 -0.1043775456569378 -1.2561361188356273  1.0367296232096121 1.1616459538218962 -0.80372611441643471  1.0383466998475064 1.602218571359959 0.79143426931142358  0.85353433019614966 0.067674730610573164 1.4109631886989007  1.0383466998475068 -1.0609948104189151 0.68048705597212233  1.0367296232096115
 0 6 6.2831853071795862 6
8 0 0.95215922362762906
7 0 0  6 27 6  -0.050082940741049242 -4.0009093468220591  -0.074384674504074155 -4.0392839384188584  -0.097250375093608454 -4.0775033644785914  -0.11853227079058115 -4.1154746586593518  -0.13810253260058403 -4.1531009920917725  -0.15586835078013905 -4.1902647053860775  -0.17583962475950443 -4.2361564142594865  -0.17976589593769177 -4.2454146343789709  -0.18357306126040385 -4.2546348838312298  -0.18726083865081478 -4.2638157143298159  -0.19082920365741529 -4.2729558454183909  -0.19549445326541104 -4.2852619176033819  -0.19669570299708994 -4.2884644750627814  -0.19788214898659362 -4.2916617893973594  -0.19905380553441887 -4.2948538168883132  -0.20021069090421406 -4.2980405175496479  -0.20188418274696573 -4.3027019068549848  -0.20241204828354853 -4.3041799687473983  -0.20293643594536093 -4.305656048160877  -0.20345735778175822 -4.3071301526104797  -0.20397482587881655 -4.3086022897709277  -0.20505017675404247 -4.3116779229202002  -0.20560774481478461 -4.3132820379460952  -0.20616152718685044 -4.3148847114950897  -0.20671151893654383 -4.3164859140694283  -0.20725773955084037 -4.3180856877328182  -0.20780023293738736 -4.3196841461104505 
 0 7 0.69897887823615512 5 0.87649855342448901 5 0.93908586113570558 5 0.96820331584298802 5 1 7
8 0 0.95215922362762906
7 0 0  8 9 2  5.7943560866521633 1.9390719429665328  5.8020912268057145 1.8903742583133862  5.8082175124873174 1.8405860652237607  5.8126399555476382 1.7895793318748474  5.8153173176688142 1.7377502141898731  5.8161497855326161 1.6844940319861053  5.8151812676369445 1.6306762126623653  5.8123886271278025 1.5757546717059085  5.8078425648667462 1.5202308373511766 
 0 9 0.95215922362762906 9
8 -1.2897436804874696 -0.22476953299951713
7 0 0  1 2 2  -0.050082940741191351 -4.0009093468220556  -0.95823570311046069 -3.4446463739227227 
 -1.2897436804874847 2 -0.22476953299951713 2
8 -1.2897436804874696 -0.22476953299951713
7 0 0  1 2 2  -0.53991455922198384 0.0032508321934159312  0.50917143302211798 -0.18002086691748787 
 -1.2897436804874847 2 -0.22476953299951713 2
8 0.55892608218350015 1
7 0 0  8 16 3  -1.3093279536126943 -4.3196841461104505  -1.3087784560221678 -4.3167835175938833  -1.3081397622553084 -4.313440039171283  -1.3074617485707734 -4.3099324985935219  -1.3067791306675929 -4.3064455792410961  -1.3061104740729093 -4.3030686848906576  -1.3054563369739753 -4.2997966614713086  -1.304797294261931 -4.2965306404292463  -1.2818170779555373 -4.1839155521937172  -1.252137637044541 -4.0748895836286501  -1.2157748778028292 -3.9666659408571263  -1.1735767756053406 -3.8595372003173303  -1.1262463903098876 -3.7535588425475588  -1.0742889772710669 -3.6489030106184863  -1.0181629451437573 -3.545850403274887  -0.958235703110347 -3.4446463739227866 
 0 9 0.030665625398177097 7 1 9
8 0.55892608218350015 1
7 0 0  4 5 2  2.2932491595067952 1.6184287900333401  2.2886812396449869 1.7004230441953609  2.2925964541395416 1.78184222471765  2.3041226796797929 1.8615404432966898  2.321945576084445 1.9390719429665364 
 0.55892608218350015 5 1 5
8 0.28203085310724491 2.6408679432320326
7 1 0  2 3 2  -0.66793641540027693 3.6203093412375154  1 -6.2540012740721238 0.88894406331760933  0.38146237667443694 -1.1521473739741452 -3.8224854376981376  1
 0.28203085310724357 3 2.6408679432320326 3
8 0.28203085310724491 2.6408679432320326
7 0 0  7 46 8  0.31730420164333256 -5.423571458309137e-15  0.45645831080016891 1.7362529837515353e-15  0.60132989324819408 -3.3385084221486561e-15  0.75234382829087976 -6.6989933566367284e-15  0.90997344476628184 -4.5865077569882624e-15  1.0747563432127971 3.0741312221422437e-16  1.2473102180349205 2.5809436484228921e-15  1.4736083292357161 -3.9621139356320709e-15  1.5193983333905534 -2.6591385875902093e-15  1.5657298457409361 -1.1164178128247337e-15  1.6126144497898764 -6.8948857948250818e-16  1.660064158935977 -1.2021742164407263e-15  1.7080914164734327 -9.4658441330691585e-16  1.7931723576008685 -6.1098439506465796e-15  1.8299677475389264 -3.4479330353995421e-15  1.8671007013293628 5.0485422019391418e-16  1.9045768143324566 2.8081849568141772e-16  1.9424018413456074 -4.2576755447135262e-15  1.9805816966033321 -7.9181992520915338e-15  2.0263488462703272 -3.1233663650332236e-15  2.0335879264823129 -3.8071467841276446e-15  2.0408397349391509 -3.012818815949937e-15  2.0481043121667648 -1.5236000262894315e-15  2.0553816986910802 -1.2270798093546123e-16  2.062671935038022 4.0663975432264126e-16  2.0733983918863212 -3.0331313044392349e-15  2.0768245650631401 -4.4800847068913926e-15  2.0802535812639706 -5.0596345936609288e-15  2.0836854404888134 -4.7717809647478424e-15  2.0871201427376671 -3.6165238201521349e-15  2.0905576880105334 -1.5938631598738066e-15  2.0939980763074111 1.2962010160871447e-15  2.0973317768841753 -9.4907283785903409e-15  2.1006574752955203 1.0491794631027237e-14  2.1039702583075268 -1.8460187979496983e-14  2.1072774258536811 3.4781101159178324e-14  2.1105718898979831 -3.3702019958476445e-14  2.1138584197383352 1.6425163085932252e-14  2.1171350472805233 -1.2961377765042678e-15  2.2187121322511207 1.4639644409875572e-14  2.3112051907475819 -2.8180110070123192e-14  2.3960732796331285 2.5206264597261139e-14  2.4743941263802429 1.6543390226009034e-14  2.5470091370547316 -3.6649986516106873e-14  2.6146080854141696 3.2081217990396088e-14  2.6777534831207257 -4.5383203410269398e-15 
 0.28203085310724491 8 1.4614493981696388 6 1.7563040344352374 6 1.9774450116344362 6 2.0189089448592861 6 2.038345163558434 7 2.0571740004232337 7 2.6408679432320326 8
8 -0.86243555910741965 0.0019666899123379432
7 0 0  1 2 2  0.19850336861424012 3.7664392573804335  -0.61073623337674121 3.4625930550347519 
 -0.86243555910741965 2 0.0019666899123379432 2
8 -0.86243555910741965 0.0019666899123379432
7 0 0  1 2 2  -0.052296129302114025 -0.21093634107032244  0.033728181100386223 0.64917473671567905 
 -0.86243555910741965 2 0.0019666899123379432 2
8 3.0570027570745646 6.2003809772565193
7 1 0  2 5 3  -0.20277372671259286 -4.3052029966800482  1 2.1907808235852144 -4.6476892901392688  0.70679106418464288 2.3915986580329616 -0.60826183022615865  1 2.5924164924807087 3.4311656296869444  0.70679106418464288 0.19850336861424012 3.7664392573804477  1
 3.0570027570745646 3 4.6286918671655419 2 6.2003809772565193 3
8 3.0570027570745646 6.2003809772565193
7 0 0  8 59 9  3.0648323266430677 1.2829708698348982e-15  3.1451712156642175 -4.9647626978514758e-17  3.2285311525274829 1.1960104930169611e-15  3.3151121409397537 1.1156795382540872e-15  3.4051333955674785 -8.0838179079613046e-16  3.4988385761597041 -3.1102240681208698e-15  3.5965010216711111 -3.7430408086619208e-15  3.6984289843850684 -1.4820021348121087e-15  3.8316063624872805 2.3393302422364744e-15  3.8585302786794289 -9.0903528731308916e-17  3.8857480591765601 -1.9351311929667656e-15  3.9132653329715295 -1.8582348192087861e-15  3.9410879114865875 1.273628922165418e-16  3.9692217885733903 2.6616986093959318e-15  3.9976731405129908 3.0372683688289033e-15  4.0372390295926719 1.610354169504755e-15  4.0480752617817508 2.9711508763051436e-15  4.0589573690837515 2.2508470152956209e-15  4.0698856979993474 4.18871905942864e-16  4.0808605950292094 -1.55534513228645e-15  4.0918824066740127 -2.7023747799256425e-15  4.1029514794344273 -2.0527877175080357e-15  4.1189317109863648 3.150651938893072e-15  4.123804376475527 4.2710745959439937e-15  4.1286861865680695 4.7489269764262331e-15  4.1335771715534531 4.6090227111802018e-15  4.138477361721133 3.8761754310463189e-15  4.1433867873605701 2.5751987668650008e-15  4.1483054787612232 7.309063494766637e-16  4.1555434493450072 5.7103662936689733e-16  4.1578554846910665 2.1849297901067114e-15  4.1601695722507266 3.2097912919411668e-15  4.1624857120239902 3.645621134870264e-15  4.1648039040108564 3.4924193188939998e-15  4.1671241482113253 2.7501858440123791e-15  4.1694464446253985 1.4189207102253985e-15  4.1740226283145603 -5.4735944168705768e-15  4.1762753689545207 4.6316420488600262e-14  4.1785343141236808 -1.2720292660558723e-13  4.1807847367599607 1.6530807239441129e-13  4.1830539200163912 -1.1329468848797767e-13  4.1853065005707322 6.1035452182460419e-14  4.1875753343647375 -1.8512930272057203e-14  4.2599933268814851 -2.0383355869357171e-14  4.3266487826106017 2.5592131613226376e-14  4.3901100834150064 7.9814978842911142e-15  4.4506403072524074 -2.2537445713995311e-14  4.5084687501937344 -1.3415110005474524e-14  4.5637975494172895 1.5688747734581443e-14  4.6168064709849208 5.2581218881997729e-15  4.667655862400216 -5.2919210024127706e-15  4.8437933598384992 -2.5599038412837147e-15  5.0235314057928724 3.6249322526506211e-16  5.2069989030946955 8.850746629184949e-16  5.3943319750161551 -1.2397518576899614e-15  5.5856747878519801 -3.1849826723447189e-15  5.7811803735011713 -2.3883317027594299e-15  5.981011452048727 1.0845596391163191e-16  6.1853412543473718 -3.6797095044378042e-15 
 3.0570027570745646 9 3.8428473121200533 7 4.0393084508814256 7 4.11298137791694 7 4.1452132834949778 7 4.1603219892346832 7 4.1749585479200224 7 4.6286918671655419 8 6.2003809772565193 9
8 0 6.2831853071795862
7 1 1  2 6 4  0 2.9403158538895582  1 -2.7019992598074509 2.9403158538895582  0.50000000000000011 -1.3509996299037255 -1.8746841461104502  1 0 -6.6896841461104515  0.50000000000000011 1.3509996299037255 -1.8746841461104502  1 2.7019992598074509 2.9403158538895511  0.50000000000000011
 0 2 2.0943951023931953 2 4.1887902047863905 2 6.2831853071795862 2
8 0 6.2831853071795862
7 0 0  2 7 4  0 0  1.0471975511966019 1.533673353044293e-15  2.094395102393201 -2.9832144997497704e-15  3.1415926535897571 5.2904892770198009e-15  4.1887902047863905 0  5.2359877559830057 5.6535471169133776e-15  6.2831853071795862 3.4987399751152539e-15 
 0 3 2.0943951023931953 2 4.1887902047863905 2 6.2831853071795862 3
8 0 0.99999948515609338
7 0 0  8 17 3  3.0258401607104566 -0.23270027323937323  3.0087380785389541 -0.29275346127747071  2.9879419674907695 -0.3467300568408973  2.9637921900721267 -0.39235536889100331  2.9365012322668917 -0.42786169105602312  2.9070137295930181 -0.44854605765431188  2.8771288709176588 -0.45457616787098232  2.8478331770929799 -0.44652780387377788  2.8201153672991874 -0.42579303908895788  2.7923958462786778 -0.40505975801306865  2.7662356093291094 -0.37161908395166271  2.7425626506792957 -0.32687015833826022  2.7220199875613549 -0.27267964314985499  2.7050403222515338 -0.21102413534742731  2.6919040601348998 -0.14380496153515723  2.6827806837938919 -0.072835352838340028  2.6777534831207324 -2.4530781134817717e-15 
 0 9 0.49999974257804669 8 0.99999948515609338 9
8 0 0.99999948515609338
7 0 0  6 19 4  0 1.4689219804328102  0.093710960357157091 1.458082915249804  0.18818793216689755 1.4478853591003826  0.28357101509527638 1.4394321322270116  0.38036431926428804 1.43416221488269  0.47802811162256376 1.4328309525295708  0.57629320524874894 1.4352005228021216  0.72369202517489839 1.4387600513151142  0.87236325144226612 1.4506453650478761  1.0209046083239173 1.4704292270121186  1.1676001540035941 1.4926764000824733  1.3125968547176967 1.5150391366848908  1.4558061312092203 1.5358390981442875  1.5990182191920999 1.5566423170560253  1.7404745824075956 1.5758834930854089  1.8802423829019403 1.5920106210792824  2.0186484559025168 1.6044625164572419  2.1561573155399176 1.6132319512343463  2.2932491605700029 1.6184287900438317 
 0 7 0.24999987128902335 6 0.62499967822255842 6 0.99999948515609338 7
8 2.3930159979234011e-06 1
7 0 0  4 5 2  3.0648323266430686 -6.6793144381546943e-15  3.0603902581521965 -0.062685069476783539  3.0522111369127742 -0.12370361454918744  3.0405449911584697 -0.18106191646986503  3.0258401607104739 -0.23270027323937043 
 2.3930159979234011e-06 5 1 5
8 2.3930159979234011e-06 1
7 0 0  5 6 2  5.8078425648667746 1.5202308373511697  5.9019444041063025 1.5128221596017681  5.9962431841329362 1.5033473047452048  6.090962550465747 1.4920742835876126  6.1864937376232092 1.4801027670910685  6.2831853071795845 1.4689219804328226 
 2.3930159979234011e-06 6 1 6
8 0.51504399986495031 0.99999941007949011
7 0 0  5 6 2  6.0688035301875978 -0.50341641322238107  6.0890390443278193 -0.40130667148372723  6.1104752397695847 -0.29967642881536705  6.1333667507456084 -0.1987646111803727  6.1580554569834476 -0.098650499687515492  6.1853412543473505 -6.366362945216509e-15 
 0.51504399986495031 6 0.99999941007949011 6
8 0.51504399986495031 0.99999941007949011
7 0 0  8 16 3  0.99413499002553252 -0.69449076416765365  0.87157031632740711 -0.64967046284627372  0.74955910000442927 -0.60298033994149591  0.62812182729695465 -0.55417171968852585  0.50734720676710054 -0.50293099141799757  0.38738106774793835 -0.44890438731459881  0.26848065521104303 -0.39154399518400851  0.15098030793491546 -0.33020333460058282  0.024466646302254702 -0.25708137315720592  0.013437957182247828 -0.25064687066748093  0.0024288922166206817 -0.24416199085865742  -0.0085598718101138616 -0.23762548725778743  -0.019527610557389607 -0.23103604683282697  -0.030473552128611914 -0.22439228999246552  -0.041396877071100846 -0.2176927705862397  -0.052296718376126705 -0.21093597590436275 
 0 9 0.91267596002383455 7 1 9
8 0.74195000282064294 1.05
7 0 0  2 3 2  0 -0.74195000282064294  8.8817841970012523e-16 -0.89597500141032249  0 -1.0500000000000014 
 0.74195000282064294 3 1.05 3
8 0.74195000282064294 1.05
7 0 0  2 3 2  6.2831853071795862 -0.74195000282064294  6.2831853071795871 -0.89597500141032249  6.2831853071795862 -1.0500000000000014 
 0.74195000282064294 3 1.05 3
8 3.2583996588979733 6.2831853071795862
7 0 0  6 43 9  3.2476454979941303 -1.0499999999999976  3.3517130145954752 -1.0500000000004093  3.4622884398968381 -1.0499999999997272  3.58013394442969 -1.0499999999999545  3.7061740866747641 -1.0499999999997272  3.841546167519482 -1.0500000000004661  4.0060314662523195 -1.0499999999999978  4.0244768738538887 -1.0499999999999987  4.0430945814923129 -1.049999999999998  4.061887671751367 -1.0499999999999974  4.0808592272148267 -1.0499999999999972  4.1083918366812346 -1.0499999999999949  4.1168061101818907 -1.0499999999999952  4.1252554272108322 -1.0499999999999974  4.1337400640104498 -1.05  4.1422602968231352 -1.0500000000000012  4.1548270282578939 -1.0499999999999967  4.1588455961823243 -1.0499999999999952  4.1628721056645661 -1.0499999999999947  4.1669065567046237 -1.0499999999999947  4.1709489493024945 -1.0499999999999956  4.1769611821640389 -1.0499999999999996  4.1789249646871314 -1.0500000000000005  4.1808906310274585 -1.0500000000000003  4.1828581811850212 -1.0499999999999992  4.1848276151598185 -1.0499999999999969  4.1877692339678561 -1.0499999999999545  4.1887395092744555 -1.0500000000015461  4.1897124976894702 -1.0499999999969987  4.1906813129962757 -1.0500000000010914  4.1916514309145896 -1.0499999999997272  4.3156834382236866 -1.0500000000004093  4.428746769083773 -1.0499999999985903  4.533332521263219 -1.0500000000015461  4.6305562006909895 -1.0499999999985903  4.7213119649895816 -1.0500000000002956  4.8063257428982586 -1.0499999999999998  5.0253914204767804 -1.050000000000092  5.2540959516698154 -1.049999999999893  5.493237125184919 -1.0500000000000398  5.7437230544180693 -1.0500000000001819  6.0066175191395104 -1.0499999999999619  6.283185307179596 -1.0499999999999989 
 3.2583996588979733 7 4.014596070968377 5 4.1091206224771772 5 4.150475113762278 5 4.1698600315521688 5 4.1792496011066476 5 4.1838710298717423 5 4.7707924830387798 6 6.2831853071795862 7
8 3.2583996588979733 6.2831853071795862
7 1 0  2 5 3  0.27969976734200941 -4.2920866956546995  1 2.5280450065498883 -3.8468846656839197  0.72745113451884114 2.3959080003920405 -0.033284405897187952  1 2.2637709942341928 3.7803158538895438  0.72745113451884114 0 3.7803158538895438  1
 3.2583996588979733 3 4.7707924830387798 2 6.2831853071795862 3
8 4.2558216127978305e-06 1
7 0 0  8 9 2  3.2476454979941298 -1.0500000000000285  3.2366032016198005 -1.0323756771485932  3.225007492939767 -1.0159116800932679  3.2126347089360934 -1.0007643070130143  3.1998343504383229 -0.98769017794984393  3.1858703102334403 -0.97656129836832406  3.1714357552918955 -0.9689324760256568  3.1565030967631174 -0.96506173541320095  3.1415926535897762 -0.96506378106434576 
 4.2558216127978305e-06 9 1 9
8 4.2558216127978305e-06 1
7 0 0  8 9 2  6.1463990981844461 -1.050000000000016  6.1601764211700356 -1.0323756771495027  6.1747499964694725 -1.0159116800623451  6.1904263154719956 -1.0007643069766345  6.2067808163701557 -0.98769017770973733  6.2247884604148567 -0.97656129841197981  6.2436111375282053 -0.96893247601838084  6.2633046083283261 -0.96506173540728923  6.2831853071795862 -0.96506378106434387 
 4.2558216127978305e-06 9 1 9
8 0 0.99999574417897741
7 0 0  8 9 2  3.1415926535897674 -0.96506378106434998  3.1266821616600282 -0.96506174786645715  3.1117497346567689 -0.96893242722399009  3.0973146745236591 -0.97656130277027842  3.0833508323994465 -0.98769055517186644  3.0705508595274296 -1.000763933872804  3.0581776686522062 -1.015911858092295  3.0465821282869001 -1.0323756528737249  3.0355398091854506 -1.0500000000000105 
 0 9 0.99999574417897741 9
8 0 0.99999574417897741
7 0 0  8 9 2  6.0275030697132647e-31 -0.96506378106434476  0.019880763103344634 -0.96506174788601129  0.039573929703692556 -0.96893242720761918  0.05839727442662479 -0.97656130297400523  0.07640463502775674 -0.98769055496813962  0.092758661317020596 -1.0007639340037713  0.10843549621927195 -1.015911858088657  0.12300885702978803 -1.0323756528832746  0.13678620899509028 -1.0499999999999989 
 0 9 0.99999574417897741 9
8 0 3.0247856482816244
7 0 0  8 53 8  -3.2759047276136107e-15 -1.0499999999999974  0.20742584102998105 -1.0499999999999352  0.40752668742544451 -1.0500000000000507  0.60075424912519204 -1.0500000000000926  0.78751716291273921 -1.0500000000000338  0.96818585045390526 -1.049999999999963  1.1430973763344068 -1.0499999999999747  1.3125603060974518 -1.0500000000000607  1.4768595642813336 -1.0500000000000007  1.517934377451656 -1.0499999999999976  1.5602856152449553 -1.0499999999999614  1.6039829098463241 -1.0499999999999565  1.6491016152376348 -1.0499999999999849  1.6957239633405945 -1.0500000000000174  1.7439402201598022 -1.0500000000000225  1.7938498419257995 -1.0499999999999972  1.8649549290227638 -1.0500000000000058  1.8846008311253408 -1.0499999999999965  1.9045061116248763 -1.0499999999999849  1.9246767833658092 -1.0499999999999807  1.9451190979580004 -1.0499999999999865  1.9658395457767321 -1.0499999999999989  1.9868448559627081 -1.0500000000000083  2.0174595168701952 -1.0499999999999996  2.0268328685829511 -1.0500000000000007  2.0362626630158354 -1.0500000000000018  2.0457495116243627 -1.0500000000000023  2.0552940258640495 -1.0500000000000016  2.064896817190411 -1.0500000000000007  2.0745584970589617 -1.0499999999999996  2.0854188762616626 -1.0499999999999987  2.0865588962297559 -1.0499999999999989  2.0876997368294989 -1.0499999999999994  2.0888413980608904 -1.05  2.0899838799239316 -1.0500000000000005  2.0911271824186222 -1.0500000000000005  2.092271305544962 -1.0500000000000005  2.095688323604918 -1.0499999999919964  2.0979651852976531 -1.0499999999883585  2.1002260219247546 -1.0499999999228748  2.1025024643895449 -1.0499999999228748  2.1047600056190277 -1.049999999893771  2.1070255488739349 -1.0499999999810825  2.1092844538925419 -1.0499999999983629  2.1115420256441904 -1.0499999999999969  2.2537618666977099 -1.0500000000001783  2.3865816728426799 -1.0499999999997125  2.5110872196989327 -1.0499999999997007  2.6281670591154778 -1.0499999999998895  2.7385625355325662 -1.0499999999999503  2.8429049932553179 -1.0499999999999805  2.9417401746389276 -1.0500000000002214  3.0355398091854409 -1.0499999999999996 
 0 9 1.5123928241408122 8 1.8904910301760152 7 2.0322778574392162 7 2.0943095943668668 7 2.1015789385380756 7 2.1160040433778189 8 3.0247856482816244 9
8 0 3.0247856482816244
7 1 0  2 5 3  0 3.7803158538895438  1 -2.2637709942341928 3.7803158538895438  0.72745113451883914 -2.3959080003920405 -0.033284405897209268  1 -2.5280450065498883 -3.8468846656839659  0.72745113451883914 -0.27969976734198099 -4.2920866956547066  1
 0 3 1.5123928241408122 2 3.0247856482816244 3
8 0 0.99999760698399831
7 0 0  5 6 2  6.2831853071795862 0.47014996253379032  6.1864937319234059 0.45896917535325343  6.0909625553533715 0.4469976592208269  5.9962431770725289 0.43572463863776534  5.9019444064623485 0.42624978300754179  5.8078425648667888 0.4188411056154151 
 0 6 0.99999760698399831 6
8 0 0.99999760698399831
7 0 0  4 5 2  0.14885217456241473 -0.23270027323937492  0.13061506355628882 -0.18106191474947808  0.11592300610229245 -0.12370361379947781  0.10554905146675209 -0.06268506962058229  0.099906041249968838 -4.6317718779238344e-15 
 0 5 0.99999760698399831 5
8 0.051868456374961666 1
7 0 0  4 5 2  5.8078425651114722 0.41884110562762095  5.8169408644530165 0.30774228468692844  5.8178085837393496 0.19997736989756199  5.8098210360769542 0.097391138922498399  5.7943560866521411 -7.1161577196603225e-15 
 0.051868456374961666 5 1 5
8 0.051868456374961666 1
7 0 0  6 17 4  -0.20780023293724526 3.7803158538895509  -0.20742676696499984 3.7792154352873553  -0.20671292978991573 3.7771153442784424  -0.20596603158861626 3.77494522148654  -0.20532832035786441 3.7731083292738283  -0.20476460132937291 3.7714874826217795  -0.19933742141770949 3.7560239719809516  -0.19436117718950641 3.7424997266603341  -0.18911907310982201 3.7288808569919603  -0.18361034251699948 3.7151709437632583  -0.17783550267833448 3.7013745356072434  -0.15586981150798351 3.6508994695805512  -0.13810381783540038 3.6137351673263005  -0.11853331298419789 3.5761082286790646  -0.097251125236851976 3.5381363255267431  -0.074385075484002527 3.4999162793807166  -0.050082940741049242 3.4615410546011596 
 0 7 0.040030759622460992 5 0.30396036538658011 5 1 7
8 2.321945576084421 5.7943560866522175
7 0 0  2 3 2  2.3219455760844387 3.2846924507971233e-14  4.0581508313680965 3.4427075421763417e-14  5.794356086652237 3.7389964412082805e-14 
 2.321945576084421 3 5.7943560866522175 3
8 2.321945576084421 5.7943560866522175
7 1 1  6 6 2  -0.47896901593463781 -0.2491912852860807  1.6690784610682365 -0.064861357100042483 -1.0451450346932631  1.0367296232096121 0.9788183034344371 -0.64737382073506922  1.0383466998475064 1.3170263537411842 0.68520400887287991  0.85353433019614966 0.031685361632057152 1.1731045020668276  1.0383466998475068 -0.89307667476924735 0.54676246412109464  1.0367296232096115
 0 6 6.2831853071795862 6
8 0 0.44157035729076038
7 0 0  4 5 2  2.3219455760844241 4.9122623584380217e-15  2.3041246215545499 0.07752290212511781  2.2925962438557832 0.15722469493823255  2.288681212017238 0.23864781303087845  2.2932491590372144 0.32064315293785722 
 0 5 0.44157035729076038 5
8 0 0.44157035729076038
7 0 0  8 9 2  -0.95823570311037543 2.9052780817018622  -1.0199824565522988 3.0095548686137334  -1.0777032865130423 3.1158104901929811  -1.1309868667099465 3.2237650306995214  -1.1793232357970567 3.3331016407146343  -1.2221578469731753 3.4436359352166015  -1.2587013960506681 3.555318991900478  -1.2880136893169833 3.6678044235056966  -1.3093279536127227 3.7803158538895509 
 0 9 1 9
8 5.148440375007969e-07 1
7 0 0  6 19 4  2.2932491605700154 0.32064315292272882  2.1104566537987921 0.32757328907302963  1.9269478858868752 0.34084585049782845  1.7414785155260688 0.36076718625599824  1.553192280339772 0.38709200748070316  1.3612311000947557 0.41778271391098087  1.1664764384043558 0.44602500865248379  1.0691022546145579 0.46015132780993184  0.97102968367149833 0.47365898143464352  0.8723617885073196 0.4858002382291744  0.77339843307637557 0.49540969630178705  0.67455704502911196 0.50150230991510125  0.57629337838594552 0.50387141623474407  0.47802818439605232 0.5062409918840558  0.38036461707829972 0.50490972611680718  0.28357154108044824 0.49963985939359645  0.1881877579806428 0.49118657412930133  0.093711082164716686 0.48098903904286772  0 0.4701499625336964 
 5.148440375007969e-07 7 0.5000002574220187 6 0.75000012871100941 6 1 7
8 5.148440375007969e-07 1
7 0 0  8 17 3  0.53888828541757328 -3.9002833113246542e-15  0.53379891344593922 -0.072835335745527904  0.52454761527485982 -0.1438049113115423  0.5111690769382653 -0.21102408291820496  0.49374119209665779 -0.2726795856942853  0.47240131082683545 -0.3268700748821044  0.44740998249227865 -0.37161898122651071  0.41926219269420523 -0.40505968054789177  0.38884609430328981 -0.42579297749922179  0.35843220713968549 -0.44652775819804447  0.32572885350100478 -0.45457620630349993  0.29170047004117805 -0.44854625201332965  0.25737070299692277 -0.42786122019970207  0.22485283249625354 -0.39235589834788698  0.19560197400005563 -0.34672997559027863  0.17006303051937266 -0.2927535143219302  0.14885217456251401 -0.23270027323936862 
 5.148440375007969e-07 9 0.5000002574220187 8 1 9
8 0.47014996253369634 1.4689219804328517
7 0 0  2 3 2  6.2831853071795862 0.47014996253365848  6.2831853071795312 0.96953597148336479  6.2831853071796804 1.4689219804328086 
 0.47014996253369634 3 1.4689219804328517 3
8 0.47014996253369634 1.4689219804328517
7 0 0  2 3 2  0 0.47014996253365848  -5.4667255866482563e-14 0.96953597148336479  9.4372294811975625e-14 1.4689219804328086 
 0.47014996253369634 3 1.4689219804328517 3
8 2.3219455760844676 5.7943560866521526
7 0 0  2 3 2  2.3219455760845107 1.9390719429664902  4.0581508313682004 1.9390719429666052  5.794356086652221 1.9390719429664611 
 2.3219455760844676 3 5.7943560866521526 3
8 2.3219455760844676 5.7943560866521526
7 1 1  6 6 2  -0.47896901593460939 -0.24919128528607359  1.6690784610682365 -0.06486135709999985 -1.0451450346932489  1.0367296232096121 0.97881830343447973 -0.64737382073505501  1.0383466998475064 1.3170263537412268 0.68520400887288702  0.85353433019614966 0.031685361632071363 1.1731045020668383  1.0383466998475068 -0.89307667476921893 0.54676246412110174  1.0367296232096115
 0 6 6.2831853071795862 6
8 5.9664289994996125e-15 1.05
7 0 0  2 3 2  0 -5.9664289994996125e-15  0 -0.52500000000000302  0 -1.05 
 5.9664289994996125e-15 3 1.05 3
8 5.9664289994996125e-15 1.05
7 0 0  2 3 2  6.2831853071795862 -5.9664289994996125e-15  6.2831853071795862 -0.52500000000000302  6.2831853071795862 -1.05 
 5.9664289994996125e-15 3 1.05 3
8 0 6.2831853071795862
7 0 0  2 7 4  0 -1.05  1.0471975511965996 -1.0499999999999996  2.0943951023931988 -1.0499999999999983  3.1415926535897611 -1.0499999999999945  4.1887902047863905 -1.05  5.2359877559830048 -1.0499999999999921  6.2831853071795862 -1.0499999999999965 
 0 3 2.0943951023931953 2 4.1887902047863905 2 6.2831853071795862 3
8 0 6.2831853071795862
7 1 1  2 6 4  0 2.9403158538895404  1 -2.7019992598074509 2.9403158538895404  0.50000000000000011 -1.3509996299037255 -1.8746841461104538  1 0 -6.6896841461104515  0.50000000000000011 1.3509996299037255 -1.8746841461104538  1 2.7019992598074509 2.9403158538895404  0.50000000000000011
 0 2 2.0943951023931953 2 4.1887902047863905 2 6.2831853071795862 2
8 -0.27969976734200941 0.27969976734198099
7 0 0  1 2 2  0.27969976734200941 -4.2920866956547243  -0.27969976734198099 -4.2920866956547243 
 -0.27969976734200941 2 0.27969976734198099 2
8 -0.27969976734200941 0.27969976734198099
7 0 0  1 2 2  0.27969976734200941 3.7527184034337999  -0.27969976734198099 3.7527184034337999 
 -0.27969976734200941 2 0.27969976734198099 2
8 0 0.08458989651516928
7 0 0  3 4 2  1.5438466974666534e-31 4.750565072300523e-15  0.03408510552340005 5.9730379832425442e-15  0.067369125560573728 5.3569498600432032e-15  0.099906041249942554 6.2170017307601451e-15 
 0 4 0.08458989651516928 4
8 0 0.08458989651516928
7 1 0  2 3 2  0 3.7803158538895474  1 -0.10156844704252421 3.7803158538895474  0.99910570200255933 -0.20277372671245075 3.7658347044591665  1
 0 3 0.08458989651516928 3
8 0.50072471035774879 2.8595618004825254
7 0 0  7 44 8  0.53888828541755796 5.8211719297857662e-15  0.66805447675049656 5.3074734443689464e-15  0.80495998296143101 5.7013664871702814e-15  0.95043758148153756 5.1063737318501663e-15  1.1054752877071223 7.2841463870151536e-15  1.2712490654113577 8.7299458958525904e-15  1.4492033799385637 3.5060489396233091e-15  1.6891736305103575 8.8589944407367732e-15  1.738044189350314 8.2684459859421165e-15  1.787819867108394 6.803278263541587e-15  1.8385310757561439 5.9453151333434168e-15  1.890210042829169 5.9163564320508834e-15  1.9428908114271322 5.6781779732623057e-15  2.0066814554497614 7.8348914597498044e-15  2.0167901500696739 9.7729281752100685e-15  2.0269355672108587 9.6223726470246862e-15  2.0371179500106864 8.2589558283664942e-15  2.0473375416065247 6.5584086724083326e-15  2.0575945851357416 5.396462132323035e-15  2.0703021456986752 4.8209389763416702e-15  2.0727170466318454 4.2831861988349676e-15  2.0751340265352156 4.0355888287633375e-15  2.0775530854087862 4.0781468661267797e-15  2.0799742232525587 4.4108603109252912e-15  2.082397440066531 5.0337291631588767e-15  2.086016439115292 5.5749982082500087e-15  2.0872106489241662 5.2414394903592397e-15  2.0884053652773273 4.94607726915523e-15  2.0896005881747755 4.688911544637974e-15  2.090796317616511 4.4699423168074758e-15  2.0919925536025334 4.2891695856637337e-15  2.0943765460365702 8.6146517725474553e-15  2.0955655486348923 -3.7357630577256683e-15  2.0967517245078722 1.2614556997816802e-14  2.0979369129070489 7.0874138076636273e-15  2.0991218870353157 -1.0501444252137813e-14  2.1003050712230928 1.551011094228699e-14  2.2516456946173093 1.4497498019347284e-14  2.3846334199370176 -3.1311376061724061e-14  2.5039820872552809 4.4178608334108738e-14  2.6120235891430639 -2.4272065225053466e-14  2.7105320773116546 9.4750656604895572e-15  2.8008647205642774 3.1752996066680513e-15  2.8841099846542222 1.3973583554862992e-15 
 0.50072471035774879 8 1.6801432554201372 6 1.9749978916857343 6 2.0302831359855338 6 2.0432406151182994 6 2.0496181243789575 6 2.0559458093485166 6 2.8595618004825254 8
8 0.50072471035774879 2.8595618004825254
7 1 0  2 3 2  -1.1521473739741168 3.2831171454772594  1 -6.2540012740720385 -1.4283123555383028  0.38146237667444227 -0.66793641540033377 -4.1596776334583865  1
 0.50072471035774835 3 2.8595618004825258 3
8 0 0.99999903301131809
7 0 0  6 7 2  2.9516310385847695 -0.58713001499650153  2.9237618053493861 -0.50705107606754041  2.9032681638382201 -0.41263718342560196  2.8893011130094237 -0.31260473491647645  2.88118861517205 -0.20862914524371945  2.8794017599855124 -0.10341610239117927  2.8841099846541951 2.4918926409868503e-15 
 0 7 0.99999903301131809 7
8 0 0.99999903301131809
7 0 0  7 8 2  6.2831853071795489 0.2935815660623784  6.1318399985602809 0.27185402861229591  5.9839327877962205 0.24293411885196292  5.8381948899404961 0.21327774640212738  5.6926987388069392 0.1853592364659562  5.5475062733457889 0.15971136571363331  5.4019033577887967 0.13685413021619297  5.2555260600501246 0.11656598371645184 
 0 8 0.99999903301131809 8
8 0 1
7 0 0  7 15 3  3.3110518874556263 -0.50341641578148266  3.2867286698510898 -0.56115790466912163  3.2603261716147762 -0.61348353674176381  3.2323683260311946 -0.65931115121127604  3.2033193166164762 -0.69754624948935928  3.1736866744060666 -0.72670138631510128  3.1440843384088031 -0.74520152778789139  3.1152556792273933 -0.75237537630570028  3.0864262556592621 -0.75955244673093603  3.0583781508594257 -0.75539073870504581  3.0317754140342004 -0.73939547178360954  3.007615114627697 -0.71137986128633202  2.986382572529692 -0.67544619185491683  2.9677544587252669 -0.63346941538929968  2.9516310385847939 -0.5871300149965083 
 0 8 0.5 7 1 8
8 0 1
7 0 0  8 25 4  1.2740967779531562 6.3926298822287126e-15  1.2461145330799421 0.01626665523469471  1.217736685922044 0.032961981122599321  1.188767631786587 0.050015700908489252  1.1590359236990317 0.06734454083626798  1.1283942724031746 0.084852230148973459  1.0967195463611463 0.10242950108877814  1.0639127717534145 0.1199540888969889  1.0298991324787801 0.13729073181404705  1.0043895873140698 0.15029189421240446  0.97820223542155871 0.16318789844572609  0.95131017044811372 0.17591629766962236  0.9236978441611231 0.18841031928266444  0.89536106644849556 0.20059886492638399  0.86630700531866001 0.21240651048527345  0.83655418690056615 0.22375350608678582  0.80613249544368504 0.23455577610133477  0.71487224268128102 0.26696560354662324  0.61763236429942481 0.29445655815834471  0.51546694409807969 0.31489435920775577  0.40981688140891492 0.32602169974416029  0.30527444206745713 0.32598928528204851  0.20224623185185919 0.31949211215305695  0.10057791969768459 0.30801984140657623  0 0.29358156606241981 
 0 9 0.25 8 0.4375 8 1 9
8 0.51504399986504845 0.99999941007949611
7 0 0  5 6 2  3.3110518895735228 -0.50341641322237474  3.2941939437516226 -0.40130667148388  3.2765494250747906 -0.29967642881537415  3.257955641838862 -0.19876461118046507  3.238185898260781 -0.09865049968786721  3.2167308114040076 5.0640217250767675e-15 
 0.51504399986504845 6 0.99999941007949611 6
8 0.51504399986504845 0.99999941007949611
7 0 0  8 16 3  -0.99395033871407179 -0.69458197480460626  -0.87138566501645442 -0.64976167348334002  -0.74937444869078362 -0.60307155057753903  -0.627937175989846 -0.55426293032729745  -0.5071625554504422 -0.50302220205253434  -0.38719641644013336 -0.44899559795319988  -0.26829600389802621 -0.39163520582008005  -0.15079565662371053 -0.33029454523756385  -0.024281994990769107 -0.25717258379395957  -0.013253305870755128 -0.25073808130426301  -0.002244240905122652 -0.24425320149541108  0.0087445231216136676 -0.23771669789454108  0.019712261868892966 -0.23112725746955221  0.03065820344011172 -0.22448350062919076  0.041581528382589994 -0.21778398122293652  0.052481369687619406 -0.21102718654105956 
 0 9 0.91267596002402773 7 1 9
8 3.2243969835127881 6.2831853071795862
7 0 0  7 45 8  3.216730811403969 -9.8304367281534224e-16  3.3065794882893433 2.0797585173031518e-14  3.4010268513435937 -2.9058059457908658e-14  3.5004961078991204 9.9224147472907339e-15  3.6054767933561118 1.6920718131055575e-14  3.7165383959541032 -1.9460641209366443e-14  3.8343575956856699 1.491719498081113e-14  3.9754343488928283 5.8612732266937192e-15  3.9912279796854611 6.414908847317242e-15  4.0071416970895788 4.4979604953541293e-15  4.0231771884646017 1.6984216102629658e-15  4.0393361411699482 -3.9571436849765698e-16  4.0556202425650403 -1.9645400146914818e-16  4.0863908104956286 2.0977148035217715e-15  4.1008475599727117 1.6077899029825611e-15  4.1154026614720154 1.9323530387321812e-15  4.1300573480250149 2.5893358003133627e-15  4.1448128526631844 3.0966697772688349e-15  4.1596704084179956 2.9722865591413267e-15  4.1762675887996838 1.7549103706917897e-15  4.1779051696835721 1.9168824999599429e-15  4.179543990972582 2.2200341232780298e-15  4.1811840526667181 2.6643652406460507e-15  4.1828253547659795 3.2498758520640047e-15  4.1844678972703626 3.976565957531893e-15  4.1869207125791945 -5.3663981582794866e-15  4.1877302887551195 2.3356080266674883e-15  4.1885389039744041 1.9691217743851094e-14  4.1893512857641326 -1.6876051521102718e-14  4.1901591797759465 1.6477921052783338e-14  4.1909686204626269 -1.5679786111866197e-15  4.2944632437606938 6.2217016981712435e-15  4.3902508880478308 -1.9209875856741737e-15  4.479973516475444 1.1143574131789697e-14  4.5642988702219167 3.2074010122032477e-15  4.6437789766434561 -1.1974152786993367e-14  4.7188824078054949 1.5124777320978734e-14  4.7900087824452848 1.6385834075631937e-17  4.9802438631851782 1.0230644081281939e-14  5.1773383302757372 -9.6236091878635185e-16  5.381738748823401 -3.2966911543079037e-15  5.5939373371904013 3.1048463087264348e-15  5.8144841671620444 6.0655469274932421e-15  6.0439993641140024 6.9586398023688451e-17  6.2831853071795853 4.9767983708907165e-15 
 3.2243969835127881 8 3.9890940644294877 6 4.0846811995440753 6 4.1683199427693394 6 4.1774679303096018 6 4.1819704554270754 6 4.7537911453461872 7 6.2831853071795862 8
8 3.2243969835127881 6.2831853071795862
7 1 0  2 5 3  0.19850336861406959 -4.3058075496013721  1 2.4932502262351193 -3.9844224099645729  0.72159210700914256 2.3979433266943602 -0.10205327803751274  1 2.3026364271535726 3.7803158538895474  0.72159210700914256 0 3.7803158538895474  1
 3.2243969835127881 3 4.7537911453461872 2 6.2831853071795862 3
8 0 0.9650637810643482
7 0 0  2 3 2  0 3.1539861209447731e-15  8.8817841970012523e-16 -0.48253189053216955  0 -0.96506378106434343 
 0 3 0.9650637810643482 3
8 0 0.9650637810643482
7 0 0  2 3 2  6.2831853071795862 3.1539861209447731e-15  6.2831853071795871 -0.48253189053216955  6.2831853071795862 -0.96506378106434343 
 0 3 0.9650637810643482 3
8 0.11680700530816887 6.1663783018713927
7 0 0  8 98 14  0.13678620899511193 -1.0499999999999938  0.2568397250578302 -1.0499999999999905  0.37761489448846874 -1.0499999999999887  0.49911930099408486 -1.0499999999999885  0.62136066301290771 -1.0499999999999894  0.74434683371433963 -1.0499999999999901  0.8680858009989556 -1.0499999999999912  0.99258568749850273 -1.0499999999999925  1.180489299206599 -1.0499999999999967  1.2433161160116875 -1.0499999999999976  1.3063362566868479 -1.049999999999998  1.3695507769277606 -1.0499999999999976  1.4329607324301046 -1.0499999999999974  1.4965671788895611 -1.0499999999999972  1.5603711720018105 -1.0499999999999969  1.6563750743938632 -1.0499999999999985  1.6884260370377899 -1.0499999999999983  1.720526791717047 -1.0499999999999976  1.752677474754373 -1.0499999999999965  1.7848782224725026 -1.0499999999999958  1.8171291711941728 -1.049999999999996  1.8494304572421205 -1.049999999999998  1.8979580973841588 -1.0499999999999963  1.9141465965758147 -1.0499999999999943  1.9303477318355198 -1.0499999999999949  1.9465615204847433 -1.0499999999999974  1.9627879798449557 -1.0499999999999994  1.9790271272376256 -1.0500000000000012  1.9952789799842228 -1.0500000000000012  2.0196758355145534 -1.0500000000000003  2.0278113028621885 -1.0500000000000007  2.0359499574491227 -1.0500000000000014  2.0440917992753551 -1.0500000000000012  2.0522368283408858 -1.0500000000000007  2.0603850446457148 -1.0499999999999996  2.0685364481898421 -1.0499999999999978  2.0787296884605539 -1.0499999999999969  2.0807685376627174 -1.0499999999999983  2.0828075865797575 -1.0499999999999989  2.0848468352116729 -1.0499999999999996  2.0868862835584641 -1.0499999999999994  2.0889259316201314 -1.0499999999999992  2.0909657793966741 -1.0499999999999989  2.0930058268880938 -1.0499999999999983  2.094535624859418 -1.0499999999865395  2.0960677643524832 -1.0500000000502041  2.0975933949375758 -1.0499999997773557  2.0991182021971326 -1.0499999998792191  2.1006412451097276 -1.0499999998719431  2.1021605550413369 -1.0500000000247383  2.1036782508253964 -1.0499999999938154  2.1051932990670852 -1.0500000000000009  2.10973853006442 -1.05  2.114262106848372 -1.0500000000000005  2.1187642041872321 -1.0500000000000007  2.1232449968492904 -1.0500000000000018  2.1277046596028364 -1.0500000000000025  2.1321433672161607 -1.0500000000000027  2.1365612944575538 -1.050000000000002  2.1409586160953054 -1.0500000000000005  2.3911171254689174 -1.0499999999999989  2.6412756348425326 -1.0499999999999989  2.89143414421615 -1.0499999999999989  3.1415926535897696 -1.0499999999999989  3.391751162963391 -1.0499999999999989  3.6419096723370141 -1.0499999999999992  3.89206818171064 -1.0499999999999992  4.142226691084268 -1.0499999999999992  4.1461354203365985 -1.0500000000000007  4.1500604317173266 -1.0500000000000007  4.1540018475191145 -1.0499999999999996  4.157959790034627 -1.0499999999999992  4.1619343815565273 -1.0499999999999987  4.1659257441491224 -1.0499999999999987  4.169933999191656 -1.0499999999999992  4.1749498598674668 -1.0500000000000014  4.175941486054624 -1.0500000000000012  4.1769341475382671 -1.0500000000000009  4.1779278452318138 -1.0500000000000007  4.1789225793636193 -1.0500000000000007  4.1799183509980331 -1.0499999999999965  4.1809151643924443 -1.0499999999999727  4.1829069980749365 -1.0499999999998109  4.1839018027806185 -1.0500000000000009  4.184898074939797 -1.050000000000058  4.1858951559947215 -1.0500000000001495  4.1868929177838208 -1.05000000000032  4.1878920793329 -1.0500000000003213  4.1888930208511308 -1.0499999999999663  4.1898930949318673 -1.0500000000000014  4.4449378565139694 -1.0499999999999885  4.6968596945454753 -1.0499999999999856  4.945725293728219 -1.0499999999999883  5.1915992734313141 -1.0499999999999925  5.4345441876911602 -1.0499999999999954  5.6746205252114414 -1.0499999999999965  5.9118867093631202 -1.0499999999999947  6.1463990981844541 -1.0499999999999916 
 0.11680700530816887 9 1.1250688880687083 7 1.6291998294489782 7 1.8812653001391131 7 2.0072980354841805 7 2.070314403156714 7 2.0860684950748474 8 2.0978840640134475 8 2.1333307708292479 8 4.1498545363503272 8 4.1813627201865939 7 4.1891166873025494 7 4.1968403654844586 8 6.1663783018713927 9
8 0.11680700530816887 6.1663783018713927
7 1 0  2 7 4  -0.27969976734198099 3.7527184034337999  1 -4.0603494222415577 3.0040998765199944  0.53333181027217647 -2.0301747111207931 -2.4296779777127462  1 -2.8421709430404007e-14 -7.8634558319454939  0.53333181027217647 2.0301747111207931 -2.4296779777127853  1 4.0603494222415861 3.0040998765199163  0.53333181027217647 0.27969976734200941 3.7527184034337928  1
 0.11680700530816887 3 2.1333307708292479 2 4.1498545363503272 2 6.166378301871406 3
8 -1.1488808199071385 -0.083906672419254619
7 0 0  1 2 2  -0.050082940741191351 3.4615410546011098  -0.95823570311040385 2.9052780817018267 
 -1.1488808199071503 2 -0.083906672419254619 2
8 -1.1488808199071385 -0.083906672419254619
7 0 0  1 2 2  -0.53991455922198384 0.0032508321934088258  0.5091714330220185 -0.18002086691748787 
 -1.1488808199071503 2 -0.083906672419254619 2
8 0.092884603697439228 0.95728685271701519
7 0 0  1 2 2  -0.61073623337679805 -4.0019613472558575  0.19850336861406959 -4.3058075496013579 
 0.092884603697425558 2 0.95728685271701519 2
8 0.092884603697439228 0.95728685271701519
7 0 0  1 2 2  -0.03354352978885089 0.6490835260788117  0.052480780613608502 -0.21102755170699083 
 0.092884603697425558 2 0.95728685271701519 2
8 0.504068998429402 1
7 0 0  6 7 2  -0.72532931094264086 -4.319684146110454  -0.70701780006749004 -4.267641644218827  -0.68794037444692435 -4.214562171810897  -0.66846303699983878 -4.1609985159431453  -0.64892893210952707 -4.1074153457062046  -0.62961604941156679 -4.0542647043262221  -0.6107362333765991 -4.0019613472557793 
 0 7 1 7
8 0.504068998429402 1
7 0 0  4 5 2  5.2555260599067299 0.11656598369574936  5.2525914448171704 0.08652218539260792  5.2456269472375538 0.056904508679480603  5.2348907672399037 0.02800771454602069  5.2209266922138795 -1.2525584604267131e-14 
 0.504068998429402 5 1 5
8 0 6.2831853071795862
7 1 1  2 6 4  0 2.9403158538895475  1 -2.7019992598074509 2.9403158538895475  0.50000000000000011 -1.3509996299037255 -1.8746841461104502  1 0 -6.6896841461104515  0.50000000000000011 1.3509996299037255 -1.8746841461104502  1 2.7019992598074509 2.940315853889544  0.50000000000000011
 0 2 2.0943951023931953 2 4.1887902047863905 2 6.2831853071795862 2
8 0 6.2831853071795862
7 0 0  2 7 4  -1.1700083028605162e-29 -3.1148143391780348e-15  1.0471975511965883 -1.1777531792466231e-14  2.0943951023931984 6.0690327793915041e-30  3.1415926535897594 -1.5797528760338369e-15  4.1887902047863861 1.5574071695890274e-15  5.2359877559829977 -1.7431341383616121e-15  6.2831853071795862 0 
 0 3 2.0943951023931953 2 4.1887902047863905 2 6.2831853071795862 3
8 0 6.2831853071795862
7 1 1  2 6 4  0 2.9403158538895475  1 -2.7019992598074509 2.9403158538895475  0.50000000000000011 -1.3509996299037255 -1.8746841461104502  1 0 -6.6896841461104515  0.50000000000000011 1.3509996299037255 -1.8746841461104538  1 2.7019992598074509 2.940315853889544  0.50000000000000011
 0 2 2.0943951023931953 2 4.1887902047863905 2 6.2831853071795862 2
8 0 6.2831853071795862
7 0 0  2 7 4  -1.6783072503101174e-46 -1.0500000000000016  1.0471975511966014 -1.050000000000002  2.0943951023931953 -1.05  3.1415926535897567 -1.0499999999999896  4.1887902047863905 -1.05  5.2359877559829933 -1.0499999999999998  6.2831853071795862 -1.05 
 0 3 2.0943951023931953 2 4.1887902047863905 2 6.2831853071795862 3
8 0.29358156606240532 3.0773129430876685
7 0 0  2 5 3  6.2831853071795862 0.29358156606240532  6.2831853071795862 1.1914199038200157  6.2831853071795862 2.0892582415776189  6.2831853071795001 2.5832855923326568  6.283185307179675 3.0773129430876582 
 0.29358156606240532 3 2.0892582415776189 2 3.0773129430876685 3
8 0.29358156606240532 3.0773129430876685
7 0 0  2 5 3  0 0.29358156606240532  0 1.1914199038200157  0 2.0892582415776189  -8.6384954519776347e-14 2.5832855923326568  8.900268041431502e-14 3.0773129430876582 
 0.29358156606240532 3 2.0892582415776189 2 3.0773129430876685 3
8 0.56373187392282209 1
7 0 0  7 29 5  2.3831840170985408 2.4376154393403486  2.2903472238913309 2.4492386667971004  2.196860439984448 2.4626999543543207  2.1024184211019019 2.4776353012894106  2.0081617855612421 2.4939092432105099  1.9144483837371808 2.511659032341413  1.8215856869219351 2.5315939550387156  1.7308505255330824 2.5542145880270444  1.6627746688967686 2.5711751549758342  1.5959551463348589 2.5896925578755536  1.5304317635909359 2.6098458125824044  1.4671228986908318 2.6321038585753223  1.4061367265768954 2.6562369851012591  1.3465128691031847 2.6812960492402245  1.2873944703915841 2.706659485890067  1.1987406108575893 2.7447128375418592  1.1117935337427494 2.7837132514467675  1.0243174723739881 2.8216461048858554  0.93651448308927299 2.8578833209613941  0.8479485205669367 2.891605711999091  0.75739144378848444 2.9218095479165029  0.66559095263488766 2.9488973495576194  0.57376879172612527 2.9759765855176425  0.48053903691336985 2.9998394850041583  0.3860871269520802 3.0205434135152052  0.29062434833754075 3.0383370881680207  0.19435586475130631 3.0535510019204808  0.09744874650764844 3.0664878477925392  1.3829233147691706e-15 3.0773129430876653 
 0.56373187392282209 8 0.67279890544211662 7 0.75459917908158747 7 0.87729958954079379 7 1 8
8 0.56373187392282209 1
7 0 0  8 166 24  -0.099635961283951247 0.61076951478589336  -0.083042312595182466 0.61336559145377478  -0.0663741367802686 0.6154690252323789  -0.049647499347173607 0.61707475391304101  -0.032878803116631161 0.61817849613368026  -0.016084788222286761 0.61877675137875698  0.00071746788947280038 0.61886679997929761  0.017510550459405749 0.61844670311289818  0.034276707415386909 0.61751530280370304  0.038903246029860838 0.61725853633940631  0.043622423968912472 0.61695658296667588  0.048340028615172059 0.61661418001366286  0.053027458416124773 0.6162329681252352  0.057694967341717529 0.61581269052878795  0.062364909341710018 0.61535239229996108  0.067044982803196262 0.61485161962843193  0.071701475008097759 0.61431161908366505  0.14389723395544252 0.60594635722482337  0.21462137190042085 0.58804096213946266  0.28247216207904557 0.56079024630658836  0.34606602130250508 0.52467226020889868  0.40413499461317315 0.48042866111574511  0.45557062234485102 0.42903623930972756  0.49947452675129966 0.37168856702043485  0.53527605536694978 0.30980673532846836  0.53680305468404299 0.30716783715394413  0.53834399636488683 0.30447004239847075  0.53988614041554683 0.30173456757795947  0.54141992412897366 0.29897743131359888  0.5429389620849463 0.2962094543318905  0.54444004615021413 0.29343625946462737  0.54592314547829801 0.29065827164889768  0.55256281867875146 0.27805166449806507  0.55754183877377272 0.26812011122061108  0.56232602158749501 0.25808057872234968  0.56691308958099285 0.24793767435186709  0.57130093288364492 0.23769609217871945  0.57548760929319087 0.22736061299339028  0.57947134427567448 0.21693610430734367  0.59254014063697014 0.18059651084825745  0.60059409709504052 0.15425653157679875  0.60738829660752458 0.12748275645621732  0.6129059769318701 0.10035130627392519  0.61713795064042642 0.072939291602612144  0.62008283844588163 0.045324855715637824  0.62174730252661448 0.017587217502484265  0.62256213250336145 -0.039145800160447664  0.62160376253180516 -0.068147720429223568  0.61928801302724423 -0.097110591386268652  0.61564166089141281 -0.12595168241499621  0.61069953347723072 -0.15459433798850597  0.60450262522803655 -0.18296832833993193  0.5970962143166787 -0.2110102001328471  0.57580151282823522 -0.27973745850181331  0.56051285665719774 -0.31995082053054702  0.54280959106895921 -0.35915086668137874  0.52284643885536752 -0.39718156927699511  0.50074150016050112 -0.43408929585795875  0.47643504538706338 -0.46986618030886262  0.45012431669613306 -0.50428349495429359  0.41450505155086148 -0.54582232666471953  0.4070421345503803 -0.55427456267214836  0.39944765095864909 -0.56262883224959737  0.39172197159749089 -0.57088385779547224  0.38386492329777866 -0.57903858056758395  0.3758757888991795 -0.58709216068317005  0.36775330725032518 -0.59504397711885559  0.35290922464835717 -0.60915463069878939  0.34623671609415396 -0.61535056040990455  0.33947742532413372 -0.62148097678196024  0.33263042684015431 -0.62754539544619803  0.32569459186805716 -0.63354328772720692  0.31866858835743983 -0.63947408064290556  0.31155088098188344 -0.64533715690454585  0.28083051377282686 -0.67002328480655393  0.2563555175935619 -0.68816630171005144  0.23071028033174912 -0.70562634468286234  0.20369502771973202 -0.72253504142389957  0.17498643767513045 -0.7387392974268856  0.14435675574608808 -0.75423002983546183  0.11135786325510821 -0.76876410107119852  0.06000891562138122 -0.78784693499352798  0.043472762349665572 -0.79352119984746494  0.026477490102024603 -0.79885537752800673  0.0090464365142963743 -0.80379797596073743  -0.0087744002620695483 -0.80829353292316597  -0.026913411083882011 -0.81228756201307206  -0.045279770011632081 -0.81573333498749534  -0.081759895348199052 -0.82138713066410318  -0.099867935502288674 -0.82362732995219545  -0.11801403515556785 -0.82529049246000596  -0.13609719514934682 -0.82635945413917611  -0.15402201224512169 -0.82683229218254439  -0.17170801554661352 -0.82672158935573847  -0.18909100274800039 -0.82605116324767991  -0.22240310283990539 -0.82370172855153356  -0.23836904261747804 -0.8220667820403591  -0.25397205734219597 -0.81997246922664857  -0.26918899411182906 -0.81744774928049324  -0.28401090208447499 -0.81452204521217197  -0.29843824924267892 -0.81122379686246404  -0.31247613915729744 -0.80757901389294062  -0.33880444644722729 -0.79992523596239806  -0.35114827909768564 -0.79596183908716966  -0.3631685978908763 -0.79173744971602744  -0.37487294512092717 -0.78726864091394688  -0.38626883318835326 -0.7825707472455079  -0.39736374459999979 -0.77765786477489485  -0.40816513196912751 -0.77254285106588227  -0.47258548608471074 -0.74003988687334044  -0.51878016061755261 -0.70793320339153709  -0.55858329528078343 -0.67246637821853383  -0.59204541329211224 -0.63475035428104576  -0.61972755558136328 -0.59658009001373813  -0.64269597957962787 -0.55849806946557834  -0.66178967404547961 -0.5205716922588941  -0.68073849981072954 -0.47495059544733564  -0.68368854871209805 -0.46754666425042757  -0.68652146766214628 -0.46013184083459535  -0.68924143333734378 -0.45270310783787338  -0.69185224261991607 -0.44525699300068311  -0.69435731259761724 -0.43778956916589351  -0.69675968056387205 -0.43029645427877483  -0.70776279614790383 -0.39433989225898358  -0.71502926128223976 -0.36548870580945092  -0.72101256923343726 -0.33593989532764468  -0.72577250657909076 -0.30534479279063831  -0.72925101774808354 -0.27335753217002434  -0.73136675520632366 -0.23952471882060067  -0.73174991140038514 -0.20357942474183588  -0.72960989487313554 -0.15337121030310286  -0.72886630823262522 -0.14076595437202855  -0.72789826517006873 -0.12796901851958253  -0.72669735279026781 -0.11499399581831327  -0.72525649882953758 -0.10185964991645946  -0.72357007754615665 -0.088589597183467816  -0.72163401561098794 -0.075211988855436118  -0.71716023979053034 -0.047704952328714967  -0.71459762180634812 -0.033562628515095838  -0.71176414027388546 -0.01938966424251376  -0.70865498834243112 -0.0051851582488353642  -0.70526903906954885 0.0090343820022233956  -0.70160794966901108 0.023243734416993789  -0.69767162295812568 0.037434026830410971  -0.68615286785507124 0.076157020022971977  -0.67801961212862238 0.1006157764842861  -0.66906838892009546 0.1248817502984565  -0.65930990943925849 0.1488940588504164  -0.64874230844159797 0.17261970748231192  -0.63736274537944837 0.1960221017095769  -0.62518199428069465 0.21903784525276393  -0.5910297337725865 0.27849308055514754  -0.56774390914540618 0.31420017632598274  -0.54243293256556058 0.34844564443296022  -0.51525042072577776 0.38094020201632617  -0.48630072670854929 0.41152382014306355  -0.45567807783922376 0.44007531384821164  -0.42353326803046798 0.4664169151422648  -0.35718285899056923 0.51397327577417684  -0.32302424047097134 0.53528107655791146  -0.28769784013994126 0.55423403459523257  -0.25137067955733983 0.57073151324891924  -0.21420777808941693 0.58469147721892867  -0.17639150789042901 0.59604669987750469  -0.13813430282849026 0.60474633467047667  -0.099635961284150198 0.61076951478587205 
 0 9 0.0068150586787005711 8 0.013630117357401142 8 0.020445176036101714 8 0.027260234714802285 7 0.051249101920949607 7 0.11021591522414206 7 0.17166923714726762 7 0.26294390935775291 7 0.28659620337421726 7 0.30546204686331196 7 0.36696552224283885 7 0.39496598345298484 7 0.42218121402507253 7 0.44821490152058457 7 0.47238150195724699 7 0.59626989684155485 7 0.62023892303344874 7 0.71082193561704876 7 0.74054747106088215 7 0.77160361180669179 7 0.82552284659788566 7 0.91363058890610138 7 1 9
8 4.4761363092079149e-06 0.99999581732205955
7 0 0  6 12 3  3.1534460192111493 2.4502368689387519  3.0866456168737386 2.4513171985356621  3.0206418106718047 2.4517318509720099  2.9553068042823725 2.4516477819988722  2.8903785279849217 2.4511969413929364  2.8258804986544419 2.4504503099293515  2.6975751983937712 2.4483714215404553  2.6337775107910866 2.4470403627997732  2.5703062166909945 2.4454132551729799  2.507234691580436 2.4434304238725608  2.444753207023572 2.4409324406170314  2.3831840358214467 2.4376154294297057 
 4.4761363092079149e-06 7 0.50000014672918436 5 0.99999581732205955 7
8 4.4761363092079149e-06 0.99999581732205955
7 0 0  7 28 5  4.5041096173488961 7.1674476755875883e-15  4.4826821241553292 0.0047875088025333213  4.4608157137264639 0.009186379561762742  4.4385132463258063 0.013195687019140661  4.4157775822168697 0.016814505916112304  4.3926115816631581 0.020041910994122902  4.3690181049281795 0.022876976994617687  4.3269845380539333 0.027150195554654654  4.3087286677785022 0.028760771286022415  4.2902310193410313 0.030150028746043705  4.2714902106334014 0.031317490827617055  4.2525048595474928 0.032262680423640999  4.2332735839751878 0.03298512042701407  4.213795001808367 0.033484333730634822  4.2064926105826999 0.033671512597177156  4.1991279663343448 0.033827276699440745  4.1918533924981602 0.033951586789726207  4.1842292820147122 0.034044398256469321  4.1769713985886483 0.034105660978610786  4.1695808871818372 0.034135319107434725  4.1622555360467262 0.03413331072532641  4.1109459408586444 0.034122720528308371  4.0608787945392057 0.032549570837667026  4.0120129974491885 0.029410753950872309  3.9642972714822662 0.024670686154207061  3.9176701600650143 0.018261307722766996  3.8720600281569069 0.010082082920460728  3.8273850622503147 9.7363241448792992e-15 
 4.4761363092079149e-06 8 0.25000231143274676 6 0.43750068790507496 7 0.50781257908219801 7 0.99999581732205955 8
8 0 0.4219372972206184
7 0 0  8 63 9  6.2831853071795862 3.0773129430876724  6.2573149742086498 3.0801872499251339  6.2314276939238002 3.0829226998131691  6.2055249252247089 3.0855216247294672  6.1796081270110417 3.0879863566517183  6.1536787581824681 3.090319227557615  6.1277382776386577 3.092522569424847  6.1017881442792801 3.0945987142311049  6.075829817004001 3.0965499939540804  6.068604009316914 3.0970883763602615  6.0620988380396739 3.0976280273680459  6.0541153294325341 3.0981585425179219  6.0479478934430517 3.0986756806087214  6.040274967730511 3.0991819928167388  6.033495418887469 3.0996792342120898  6.0263338487166038 3.1001688562228082  6.0192796267503708 3.1006467500257213  5.9097743504625999 3.1080585718104032  5.7998033487425529 3.1131633700823498  5.6895793356982356 3.1160875427733012  5.579221338441374 3.116881244178769  5.4687939799659802 3.1155252279863581  5.3583467620268843 3.1119376903041136  5.2479533480182861 3.1059811126888475  5.1377508458523051 3.0974691051744752  5.1355996413149114 3.0973020838409866  5.1333194794569863 3.0971325888822321  5.1314674516906962 3.0969608897139551  5.1286221171612851 3.0967871934408322  5.1269712277862709 3.0966118419310078  5.1246456502558431 3.0964347782937693  5.1225134940686985 3.0962563305292861  4.9829248960052404 3.0846477755185724  4.8462976197545231 3.0687843624386915  4.7108451967305882 3.0478063592722719  4.5766219676661422 3.0211275949732226  4.4441491226498329 2.9877285573338668  4.3134051643933162 2.9478959710236268  4.1834601967708496 2.9039331268556521  3.9910694336749057 2.8328489983591862  3.9272764746509665 2.8083821947187744  3.8641191458737012 2.7830770573689279  3.8009845700253209 2.7575781874911627  3.7381584904601368 2.7318428392104579  3.6758735377584344 2.705849202319996  3.6136938879186378 2.6801546735409998  3.5533368988024701 2.6540463223219839  3.5231451178076765 2.6409967263086949  3.4934073881451635 2.6278468801600172  3.4642109177441038 2.6145875776419416  3.4357648943490875 2.6011828671213255  3.4083266197451021 2.58760103269683  3.3821276439825074 2.5738455753298521  3.3572998996020247 2.5599861939754578  3.3338018358597092 2.5461897667133164  3.310298121252897 2.5323981575819339  3.2880619425734814 2.5186756444079075  3.2670612917498025 2.5051996938525525  3.2465984596661523 2.4922358572371319  3.2256774397276211 2.4800724341967535  3.2033713314249495 2.4689551363342637  3.1791897438993755 2.4590217508741397  3.153446199507481 2.4502368043163862 
 0 9 0.0068150586787005711 8 0.013630117357401142 8 0.020445176036101714 8 0.023581833232855752 7 0.22275956522673707 7 0.32234843122367773 8 0.37214286422214804 8 0.4219372972206184 9
8 0 0.4219372972206184
7 0 0  8 166 24  -0.099635961283951247 0.61076951478589336  -0.083042312595182466 0.61336559145377478  -0.0663741367802686 0.6154690252323789  -0.049647499347173607 0.61707475391304101  -0.032878803116631161 0.61817849613368026  -0.016084788222286761 0.61877675137875698  0.00071746788947280038 0.61886679997929761  0.017510550459405749 0.61844670311289818  0.034276707415386909 0.61751530280370304  0.038903246029860838 0.61725853633940631  0.043622423968912472 0.61695658296667588  0.048340028615172059 0.61661418001366286  0.053027458416124773 0.6162329681252352  0.057694967341717529 0.61581269052878795  0.062364909341710018 0.61535239229996108  0.067044982803196262 0.61485161962843193  0.071701475008097759 0.61431161908366505  0.14389723395544252 0.60594635722482337  0.21462137190042085 0.58804096213946266  0.28247216207904557 0.56079024630658836  0.34606602130250508 0.52467226020889868  0.40413499461317315 0.48042866111574511  0.45557062234485102 0.42903623930972756  0.49947452675129966 0.37168856702043485  0.53527605536694978 0.30980673532846836  0.53680305468404299 0.30716783715394413  0.53834399636488683 0.30447004239847075  0.53988614041554683 0.30173456757795947  0.54141992412897366 0.29897743131359888  0.5429389620849463 0.2962094543318905  0.54444004615021413 0.29343625946462737  0.54592314547829801 0.29065827164889768  0.55256281867875146 0.27805166449806507  0.55754183877377272 0.26812011122061108  0.56232602158749501 0.25808057872234968  0.56691308958099285 0.24793767435186709  0.57130093288364492 0.23769609217871945  0.57548760929319087 0.22736061299339028  0.57947134427567448 0.21693610430734367  0.59254014063697014 0.18059651084825745  0.60059409709504052 0.15425653157679875  0.60738829660752458 0.12748275645621732  0.6129059769318701 0.10035130627392519  0.61713795064042642 0.072939291602612144  0.62008283844588163 0.045324855715637824  0.62174730252661448 0.017587217502484265  0.62256213250336145 -0.039145800160447664  0.62160376253180516 -0.068147720429223568  0.61928801302724423 -0.097110591386268652  0.61564166089141281 -0.12595168241499621  0.61069953347723072 -0.15459433798850597  0.60450262522803655 -0.18296832833993193  0.5970962143166787 -0.2110102001328471  0.57580151282823522 -0.27973745850181331  0.56051285665719774 -0.31995082053054702  0.54280959106895921 -0.35915086668137874  0.52284643885536752 -0.39718156927699511  0.50074150016050112 -0.43408929585795875  0.47643504538706338 -0.46986618030886262  0.45012431669613306 -0.50428349495429359  0.41450505155086148 -0.54582232666471953  0.4070421345503803 -0.55427456267214836  0.39944765095864909 -0.56262883224959737  0.39172197159749089 -0.57088385779547224  0.38386492329777866 -0.57903858056758395  0.3758757888991795 -0.58709216068317005  0.36775330725032518 -0.59504397711885559  0.35290922464835717 -0.60915463069878939  0.34623671609415396 -0.61535056040990455  0.33947742532413372 -0.62148097678196024  0.33263042684015431 -0.62754539544619803  0.32569459186805716 -0.63354328772720692  0.31866858835743983 -0.63947408064290556  0.31155088098188344 -0.64533715690454585  0.28083051377282686 -0.67002328480655393  0.2563555175935619 -0.68816630171005144  0.23071028033174912 -0.70562634468286234  0.20369502771973202 -0.72253504142389957  0.17498643767513045 -0.7387392974268856  0.14435675574608808 -0.75423002983546183  0.11135786325510821 -0.76876410107119852  0.06000891562138122 -0.78784693499352798  0.043472762349665572 -0.79352119984746494  0.026477490102024603 -0.79885537752800673  0.0090464365142963743 -0.80379797596073743  -0.0087744002620695483 -0.80829353292316597  -0.026913411083882011 -0.81228756201307206  -0.045279770011632081 -0.81573333498749534  -0.081759895348199052 -0.82138713066410318  -0.099867935502288674 -0.82362732995219545  -0.11801403515556785 -0.82529049246000596  -0.13609719514934682 -0.82635945413917611  -0.15402201224512169 -0.82683229218254439  -0.17170801554661352 -0.82672158935573847  -0.18909100274800039 -0.82605116324767991  -0.22240310283990539 -0.82370172855153356  -0.23836904261747804 -0.8220667820403591  -0.25397205734219597 -0.81997246922664857  -0.26918899411182906 -0.81744774928049324  -0.28401090208447499 -0.81452204521217197  -0.29843824924267892 -0.81122379686246404  -0.31247613915729744 -0.80757901389294062  -0.33880444644722729 -0.79992523596239806  -0.35114827909768564 -0.79596183908716966  -0.3631685978908763 -0.79173744971602744  -0.37487294512092717 -0.78726864091394688  -0.38626883318835326 -0.7825707472455079  -0.39736374459999979 -0.77765786477489485  -0.40816513196912751 -0.77254285106588227  -0.47258548608471074 -0.74003988687334044  -0.51878016061755261 -0.70793320339153709  -0.55858329528078343 -0.67246637821853383  -0.59204541329211224 -0.63475035428104576  -0.61972755558136328 -0.59658009001373813  -0.64269597957962787 -0.55849806946557834  -0.66178967404547961 -0.5205716922588941  -0.68073849981072954 -0.47495059544733564  -0.68368854871209805 -0.46754666425042757  -0.68652146766214628 -0.46013184083459535  -0.68924143333734378 -0.45270310783787338  -0.69185224261991607 -0.44525699300068311  -0.69435731259761724 -0.43778956916589351  -0.69675968056387205 -0.43029645427877483  -0.70776279614790383 -0.39433989225898358  -0.71502926128223976 -0.36548870580945092  -0.72101256923343726 -0.33593989532764468  -0.72577250657909076 -0.30534479279063831  -0.72925101774808354 -0.27335753217002434  -0.73136675520632366 -0.23952471882060067  -0.73174991140038514 -0.20357942474183588  -0.72960989487313554 -0.15337121030310286  -0.72886630823262522 -0.14076595437202855  -0.72789826517006873 -0.12796901851958253  -0.72669735279026781 -0.11499399581831327  -0.72525649882953758 -0.10185964991645946  -0.72357007754615665 -0.088589597183467816  -0.72163401561098794 -0.075211988855436118  -0.71716023979053034 -0.047704952328714967  -0.71459762180634812 -0.033562628515095838  -0.71176414027388546 -0.01938966424251376  -0.70865498834243112 -0.0051851582488353642  -0.70526903906954885 0.0090343820022233956  -0.70160794966901108 0.023243734416993789  -0.69767162295812568 0.037434026830410971  -0.68615286785507124 0.076157020022971977  -0.67801961212862238 0.1006157764842861  -0.66906838892009546 0.1248817502984565  -0.65930990943925849 0.1488940588504164  -0.64874230844159797 0.17261970748231192  -0.63736274537944837 0.1960221017095769  -0.62518199428069465 0.21903784525276393  -0.5910297337725865 0.27849308055514754  -0.56774390914540618 0.31420017632598274  -0.54243293256556058 0.34844564443296022  -0.51525042072577776 0.38094020201632617  -0.48630072670854929 0.41152382014306355  -0.45567807783922376 0.44007531384821164  -0.42353326803046798 0.4664169151422648  -0.35718285899056923 0.51397327577417684  -0.32302424047097134 0.53528107655791146  -0.28769784013994126 0.55423403459523257  -0.25137067955733983 0.57073151324891924  -0.21420777808941693 0.58469147721892867  -0.17639150789042901 0.59604669987750469  -0.13813430282849026 0.60474633467047667  -0.099635961284150198 0.61076951478587205 
 0 9 0.0068150586787005711 8 0.013630117357401142 8 0.020445176036101714 8 0.027260234714802285 7 0.051249101920949607 7 0.11021591522414206 7 0.17166923714726762 7 0.26294390935775291 7 0.28659620337421726 7 0.30546204686331196 7 0.36696552224283885 7 0.39496598345298484 7 0.42218121402507253 7 0.44821490152058457 7 0.47238150195724699 7 0.59626989684155485 7 0.62023892303344874 7 0.71082193561704876 7 0.74054747106088215 7 0.77160361180669179 7 0.82552284659788566 7 0.91363058890610138 7 1 9
8 1.2740967779532328 5.2209266922139168
7 0 0  2 3 2  1.2740967779532011 2.4286593775704658e-15  3.2475117350842382 1.1406517734732421e-13  5.2209266922139506 3.6727671589359195e-14 
 1.2740967779532328 3 5.2209266922139168 3
8 1.2740967779532328 5.2209266922139168
7 1 1  6 6 2  -0.58268617803789624 0.28782453143179509  1.6690784610682365 -1.0609948104188938 -0.68048705597203707  1.0367296232096121 0.067674730610587375 -1.4109631886988439  1.0383466998475064 1.6022185713599812 -0.79143426931142358  0.85353433019614966 1.1616459538219335 0.80372611441649155  1.0383466998475068 -0.10437754565689517 1.2561361188356273  1.0367296232096115
 0 6 6.2831853071795862 6
8 0 1.05
7 0 0  2 3 2  -1.1700083028605162e-29 -3.1148143391780348e-15  -2.6382540162543404e-31 -0.5250000000000018  -1.6783072503101174e-46 -1.0500000000000016 
 0 3 1.05 3
8 0 1.05
7 0 0  2 3 2  6.2831853071795862 -3.1148143391780348e-15  6.2831853071795862 -0.5250000000000018  6.2831853071795862 -1.0500000000000016 
 0 3 1.05 3
8 4.468938238557433 6.2831853071795809
7 1 0  2 3 2  -0.20489508495074915 -0.82493515148951246  1 0.84999999999999432 -1.0869470413390907  0.61601418769435512 0.84999999999999432 0  1
 4.468938238557433 3 6.2831853071795862 3
8 4.468938238557433 6.2831853071795809
7 0 0  5 6 2  4.5041096173488446 1.3250470086113337e-15  4.8363945947314733 2.7947537574943971e-15  5.1796665363874581 -3.1545615741353117e-15  5.5346524472292913 2.0459921250865976e-15  5.9021737614921221 -2.6103375018060183e-15  6.2831853071795711 -9.8888435900381739e-16 
 4.468938238557433 6 6.2831853071795809 6
8 0 3.864559112967334
7 1 0  2 5 3  0.84999999999999432 0  1 0.84999999999999432 1.230110702607103  0.5684795531836363 -0.30061269594062878 0.79506729717634883  1 -1.4512253918812519 0.36002389174559823  0.5684795531836363 -0.63736942832778709 -0.56237017331390859  1
 0 3 1.9322795564836763 2 3.8645591129673527 3
8 0 3.864559112967334
7 0 0  5 24 6  0 2.7499244920293466e-16  0.39792204202429959 8.6188265707613442e-16  0.78719687679944317 7.130259044954578e-16  1.1681989811582596 -4.1537653894220669e-16  1.5412734667953232 -1.7976035161205186e-15  1.9067360802669522 -1.7384139824036863e-15  1.9295774858885095 -2.7868306885556436e-15  1.9530052581471637 5.5087042112157782e-16  1.9770493044623436 -8.7084948925128367e-16  2.0017430557510698 -5.394039260946849e-15  2.0390205821225695 -2.3495080032115243e-15  2.0510684675151416 -2.1484299702721887e-15  2.0632711516327 -9.3436406706435858e-16  2.075632663502275 -1.9175653845329597e-16  2.089673548054094 5.2515810511728538e-15  2.0911932152051804 -1.592795161156805e-14  2.0927129997411384 1.1942753421110436e-14  2.0942391548874753 -4.9021934403513202e-15  2.0957632523134171 -1.9709449473259642e-15  2.4844441943849347 -1.7387940930185306e-16  2.8493579055225382 1.669283629666948e-15  3.1934049955847286 -6.2571982071931961e-15  3.5188014395133678 5.3412720267404194e-15  3.827385062250404 -1.0323201199569201e-16 
 0 6 1.9322795564836763 5 2.0530470287639049 4 2.1096567813952625 4 2.116511868627966 5 3.864559112967334 6
8 0 3.7605529038643706
7 0 0  6 24 5  0 2.6200000000000014  0.32553229213746704 2.6199999999999846  0.64377771039641807 2.619999999999989  0.95504033690337164 2.6199999999999961  1.2596043441940432 2.6199999999999966  1.5577339952133442 2.6199999999999934  1.8496736433153822 2.6199999999999992  1.8861661336442934 2.6200000000000272  1.924059231515334 2.6200000000002412  1.9634539368708488 2.6200000000000045  2.0044636344769913 2.6199999999997963  2.0472182694356249 2.6200000000000512  2.0930894976991112 2.619999999998754  2.0943110877992694 2.6200000000026193  2.0955377483151096 2.6199999999917054  2.0967584733521107 2.6200000000044383  2.0979819350587832 2.6199999999990951  2.0992042109725575 2.6199999999999997  2.4109137440128734 2.6199999999998909  2.7035715757006074 2.6199999999980719  2.979360294961225 2.6199999999926149  3.2400208466297045 2.6199999999994361  3.4870098660394433 2.6199999999998909  3.7215629472784864 2.6199999999999997 
 0 7 1.8802764519321853 6 2.1153110084237086 5 2.1217377345777733 6 3.7605529038643706 7
8 0 3.7605529038643706
7 0 0  7 46 8  -3.8882525710790477e-15 5.2977081537182148e-15  0.27838315223428201 8.6228752979694281e-15  0.55187983481613956 1.1544974462790104e-14  0.82064364651425625 1.3215711339259427e-14  1.0848210370308067 1.2981811283281905e-14  1.3445513070014523 1.0385019315587367e-14  1.5999666079953418 5.1621001217309588e-15  1.8511919425151118 -2.7551619479068499e-15  1.8668935271226894 2.0151797221583773e-14  1.8828472165055865 5.9000796256305376e-15  1.8990602549020295 -1.12090273082621e-14  1.9155402832882007 -1.3644011644717498e-14  1.9322953393782072 -4.4392802358273014e-16  1.9493338576240773 1.2781602340071386e-14  1.9747885137639885 4.2061683962166528e-15  1.9829765427008044 6.4044396160212882e-15  1.991229714987149 3.4430129170781343e-15  1.9995489895839582 -1.6823040988988886e-15  2.0079353254521681 -5.9757038301958621e-15  2.0163896815527149 -6.4413786750988679e-15  2.0290415202137964 -6.5171411537107528e-16  2.0331862156478921 -3.5168269016528838e-15  2.0373472202351275 -6.7332167273442469e-15  2.0415246510618053 -8.3552409290499956e-15  2.0457186252142296 -6.4372568433749629e-15  2.049929259778704 9.6637819307601959e-16  2.0562373158378584 -1.3049146092424197e-15  2.0583220608273725 -1.3358607352964397e-14  2.0604109068100751 -2.03597713874678e-14  2.0625038537859655 -2.2308406712752642e-14  2.0646009017550444 -1.9204513328818923e-14  2.0667020507173111 -1.1048091235666639e-14  2.0708960331376147 -1.0434954143134367e-13  2.0729897471228469 3.1190208648523832e-13  2.0750840681284899 -5.1573736020407264e-13  2.0771903504355578 4.2712943936014471e-13  2.0792891378059721 -2.1488610385106039e-13  2.0814038413036542 4.176135547889661e-14  2.0835142587967055 7.391778600742497e-15  2.3515678527347674 -4.4672958078769911e-14  2.6066701972339552 1.1883284110007646e-13  2.849947328048724 -3.9318319918119497e-14  3.0823630356604945 -7.7077391566173469e-14  3.3047556250676928 4.3527385413130889e-14  3.5178640621191684 -8.4941666337604414e-14  3.7223435063909776 -1.4642117467131336e-14 
 0 8 1.8802764519321853 7 1.9977937301779469 6 2.0528799543556477 6 2.0795623441917215 6 2.092695082939164 6 2.1057252221651419 7 3.7605529038643706 8
8 1.6446462218965734e-07 0.99999983847051166
7 0 0  7 85 13  4.9013413383965867 2.619999999999973  4.9249279537857138 2.5874268913239278  4.9475516190079949 2.5541347639551146  4.9692718137474516 2.5202171424954187  4.9901349442823868 2.4857520500461092  5.0101743434853807 2.4508020082078401  5.0294102708232975 2.4154140370806503  5.0478499123572798 2.3796196552639617  5.0564956749169783 2.3628368994010209  5.0649556306505996 2.3459894279402698  5.0732678948349657 2.3289997412421792  5.0813864851832999 2.3119705435422344  5.0893154635831319 2.2948962612011718  5.0971103032096297 2.2776566597670818  5.104746481014339 2.2602925598493639  5.1195339440309908 2.2266683168379586  5.1337982776749413 2.1924115637139039  5.147222680534469 2.1582011152931955  5.1600666965750861 2.1234192120391526  5.1720678647179739 2.0885493062069145  5.1832577673258129 2.053455526018297  5.1935385905906353 2.0181948733893669  5.2128148479323499 1.9520792331895791  5.2289062294876203 1.8854078343565561  5.2412969535362208 1.8182317999326187  5.2492154313295032 1.7514510125074594  5.2517527126256027 1.6846071551917703  5.2472661347837857 1.619462886350675  5.2350546515429741 1.5571652341028199  5.2243640379152092 1.502661520194168  5.2077886792747323 1.4504154844503319  5.1847169969700451 1.4013239940618729  5.155287983533916 1.3566730595388046  5.1204724431965065 1.317010433875875  5.0815901958242664 1.2820252663226825  5.0392632442845837 1.2514348107586224  4.9652055863130187 1.1978847423233041  4.8806845318859553 1.1578684117396603  4.7901008158074285 1.1291610002037291  4.6945734037582429 1.1097057970588853  4.5940000396182246 1.0985705720146695  4.4881393223148951 1.0958308740043523  4.3767143121985734 1.1013802566812319  4.35582373082402 1.1024228926566679  4.3347376275952501 1.1037580761354058  4.3134550416955619 1.10538741790919  4.2919750123082485 1.1073125287697654  4.2702965786166045 1.109535019508876  4.2484187798039255 1.112056500918267  4.2263406550535079 1.1148785837896822  4.2211662158659413 1.1155400291195687  4.2159808651641821 1.1162181186314446  4.2107846029482277 1.1169128523253089  4.205577429218077 1.117624230201163  4.2003593439737319 1.1183522522590059  4.1951303472151915 1.119096918498838  4.1898904389424558 1.1198582289206589  4.1072812617220631 1.1318497613628067  4.0295422414492998 1.1479951944149076  3.9564717942465513 1.1684301064465867  3.8878152859045128 1.1933766726844754  3.8236762271547247 1.2231777801194994  3.764576337916687 1.2581970255813839  3.7111644805195536 1.2985845969803789  3.631033659667537 1.359162896534599  3.5638821622706018 1.4318263853447206  3.5111728232259338 1.5168138845983776  3.4788906737376237 1.6140191242157016  3.4636681592783134 1.7145794026619114  3.4615412410862518 1.8176430209903174  3.4706314518027463 1.9212664781867725  3.4751697210569312 1.973078875764694  3.4825013789715222 2.0250816465280161  3.4923048402818364 2.076980512476569  3.5044155056764015 2.1288517437131174  3.5186875151345833 2.1805780927436769  3.5349715436757654 2.2318180134123158  3.5532086395200726 2.2825081644704519  3.5714458608958455 2.333203852772459  3.5916344588111788 2.3833013635993088  3.6137069079771806 2.4326921361216258  3.6376550612737684 2.4812385630363756  3.6635301497496746 2.5287739905668642  3.6914427826224459 2.5751027184627402  3.7215629472784397 2.6199999999999943 
 1.6446462218965734e-07 8 0.062500144089990287 7 0.09179700953938158 7 0.14855968634757721 7 0.25498970536294402 7 0.34811597200138999 7 0.51108693861867038 7 0.5416439948594105 7 0.54880580491583397 7 0.66160431330450342 7 0.83080207588750754 7 0.9154009571790096 7 0.99999983847051166 8
8 1.6446462218965734e-07 0.99999983847051166
7 0 0  8 121 16  5.0248414721249857 5.533755214910963  4.9947619093294602 5.5121548052202467  4.9651205820711368 5.4902157881634626  4.9358502461132314 5.4679784006536529  4.9068921913491925 5.4454777628766617  4.8781962418026978 5.4227438782911284  4.8497207556276569 5.3998016336284991  4.821432625108212 5.3766707988930129  4.793307276658731 5.3533660273617079  4.7867163674240683 5.347903412416569  4.7801337343657275 5.3424317549134042  4.7735593774837115 5.3369510548522081  4.7669932967780202 5.3314613122329826  4.7604354922486527 5.3259625270557285  4.7538859638956099 5.3204546993204467  4.7473447117188927 5.3149378290271336  4.7408117357184993 5.309411916175792  4.727950154852806 5.2985352362102276  4.7150961358565837 5.2876059510163032  4.7023912073054817 5.2767478712194134  4.6893992103287019 5.265587815316394  4.6767557021521498 5.2546726832806598  4.6637974173063412 5.2434309163945727  4.6510307568023563 5.232300395709899  4.6382547759528956 5.2211084406750032  4.6135065622359033 5.1994297103751901  4.5888871981859207 5.1776478977702745  4.5643116035549429 5.1557658486282216  4.5397277465854131 5.1338206937217112  4.5150765143532601 5.1118453340690495  4.4902777070757036 5.0898558791808455  4.4652421563838081 5.0678650383124451  4.4399099675597995 5.0459214647221264  4.4161609070593233 5.0253486108452483  4.3921463120651412 5.0048142837010445  4.3678072539778645 4.9843467244456203  4.3430827772943355 4.9639806812751708  4.3179098996076313 4.9437574094259737  4.2922236116070689 4.9237246711743978  4.2659568770781968 4.9039367358368997  4.2390406329028005 4.8844543797700188  4.2138054720358653 4.8661888121289492  4.1880007584918797 4.848195966340735  4.1615868770656981 4.8305348605171838  4.134518325649899 4.8132717137851806  4.106753736501199 4.796479177721614  4.0782658975068449 4.7802355677883179  4.0490517734510165 4.7646240947670027  4.0191425272812387 4.749732096194184  3.9630594283808023 4.7218073610856663  3.904529716775869 4.6964015064731939  3.8435852351540234 4.6739883460686542  3.7808442020323128 4.6550935927662067  3.7166954156127758 4.6397143203939777  3.6520014703273773 4.6275685243163025  3.5868682149175584 4.6182218361536798  3.5215759287913744 4.6112745591920978  3.4644451339359663 4.6051953545257014  3.4071800715899307 4.6009528495498913  3.3499272589877767 4.5982666366972138  3.2927394917784176 4.5968631901343668  3.2356341237300841 4.5964986586918464  3.1786217536702432 4.5969696944712837  3.1217053196605367 4.5981123171304743  3.0648496004067214 4.5997888138460956  3.0151016317137005 4.60125629780367  2.9654061913261458 4.6031320561196987  2.9157559186076121 4.6053275352418561  2.8661427975466314 4.607771172595978  2.8165581567567166 4.6104083965860667  2.7669926694763602 4.6132016265942868  2.7174363535690333 4.6161302729809695  2.6678785715231861 4.619190737084609  2.581159175840829 4.6245453055838901  2.4944610486178362 4.6303011515084336  2.4077555148364809 4.6364242384138379  2.3209616847670986 4.6430507790137199  2.2341616678743321 4.6504321796551267  2.1473956540141899 4.6589770744783436  2.0605705091922917 4.66926184144085  1.9740155331536704 4.6818809923851701  1.9090971326936796 4.6913447329362015  1.8443092709484423 4.7021271904539246  1.7797465708551121 4.7144695733210815  1.7155190254563069 4.7286552361347924  1.6518095154592789 4.7449361381888808  1.5888754205184332 4.7634741104035401  1.5269943242411674 4.7842969307023093  1.4663538129170559 4.8072692078363763  1.4208721525431001 4.8245000403267433  1.376090983565631 4.84294004605779  1.332096124766275 4.8625423408291208  1.2889435747524354 4.8832130446491648  1.2466595361494477 4.9048288489845335  1.2052404397927345 4.9272545840093844  1.1646529689199607 4.9503607858547847  1.1248340833631907 4.9740412638580764  1.0949691130573103 4.9918017114616022  1.0655429904735356 5.0098834450082981  1.0365301459321288 5.0282384353350658  1.0079053092412675 5.04682335138342  0.97964350969704528 5.0655995601994928  0.95172007608347087 5.0845331269340344  0.92411063667246796 5.1035948148424088  0.89679111922387655 5.1227600852845967  0.87630087897186792 5.1371335660382664  0.85598026058805499 5.1515656582287654  0.83581034321240943 5.1660444028305914  0.81578436126934839 5.1805608501898641  0.79590099337900444 5.1951076853963229  0.77615765126849745 5.2096778536553403  0.75654376868320561 5.2242631856599102  0.7370340902980359 5.2388530229626511  0.67850009299360137 5.2826217857901705  0.62087963848961181 5.3264143605110803  0.56347922600727429 5.3699575311147782  0.50571939581300285 5.4129534507192147  0.44712047458403958 5.4552326309758428  0.38734666758425362 5.496628602871624  0.32615180063440052 5.5368389911127815  0.26307001486112552 5.5755377442749881 
 1.6446462218965734e-07 9 0.062500144089990287 8 0.077148576814685926 8 0.10598767874143049 8 0.16186343872449807 8 0.21424696370862389 8 0.26335651838124186 8 0.35543693339240057 8 0.43600729652716447 8 0.50650636427008289 8 0.62987973282019005 8 0.72240975923277051 8 0.79180727904220582 8 0.84385541889928228 8 0.88289152379208957 8 0.99999983847051166 9
8 4.8710907537691401 6.2831853071795862
7 0 0  5 6 2  4.9013413383966 2.6199999999999992  5.1447235081106442 2.6200000000001182  5.4026289134274066 2.6200000000000045  5.6767982797812238 2.6200000000002319  5.9693590271042467 2.6200000000001182  6.2831853071795862 2.6199999999999997 
 4.8710907537691401 6 6.2831853071795862 6
8 4.8710907537691401 6.2831853071795862
7 0 0  5 6 2  4.8963199895606824 2.5543887754704312e-15  5.1533241297751147 5.4957592549752474e-14  5.4197647170169603 -1.5055678082121679e-13  5.6963352980399122 1.2209453752743159e-13  5.9838289745845259 -6.4922990467284263e-14  6.2831853071795862 0 
 4.8710907537691401 6 6.2831853071795862 6
8 0 2.6199999999999992
7 0 0  2 3 2  6.2831853071795862 0  6.2831853071795774 1.3099999999999985  6.2831853071795862 2.6199999999999992 
 0 3 2.6199999999999992 3
8 0 2.6199999999999992
7 0 0  2 3 2  0 0  -8.8817841970012523e-15 1.3099999999999985  0 2.6199999999999992 
 0 3 2.6199999999999992 3
8 0 0.2545584412271571
7 0 0  2 3 2  -4.9932998840250383e-15 -3.4962341803045184e-16  4.8464381227301847e-15 0.12727922061357891  0 0.2545584412271571 
 0 3 0.2545584412271571 3
8 0 0.2545584412271571
7 0 0  2 3 2  6.2831853071795862 0  6.2831853071795845 0.12727922061357877  6.28318530717958 0.25455844122715704 
 0 3 0.2545584412271571 3
8 8.9029575160776249e-16 4.1642056367234819
7 0 0  2 5 3  -1.1322126142184572e-27 0.25455844122719978  1.0410514091809451 0.25455844122713867  2.0821028183617383 0.25455844122715737  3.1231542275426927 0.25455844122713023  4.1642056367234419 0.2545584412271466 
 8.9029575160776249e-16 3 2.0821028183617409 2 4.1642056367234819 3
8 8.9029575160776249e-16 4.1642056367234819
7 1 0  2 5 3  0.66999999999998749 0  1 0.66999999999998749 1.144175678328228  0.50531323787427684 -0.32784243238288013 0.58431099555739507  1 -1.3256848647657478 0.024446312786562174  0.50531323787427684 -0.34916220755007998 -0.57182668075104459  1
 0 3 2.0821028183617409 2 4.1642056367234819 3
8 0 1
7 0 0  4 5 2  3.8498920106975447 0.14008183378407438  3.909049781689049 0.18230993722826661  3.9817340784096587 0.2165513227035234  4.0675757216063602 0.2406634904436693  4.1642056367234588 0.2545584412271571 
 0 5 1 5
8 0 1
7 0 0  5 6 2  6.2831853071795862 5.600909725545864  6.2097191311501092 5.6077465458865845  6.1375545339376458 5.6139286309560248  6.0669086390603297 5.6188434822436193  5.997555827345991 5.622072298441708  5.929129605760509 5.6234598318971232 
 0 6 1 6
8 0 1
7 0 0  4 5 2  3.7223435063907067 -1.331008881415844e-13  3.7446586196139435 0.039417715387895402  3.7730997326493139 0.076541830223842311  3.8082258229668469 0.11034764755401927  3.8498920106976744 0.14008183378416023 
 0 5 1 5
8 0 1
7 0 0  4 5 2  0.26307001486115722 5.5755377442750031  0.19641846672990759 5.5816738986631265  0.13020042324797831 5.5882976603381849  0.064674825118535839 5.5948920177808361  4.0992352196782126e-14 5.6009097255459297 
 0 5 1 5
8 0.5070382804107374 0.92597469006620203
7 0 0  4 5 2  5.9291296048934328 5.6234598338190791  5.853974428894503 5.6151037757873041  5.7780546310428349 5.6106726743645936  5.7018618791860831 5.6104707442584356  5.6260488109990643 5.6142891005014617 
 0.5070382804107374 5 0.92597469006620203 5
8 0.5070382804107374 0.92597469006620203
7 0 0  8 16 3  -0.59486289000977877 -0.58373614248635164  -0.57877166682544612 -0.57950513452080799  -0.5626212747732211 -0.57574202126594187  -0.54642732739523581 -0.57246162828433711  -0.53020622063530709 -0.56967799827744869  -0.51397508076817644 -0.56740424541072443  -0.49775171232923299 -0.56565240963875141  -0.48155454604372494 -0.56443331103041317  -0.42059323414824235 -0.56187850426423935  -0.37608853079950677 -0.56417181056072252  -0.33233688670804895 -0.57085297280276848  -0.28977786159526886 -0.5820409122597674  -0.24889353076906673 -0.59774194278162085  -0.21011005261942728 -0.61783281060080242  -0.17383346466004923 -0.64205443014569497  -0.14038532105536206 -0.67000000000000526 
 0 9 0.26495426008925976 7 1 9
8 0 1
7 0 0  6 7 2  5.6260488120804606 5.6142891068213636  5.5304297202046655 5.6065562344572299  5.4336286448069586 5.5952939069857166  5.3349584229981701 5.580955474255461  5.2337757045916078 5.5646565082997768  5.1300045168882207 5.5484046793881134  5.0248414721249643 5.5337552149109728 
 0 7 1 7
8 0 1
7 0 0  4 5 2  4.4587564788113507 0.2545584412271571  4.6166830332220172 0.23097138018978214  4.7491036228790335 0.17782488896115467  4.8406587464417612 0.095477281794351221  4.8963199895606806 7.2040996913907007e-15 
 0 5 1 5
8 5.6009097255459794 9.898525487191101
7 0 0  2 5 3  6.2831853071796271 5.600909725545983  6.2831853071795463 5.9110700055487522  6.2831853071795862 6.2212302855517123  6.2831853071796155 8.0598778863713978  6.2831853071795862 9.898525487191101 
 5.6009097255459794 3 6.2212302855517123 2 9.898525487191101 3
8 5.6009097255459794 9.898525487191101
7 0 0  2 5 3  4.0782990477847478e-14 5.600909725545983  -3.958349075791079e-14 5.9110700055487522  0 6.2212302855517123  2.8972139889188969e-14 8.0598778863713978  0 9.898525487191101 
 5.6009097255459794 3 6.2212302855517123 2 9.898525487191101 3
8 0 6.2831853071795862
7 0 0  2 3 2  0 9.898525487191101  3.1415926535897865 9.898525487191117  6.2831853071795862 9.898525487191101 
 0 3 6.2831853071795862 3
8 0 6.2831853071795862
7 1 1  6 6 2  0.61131718520408107 -0.22058431958001279  1.6690784610682365 0.97788560693690663 0.79530645717656512  1.0367296232096121 -0.22566103112079006 1.394444006785335  1.0383466998475064 -1.6809455656279795 0.60654312167133639  0.85353433019614966 -1.0640638479745839 -0.92906679870696962  1.0383466998475068 0.24474876347125196 -1.2364750963365623  1.0367296232096115
 0 6 6.2831853071795862 6
8 4.4587564788114804 6.2831853071795862
7 0 0  2 3 2  4.4587564788114804 0.2545584412271571  5.3709708929955369 0.2545584412271682  6.2831853071795791 0.25455844122715954 
 4.4587564788114804 3 6.2831853071795862 3
8 4.4587564788114804 6.2831853071795862
7 1 0  2 3 2  -0.16811766975473574 -0.64856491511354619  1 0.66999999999998749 -0.86581747740296322  0.61199595784763083 0.66999999999998749 0  1
 4.4587564788114804 3 6.2831853071795862 3
Curves 83
8 0 1.412094553410312
7 1 0  2 3 2  16.643524798270406 -3.6602027149063443 139.04166666666666  1 17.241627818575228 -3.7442606126180062 139.04166666666666  0.76093246348893928 17.405204955299467 -3.7575448225160923 138.4452758031544  1
 0 3 1.412094553410312 3
8 0 0.99999960819228206
7 0 0  6 52 11  17.252890475065687 -4.986033228018246 138.34623277892103  17.249501699917236 -4.9763125574771037 138.3816693633633  17.244379569896829 -4.9641479770436918 138.41656355459821  17.237704875659606 -4.9493993245283594 138.45058036804613  17.229753984331293 -4.9318873686511715 138.48329668579802  17.220997882124902 -4.9113843104160368 138.51420752178325  17.209336149574476 -4.8804091869274382 138.55159082430674  17.20658010784674 -4.8728288106747613 138.56015731337462  17.20382789199995 -4.8649440471820613 138.5684878314203  17.20110005016808 -4.8567513886464395 138.57656620713334  17.198418272601163 -4.8482491444063349 138.58437641473895  17.191347948626166 -4.8244124023281003 138.60473904479568  17.187089046313378 -4.8084863149986692 138.61675287394829  17.183139544506076 -4.7916686138023126 138.62786419231605  17.179613790035685 -4.7739872179295855 138.63800616261111  17.176612188721542 -4.7554977599464934 138.64713293619556  17.171291674202674 -4.7130595910336845 138.66501806971576  17.169246581453152 -4.6887696558328615 138.67330185612553  17.16819479091437 -4.6635876882612539 138.68004197276204  17.168185932185111 -4.6376969018238405 138.68528936337719  17.169190790098831 -4.6112788448637092 138.68913830034438  17.172311288402266 -4.5684601532341622 138.69323003182555  17.173819876988411 -4.5522887652359598 138.69430037537481  17.175654280999773 -4.5360149370202683 138.69493202265599  17.177796237608579 -4.5196656471514105 138.69514955436284  17.180225421928277 -4.503263409665113 138.69497702877308  17.189055620934315 -4.4494307763843359 138.69320646702138  17.196569491220266 -4.4118673583637866 138.69007186085597  17.205226337005747 -4.3743204707972181 138.68529459446736  17.214785054199737 -4.3369177769392158 138.67907858188869  17.225049601765292 -4.2997387703897685 138.67157263205456  17.241680100053152 -4.2429397302690877 138.6581969308325  17.247657912510711 -4.2231385362284062 138.65317175309204  17.253766992789235 -4.2034246244952413 138.6478193321758  17.259983317253557 -4.1838063067032287 138.64215375980336  17.266284646953039 -4.1642916052795806 138.63618683007505  17.276019290927618 -4.1346201848024497 138.62661594720703  17.279405411266332 -4.1243854441517573 138.62322285055757  17.282802986575305 -4.1141937966454227 138.61975301598471  17.286206588306534 -4.104053400492643 138.61621067779333  17.2896119713415 -4.0939690676038891 138.61259906121643  17.296421842681578 -4.0739112556784001 138.60523948369618  17.299826882278261 -4.0639361417008111 138.60149091257449  17.303229715394334 -4.0540144818667443 138.59767467650599  17.306628192993216 -4.0441458245497239 138.59379167270239  17.310020204303996 -4.0343299669326864 138.58984271121474  17.329585365711168 -3.9778746822660582 138.56663034647411  17.345722220624726 -3.9319562902082779 138.54576130519365  17.361596996267533 -3.8868097936345212 138.52323123880981  17.376985211625687 -3.8425413077335802 138.49900238191549  17.391625467104326 -3.7993553449306927 138.47304498020654  17.405205113767934 -3.7575443346002113 138.44527547909689 
 0 7 0.17116151739168331 5 0.22375379731895828 5 0.31344232157205609 5 0.42193540018928966 5 0.48690659515668133 5 0.63471653064587197 5 0.71430779841232539 5 0.75642673784871928 5 0.79854872300858981 5 1 7
8 2.7913286409547178e-07 1
7 0 0  7 68 12  17.199310347588575 -3.7173977951015131 137.7564086441775  17.179741893540523 -3.749682336290554 137.74486246621927  17.16045461119657 -3.7830685723304311 137.73452330086462  17.141547264028045 -3.8173954192768509 137.72526595811499  17.123109019618909 -3.8525446348363208 137.71698941313045  17.105229568161185 -3.8884234117455647 137.70961014218432  17.088006888797555 -3.9249518809466166 137.70305862844964  17.065250111777935 -3.9762675366505382 137.69506524924412  17.059060752437215 -3.9905629005199157 137.69296486680634  17.052991071509329 -4.0049369246943005 137.69097481741292  17.047047927508476 -4.0193847082188769 137.68909231429004  17.041238551742889 -4.0339011406554102 137.68731485678052  17.035570548314837 -4.0484809020822574 137.68564023034389  17.026045523405987 -4.0737448755688774 137.68292403220065  17.022117820087054 -4.0844018652921203 137.68183472501329  17.018272107119937 -4.0950864832519276 137.68079791530175  17.01451081752786 -4.105798609107806 137.67981276204262  17.010838198294682 -4.1165330634304267 137.67887894907437  17.007257007059273 -4.1272888715647236 137.67799581789291  16.993431370510898 -4.1700186074504177 137.67469315074166  16.983922184751201 -4.2021527764040769 137.67266470030799  16.975317190726059 -4.2344525406129128 137.67106420500551  16.967706898531951 -4.2668874981195231 137.66988987640997  16.961197332061502 -4.2994110409095763 137.66915198172154  16.955903972514527 -4.3319589991603333 137.6688757095659  16.950031794812546 -4.3800872291944701 137.66921735137683  16.948431837837287 -4.395711111090578 137.6694458012233  16.947152575565738 -4.4113101955337406 137.66979666352111  16.946206470319101 -4.4268727191532546 137.67027597357122  16.945605235355995 -4.4423853061818646 137.67089080531133  16.945359191247466 -4.4578330509163431 137.67164924909628  16.945678606444382 -4.4996304398172242 137.67412757316265  16.946955985443854 -4.5258264318272339 137.67614679739711  16.9493512074318 -4.5516960315186488 137.67866399645425  16.952887200682177 -4.5771413943941202 137.68173260626367  16.957555886124602 -4.6020624298557502 137.68541245617641  16.963312099409897 -4.6263607119347832 137.68976360926598  16.975912956836364 -4.6703139643209326 137.69921597560767  16.982503789809911 -4.690154804087852 137.70413514969027  16.989793209911362 -4.7094067062146507 137.70962528646845  16.997711351790521 -4.728024382424854 137.71571502200698  17.006176009028483 -4.7459743562250276 137.72242735984761  17.015097946931661 -4.7632330028345464 137.72977801547614  17.029811475943578 -4.7894523404550187 137.74244406103389  17.035362042455866 -4.7988794259643734 137.74733474804748  17.041020060355226 -4.8080631551271349 137.75244753347371  17.046767676662345 -4.8170018963853964 137.7577833379278  17.052587271343711 -4.8256948907601025 137.76334234762999  17.05846168872948 -4.8341420654715375 137.76912407103865  17.071705727960378 -4.8525132411345577 137.78257092036432  17.079095903919935 -4.8623052862866665 137.79035505948602  17.08651361259199 -4.8717209934531773 137.79847781095361  17.093928969568488 -4.880762301187394 137.80693559947579  17.101313775731747 -4.8894318044423262 137.81572350135971  17.108641702735007 -4.8977324828541082 137.82483546950593  17.14045992281029 -4.9325722339846116 137.86623551223855  17.164086366332391 -4.9552586522479167 137.90183630530061  17.18583826781822 -4.9738787181008135 137.9408153383938  17.20500466339184 -4.988528562716775 137.98276014939754  17.221083189501659 -4.9992701722700144 138.02714936352777  17.233767040600792 -5.0061328165161658 138.0733955362366  17.249020033910867 -5.0110629681959038 138.15244786253385  17.253552962696133 -5.0113066803349717 138.18455554803677  17.256491628756653 -5.0098196666954644 138.21701704908432  17.257835032548069 -5.0065850783143144 138.24963252308501  17.25762035148508 -5.0015752200272026 138.28218972030913  17.255928268967349 -4.9947471120608364 138.31446642222895  17.252890475065694 -4.9860332280182398 138.34623277892095 
 0 8 0.13630546124146045 6 0.18851528957568139 6 0.22641799554191228 6 0.33879510732323348 6 0.3928869052978593 6 0.48592611753138581 6 0.5662938761016536 6 0.61323653721016158 6 0.67144076540333819 6 0.86879225002917049 6 1 8
8 2.5226324033151659 6.2831853071795862
7 1 0  2 5 3  17.199310067076063 -3.7173982578984384 137.75640847866387  1 16.481999438358255 -3.6074271943987024 137.1935350403098  0.58967639389847093 16.082404889056399 -3.5663051486972859 138.11760085348823  1 15.682810339754552 -3.5251831029958702 139.04166666666666  0.58967639389847093 16.643524798270406 -3.6602027149063443 139.04166666666666  1
 2.5226324033151655 3 4.4029088552473761 2 6.2831853071795862 3
8 0 2.6199999999999997
7 0 0  1 2 2  16.33966352784093 -5.8222879983254385 139.04166666666666  16.643524798270406 -3.6602027149063443 139.04166666666666 
 0 2 2.6199999999999997 2
8 2.4186261942121798 6.2831853071795862
7 1 0  2 5 3  16.947261171272952 -5.8875103324150651 137.80219214306021  1 16.264609164713789 -5.7805332971304892 137.12397884009891  0.56847955318362531 15.794578283856904 -5.730078013975465 138.0828227533828  1 15.324547403000008 -5.6796227308204381 139.04166666666666  0.56847955318362531 16.33966352784093 -5.8222879983254385 139.04166666666666  1
 2.4186261942121798 3 4.3509057506958833 2 6.2831853071795862 3
8 4.2336916894959315e-06 1
7 0 0  7 14 3  16.947259892305127 -5.8875106380294255 137.802190941546  16.97611842685636 -5.8806147392619961 137.82930173586038  17.002593439689996 -5.8763268821034407 137.85855523565164  17.026527291728218 -5.8742955365945662 137.88978742227013  17.047749498255619 -5.8743560238426422 137.92278381133431  17.066106394444901 -5.8763987187552438 137.9572596249626  17.081499555729007 -5.8803646854998153 137.99286367938745  17.100057869813654 -5.8891240690847511 138.04718086720752  17.105472719715824 -5.8924897224347426 138.06534849911145  17.110151376114938 -5.8963145416418481 138.0836364167896  17.11409641242852 -5.9005952303171387 138.10198747416737  17.117316558615414 -5.9053290778225778 138.12034052055063  17.11982761259446 -5.9105133387587498 138.13863148684257  17.121653351663134 -5.9161446124525465 138.15679447176103 
 0 8 0.66869987909254858 6 1 8
8 0.00030228558801502069 1
7 0 0  3 6 4  17.122206541075499 -5.9179625399061129 138.16258917971425  17.122178232118298 -5.917863157355284 138.16227608514305  17.122057685485558 -5.9174445471688966 138.16095478947969  17.121874820298686 -5.916837561843372 138.15902345410916  17.121714635631104 -5.91633363551865 138.15740414255424  17.121653351663134 -5.9161446124525323 138.15679447176112 
 0 4 0.16219986296835351 1 0.68452924818144734 1 1 4
8 0 1.8142470686220507
7 1 0  2 3 2  16.33966352784093 -5.8222879983254385 139.04166666666666  1 17.236637650716848 -5.9483494902608678 139.04166666666666  0.61601418769439553 17.122206382797923 -5.9179619842619067 138.16258742920778  1
 0 3 1.8142470686220507 3
8 0 0.2545584412271571
7 0 0  1 2 2  16.643524798270406 -3.6602027149063443 139.04166666666666  16.681769005297667 -3.5116625045951109 138.89166666666665 
 0 2 0.2545584412271571 2
8 8.5121161406345633e-16 1.8244288283676677
7 1 0  2 3 2  16.681769005297667 -3.5116625045951078 138.89166666666665  1 17.396261839656113 -3.6120779239247232 138.89166666666665  0.61199595784780403 17.297850112555363 -3.5868814966036617 138.19323527520464  1
 0 3 1.8244288283676677 3
8 0 1
7 0 0  6 12 3  17.405204955299467 -3.757544822516091 138.4452758031544  17.398755350215758 -3.7461352697279904 138.43648446774645  17.392547967405466 -3.7349936161366366 138.42723581749976  17.386574186863054 -3.7241524283235878 138.41756173617458  17.380821330570406 -3.7136432627634095 138.40749646936774  17.375274000694635 -3.703495973002858 138.39707569903058  17.355673140096521 -3.667802891131402 138.35779015750791  17.34275871826318 -3.6446074970895777 138.32697731406495  17.330873199977358 -3.6246992671692899 138.29460525636799  17.319587440040028 -3.6083766448522403 138.26130148035767  17.308623833342015 -3.5957557445095487 138.22743667299042  17.297850112555363 -3.5868814966036644 138.19323527520461 
 0 7 0.27338508335922768 5 1 7
8 0.064343821664555906 0.42796205508577673
7 0 0  6 22 5  17.312862945204607 -3.5893674859644782 138.21634556578732  17.304382684338428 -3.5879817269569667 138.20442789305159  17.296546103512057 -3.5866791013519506 138.19205978487358  17.289378728681822 -3.5854635537315014 138.17926318823709  17.282901395389501 -3.5843384221440266 138.16606328623351  17.277130248762283 -3.5833064381042834 138.15248849806213  17.265733926783572 -3.5811940298940224 138.12110152637283  17.26052119459489 -3.5801683425246331 138.10309095848007  17.256460971779347 -3.579296836101848 138.08460145667206  17.253561242955449 -3.5785817129821003 138.06569940039458  17.25181703087771 -3.5780233819522076 138.04645289597798  17.250571899089415 -3.5771947124813783 138.00628339086424  17.251205862807751 -3.5769427710077393 137.98532599804349  17.25309420909236 -3.5768634018217127 137.96414002478059  17.256204150735247 -3.5769531061342819 137.94279363022426  17.260493909727867 -3.5772072353260165 137.92136196328127  17.271212072829645 -3.5780231033063754 137.87893140977545  17.27759235883622 -3.5785780817443036 137.8579326588733  17.285004677695746 -3.5792789001037462 137.83698289487157  17.29339319704966 -3.5801186968404486 137.81614265873677  17.302697490857778 -3.5810898649171148 137.79546635284325  17.312856007824756 -3.5821845027916317 137.77500000000001 
 0 7 0.20487106570326369 5 0.46201131959489455 5 0.73394696690014283 5 1 7
8 0 1
7 0 0  6 12 3  17.251992956182779 -3.5779815815716209 138.04236482704152  17.242770935303252 -3.5823235483896831 138.01077653164907  17.233800034221645 -3.5897492144109466 137.97904614950178  17.225276447314542 -3.6002502574202664 137.94722611523915  17.217523484172933 -3.613770859533489 137.91538042054387  17.211021123587816 -3.6301425789422224 137.88364910927103  17.203712557365872 -3.6588758035065756 137.83594400547443  17.201668850477652 -3.6694126508715903 137.81968857082688  17.200150913024991 -3.6805884659433574 137.80356930760195  17.199218917260978 -3.6923501359520405 137.78762307649896  17.198925231746628 -3.7046400157737058 137.77188890662663  17.199310067076052 -3.7173982578984366 137.75640847866387 
 0 7 0.65713457643563744 5 1 7
8 4.5979910559847816 9.8985254871911028
7 1 0  11 171 19  16.501443550596232 -8.1898548537174669 137.02429667622263  1.6690784610682365 16.623101725347144 -8.1025631324248231 137.02621954155146  1.6690784610683222 16.731201663130086 -8.0157053900216173 137.04336244818739  1.6690784610678731 16.828271495016232 -7.9330261776919055 137.07297289787519  1.6690784610691454 16.916540186761143 -7.8555824006728727 137.11250077861587  1.6690784610666745 16.99756690664622 -7.7828127456415164 137.16033711356511  1.6690784610701679 17.072040920702111 -7.7133431491612825 137.21585278158344  1.6690784610665121 17.139748181732408 -7.6455668545782043 137.27899413294909  1.6690784610693286 17.19970077856868 -7.5780376047547318 137.34969242375297  1.6690784610677882 17.250425411961626 -7.5097145180444027 137.4273439924761  1.6690784610683109 17.330388715134728 -7.370479871725661 137.59389221208048  1.6690784610682221 17.363533254970381 -7.2264841481648237 137.77626907334553  1.6690784610681912 17.367922430274973 -7.1519041742049119 137.86728184562617  1.6690784610685905 17.360681863396426 -7.0743458746785972 137.95324379499198  1.669078461067377 17.345805835056286 -6.993978361300849 138.02943996230871  1.6690784610695197 17.328576297166062 -6.9105314392413293 138.09254672285425  1.6690784610669203 17.313978838919429 -6.8225631423365636 138.14135553932329  1.6690784610691924 17.305876530945284 -6.7271810153911726 138.17518793214194  1.6690784610677651 17.305084813672973 -6.6205624791989868 138.18991095808863  1.6690784610683544 17.305371148806277 -6.487336376122629 138.17429304922086  1.6690784610682576 17.286319546657509 -6.3470202549251384 138.11817062604001  1.669078461068175 17.284203516737694 -6.3329863337369776 138.11218839486725  1.6690784610688585 17.281844885011775 -6.318920224298731 138.10583020063106  1.6690784610666849 17.279219399715199 -6.3048422609564074 138.09911123158321  1.6690784610705849 17.276303796243706 -6.29077338975946 138.09204807265226  1.6690784610657512 17.273076017671144 -6.2767350133322202 138.08465871691098  1.6690784610701674 17.269515435262491 -6.2627488357628422 138.07696257706311  1.6690784610671296 17.265603068992181 -6.2488367074746085 138.06898049690921  1.6690784610686822 17.261321808057716 -6.2350204701114729 138.06073476283063  1.6690784610681326 17.256656631396634 -6.2213218014143816 138.05224911526088  1.6690784610682359 17.244829273278498 -6.1879402110222834 138.04000676589064  1.6690784610681222 17.23176338110747 -6.155758601080084 138.0277044476133  1.6690784610686626 17.217574052025817 -6.1250662918800183 138.01606429299719  1.6690784610673437 17.202785739385199 -6.0960383753982414 138.00603768845252  1.6690784610695213 17.187782334694159 -6.0688606132752501 137.99855281710813  1.6690784610668732 17.173202487029272 -6.0435841412533495 137.99460232714927  1.6690784610693248 17.16017993997086 -6.0200873739571135 137.99545200143541  1.6690784610676002 17.149942715526784 -5.9982682808554175 138.00272969440155  1.6690784610684795 17.14289902381541 -5.9783359814803507 138.01813219246495  1.6690784610682066 17.133004629569179 -5.9432967883561281 138.06679989621335  1.6690784610682243 17.124683848329834 -5.9175999449535315 138.14313520660002  1.6690784610682907 17.119321667474377 -5.9069525466763366 138.18616377843125  1.6690784610679803 17.110534521823016 -5.898321371057226 138.23088365377654  1.6690784610686646 17.097417366332156 -5.8889305115204058 138.2674167755942  1.6690784610678508 17.084735185765428 -5.8766459809200109 138.29446433873261  1.6690784610684064 17.074125104028656 -5.8619464775284511 138.31499790777468  1.6690784610682594 17.06351609402887 -5.8460893131904559 138.33004864275568  1.6690784610681566 17.054325003140601 -5.8290654992051936 138.34107876273825  1.6690784610682818 17.035072948979494 -5.7896956640594635 138.36028778323882  1.6690784610681633 17.01876352668533 -5.7505669332035252 138.37238521853445  1.6690784610683349 17.010405827896623 -5.7293111788828313 138.37817717464563  1.6690784610679097 17.003067022761332 -5.7084375152629443 138.3818674048818  1.6690784610688061 16.995266884358031 -5.6900134605254529 138.39050198334053  1.6690784610675966 16.990521994539236 -5.6693172976733823 138.38788757325003  1.669078461068751 16.984361914854986 -5.6528136230438895 138.39490099319346  1.6690784610679197 16.979951065355998 -5.6359431477009583 138.39685325073927  1.6690784610683953 16.975774170432523 -5.6209599660545067 138.40074293418834  1.669078461068169 16.971874287693048 -5.6062306310545509 138.40516283430495  1.6690784610682687 16.968482292721145 -5.593191431035228 138.41018591014094  1.6690784610682219 16.968232871823595 -5.5922312746918914 138.41056269263856  1.6690784610683251 16.967986207008398 -5.5912804536432956 138.41094274827282  1.6690784610680962 16.967742271675107 -5.5903389623986319 138.41132604409367  1.6690784610683582 16.96750103872197 -5.5894067945455141 138.41171254570841  1.6690784610681835 16.967262480554311 -5.5884839427440127 138.4121022173326  1.6690784610682285 16.967026569092162 -5.5875703987166983 138.412495021832  1.6690784610682647 16.966793275778564 -5.5866661532427635 138.41289092077503  1.6690784610682177 16.966562571587453 -5.5857711961487553 138.41328987447537  1.6690784610682412 16.966334427031732 -5.5848855163016067 138.41369184204177  1.6690784610682361 16.965423865304349 -5.5749440075345467 138.41202732434593  1.6690784610682159 16.964547945732185 -5.5655290535256094 138.41121760147556  1.6690784610683322 16.963727262091329 -5.5565441074775643 138.41116041224549  1.6690784610680047 16.962979602752331 -5.5478988146365973 138.41174856356758  1.6690784610686049 16.962321368753038 -5.5395095761989293 138.41287043915736  1.6690784610678178 16.961768991874163 -5.531300113210059 138.41441050825225  1.6690784610685905 16.961340352711215 -5.5232020304742484 138.41624983431242  1.6690784610680205 16.961056198750157 -5.5151553804526197 138.41826658374282  1.6690784610683189 16.960941562440176 -5.5071092271713882 138.42033653459433  1.6690784610682308 16.961309004168449 -5.4724021772536888 138.42890727674364  1.6690784610682139 16.966062114758028 -5.4363674180095414 138.43378741709867  1.6690784610683074 16.972387162531351 -5.4071696300573917 138.43557794170576  1.6690784610679568 16.981775910538584 -5.3758185245457888 138.43547377334065  1.6690784610688914 16.994668819975253 -5.3420180793572296 138.43345672392337  1.6690784610672138 17.01142820574043 -5.3057578325274637 138.42949343549623  1.6690784610693545 17.032278152342286 -5.2672232171572135 138.42357331636563  1.6690784610673639 17.057298753758175 -5.2266769705625364 138.41572464060303  1.6690784610687015 17.086454728505466 -5.184360034199921 138.40600986783451  1.6690784610681035 17.147390975567149 -5.103745795823265 138.38487624244576  1.6690784610683396 17.221428951499625 -5.0185365889186597 138.35782491536168  1.669078461068165 17.257764150843887 -4.9788585799995371 138.34444753229602  1.6690784610684504 17.296599752342711 -4.9383821273575936 138.33015300839043  1.6690784610678788 17.337812380467813 -4.8971651418062283 138.31505982185678  1.6690784610686129 17.381274170460564 -4.8552544911172317 138.29925856369022  1.6690784610679825 17.426854622628941 -4.8126969784966249 138.28279098503637  1.6690784610683242 17.474420718403483 -4.7695579639007892 138.2656143428101  1.6690784610682563 17.523835298144139 -4.7259476281982069 138.24755104356305  1.6690784610681972 17.601527538821024 -4.6592372895964749 138.2181762305735  1.6690784610682858 17.682792244129178 -4.5925887978411666 138.18436326405018  1.6690784610681826 17.710979051910801 -4.5697593351532841 138.1724114479569  1.6690784610684433 17.739534465768902 -4.5468534587181288 138.16020197835917  1.6690784610679432 17.768438582448766 -4.5238364232860011 138.14783430259462  1.6690784610684735 17.797672615411681 -4.5006883365631492 138.13536610734297  1.6690784610681118 17.827217986365341 -4.4774048124019359 138.1228137959564  1.6690784610682765 17.857055926874914 -4.4539920665237513 138.11016586868976  1.669078461068247 17.887167590050673 -4.4304564547790486 138.0974092058245  1.6690784610682001 17.936134154014528 -4.3922920810389829 138.0767033211265  1.6690784610683116 17.985721602005512 -4.3536613290724437 138.05607495123277  1.6690784610681302 18.004640471107059 -4.3389626950807552 138.04814517401013  1.6690784610688474 18.023636317518999 -4.3242792804190291 138.04002481288171  1.6690784610668454 18.04270246877287 -4.3096416236485737 138.03164360728212  1.6690784610702469 18.061832612037666 -4.2950648048293276 138.02296916856338  1.6690784610662233 18.081021267750295 -4.2805450605478237 138.01401379322417  1.6690784610696443 18.100264277995127 -4.2660586799368287 138.00483625287623  1.6690784610675993 18.11955930963104 -4.2515631816811776 137.99553856094633  1.6690784610683613 18.161818342613994 -4.2197550790683112 137.9752667741032  1.6690784610681624 18.204339378122981 -4.1873063335832619 137.9558325413534  1.6690784610682581 18.227463131396711 -4.1695762003627017 137.94541805727943  1.6690784610683562 18.250625723120276 -4.1518030976072033 137.93488790545464  1.6690784610678175 18.273915217093691 -4.1335698577595661 137.92524796236336  1.6690784610689768 18.297034532420376 -4.1166672577731243 137.91226864445267  1.6690784610673826 18.320490566118142 -4.0974122020234143 137.90455293380543  1.6690784610689391 18.343631955652004 -4.0811954216563731 137.88963758450583  1.6690784610678171 18.366846783574431 -4.0641720745009193 137.87635523748804  1.6690784610684111 18.390009886308018 -4.0474356736015507 137.86217845276764  1.6690784610681946 18.413138620133132 -4.0307306557000464 137.84769086038935  1.6690784610682365 18.423535602568347 -4.0221646248241054 137.84409095445295  1.6690784610683638 18.433914914772711 -4.0136743890439144 137.84026341345378  1.6690784610677509 18.44427861028932 -4.0052529637038079 137.83623041252727  1.669078461069303 18.454628330073412 -3.9968929645423099 137.83201355629228  1.6690784610666016 18.464965371867208 -3.9885866727235539 137.82763393744554  1.6690784610700786 18.475290759581831 -3.9803260998722263 137.82311219535825  1.6690784610666798 18.485605312669289 -3.9721030531034907 137.81846857467036  1.6690784610691967 18.495909715505572 -3.9639092000587981 137.81372298388675  1.6690784610678582 18.50620458676379 -3.9557361339360093 137.80889505397232  1.6690784610682794 18.547111770767209 -3.9232811173005717 137.78944415694778  1.6690784610682365 18.587889041146564 -3.8908895266131078 137.76930246900972  1.6690784610681682 18.618331493867249 -3.8666579851871772 137.75388688274614  1.6690784610684959 18.648683294324929 -3.8424230001170754 137.73817563156055  1.6690784610677802 18.678935115938135 -3.8181665752876146 137.72220764440243  1.669078461068761 18.709077642859594 -3.7938707219392565 137.70601996672232  1.669078461067814 18.739101776945866 -3.7695167164407883 137.68964973530385  1.6690784610684644 18.76899884474885 -3.7450843580393309 137.67313615309635  1.6690784610681797 18.798760804485553 -3.7205512266326823 137.65652246404693  1.6690784610682108 18.868760368954117 -3.6622743944340295 137.61713947580841  1.669078461068332 18.937930721037887 -3.6031305301986056 137.57779225105475  1.6690784610680718 18.977525973952506 -3.5687423649077585 137.55504818321936  1.6690784610688261 19.016785186099657 -3.5340942624170402 137.53221529072076  1.6690784610671427 19.05567921086298 -3.4991898106970751 137.50926497055508  1.6690784610696132 19.094179369374821 -3.4640262508099595 137.4861810019228  1.6690784610669973 19.13225734803105 -3.4285950683399808 137.462957952994  1.6690784610690048 19.169885096044549 -3.3928825848208275 137.43959958767019  1.6690784610679734 19.207034722959527 -3.356870549165476 137.41611727235025  1.6690784610682201 19.295973063775765 -3.2686842570423855 137.35886436830111  1.6690784610683844 19.38176667205925 -3.1784514357944555 137.30111201995476  1.6690784610679548 19.431034211891497 -3.1246639616004077 137.26694376041684  1.669078461069271 19.479032053395265 -3.0701053433153076 137.23254347321378  1.6690784610663105 19.525665673831913 -3.0147231766701528 137.19790486046784  1.6690784610706049 19.57083557524362 -2.9584545559497952 137.1630354725115  1.6690784610661886 19.614435196714474 -2.9012285005704159 137.12795540425881  1.6690784610694727 19.65634882666199 -2.8429683815896607 137.0926959915723  1.6690784610677758 19.696449515096365 -2.7835943482864995 137.05729850763657  1.6690784610682763 19.819035047892093 -2.5889593394689312 136.94326664621713  1.6690784610682838 19.919843257878391 -2.38117294675774 136.82891541713821  1.6690784610680744 19.977216785377788 -2.2311745298940728 136.75009915230999  1.6690784610689022 20.020392595494076 -2.0740576798887207 136.67175199395021  1.6690784610668121 20.047007015096987 -1.9093051620997015 136.59440161181013  1.669078461070306 20.053877867214151 -1.7377630836754463 136.51947362118224  1.6690784610660612 20.038318908917528 -1.5620889057183545 136.44909993556578  1.6690784610699343 19.999858041965293 -1.385554053653224 136.38506827929388  1.6690784610672584 19.93991650889679 -1.2104121199439088 136.32817458337695  1.6690784610686316 19.859281194543762 -1.0373569512552565 136.27871689110719  1.6690784610681439 19.758695651842238 -0.86655244900058681 136.23678374103156  1.6690784610682365
 0 12 0.98985254871911033 9 1.9797050974382207 9 2.0892582415776197 11 2.3886438005771922 9 2.688029359576765 9 3.0663424152895251 9 3.0967303255581182 11 3.3974419917030523 9 4.3872945404221628 9 5.2151368258999495 9 5.6454896103545895 9 5.9090756430282374 9 6.2212302855517141 11 6.3592277726166664 9 6.7700451245102036 9 7.3301047791597229 9 8.129373271549527 9 9.8985254871911028 12
8 0 6.2831853071795862
7 1 1  6 6 2  19.758695651842238 -0.86655244900058681 136.23678374103156  1.6690784610682365 19.686790525121779 -1.1759771171640563 135.40847257679252  1.0367296232096121 18.702305149657104 -1.7046239426487251 135.65911933009727  1.0383466998475064 17.981057340886434 -1.7501494192423011 136.91118586133061  0.85353433019614966 18.86676410797023 -0.99691837388758975 137.55360443071407  1.0383466998475068 19.830600778562708 -0.55712778083711667 137.0650949052706  1.0367296232096115
 0 6 6.2831853071795862 6
8 2.1189796704563544 6.2831853071795862
7 1 0  2 5 3  17.251992956182782 -3.5779815815716183 138.0423648270415  1 16.854159433138229 -3.5088272802971252 137.22859594602866  0.50531323787433091 16.29586395285169 -3.4438955269477822 138.06013130634767  1 15.737568472565155 -3.3789637735984397 138.89166666666665  0.50531323787433091 16.681769005297667 -3.5116625045951078 138.89166666666665  1
 2.1189796704563544 3 4.2010824888179705 2 6.2831853071795862 3
8 0.0022199037271411147 0.949160955922144
7 0 0  8 180 26  17.122631135832382 -5.917830991742699 138.15086937580384  17.122190199098124 -5.9180625381493721 138.16890639163699  17.120982140956254 -5.9181952369029824 138.18749427332924  17.118960194106517 -5.9182210601283307 138.20654359904978  17.116085290643365 -5.9181327632174767 138.22594658450026  17.112350996333095 -5.9179269894890671 138.24555252534984  17.107793179932916 -5.9176057082262048 138.2651726582796  17.102484417552326 -5.9171759860928672 138.28461444063547  17.088046433184648 -5.9158995597725426 138.33086902884759  17.078227621497909 -5.9149517781269987 138.35742607661854  17.067314761974885 -5.9138329703002182 138.38292199215539  17.055672328363539 -5.912588823407912 138.40701655943269  17.043527357360006 -5.9112529633803987 138.42981535243803  17.030979069613874 -5.9098405070480595 138.45139040944386  17.018112577266994 -5.9083653465775425 138.47186035869296  16.998438926692753 -5.9060747774105602 138.50101187643855  16.991832512009346 -5.9052999532618848 138.51045371634757  16.985157792498701 -5.9045118705297632 138.51967070710813  16.97841629628849 -5.9037110001096273 138.52867858837431  16.971608047005084 -5.9028975847793017 138.53749207517222  16.964731563773615 -5.9020716391989883 138.54612485790017  16.957783861217919 -5.9012329499112735 138.55458960232849  16.943635942617 -5.8995169371048037 138.57132577845584  16.936431894359988 -5.8986390451540824 138.57959537584318  16.92915416895659 -5.8977481746923157 138.58770373274663  16.921773656957733 -5.8968409542527498 138.59569506967517  16.914318910285555 -5.8959208788328796 138.60353757233122  16.906774505355479 -5.8949861337163121 138.61125292863068  16.899148221813075 -5.8940377308767804 138.61883613739136  16.883830177429836 -5.8921259451401218 138.63364749868339  16.876141271872257 -5.8911630117941121 138.64087861731076  16.868372080990756 -5.8901867824249603 138.64798605505538  16.860523039723599 -5.8891973408656977 138.65497120726388  16.852594821188621 -5.8881947955997429 138.6618349270602  16.844588336683305 -5.8871792797608888 138.66857752534554  16.836504735684723 -5.8861509511333168 138.6751987707984  16.798422249839732 -5.8812924284521237 138.7055325894485  16.767490152670881 -5.8773062505481146 138.72771935670937  16.735603461693596 -5.8731588178092533 138.74824106803922  16.702973671193547 -5.868877009242504 138.76692291979219  16.669626935057625 -5.8644651722257706 138.78380618828967  16.635519911143525 -5.8599158140704892 138.7988047585371  16.600800347014385 -5.8552475274792108 138.81178516615907  16.520993347835709 -5.8444314114240363 138.83636739939561  16.475610623023709 -5.8382210165844519 138.84667474150666  16.42980186006853 -5.831890255566579 138.85326485316634  16.384047116093143 -5.8255028712143844 138.85590884055958  16.33871122052885 -5.8191069978783476 138.85441380219893  16.294448355745473 -5.8127937294667866 138.8487277852208  16.251669257208558 -5.8066214826056859 138.83889328465384  16.199215484166373 -5.7989600366237406 138.82110005254717  16.187718702833081 -5.7972745970679167 138.8168185807568  16.176392441354217 -5.7956078469250096 138.81221291577651  16.165246865694492 -5.7939612745786393 138.80728672321891  16.154291816171494 -5.7923363306690865 138.80204416174647  16.143536807455675 -5.7907344280933106 138.79648988307176  16.132991028570377 -5.7891569420049453 138.79062903195702  16.122663342891808 -5.7876052098142932 138.78446724621466  16.119425234697076 -5.7871186775050845 138.78253484797301  16.116342074151351 -5.7866547617230166 138.78065407243  16.113312211705974 -5.7861982359287243 138.77876711659741  16.110290894675948 -5.78574238174886 138.77684763043953  16.107271516122111 -5.7852861910795914 138.77489072492691  16.10426686373324 -5.7848315681900928 138.77290298009027  16.10129036870828 -5.784380531826038 138.77089245307417  16.075270075331229 -5.7804319643819388 138.75296988029345  16.053405449414047 -5.7770737491172151 138.73543514091978  16.032871591292757 -5.7738768413912194 138.71631988735191  16.013785310580882 -5.7708589548985838 138.69570383295107  15.996251892057391 -5.7680363907077528 138.67367941669249  15.980364875624504 -5.7654239808124643 138.65035023470051  15.96620583626548 -5.7630350316832359 138.62582947178319  15.947499029873438 -5.7597757618586236 138.58710272443682  15.941627320599787 -5.7587321978566601 138.57368483413094  15.936238342451169 -5.7577521508842109 138.56000107946846  15.93134052952724 -5.7568370792778643 138.54606823679629  15.926941443757618 -5.7559883246395414 138.53190344138989  15.923047774901899 -5.7552071118364925 138.51752418745303  15.919665340549608 -5.7544945490012935 138.50294832811809  15.915360670346866 -5.7535289801074843 138.48078969957311  15.914052257431916 -5.7532238717859654 138.47334036528954  15.912874472965582 -5.752936427709253 138.46584835988259  15.911827889703225 -5.7526667657440314 138.4583159798687  15.910913027565412 -5.7524149964817255 138.45074553099323  15.910130353637857 -5.7521812232384866 138.44313932823067  15.909480282171469 -5.7519655420552045 138.43549969578439  15.908704181011139 -5.751669123498603 138.42398707575569  15.908478472482107 -5.7515747394635683 138.42013635114751  15.908286124059286 -5.7514849043600345 138.41627705247012  15.908127209076865 -5.751399632711987 138.41240943889741  15.908001799139262 -5.7513189387997441 138.40853376956912  15.907909964121137 -5.7512428366599737 138.40465030359113  15.907851772167318 -5.7511713400856754 138.40075930003519  15.907827289692857 -5.7511044626261967 138.39686101793913  15.907800405279662 -5.7510300633562919 138.39252125313195  15.907813783508713 -5.7509616567575907 138.3882020208778  15.907870962811272 -5.7508986646956242 138.38383723442089  15.907969170694781 -5.7508414507448222 138.37947318047563  15.908107641079166 -5.7507901917164537 138.3751273405839  15.908289360242888 -5.7507445903912311 138.37075565930567  15.908516241379196 -5.7507044294565848 138.36632825924266  15.908777727762278 -5.7506709666485909 138.36201360289519  15.910516269702919 -5.7504481038058266 138.33330349953556  15.914049775863178 -5.7504753563430109 138.30446125138428  15.919363615463309 -5.750752675715801 138.27561023335383  15.926433098034583 -5.7512785366883037 138.24686995539378  15.935224160350616 -5.7520500272342137 138.21835565440614  15.945694053358562 -5.7530629384379441 138.19017788616065  15.957792029110335 -5.7543118543957732 138.16244211721036  15.9774710182911 -5.7564404153487034 138.12328883628666  15.983785729402724 -5.7571349764965261 138.11143399433473  15.990399332512082 -5.7578733814586345 138.09969205630568  15.997306754486756 -5.7586550481473884 138.08807106587761  16.004502677578643 -5.7594793564893179 138.07657884505215  16.011981539423992 -5.7603456484251261 138.06522299415431  16.019737533043347 -5.7612532279096822 138.0540108918326  16.046023973222436 -5.7643581049372736 138.01778881293629  16.065686014894116 -5.7667246643703756 137.9934072748899  16.086681186025583 -5.7692926723206925 137.96989155176806  16.108925965199806 -5.7720516915102769 137.94732158538861  16.132337169266844 -5.7749911473413977 137.92576595762742  16.156832676981374 -5.7781004514471066 137.90528323313208  16.182318562424452 -5.781367315724844 137.88592947566039  16.236247621383423 -5.7883416713421907 137.84875869986951  16.264778814640138 -5.792063361747835 137.83105405789635  16.294097074241435 -5.7959181236948973 137.81472940769112  16.324071242807381 -5.7998885109744016 137.79984538710787  16.354400849080356 -5.8039334944648981 137.78647569867695  16.385125452641834 -5.8080573566501501 137.774541853226  16.416093180729121 -5.8122395404632847 137.76409222898093  16.45293552616916 -5.8172442296830855 137.75345098529178  16.458780222183069 -5.8180390500954662 137.75181649414824  16.464619577883305 -5.8188340109167234 137.75023675271495  16.470451128288087 -5.819628769259733 137.74871197874387  16.476272416080423 -5.8204229819612667 137.7472423068231  16.482080991608175 -5.8212163055819897 137.745827788377  16.48787441288399 -5.8220083964064671 137.74446839166595  16.502683400674194 -5.8240352418219423 137.74112406967083  16.511697474692305 -5.8252709843719606 137.73921274587778  16.520685617924673 -5.8265052146462084 137.73743244039318  16.529638016610029 -5.8277364849360156 137.73577894535487  16.538571288040558 -5.8289671330969277 137.73425241116112  16.547433044663798 -5.8301899193126259 137.73286038246712  16.556239007239913 -5.8314069067141574 137.73159387028008  16.573356931082241 -5.8337763180141113 137.72935973725313  16.581677301911405 -5.8349297530015196 137.72838162060955  16.589918674315317 -5.8360739620894435 137.72751882426871  16.598072970299583 -5.8372077776434086 137.72676936049422  16.606133521914323 -5.8383302240057615 137.72613086104019  16.614095071254248 -5.8394405174956514 137.72560057715111  16.621953770458632 -5.8405380664090432 137.72517537956185  16.661026122826705 -5.8460027911911991 137.72354468677293  16.690624645860261 -5.8501683043451607 137.7238956993333  16.718324252850799 -5.8540903768157646 137.7256868021735  16.744383177750475 -5.85780034970578 137.72861372945059  16.769181901304815 -5.8613506393385322 137.73261154172789  16.793010579558999 -5.8647812688635064 137.73763380477942  16.816149316484289 -5.8681324594081294 137.74373306469244  16.855578999617439 -5.8738807576601273 137.7564423321092  16.872076125690466 -5.8762979151199826 137.76250376540611  16.888384562778953 -5.8787000464438623 137.76927142278811  16.904562487652527 -5.881096465316265 137.77681520372292  16.920638936228233 -5.8834926971519854 137.78522388621258  16.936609143354637 -5.8858897510896693 137.79460063740029  16.952430687157399 -5.888283457084623 137.80505557607069  16.984501935157589 -5.8931804400346879 137.82900097220565  17.000718566458985 -5.8956812635097053 137.84262629200813  17.01657541583376 -5.8981550511069978 137.8576974547056  17.03192561875311 -5.9005831092270657 137.87433409811479  17.046569513897985 -5.902938966991254 137.89263391114343  17.060286863670729 -5.905192831164686 137.91266812480342  17.07286159980827 -5.9073154276334536 137.93450386263603  17.093111414818598 -5.9108607525802013 137.97748302084824  17.101250305609298 -5.9123374163942071 137.99793516175171  17.108370298006744 -5.9136922384371662 138.0196996042599  17.11431950667302 -5.914905430216904 138.04287206531339  17.118945709505407 -5.9159566106082915 138.06751475209003  17.122046556165117 -5.916818930485209 138.09372533319467  17.123347442975884 -5.9174553802913845 138.12160111554169  17.122631135832357 -5.9178309917426954 138.15086937580381 
 0 9 0.027564931543828258 7 0.066647846482436518 7 0.086087433520391651 7 0.10580830258281736 7 0.12527005951823059 7 0.19664239885383891 7 0.28712092453399085 7 0.31297275744782338 8 0.34053768899165165 7 0.55594506199976568 7 0.66651146980345288 7 0.72199871510280778 7 0.74978954592986768 8 0.7773544774736959 8 0.80491940901752412 7 0.81704197097921105 7 0.8446171690963975 7 0.87349166680041512 7 0.87893919432329004 7 0.88745904359739647 7 0.8956482987715414 7 0.92872808280992802 7 0.95320390178302605 7 0.9790796187043026 7 1 9
8 0 0.49594351575562201
7 0 0  6 7 2  15.950738814278361 -7.8477537297285744 137.75894686114719  15.991834728284394 -7.8401862427378077 137.77467761901963  16.03359057199421 -7.8324949751218105 137.79077167018886  16.07568289367191 -7.8247405898893669 137.80705123083234  16.117764806084001 -7.816989004919594 137.82328353441969  16.159486338999368 -7.8093077824397508 137.83918190081204  16.200428264577308 -7.8017770755416178 137.85444109245213 
 0 7 1 7
8 5.5034305022035016e-07 1
7 0 0  5 42 11  16.074653193984364 -7.8249315959077554 137.80661362275046  16.07074951780611 -7.8091649951957516 137.80844869410015  16.06712918130463 -7.7933026443993771 137.80978680869885  16.063796639863984 -7.7773634734061883 137.81063326287975  16.060754469227241 -7.7613657969835081 137.8109924032394  16.055263967486042 -7.7293570749958906 137.81074338094905  16.05281323029709 -7.7133464411201214 137.81013926207831  16.050651856458408 -7.697312827797826 137.80905861497951  16.048779343733514 -7.6812736055842592 137.80750319831063  16.045355253002782 -7.6466570654297819 137.80311873182794  16.043902879295807 -7.628083997035926 137.80012575581634  16.042834197662781 -7.6095536558291776 137.7964945892985  16.042145316257415 -7.591094614076634 137.79222148117353  16.041499902730379 -7.5533856949982194 137.78210909639958  16.0415851004487 -7.5341474455906745 137.77619751262139  16.042080852968315 -7.5150583573383489 137.7695542457939  16.042980338437133 -7.4961590531225308 137.76216412601832  16.045663585470056 -7.4575076937073321 137.74526293115809  16.047505786504857 -7.4377916976838128 137.73563850799385  16.049792744420028 -7.4184104362331595 137.72510301061379  16.052513443891979 -7.399440099957495 137.71362011223496  16.059254916838249 -7.3597905742990335 137.68682658848763  16.063407903311951 -7.339276291246323 137.67120296029722  16.068087804781783 -7.319581385177413 137.65420554945788  16.073259579506132 -7.3009175554588115 137.63576341292318  16.082277752621547 -7.2729267406293499 137.60365644975755  16.085856749657893 -7.2627929727468032 137.59092527363021  16.089579162849311 -7.2532006568875635 137.5776316067479  16.09342415936527 -7.2442177404191668 137.5637750931717  16.09960066137733 -7.2311965187585221 137.5411938178361  16.101867464067475 -7.2267000436737572 137.53284177865251  16.104159998103391 -7.2224334638999172 137.52431524176561  16.106472694298006 -7.218408446509101 137.51561816434358  16.114136530069558 -7.2059826650298104 137.48642760905864  16.119548179148474 -7.1986569221070997 137.46522778313161  16.124958757142696 -7.1927940993478146 137.44323007696499  16.130283279816226 -7.1884877876879205 137.42053366360412  16.141701507787911 -7.1824814433911399 137.36904028926045  16.147718502522363 -7.1815340191023846 137.33996741276965  16.153349134919829 -7.1829978654860289 137.31028782107055  16.158481878445517 -7.1868162514636564 137.28022235737117  16.163050236971721 -7.1928786462706231 137.25 
 0 6 0.088979688879231689 4 0.17758077650126941 4 0.28034217331398803 4 0.38866895336880891 4 0.50472118917942188 4 0.63792678141039416 4 0.71931185187840485 4 0.76549538094475689 4 0.87143294440924568 4 1 6
8 0 1
7 0 0  6 12 3  16.163050236971721 -7.1928786462706196 137.25  16.169104154994493 -7.2009124380521907 137.209949799708  16.174207506388381 -7.2127303706090764 137.16962866068772  16.178229977529337 -7.2281117447797145 137.12946821633969  16.181141105173971 -7.2467421373474634 137.08984713646768  16.183004857463395 -7.2682964005642159 137.0511228777242  16.184563276816988 -7.3078055957200263 136.98978686758886  16.184801318050862 -7.3242041874550114 136.96645150739113  16.184707056442257 -7.3415772644013506 136.94368250899694  16.184327082747302 -7.3598471558112024 136.92155604901185  16.183717657579042 -7.3789384149432493 136.90014585167671  16.182942753312798 -7.398779404708244 136.87952271419326 
 0 7 0.61158921728834048 5 1 7
8 0 1.8692007270006743
7 1 1  6 6 2  16.501443550596232 -8.1898548537174669 137.02429667622263  1.6690784610682365 16.656618221833718 -7.7112170604439001 136.26509620410548  1.0367296232096121 16.031316243651471 -6.8234914045882888 136.6198062926901  1.0383466998475064 15.31974227929941 -6.6953500879419927 137.87048482652415  0.85353433019614966 15.676406017465373 -7.9182154733890666 138.35622377069012  1.0383466998475068 16.346268879358728 -8.6684926469910319 137.78349714833979  1.0367296232096115
 0 6 6.2831853071795862 6
8 0 2.4504200739112618
7 1 0  11 171 19  16.501443550596232 -8.1898548537174669 137.02429667622263  1.6690784610682365 16.623101725347144 -8.1025631324248231 137.02621954155146  1.6690784610683222 16.731201663130086 -8.0157053900216173 137.04336244818739  1.6690784610678731 16.828271495016232 -7.9330261776919055 137.07297289787519  1.6690784610691454 16.916540186761143 -7.8555824006728727 137.11250077861587  1.6690784610666745 16.99756690664622 -7.7828127456415164 137.16033711356511  1.6690784610701679 17.072040920702111 -7.7133431491612825 137.21585278158344  1.6690784610665121 17.139748181732408 -7.6455668545782043 137.27899413294909  1.6690784610693286 17.19970077856868 -7.5780376047547318 137.34969242375297  1.6690784610677882 17.250425411961626 -7.5097145180444027 137.4273439924761  1.6690784610683109 17.330388715134728 -7.370479871725661 137.59389221208048  1.6690784610682221 17.363533254970381 -7.2264841481648237 137.77626907334553  1.6690784610681912 17.367922430274973 -7.1519041742049119 137.86728184562617  1.6690784610685905 17.360681863396426 -7.0743458746785972 137.95324379499198  1.669078461067377 17.345805835056286 -6.993978361300849 138.02943996230871  1.6690784610695197 17.328576297166062 -6.9105314392413293 138.09254672285425  1.6690784610669203 17.313978838919429 -6.8225631423365636 138.14135553932329  1.6690784610691924 17.305876530945284 -6.7271810153911726 138.17518793214194  1.6690784610677651 17.305084813672973 -6.6205624791989868 138.18991095808863  1.6690784610683544 17.305371148806277 -6.487336376122629 138.17429304922086  1.6690784610682576 17.286319546657509 -6.3470202549251384 138.11817062604001  1.669078461068175 17.284203516737694 -6.3329863337369776 138.11218839486725  1.6690784610688585 17.281844885011775 -6.318920224298731 138.10583020063106  1.6690784610666849 17.279219399715199 -6.3048422609564074 138.09911123158321  1.6690784610705849 17.276303796243706 -6.29077338975946 138.09204807265226  1.6690784610657512 17.273076017671144 -6.2767350133322202 138.08465871691098  1.6690784610701674 17.269515435262491 -6.2627488357628422 138.07696257706311  1.6690784610671296 17.265603068992181 -6.2488367074746085 138.06898049690921  1.6690784610686822 17.261321808057716 -6.2350204701114729 138.06073476283063  1.6690784610681326 17.256656631396634 -6.2213218014143816 138.05224911526088  1.6690784610682359 17.244829273278498 -6.1879402110222834 138.04000676589064  1.6690784610681222 17.23176338110747 -6.155758601080084 138.0277044476133  1.6690784610686626 17.217574052025817 -6.1250662918800183 138.01606429299719  1.6690784610673437 17.202785739385199 -6.0960383753982414 138.00603768845252  1.6690784610695213 17.187782334694159 -6.0688606132752501 137.99855281710813  1.6690784610668732 17.173202487029272 -6.0435841412533495 137.99460232714927  1.6690784610693248 17.16017993997086 -6.0200873739571135 137.99545200143541  1.6690784610676002 17.149942715526784 -5.9982682808554175 138.00272969440155  1.6690784610684795 17.14289902381541 -5.9783359814803507 138.01813219246495  1.6690784610682066 17.133004629569179 -5.9432967883561281 138.06679989621335  1.6690784610682243 17.124683848329834 -5.9175999449535315 138.14313520660002  1.6690784610682907 17.119321667474377 -5.9069525466763366 138.18616377843125  1.6690784610679803 17.110534521823016 -5.898321371057226 138.23088365377654  1.6690784610686646 17.097417366332156 -5.8889305115204058 138.2674167755942  1.6690784610678508 17.084735185765428 -5.8766459809200109 138.29446433873261  1.6690784610684064 17.074125104028656 -5.8619464775284511 138.31499790777468  1.6690784610682594 17.06351609402887 -5.8460893131904559 138.33004864275568  1.6690784610681566 17.054325003140601 -5.8290654992051936 138.34107876273825  1.6690784610682818 17.035072948979494 -5.7896956640594635 138.36028778323882  1.6690784610681633 17.01876352668533 -5.7505669332035252 138.37238521853445  1.6690784610683349 17.010405827896623 -5.7293111788828313 138.37817717464563  1.6690784610679097 17.003067022761332 -5.7084375152629443 138.3818674048818  1.6690784610688061 16.995266884358031 -5.6900134605254529 138.39050198334053  1.6690784610675966 16.990521994539236 -5.6693172976733823 138.38788757325003  1.669078461068751 16.984361914854986 -5.6528136230438895 138.39490099319346  1.6690784610679197 16.979951065355998 -5.6359431477009583 138.39685325073927  1.6690784610683953 16.975774170432523 -5.6209599660545067 138.40074293418834  1.669078461068169 16.971874287693048 -5.6062306310545509 138.40516283430495  1.6690784610682687 16.968482292721145 -5.593191431035228 138.41018591014094  1.6690784610682219 16.968232871823595 -5.5922312746918914 138.41056269263856  1.6690784610683251 16.967986207008398 -5.5912804536432956 138.41094274827282  1.6690784610680962 16.967742271675107 -5.5903389623986319 138.41132604409367  1.6690784610683582 16.96750103872197 -5.5894067945455141 138.41171254570841  1.6690784610681835 16.967262480554311 -5.5884839427440127 138.4121022173326  1.6690784610682285 16.967026569092162 -5.5875703987166983 138.412495021832  1.6690784610682647 16.966793275778564 -5.5866661532427635 138.41289092077503  1.6690784610682177 16.966562571587453 -5.5857711961487553 138.41328987447537  1.6690784610682412 16.966334427031732 -5.5848855163016067 138.41369184204177  1.6690784610682361 16.965423865304349 -5.5749440075345467 138.41202732434593  1.6690784610682159 16.964547945732185 -5.5655290535256094 138.41121760147556  1.6690784610683322 16.963727262091329 -5.5565441074775643 138.41116041224549  1.6690784610680047 16.962979602752331 -5.5478988146365973 138.41174856356758  1.6690784610686049 16.962321368753038 -5.5395095761989293 138.41287043915736  1.6690784610678178 16.961768991874163 -5.531300113210059 138.41441050825225  1.6690784610685905 16.961340352711215 -5.5232020304742484 138.41624983431242  1.6690784610680205 16.961056198750157 -5.5151553804526197 138.41826658374282  1.6690784610683189 16.960941562440176 -5.5071092271713882 138.42033653459433  1.6690784610682308 16.961309004168449 -5.4724021772536888 138.42890727674364  1.6690784610682139 16.966062114758028 -5.4363674180095414 138.43378741709867  1.6690784610683074 16.972387162531351 -5.4071696300573917 138.43557794170576  1.6690784610679568 16.981775910538584 -5.3758185245457888 138.43547377334065  1.6690784610688914 16.994668819975253 -5.3420180793572296 138.43345672392337  1.6690784610672138 17.01142820574043 -5.3057578325274637 138.42949343549623  1.6690784610693545 17.032278152342286 -5.2672232171572135 138.42357331636563  1.6690784610673639 17.057298753758175 -5.2266769705625364 138.41572464060303  1.6690784610687015 17.086454728505466 -5.184360034199921 138.40600986783451  1.6690784610681035 17.147390975567149 -5.103745795823265 138.38487624244576  1.6690784610683396 17.221428951499625 -5.0185365889186597 138.35782491536168  1.669078461068165 17.257764150843887 -4.9788585799995371 138.34444753229602  1.6690784610684504 17.296599752342711 -4.9383821273575936 138.33015300839043  1.6690784610678788 17.337812380467813 -4.8971651418062283 138.31505982185678  1.6690784610686129 17.381274170460564 -4.8552544911172317 138.29925856369022  1.6690784610679825 17.426854622628941 -4.8126969784966249 138.28279098503637  1.6690784610683242 17.474420718403483 -4.7695579639007892 138.2656143428101  1.6690784610682563 17.523835298144139 -4.7259476281982069 138.24755104356305  1.6690784610681972 17.601527538821024 -4.6592372895964749 138.2181762305735  1.6690784610682858 17.682792244129178 -4.5925887978411666 138.18436326405018  1.6690784610681826 17.710979051910801 -4.5697593351532841 138.1724114479569  1.6690784610684433 17.739534465768902 -4.5468534587181288 138.16020197835917  1.6690784610679432 17.768438582448766 -4.5238364232860011 138.14783430259462  1.6690784610684735 17.797672615411681 -4.5006883365631492 138.13536610734297  1.6690784610681118 17.827217986365341 -4.4774048124019359 138.1228137959564  1.6690784610682765 17.857055926874914 -4.4539920665237513 138.11016586868976  1.669078461068247 17.887167590050673 -4.4304564547790486 138.0974092058245  1.6690784610682001 17.936134154014528 -4.3922920810389829 138.0767033211265  1.6690784610683116 17.985721602005512 -4.3536613290724437 138.05607495123277  1.6690784610681302 18.004640471107059 -4.3389626950807552 138.04814517401013  1.6690784610688474 18.023636317518999 -4.3242792804190291 138.04002481288171  1.6690784610668454 18.04270246877287 -4.3096416236485737 138.03164360728212  1.6690784610702469 18.061832612037666 -4.2950648048293276 138.02296916856338  1.6690784610662233 18.081021267750295 -4.2805450605478237 138.01401379322417  1.6690784610696443 18.100264277995127 -4.2660586799368287 138.00483625287623  1.6690784610675993 18.11955930963104 -4.2515631816811776 137.99553856094633  1.6690784610683613 18.161818342613994 -4.2197550790683112 137.9752667741032  1.6690784610681624 18.204339378122981 -4.1873063335832619 137.9558325413534  1.6690784610682581 18.227463131396711 -4.1695762003627017 137.94541805727943  1.6690784610683562 18.250625723120276 -4.1518030976072033 137.93488790545464  1.6690784610678175 18.273915217093691 -4.1335698577595661 137.92524796236336  1.6690784610689768 18.297034532420376 -4.1166672577731243 137.91226864445267  1.6690784610673826 18.320490566118142 -4.0974122020234143 137.90455293380543  1.6690784610689391 18.343631955652004 -4.0811954216563731 137.88963758450583  1.6690784610678171 18.366846783574431 -4.0641720745009193 137.87635523748804  1.6690784610684111 18.390009886308018 -4.0474356736015507 137.86217845276764  1.6690784610681946 18.413138620133132 -4.0307306557000464 137.84769086038935  1.6690784610682365 18.423535602568347 -4.0221646248241054 137.84409095445295  1.6690784610683638 18.433914914772711 -4.0136743890439144 137.84026341345378  1.6690784610677509 18.44427861028932 -4.0052529637038079 137.83623041252727  1.669078461069303 18.454628330073412 -3.9968929645423099 137.83201355629228  1.6690784610666016 18.464965371867208 -3.9885866727235539 137.82763393744554  1.6690784610700786 18.475290759581831 -3.9803260998722263 137.82311219535825  1.6690784610666798 18.485605312669289 -3.9721030531034907 137.81846857467036  1.6690784610691967 18.495909715505572 -3.9639092000587981 137.81372298388675  1.6690784610678582 18.50620458676379 -3.9557361339360093 137.80889505397232  1.6690784610682794 18.547111770767209 -3.9232811173005717 137.78944415694778  1.6690784610682365 18.587889041146564 -3.8908895266131078 137.76930246900972  1.6690784610681682 18.618331493867249 -3.8666579851871772 137.75388688274614  1.6690784610684959 18.648683294324929 -3.8424230001170754 137.73817563156055  1.6690784610677802 18.678935115938135 -3.8181665752876146 137.72220764440243  1.669078461068761 18.709077642859594 -3.7938707219392565 137.70601996672232  1.669078461067814 18.739101776945866 -3.7695167164407883 137.68964973530385  1.6690784610684644 18.76899884474885 -3.7450843580393309 137.67313615309635  1.6690784610681797 18.798760804485553 -3.7205512266326823 137.65652246404693  1.6690784610682108 18.868760368954117 -3.6622743944340295 137.61713947580841  1.669078461068332 18.937930721037887 -3.6031305301986056 137.57779225105475  1.6690784610680718 18.977525973952506 -3.5687423649077585 137.55504818321936  1.6690784610688261 19.016785186099657 -3.5340942624170402 137.53221529072076  1.6690784610671427 19.05567921086298 -3.4991898106970751 137.50926497055508  1.6690784610696132 19.094179369374821 -3.4640262508099595 137.4861810019228  1.6690784610669973 19.13225734803105 -3.4285950683399808 137.462957952994  1.6690784610690048 19.169885096044549 -3.3928825848208275 137.43959958767019  1.6690784610679734 19.207034722959527 -3.356870549165476 137.41611727235025  1.6690784610682201 19.295973063775765 -3.2686842570423855 137.35886436830111  1.6690784610683844 19.38176667205925 -3.1784514357944555 137.30111201995476  1.6690784610679548 19.431034211891497 -3.1246639616004077 137.26694376041684  1.669078461069271 19.479032053395265 -3.0701053433153076 137.23254347321378  1.6690784610663105 19.525665673831913 -3.0147231766701528 137.19790486046784  1.6690784610706049 19.57083557524362 -2.9584545559497952 137.1630354725115  1.6690784610661886 19.614435196714474 -2.9012285005704159 137.12795540425881  1.6690784610694727 19.65634882666199 -2.8429683815896607 137.0926959915723  1.6690784610677758 19.696449515096365 -2.7835943482864995 137.05729850763657  1.6690784610682763 19.819035047892093 -2.5889593394689312 136.94326664621713  1.6690784610682838 19.919843257878391 -2.38117294675774 136.82891541713821  1.6690784610680744 19.977216785377788 -2.2311745298940728 136.75009915230999  1.6690784610689022 20.020392595494076 -2.0740576798887207 136.67175199395021  1.6690784610668121 20.047007015096987 -1.9093051620997015 136.59440161181013  1.669078461070306 20.053877867214151 -1.7377630836754463 136.51947362118224  1.6690784610660612 20.038318908917528 -1.5620889057183545 136.44909993556578  1.6690784610699343 19.999858041965293 -1.385554053653224 136.38506827929388  1.6690784610672584 19.93991650889679 -1.2104121199439088 136.32817458337695  1.6690784610686316 19.859281194543762 -1.0373569512552565 136.27871689110719  1.6690784610681439 19.758695651842238 -0.86655244900058681 136.23678374103156  1.6690784610682365
 0 12 0.98985254871911033 9 1.9797050974382207 9 2.0892582415776197 11 2.3886438005771922 9 2.688029359576765 9 3.0663424152895251 9 3.0967303255581182 11 3.3974419917030523 9 4.3872945404221628 9 5.2151368258999495 9 5.6454896103545895 9 5.9090756430282374 9 6.2212302855517141 11 6.3592277726166664 9 6.7700451245102036 9 7.3301047791597229 9 8.129373271549527 9 9.8985254871911028 12
8 4.2016880326977581 6.2831853071795862
7 1 1  6 6 2  16.501443550596232 -8.1898548537174669 137.02429667622263  1.6690784610682365 16.656618221833718 -7.7112170604439001 136.26509620410548  1.0367296232096121 16.031316243651471 -6.8234914045882888 136.6198062926901  1.0383466998475064 15.31974227929941 -6.6953500879419927 137.87048482652415  0.85353433019614966 15.676406017465373 -7.9182154733890666 138.35622377069012  1.0383466998475068 16.346268879358728 -8.6684926469910319 137.78349714833979  1.0367296232096115
 0 6 6.2831853071795862 6
8 0 0.95215922362762906
7 0 0  6 27 6  9.8797405226285928 -8.9277733889745896 137.29173578395088  9.8459026465804893 -8.9333264538908352 137.3119872287534  9.8123306738940208 -8.9388570652964585 137.33104197924467  9.7791151580753102 -8.9443517703282449 137.34877689232547  9.7463478982248386 -8.949796557188936 137.36508544383381  9.7141344094757311 -8.9551743997630133 137.37989029231679  9.6745452843545223 -8.9618152427762521 137.39653302063292  9.6665684650743238 -8.9631549703197422 137.3998049132814  9.6586342998520536 -8.9644892032489256 137.40297755105033  9.6507440044751505 -8.965817731986883 137.40605069887567  9.6428986321390457 -8.9671403712428592 137.40902433638118  9.6323492183714148 -8.9689211437504905 137.41291204438784  9.6296050566590541 -8.9693845756394079 137.4139130858309  9.6268666262548699 -8.9698472488124317 137.41490179082217  9.6241339616578436 -8.9703091569431503 137.41587817127868  9.621407093921146 -8.9707702942453249 137.41684224242019  9.6174201413640894 -8.9714448290438842 137.41823681895579  9.616156201819738 -8.9716587146722997 137.41867670690294  9.6148942248235194 -8.971872313422498 137.41911369662114  9.6136342030453861 -8.9720856263819684 137.41954779815146  9.6123761290207046 -8.9722986546612926 137.41997902156567  9.6097482786888477 -8.9727437197375792 137.42087514729502  9.6083780247217447 -8.9729758461134228 137.42133978734566  9.6070093190179744 -8.9732077638977383 137.4218012726557  9.6056421862616119 -8.9734394688219954 137.42225959911377  9.6042765900517946 -8.9736709669731045 137.42271478295902  9.602912432902734 -8.9739022747933976 137.42316686078115 
 0 7 0.69897887823615512 5 0.87649855342448901 5 0.93908586113570558 5 0.96820331584298802 5 1 7
8 -1.2897436804874696 -0.22476953299951713
7 0 0  1 2 2  9.8797405226285822 -8.9277733889745896 137.291735783951  10.248622724961706 -8.8472783460182871 138.04852975259206 
 -1.2897436804874847 2 -0.22476953299951713 2
8 0.55892608218350015 1
7 0 0  8 16 3  9.4966257668261083 -8.9739022747933976 138.34110662801058  9.4990592558529166 -8.9734825340800732 138.34064871335181  9.5018647864569274 -8.9729987099674435 138.34011646854609  9.5048087524509377 -8.972491144942925 138.33955145714231  9.5077362394215807 -8.9719865639502405 138.33898260888967  9.510572084699831 -8.9714979043251368 138.33842539506077  9.5133204642335603 -8.9710244202384253 138.33788028081165  9.5160643911212954 -8.9705518047366155 138.33733107855161  9.6107019342069346 -8.9542556340283621 138.31818089829628  9.7030403929685072 -8.9384788333952816 138.29344803087045  9.795365279452648 -8.9228181347721538 138.26314573150236  9.8873546626975575 -8.9073158759634143 138.22798064633778  9.9788951729070821 -8.8919800853810376 138.18853865859157  10.069796784682307 -8.8768356733004516 138.14524081439257  10.15978490414869 -8.8619232587429178 138.09846912095313  10.248622724961667 -8.8472783460182995 138.04852975259195 
 0 9 0.030665625398177097 7 1 9
8 0.28203085310724491 2.6408679432320326
7 1 0  2 3 2  16.074653073262496 -7.8249311083223416 137.80661367950023  1 13.294094290254117 -8.2201782775336056 142.46166772839342  0.38146237667443694 9.9198297765557033 -8.9019542334149406 138.21012281164511  1
 0.28203085310724357 3 2.6408679432320326 3
8 -0.86243555910741965 0.0019666899123379432
7 0 0  1 2 2  16.278180944933162 -7.8037851136216396 137.08458052615481  15.950738814278242 -7.8477537297285984 137.75894686114728 
 -0.86243555910741965 2 0.0019666899123379432 2
8 3.0570027570745646 6.2003809772565193
7 1 0  2 5 3  9.6152817318509456 -8.9718067537858062 137.41897810559382  1 9.5651670697701974 -9.0213668543983854 135.42434931367899  0.70679106418464288 12.899593596220667 -8.4368341733719951 135.25700111830585  1 16.234020122671136 -7.8523014923456049 135.08965292293274  0.70679106418464288 16.278180944933172 -7.8037851136216396 137.08458052615481  1
 3.0570027570745646 3 4.6286918671655419 2 6.2003809772565193 3
8 0 6.2831853071795862
7 1 1  2 6 4  15.581050031454664 -7.9233307999084701 137.25  1 15.320333494161913 -7.9233307999084701 139.50166604983954  0.50000000000000011 11.499150653846799 -8.6200941127970285 138.37583302491976  1 7.6779678135316916 -9.3168574256855852 137.25  0.50000000000000011 11.75986719113955 -8.6200941127970285 136.12416697508021  1 15.84176656874741 -7.9233307999084719 134.99833395016046  0.50000000000000011
 0 2 2.0943951023931953 2 4.1887902047863905 2 6.2831853071795862 2
8 0 0.99999948515609338
7 0 0  6 32 7  9.5868155895567035 -8.77817706476959 137.50423535233639  9.5851941158845015 -8.7619640254378854 137.51615406236866  9.583894901335686 -8.7462318791442897 137.52891817216872  9.5829656920851072 -8.7310404729551241 137.54249922930651  9.5824580231451861 -8.7164560549105463 137.55686292475909  9.5824235660174732 -8.7025490275568043 137.57196587937682  9.5836436055084828 -8.6695810321598756 137.6115218603361  9.5855588655724748 -8.6514640639634077 137.63684802336766  9.5888200700442194 -8.6353034707279424 137.66352422697864  9.5935659173771928 -8.6213507494811203 137.69128448564626  9.5998634750121781 -8.6098122206187213 137.71979116971349  9.6148995801062664 -8.5924673877603546 137.77540147999738  9.6234268426136982 -8.5862980189608233 137.80246404837436  9.6332211892680579 -8.5823959315702449 137.82955197391541  9.6441876030577323 -8.5807840620396973 137.85638127383311  9.6561751690058895 -8.5814345519915829 137.88270083312025  9.6778615407129891 -8.586246704012046 137.92597781657861  9.6871229492605675 -8.5892607475473586 137.94331572951384  9.6967266126534213 -8.5933013340624047 137.96024183117333  9.706607768066462 -8.5983396501920151 137.97669805878147  9.7166989343853594 -8.6043416788355724 137.9926357908796  9.7428744718884719 -8.6220630401003575 138.03197078410764  9.7591625182939037 -8.6351039070544005 138.05457069617094  9.7755432828188162 -8.6502525373474874 138.07566491772408  9.7917667427690471 -8.6673512494403031 138.09515125864803  9.8076004335575711 -8.6862320419252814 138.11296264719866  9.842871574283496 -8.7336486944018681 138.15019903197506  9.8618781821216199 -8.7633530897354266 138.16837369500357  9.8794054042463397 -8.7954482514221315 138.18348011851168  9.8950754024501535 -8.8295276407442884 138.19548160408897  9.9086113668227576 -8.8651727761578307 138.20436461392057  9.9198299230619416 -8.9019547137599311 138.21012288684415 
 0 7 0.11995454021420571 5 0.30056720537897152 5 0.4678671627379859 5 0.58343724203630498 5 0.76345809252734376 5 1 7
8 2.3930159979234011e-06 1
7 0 0  5 10 3  9.6152818163312919 -8.9718072485074867 137.41897801230988  9.6125537390509397 -8.9558314772961349 137.42199036824243  9.6098749197123627 -8.93995711051668 137.42573517899777  9.6072614116076505 -8.9242217266619388 137.43020030627804  9.6047327959124011 -8.9086618501617068 137.43537039462331  9.5984679683060392 -8.8689371374268404 137.45052762911897  9.5948961651957614 -8.8450943635474459 137.46155944344989  9.5916879757402587 -8.8219248068867806 137.47424931361795  9.5889550795076772 -8.799569724619392 137.48850894198529  9.5868155895567053 -8.7781770647695936 137.50423535233637 
 0 6 0.38638161794713011 4 1 6
8 0.51504399986495031 0.99999941007949011
7 0 0  8 16 3  16.055954250324952 -6.9622114014323699 136.70545179209296  16.086042808818256 -7.0592959988013284 136.7405929536429  16.115283530369577 -7.1562027655061895 136.77720014064099  16.143583372215762 -7.2529476856543287 136.81546832623485  16.170801661775133 -7.3495040060463648 136.85564339550041  16.196762729908031 -7.4458074036860022 136.89800271854864  16.221182853581016 -7.5417348378888374 136.94297588354311  16.243715831750972 -7.6371181405970274 136.99106976063877  16.265546151115409 -7.7407079392253078 137.04840071523242  16.267428509975748 -7.7497458325960329 137.05344565881418  16.269286277094952 -7.75877541850386 137.05853010051305  16.271118773034413 -7.7677963487182895 137.06365501762065  16.272925277837608 -7.7768082478954117 137.06882143961406  16.274705031030077 -7.7858107135778987 137.07403044815575  16.276457231619364 -7.7948033161950088 137.07928317709377  16.278181038095081 -7.8037855990625804 137.08458081246158 
 0 9 0.91267596002383455 7 1 9
8 0.74195000282064294 1.05
7 0 0  1 2 2  16.163050236971731 -7.1928786462706258 137.25  16.118473303104647 -6.9400702916559354 137.25 
 0.74195000282063694 2 1.05 2
8 3.2583996588979733 6.2831853071795862
7 1 0  2 5 3  9.5206577518817639 -8.1082019517578043 137.01691686054832  1 10.102966449478505 -8.0437781840927673 135.14329582787508  0.72745113451884114 13.219935771280857 -7.4919242378743522 135.25340999967329  1 16.336905093083214 -6.9400702916559371 135.36352417147151  0.72745113451884114 16.118473303104647 -6.9400702916559371 137.25  1
 3.2583996588979733 3 4.7707924830387798 2 6.2831853071795862 3
8 4.2558216127978305e-06 1
7 0 0  6 12 3  9.5206579200476451 -8.1082014311430743 137.01691604010023  9.5175061705239816 -8.1179587530836432 137.03229278950568  9.5143485201887401 -8.1272918321562919 137.04823543607091  9.511188145331543 -8.1361322872789845 137.06479954711907  9.5080347664181311 -8.1443754817709806 137.08202817761867  9.5049044369826419 -8.1518877778388266 137.09994488809684  9.4984579749715596 -8.1657331250695044 137.13881432621955  9.4951475619721748 -8.1719064874051544 137.15991148320498  9.4919270533159317 -8.1768091446059934 137.18177453478492  9.4888459587829903 -8.1802044378997376 137.20426314241328  9.4859590129301399 -8.181900363309456 137.22713764316569  9.4833118199689785 -8.1819003633405263 137.25 
 0 7 0.47857327903261399 5 1 7
8 0 0.99999574417897741
7 0 0  6 12 3  9.4833118199689785 -8.1819003633405245 137.25  9.4806685724811324 -8.1819003633405085 137.27282828197826  9.4782615731137589 -8.1802094896267086 137.29566855724849  9.4761371546909601 -8.1768243460859384 137.31812479668031  9.4742961604394065 -8.1719357086990989 137.33995815880866  9.4727217217814665 -8.1657790746801773 137.36102848784637  9.4701634780918109 -8.1519488236882456 137.39990944141496  9.4691418704117805 -8.1444290798407284 137.41785977948962  9.468303356239737 -8.1361753927580498 137.435119680556  9.4676263145456652 -8.1273221671904583 137.45171273658951  9.4670909492524302 -8.1179746187980175 137.46768220741299  9.4666811387857202 -8.1082014311430743 137.48308395989977 
 0 7 0.5206486286279377 5 1 7
8 0 3.0247856482816244
7 1 0  2 5 3  16.118473303104647 -6.9400702916559371 137.25  1 15.90004151312608 -6.9400702916559354 139.13647582852849  0.72745113451883914 12.757572330382841 -7.4919242378743558 139.24659000032671  1 9.6151031476396014 -8.0437781840927745 139.35670417212489  0.72745113451883914 9.4666811606163783 -8.1082019517578043 137.48308313945165  1
 0 3 1.5123928241408122 2 3.0247856482816244 3
8 0 0.99999760698399831
7 0 0  5 10 3  9.1617268874504809 -8.7184347437530256 137.50423535233622  9.1573406989300743 -8.7389309321963804 137.48849354295862  9.1517834299964544 -8.7601432772153789 137.47422139397398  9.1451863978836379 -8.7819585084594447 137.46152217436943  9.1376762030153227 -8.8042684947001781 137.45048443362873  9.1241414079217176 -8.8412137030300446 137.4353382496852  9.1186032160117882 -8.8556169836627863 137.43017948311075  9.1127759337059349 -8.870142599017397 137.4257235349441  9.1066848421528448 -8.8847604846493482 137.42198568436743  9.1003528667407778 -8.8994387041196088 137.41897801230976 
 0 6 0.61421916115184527 4 1 6
8 0.051868456374961666 1
7 0 0  6 17 4  9.1107143634494463 -8.9047283472735241 137.42316686078104  9.1099261911945995 -8.9043263541363675 137.42285563913751  9.1084221117634723 -8.9035591713830833 137.42226077482493  9.1068687689404619 -8.9027664053689506 137.42163835965718  9.1055544786917686 -8.9020953715807707 137.42110693363156  9.1043948659713081 -8.9015032612427483 137.42063716777449  9.0933364430747545 -8.8958542971652435 137.41611451784809  9.0836870093925128 -8.890913764723031 137.41196764765792  9.0739923554222059 -8.8859386651276164 137.4075992275915  9.0642552371312082 -8.8809303064739158 137.40300861876418  9.0544790115118392 -8.8758903504198141 137.39819625223194  9.0187929121378279 -8.8574513399378318 137.37989150958998  8.9926712790003496 -8.8438748751054899 137.36508651486284  8.966377251203367 -8.8301294049013634 137.34877776082016  8.9399900073845195 -8.8162579159591594 137.33104260436403  8.9135697329079768 -8.8022957780763527 137.31198756290334  8.887171798579681 -8.7882769519972683 137.29173578395088 
 0 7 0.040030759622460992 5 0.30396036538658011 5 1 7
8 2.321945576084421 5.7943560866522175
7 1 1  6 6 2  8.9372743968933381 -8.5974162789263566 137.3744676289935  1.6690784610682365 8.9758339222309527 -7.9813513692149574 137.78921385051868  1.0367296232096121 8.2836816684073522 -8.2087683537030625 138.44910135345114  1.0383466998475064 7.6641396546370224 -9.1738186196936145 138.46995598543634  0.85353433019614966 8.1954896345524553 -9.6178110454471692 137.50050791279844  1.0383466998475068 8.8987148715557343 -9.2134811886377559 136.95972140746835  1.0367296232096115
 0 6 6.2831853071795862 6
8 0 0.44157035729076038
7 0 0  8 9 2  8.3829057203765913 -8.5850689208754609 138.04852975259197  8.4550505578057855 -8.6231621997604915 138.09998538046025  8.529065994876488 -8.6619783653308939 138.1480860720942  8.6047820650568845 -8.7014151617666773 138.19248905559161  8.6820106559932952 -8.7413568410319744 138.23276936316421  8.7606671725691623 -8.7817360455655979 138.26846487247764  8.8407911323655153 -8.8225349035951144 138.29891783004223  8.9222138125528616 -8.8636268766366513 138.32334474109749  9.0044276973728046 -8.9047283472735241 138.34110662801061 
 0 9 1 9
8 5.148440375007969e-07 1
7 0 0  6 32 7  8.6471944319762262 -8.723097459570857 138.21012288684415  8.6694118936949263 -8.6910346581107767 138.20436788685623  8.694250261592428 -8.6608010353276388 138.19549170168585  8.7214141166148131 -8.6327575528938763 138.183500582335  8.7505196556484268 -8.6072292147208511 138.16840803775025  8.781084223505573 -8.5845010541370517 138.15025067691528  8.836467331410061 -8.5498434117413495 138.11305808739635  8.8609092635914148 -8.5366319824999142 138.09527352208397  8.8856155479840915 -8.5252901462397137 138.07581729778573  8.9103021883078828 -8.5159129231020216 138.05475618212532  8.9346632419329808 -8.5085795278421177 138.03219187953391  8.9736272854553611 -8.4999892355684707 137.99290141929106  8.9886065411979654 -8.4974974548832165 137.97697034433224  9.0032369473398681 -8.4958906445198892 137.96052021134034  9.0174332039118621 -8.4951813867340658 137.94359956957402  9.0311118950463953 -8.4953777160269155 137.92626640689062  9.0632416682559374 -8.4980893354879843 137.88285354962619  9.0810291190252137 -8.5016211420708547 137.85638414323455  9.0973102604200289 -8.5070845989983006 137.82939853074421  9.1118715821505507 -8.5144564780637957 137.80215220978923  9.1245613476545842 -8.5236783125163473 137.77493427360739  9.146828966105053 -8.5463825123206743 137.71923012777717  9.1561234133354521 -8.5601278185251495 137.69078079869442  9.1630990544012896 -8.5757339451794561 137.66307985383773  9.1678013824508522 -8.5930108552242039 137.6364627440592  9.1703724871573726 -8.6117475064421924 137.61119356717717  9.1714072764415704 -8.6449863245955161 137.57174669083622  9.170962499543867 -8.6587927084192486 137.55669615004274  9.1697134585088271 -8.673092853305775 137.54238095760027  9.1677188655124535 -8.6878324463955572 137.52884406175045  9.1650381920769757 -8.7029613724413935 137.51611945763185  9.1617268874504312 -8.7184347437530167 137.50423535233639 
 0 7 0.23640751631496795 5 0.41623908977734109 5 0.53181429072470188 5 0.70007348457937368 5 0.88039380331728978 5 1 7
8 0.47014996253369634 1.4689219804328517
7 1 0  10 11 2  8.9372743968933381 -8.5974162789263566 137.3744676289935  1.6690784610682365 9.0357836950355033 -8.6644560497642811 137.45161898243862  1.6690784610682756 9.1302646599262349 -8.7150022302526367 137.50567005372704  1.669078461068076 9.2179460220512581 -8.7496288323197504 137.53801823303758  1.6690784610685891 9.2987537386848196 -8.7713838857984374 137.55309930596891  1.6690784610676883 9.3647742776657008 -8.7783662243546523 137.54976896244048  1.669078461068876 9.4294055948382276 -8.7897458067176473 137.55309930596891  1.6690784610676788 9.5165042406868494 -8.7915884535740609 137.53801823303763  1.6690784610685911 9.6176793447484599 -8.7835038969037562 137.50567005372707  1.6690784610680811 9.7347072109769321 -8.7626833440878205 137.45161898243862  1.6690784610682761 9.8653994781654379 -8.7278557525565628 137.3744676289935  1.6690784610682365
 0 11 1.9390719429665364 11
8 2.3219455760844676 5.7943560866521526
7 1 1  6 6 2  9.8653994781654379 -8.7278557525565628 137.3744676289935  1.6690784610682365 9.9039590035030525 -8.111790842845167 137.78921385051868  1.0367296232096121 10.356759246535406 -8.5001204069359915 138.44910135345114  1.0383466998475064 10.681561448179631 -9.5978895972072777 138.46995598543634  0.85353433019614966 10.268567212680509 -9.9091630986800983 137.50050791279844  1.0383466998475068 9.8268399528278287 -9.343920662267962 136.95972140746835  1.0367296232096115
 0 6 6.2831853071795862 6
8 5.9664289994996125e-15 1.05
7 0 0  1 2 2  15.581050031454664 -7.9233307999084701 137.25  15.429107875996099 -7.0616240160227886 137.25 
 0 2 1.05 2
8 0 6.2831853071795862
7 1 1  2 6 4  15.429107875996099 -7.0616240160227886 137.25  1 15.168391338703348 -7.0616240160227886 139.50166604983954  0.50000000000000011 11.347208498388239 -7.7583873289113461 138.37583302491976  1 7.5260256580731317 -8.4551506417999036 137.25  0.50000000000000011 11.60792503568099 -7.7583873289113461 136.12416697508021  1 15.68982441328885 -7.0616240160227894 134.99833395016046  0.50000000000000011
 0 2 2.0943951023931953 2 4.1887902047863905 2 6.2831853071795862 2
8 -0.27969976734200941 0.27969976734198099
7 0 0  1 2 2  9.5206577518817426 -8.1082019517578043 137.01691686054832  9.4666811606163641 -8.1082019517578043 137.48308313945165 
 -0.27969976734200941 2 0.27969976734198099 2
8 0 0.08458989651516928
7 1 0  2 3 2  9.1307650562774967 -8.9047283472735259 137.25  1 9.1209646931889381 -8.9047283472735259 137.33464037253543  0.99910570200255933 9.1003530631283347 -8.8994382488713413 137.41897810559371  1
 0 3 0.08458989651516928 3
8 0.50072471035774879 2.8595618004825254
7 1 0  2 3 2  8.6471947222851497 -8.7230970406162402 138.21012281164511  1 4.6260783314487393 -7.0019680794695027 142.46166772839337  0.38146237667444227 3.1192999877348542 -6.0041749718180917 137.80661367950029  1
 0.50072471035774835 3 2.8595618004825258 3
8 0 0.99999903301131809
7 0 0  5 26 7  3.2962322062214469 -5.538069794524433 137.66438011861814  3.2923278136831575 -5.5539497394847768 137.6780074895731  3.2881415153272311 -5.5703679454906734 137.69074029998217  3.283674324947027 -5.5872165940139427 137.70260647173885  3.2789287148704909 -5.6044085698098431 137.71363634762076  3.2693694252390806 -5.6376499695328324 137.73308650198086  3.2646071865874466 -5.653647660317505 137.74165578898322  3.2596195121683227 -5.669819900299423 137.74958489409838  3.2544071498124798 -5.6861247130194474 137.75688990671705  3.2438378494910851 -5.7180154853865943 137.7699028406862  3.2385053015921246 -5.7335903674090174 137.7756771057783  3.2329736824915969 -5.7492234513299332 137.78091619313798  3.2272440268836213 -5.7648887841961898 137.7856273223851  3.2156429802666957 -5.7955736323777653 137.79382453948924  3.2097879706373704 -5.8105921820709359 137.79735414533033  3.2037541541862282 -5.8255990346631972 137.80040722360457  3.1975438154716334 -5.8405752216359588 137.80298541744816  3.1846453668444412 -5.8707375472541337 137.80723445166157  3.1779501297691199 -5.8859215771409961 137.80888561355621  3.1710779085914504 -5.9010361216200522 137.81004137149662  3.1640338102156891 -5.9160626805136394 137.81069968404373  3.1496323302278091 -5.9458687497648031 137.81101376292767  3.1422757928959393 -5.9606487063407352 137.81067194459456  3.1347617467894091 -5.9753050940534633 137.80982782428563  3.1270992646180824 -5.9898199649927806 137.80847686529253  3.1192997501801436 -6.0041754090510171 137.80661362275052 
 0 6 0.19096920207633541 4 0.3634116194431064 4 0.52622828423570311 4 0.6821403911525592 4 0.84125676569296204 4 1 6
8 0 1
7 0 0  6 37 8  3.3432027177554158 -5.5942716227492877 136.87952271419326  3.3432700775559829 -5.5612640580029895 136.91365395976209  3.3427174282041339 -5.5302889105082818 136.9499382987936  3.341807462151992 -5.5017372659556933 136.98806658150369  3.3407424761434941 -5.4760283055611545 137.02769726300889  3.3396483096381564 -5.453574098785138 137.06845966481674  3.338096226564605 -5.4267625804583579 137.12754784664011  3.3376350090686175 -5.419433017308422 137.14526848015529  3.3371773469256611 -5.4127843511864953 137.16308709865606  3.3367230420488676 -5.4068438414694935 137.18097015706681  3.3362691316047144 -5.4016361655706771 137.198882408136  3.3350348009187356 -5.3896611928520546 137.24702031052144  3.3342445799773541 -5.3842870845999578 137.27724029269913  3.3334130171226395 -5.3811665866475424 137.30725212265907  3.3324930497194556 -5.3803613889974597 137.33686543591597  3.3314220964736432 -5.3818842717896418 137.36588611029345  3.3294102692762335 -5.3878170855017835 137.41032262248686  3.3286076710375285 -5.3907240622075205 137.42627805058572  3.3277260342060773 -5.3943575604239644 137.44193277832107  3.3267551814518761 -5.3986930801629178 137.45725313218887  3.3256863075840011 -5.4036977731972415 137.47220986203567  3.3240136783854952 -5.4117278480890132 137.49297462283212  3.3234955667682593 -5.4142381906446237 137.49910136169913  3.3229579974337788 -5.4168593414121826 137.50515605080224  3.3224005114192297 -5.4195880950568407 137.51113709066328  3.3218227108703653 -5.4224211060427594 137.51704310385907  3.3202775659110486 -5.4299958500109717 137.53209516619552  3.3192791837392539 -5.434889097724275 137.5411267205422  3.3182278055230681 -5.4400206914466507 137.54996315705253  3.3171224431378095 -5.4453766340840453 137.55860133745446  3.3159624273371398 -5.4509428717747213 137.56703942621269  3.3122470005792697 -5.4685638694896479 137.59222889289902  3.3095138058889297 -5.4812528191014289 137.6083296947271  3.3065440359240368 -5.4946526271687803 137.62357713511659  3.3033386465781724 -5.5086510857434972 137.63798480209314  3.2999006131707693 -5.5231496501290165 137.65157640028747  3.2962322062214291 -5.5380697945244171 137.66438011861811 
 0 7 0.27991163350593978 5 0.39856475685740861 5 0.59892509902063773 5 0.71407294435399493 5 0.76305547552429298 5 0.84054112019941785 5 1 7
8 0.51504399986504845 0.99999941007949611
7 0 0  8 16 3  3.6251363116749 -5.2151738723010146 136.7054517920929  3.5614729455755021 -5.2990824959323692 136.7405929536427  3.4983406680688311 -5.3830070842477031 136.77720014064161  3.4357802351186413 -5.4669824255296549 136.81546832623334  3.3738784057410096 -5.5510137300248665 136.85564339550223  3.3127587855009883 -5.6350787350272622 136.8980027185473  3.2526304654194007 -5.7191236603760878 136.94297588354371  3.1937574829979782 -5.8030661014315958 136.99106976063871  3.1312002644889487 -5.8947960050488888 137.0484007152325  3.1257539821150631 -5.9028039250633215 137.0534456588143  3.1203246590155591 -5.9108093772292651 137.05853010051314  3.1149128223598117 -5.9188121828939053 137.06365501762076  3.1095190338881613 -5.9268121468440773 137.06882143961417  3.1041438899119136 -5.9348090573062642 137.0740304481559  3.0987880213133625 -5.9428026859465914 137.07928317709391  3.0934520935457535 -5.9507927878708324 137.08458081246172 
 0 9 0.91267596002402773 7 1 9
8 3.2243969835127881 6.2831853071795862
7 1 0  2 5 3  3.0934523819221043 -5.9507923560515987 137.08458052615495  1 3.5555889152286291 -6.0681973329045586 135.1722914781374  0.72159210700914256 6.454267948075243 -7.4864628400890423 135.25171389442136  1 9.352946980921848 -8.9047283472735259 135.33113631070535  0.72159210700914256 9.1307650562774967 -8.9047283472735259 137.25  1
 3.2243969835127881 3 4.7537911453461872 2 6.2831853071795862 3
8 0 0.9650637810643482
7 0 0  1 2 2  9.1307650562774967 -8.9047283472735241 137.25  9.4833118199689803 -8.1819003633405263 137.25 
 0 2 0.9650637810643482 2
8 0.11680700530816887 6.1663783018713927
7 1 0  2 7 4  9.4666811606163641 -8.1082019517578043 137.48308313945165  1 8.5411738332662317 -7.8347246499655077 140.63362451853462  0.53333181027217647 4.6671932099523579 -5.8497151255012581 138.94181225926732  1 0.79321258663847916 -3.8647056010370071 137.25000000000003  0.53333181027217647 5.058977270485669 -5.8497151255012438 135.55818774073268  1 9.3247419543328558 -7.834724649965481 133.86637548146535  0.53333181027217647 9.5206577518817408 -8.1082019517578008 137.01691686054832  1
 0.11680700530816887 3 2.1333307708292479 2 4.1498545363503272 2 6.166378301871406 3
8 -1.1488808199071385 -0.083906672419254619
7 0 0  1 2 2  8.8871717985796277 -8.7882769519972506 137.291735783951  8.3829057203765611 -8.5850689208754485 138.048529752592 
 -1.1488808199071503 2 -0.083906672419254619 2
8 0.092884603697439228 0.95728685271701519
7 0 0  1 2 2  3.2429479624772863 -6.0617901961930212 137.75894686114734  3.0934523819221162 -5.9507923560516023 137.08458052615495 
 0.092884603697425558 2 0.95728685271701519 2
8 0.504068998429402 1
7 0 0  6 7 2  2.9939180497722178 -5.945723106447252 137.85444109245219  3.0346645074296292 -5.9647347158105894 137.83918150005624  3.0762615541509026 -5.9841251401359434 137.82328364537244  3.1182598394665466 -6.0036924411767449 137.8070525308332  3.160278218451698 -6.0232668709978814 137.79077411009126  3.2019512896881288 -6.0426832940098105 137.77468004117631  3.2429479624773663 -6.0617901961930514 137.75894686114717 
 0 7 1 7
8 0 6.2831853071795862
7 1 1  2 6 4  8.5016092238680798 -8.5978685445211713 137.25  1 8.2408926865753287 -8.5978685445211713 139.50166604983954  0.50000000000000011 4.764839844446298 -6.8389043180299982 138.37583302491976  1 1.2887870023172654 -5.0799400915388251 137.25  0.50000000000000011 5.0255563817390465 -6.8389043180299982 136.12416697508021  1 8.7623257611608274 -8.5978685445211696 134.99833395016046  0.50000000000000011
 0 2 2.0943951023931953 2 4.1887902047863905 2 6.2831853071795862 2
8 0 6.2831853071795862
7 1 1  2 6 4  8.8851839773085217 -7.8114237540094003 137.25  1 8.6244674400157706 -7.8114237540094003 139.50166604983954  0.50000000000000011 5.1484145978867408 -6.0524595275182271 138.37583302491976  1 1.672361755757708 -4.293495301027054 137.25  0.50000000000000011 5.4091311351794893 -6.0524595275182271 136.12416697508021  1 9.1459005146012711 -7.8114237540093985 134.99833395016046  0.50000000000000011
 0 2 2.0943951023931953 2 4.1887902047863905 2 6.2831853071795862 2
8 0.29358156606240532 3.0773129430876685
7 1 0  11 171 19  3.5093255552817069 -5.6552702075456445 137.47570332377737  1.6690784610682365 3.4305397204109442 -5.6237833106878714 137.55327866985624  1.6690784610683331 3.3593085993537626 -5.5909371780490194 137.61538595247762  1.6690784610678229 3.2979105192051521 -5.5536623703813524 137.66470141596426  1.6690784610692806 3.2476413753979063 -5.5113969776836171 137.70369891838226  1.6690784610664098 3.2089208946626262 -5.4649800371216637 137.7339111826434  1.6690784610705656 3.1813310922418516 -5.4158233465383274 137.75589107595482  1.6690784610660359 3.1636522084897938 -5.3653317624596246 137.76961599410464  1.6690784610697809 3.1539614098600373 -5.3145420718388383 137.7750784270707  1.6690784610674585 3.1498595394376467 -5.263950526389956 137.77280578243801  1.6690784610684846 3.1479228646051554 -5.1630477310866176 137.75529930379179  1.6690784610679352 3.1511886068801633 -5.0607170487071267 137.71822695330772  1.6690784610685916 3.1517811019980471 -5.0101899483227701 137.69885587494079  1.6690784610668952 3.1500898810653091 -4.9605999389925923 137.68344880407878  1.6690784610708469 3.1483714425613725 -4.9126560070259986 137.6766444459243  1.6690784610648139 3.1503149443498484 -4.8678887628038279 137.6816901712651  1.669078461071505 3.1594819957754532 -4.8289410112041784 137.69971826347575  1.6690784610659082 3.1780757345265922 -4.7995573656984512 137.7313309481961  1.6690784610694476 3.2043288731851143 -4.7834262404189341 137.7805849147158  1.6690784610678211 3.2316074200649982 -4.7801188598175823 137.86554528749261  1.6690784610683451 3.237719268148354 -4.7780996850757056 137.98901100841411  1.669078461068249 3.2381007514091866 -4.7778865904088006 138.00168388352665  1.6690784610680389 3.2382384080095541 -4.7776362349849881 138.01471266393781  1.6690784610687179 3.2381172219255152 -4.7773227651993704 138.02808205801693  1.669078461067548 3.2377236118383363 -4.7769200561149363 138.04177537746068  1.6690784610689324 3.2370456029439394 -4.776401921728076 138.05577452581588  1.6690784610677099 3.2360729987903243 -4.7757423252227476 138.07005998700438  1.669078461068541 3.2347975530863895 -4.7749155892347144 138.08461081384613  1.6690784610681049 3.2332131415341974 -4.7738966061090196 138.09940461658371  1.6690784610682716 3.2313159336458099 -4.772661048160872 138.11441755140584  1.6690784610682352 3.2306205699636728 -4.7659910080475862 138.14449759551448  1.6690784610682166 3.2296367188912183 -4.7578982408796202 138.17448241023638  1.6690784610683467 3.2286677115218367 -4.7481522386727217 138.20363974374257  1.6690784610679208 3.2284309533131066 -4.7367524473766291 138.23100809036305  1.6690784610688187 3.2295064047059769 -4.723648571964846 138.25564914770794  1.6690784610674847 3.2326964463476351 -4.7089920062655359 138.27656014833238  1.6690784610688987 3.2392937923353617 -4.6932453580989595 138.29246519011599  1.6690784610678648 3.250769396289082 -4.6768899803347832 138.30172629936371  1.6690784610683278 3.2679075764855749 -4.659884358432401 138.30263657039768  1.6690784610682787 3.3119541588395203 -4.6229939317380895 138.28612210009095  1.6690784610681071 3.3668736599639004 -4.578478068279078 138.24095493659794  1.6690784610684484 3.3949632102671297 -4.5539306479054629 138.21325404731635  1.6690784610672886 3.4207237340322769 -4.5265502629849923 138.1835953443628  1.6690784610701928 3.4402258388183133 -4.498433390265796 138.16184676551822  1.6690784610656124 3.4571157235211678 -4.4728961377236223 138.14929699667613  1.6690784610707208 3.4737228109360974 -4.4500172749193538 138.14296435399035  1.6690784610665681 3.4885859866921427 -4.4280430859568423 138.14180755816676  1.6690784610689695 3.5033457464842708 -4.4074122471348414 138.14435427088253  1.6690784610680967 3.5360714187620674 -4.3616496500715876 138.1551374795489  1.6690784610683276 3.5683664064221463 -4.3159578402503964 138.17130370827536  1.6690784610681959 3.5864197550556005 -4.2899597432537409 138.18073035550336  1.6690784610682319 3.6043414483803491 -4.2636914531511607 138.19167923228537  1.6690784610683178 3.6227755928921086 -4.234967954908587 138.19708384665657  1.669078461068078 3.6400207053532592 -4.2087660732200192 138.21311711753995  1.6690784610684566 3.6581993546648515 -4.1782912524079672 138.21888180848271  1.6690784610679983 3.6756579324176673 -4.1483151243607157 138.22904649406325  1.6690784610684322 3.6930474979194847 -4.1164621491971101 138.23659216811839  1.669078461068116 3.711407743253285 -4.0806056744974155 138.24376777624886  1.6690784610683078 3.7291549883031059 -4.0430294582145585 138.24949706954666  1.6690784610682003 3.7304710645020687 -4.0402260560068672 138.2499150801363  1.6690784610686344 3.7317835792261032 -4.0374131233201274 138.25032513531295  1.6690784610671856 3.733092444531465 -4.0345906495529054 138.25072725744599  1.6690784610698859 3.7343975714103372 -4.0317586248064199 138.25112147034429  1.669078461066452 3.7356988698099247 -4.0289170398920273 138.25150779921356  1.6690784610696499 3.7369962486457098 -4.0260658863464398 138.25188627060274  1.6690784610674072 3.738289615819935 -4.0232051564396833 138.25225691236466  1.6690784610685805 3.7395788782366988 -4.0203348431884782 138.25261975360195  1.6690784610681528 3.7408639418184793 -4.0174549403663322 138.25297482462494  1.6690784610682361 3.753269802196074 -3.9902787610017807 138.26213081947498  1.6690784610683385 3.7650786604958482 -3.9624889673336194 138.26996624838984  1.6690784610678198 3.7762721308725462 -3.9341823925100803 138.27658738551085  1.6690784610692466 3.7868297175181276 -3.9054489868226105 138.2821054368832  1.6690784610665399 3.7967304487600879 -3.8763716827643444 138.28663603174641  1.6690784610702778 3.8059545111563775 -3.8470262600672851 138.29029871382147  1.6690784610664526 3.8144848835938916 -3.8174812107724874 138.29321643260226  1.6690784610693647 3.8223089713842326 -3.7877976042591497 138.29551503464228  1.6690784610677509 3.829420240360883 -3.7580289523146271 138.29732275484574  1.6690784610683429 3.8568854483283843 -3.6301024859273334 138.30353264244178  1.6690784610679466 3.8714360399084433 -3.5021532823879808 138.30551945974881  1.6690784610687823 3.8753451744238752 -3.4048440266557329 138.30448353529351  1.6690784610668425 3.8726376559773477 -3.3090977555053747 138.30097312990205  1.6690784610705292 3.86406676761028 -3.2153774064949125 138.29514955982819  1.6690784610655585 3.8503859394295059 -3.1238493949548425 138.28718931120034  1.6690784610705274 3.8322748919683391 -3.0344544549262373 138.27724610388654  1.669078461066825 3.8103050671854151 -2.9470205621304078 138.26543479198631  1.6690784610687985 3.7849387565057668 -2.8613659330719239 138.25183604404714  1.669078461068161 3.7328192966412299 -2.7070668579203536 138.22371211989091  1.6690784610682003 3.6717034001931115 -2.5576126905054539 138.1901510908728  1.6690784610683818 3.6422095514226114 -2.490482780179168 138.17365196788208  1.6690784610674259 3.611240221819549 -2.424226526002756 138.15588220794947  1.6690784610699509 3.5789628008535779 -2.358791703141498 138.1368070581068  1.6690784610659555 3.5455309858570061 -2.2941345745760233 138.1164196526062  1.6690784610703571 3.5110848324057704 -2.2302091803143185 138.09476196554434  1.6690784610668354 3.4757479018237332 -2.1669483314925917 138.07196046525397  1.6690784610688567 3.4396215057765231 -2.1042363093595879 138.04827647042666  1.669078461068102 3.3836219824989273 -2.009453920119832 138.01164011725308  1.6690784610682654 3.3260259968296131 -1.9147203166336677 137.97574208385149  1.6690784610682923 3.3061664574122354 -1.8823636164570989 137.96342887788265  1.6690784610677276 3.2861773690715026 -1.8500972404234228 137.95096400168686  1.6690784610694402 3.2660867605935664 -1.8179570055413878 137.93825977009658  1.6690784610665352 3.2459183447752018 -1.7859634262311417 137.92527025860247  1.6690784610698701 3.2256909335891231 -1.7541208512733828 137.91199082602245  1.6690784610671254 3.2054197419568693 -1.7224224953187814 137.89844473427215  1.6690784610687674 3.1851195801272874 -1.6908613649943769 137.88465686524003  1.6690784610680733 3.1523705150399763 -1.640206198225828 137.8620137720601  1.6690784610683711 3.1196777395011215 -1.5900601140553872 137.83844295514965  1.6690784610681315 3.1072575475275546 -1.5710415683811878 137.82946412885821  1.6690784610686618 3.0948259800446882 -1.5520094210899897 137.82055862456428  1.6690784610674128 3.0823769327624486 -1.5329313218313561 137.81179940542708  1.669078461069273 3.0699089865324476 -1.5137910877542482 137.80322156268852  1.6690784610673184 3.0574264768291517 -1.494592305348456 137.79481550244378  1.6690784610687919 3.0449400653981766 -1.4753595834021613 137.78652515567506  1.6690784610680534 3.0324668140665203 -1.4561374570801875 137.77825121154936  1.6690784610682172 3.0053010442454893 -1.4143077374723032 137.75992124854019  1.6690784610683571 2.978442002069416 -1.3731617825715918 137.74028453380933  1.6690784610680134 2.963961775051593 -1.3510009009249 137.72938212539199  1.6690784610692178 2.9495189674975704 -1.3288828325642925 137.7184664376208  1.6690784610662048 2.9353247045900623 -1.3072667665193698 137.70653608274833  1.6690784610709903 2.9206395521901447 -1.2842162263583399 137.69782513303224  1.6690784610655651 2.9069022672277924 -1.263687724735699 137.68373509513881  1.6690784610701563 2.8921553484672708 -1.2399238518247335 137.67673370368891  1.6690784610672111 2.8777309111407829 -1.2170111810301587 137.66799280648459  1.6690784610686273 2.8632491283444823 -1.1937852007320648 137.66004433223154  1.6690784610681482 2.848801812598702 -1.1705167900674516 137.65230913961068  1.6690784610682365 2.8428918773509975 -1.161502580487485 137.64608478517189  1.6690784610682525 2.8369594507750797 -1.1524047697325601 137.64006900577883  1.669078461068173 2.8310103830119928 -1.1432314511050556 137.63423993295521  1.6690784610683753 2.8250498878912529 -1.13399097009935 137.62857626874148  1.6690784610680207 2.8190826408527241 -1.1246918828843189 137.62305722710008  1.6690784610684919 2.8131128768686482 -1.1153429147780962 137.61766247531912  1.6690784610680023 2.80714448836541 -1.1059529187343617 137.61237207541791  1.6690784610684031 2.801181123145688 -1.0965308338146855 137.6071664255507  1.6690784610681497 2.7952262823101042 -1.0870856436745784 137.60202620141197  1.6690784610682654 2.7715915619234517 -1.049466053230778 137.5817677891942  1.6690784610681479 2.7482016513809886 -1.0117646881999869 137.56194235823617  1.6690784610684053 2.7308474967117959 -0.98351875484971041 137.54730404330158  1.6690784610677969 2.7136637626174611 -0.95526803335352017 137.53283311564596  1.6690784610689744 2.6966655631664374 -0.92703127664187646 137.51849873707113  1.6690784610673361 2.679867597043021 -0.89882717342309426 137.50427195287821  1.6690784610690215 2.6632845903899942 -0.87067518172792391 137.49012371703452  1.6690784610677734 2.646931739646297 -0.84259636249641656 137.4760229173425  1.6690784610683889 2.6308251543892753 -0.81461421312214899 137.46193440060631  1.6690784610682403 2.5933840316980388 -0.74877623700668683 137.4285710051372  1.669078461068175 2.5575234664052395 -0.68380008800246861 137.39477171638151  1.669078461068358 2.5373766539313807 -0.64658422528217263 137.37520787037872  1.6690784610677032 2.517785383687388 -0.60962199162441832 137.35564069827757  1.6690784610693572 2.4987673108545874 -0.57290804073008317 137.3361193026825  1.6690784610667246 2.4803416026787599 -0.5364436514580162 137.316680403992  1.6690784610696281 2.4625286411843419 -0.50023608019861432 137.29734993363689  1.6690784610673777 2.4453497258850678 -0.46429791328132408 137.2781446273147  1.6690784610685347 2.4288267764974387 -0.4286464193471155 137.25907361822701  1.6690784610682456 2.3903697977910756 -0.34286370336891858 137.21311965821738  1.6690784610680944 2.3560392425959744 -0.25904068690480492 137.16796761811682  1.6690784610685108 2.3373260998303196 -0.21044872395946065 137.14179350074204  1.6690784610671969 2.3201306815294935 -0.16258421071694729 137.1160751513687  1.6690784610702327 2.3044950058961762 -0.11549175588740543 137.09087845063277  1.6690784610656939 2.2904565588620187 -0.069225133411897996 137.06625543095834  1.6690784610705205 2.2780466600328326 -0.023844332876710173 137.04224558019047  1.6690784610668064 2.2672888286524988 0.02058739011562357 137.0188771452228  1.6690784610687868 2.2581971495474509 0.064006463536867564 136.99616843562936  1.6690784610681841 2.2343451777080654 0.20008216480182028 136.9253459067063  1.6690784610681879 2.227629606933605 0.32449998791660478 136.86146007483006  1.6690784610684153 2.2309314095638482 0.40431196209715692 136.82129078851216  1.6690784610675922 2.2417733075945461 0.47834935134287015 136.78508435697961  1.6690784610694542 2.2594736455664415 0.54652743125145387 136.75295926758139  1.6690784610666625 2.283143675005185 0.61026895746587118 136.72413606212939  1.6690784610697544 2.3130310407064418 0.67257863091566417 136.69712898422395  1.6690784610671112 2.3516028291362048 0.73645201695345874 136.67079646663564  1.6690784610688729 2.4026403424957636 0.80341605527491555 136.64498873545483  1.6690784610679781 2.4687721091324502 0.87368910475695172 136.62005390449195  1.6690784610682987 2.5523913547283845 0.94699873854810201 136.59654959230178  1.6690784610682365
 0 12 0.9898525487191101 9 1.9797050974382202 9 2.0892582415776189 11 2.3886438005771895 9 2.6880293595767597 9 3.0663424152895202 9 3.0967303255581156 11 3.3974419917030465 9 4.3872945404221566 9 5.2151368258999469 9 5.6454896103545886 9 5.9090756430282356 9 6.2212302855517123 11 6.3592277726166602 9 6.7700451245101876 9 7.3301047791596927 9 8.1293732715494755 9 9.898525487191101 12
8 0.56373187392282209 1
7 0 0  8 166 24  3.7317411627010966 -4.0374822249784224 138.25030336559672  3.732282380868206 -4.0377833116785879 138.26413140617069  3.7324098674601114 -4.0380272628466161 138.27802155268313  3.7321209951884291 -4.0382134913797731 138.2919604172107  3.7314138136850103 -4.0383415007360295 138.30593433073614  3.7302870495019391 -4.0384108849340477 138.31992934314809  3.7287401061115473 -4.0384213285531931 138.33393122324122  3.7267730639064034 -4.0383726067335255 138.34792545871619  3.7243866801993137 -4.0382645851758046 138.3618972561795  3.7237283747196148 -4.0382348060215882 138.3657527050249  3.7230238411561434 -4.0381997861988985 138.36968535330743  3.7222860794602664 -4.038160075131608 138.37361669051265  3.7215192033009687 -4.0381158630977456 138.37752288201344  3.7207220113755364 -4.0380671203174439 138.38141247278477  3.7198915587202448 -4.0380137360408845 138.38530409111809  3.7190267280210394 -4.037955657636239 138.38920415233599  3.7181318009242079 -4.037893029677627 138.39308456250674  3.704262405589966 -4.0369228468165943 138.45324769496287  3.6826622662205351 -4.0348462223516428 138.51218447658368  3.6536273995719823 -4.0316857501634393 138.56872680173254  3.6176858063483648 -4.0274968733920655 138.62172168441876  3.5755718647450627 -4.0223656076558747 138.67011249551098  3.5281986004821153 -4.016405238732049 138.71297551862071  3.4766376619595483 -4.0097541942442643 138.7495621056261  3.4221168291664634 -4.0025772889028808 138.77939671280581  3.4197918081479748 -4.0022712358678261 138.78066921223672  3.4174168389913335 -4.0019583521495985 138.78195333030408  3.4150106593467173 -4.0016410983884567 138.78323845034629  3.4125874108628493 -4.0013213323853893 138.78451660344081  3.4101566391870217 -4.0010003091021149 138.78578246840414  3.407723293965077 -4.0006786806610792 138.78703337179186  3.4052877288414241 -4.000356496345459 138.7882692878986  3.3942437981321634 -3.998894412503986 138.79380234889896  3.3855676212549275 -3.9977425749481754 138.79795153231149  3.376821137293593 -3.9965782142231983 138.80193835132292  3.3680083681002357 -3.9954018646782141 138.80576090798417  3.3591333909127594 -3.994214070720068 138.80941744406971  3.3502003383548473 -3.9930153868132932 138.81290634107768  3.3412133984360066 -3.991806377480108 138.81622612022974  3.3099641047062125 -3.9875917992223329 138.82711678386414  3.2874506095703433 -3.9845369520603069 138.83382841424589  3.2647006901938243 -3.9814317943036901 138.83949024717293  3.241778780623636 -3.9782851542575126 138.84408831410991  3.2187494008050526 -3.9751059750197055 138.84761495886704  3.1956771694828228 -3.9719033194583284 138.85006903203825  3.1726268171023833 -3.9686863751888 138.85145608543885  3.1257307807725327 -3.9621066168596561 138.85213511041948  3.1018901911354542 -3.9587430442116545 138.85133646877651  3.0782127997707858 -3.9553840004084901 138.84940667752272  3.0547642942089763 -3.9520390803472067 138.84636805074285  3.0316045718844515 -3.9487171743506262 138.84224961123104  3.008787632480177 -3.9454264274974427 138.83708552102337  2.9863614702721488 -3.9421741989523227 138.83091351193056  2.9317008597946028 -3.9342033775625791 138.81316792735686  2.8999910588244853 -3.9295395289846056 138.80042738054766  2.869350456043402 -3.9249932023341136 138.78567465922413  2.8398928799020746 -3.9205824933241806 138.76903869904615  2.811568671311079 -3.9163020243594646 138.75061791680042  2.7843900848955867 -3.9121527077330285 138.73036253782257  2.7585268401414123 -3.9081610707280929 138.70843693058012  2.7276849357769501 -3.9033434973785939 138.67875420962574  2.7214300515184799 -3.9023632274659277 138.67253511212533  2.7152687063405261 -3.9013943194631362 138.66620637579888  2.7092019187691259 -3.9004369215433665 138.65976830966457  2.7032305792122284 -3.8994911564969787 138.65322076941482  2.6973554499597032 -3.8985571217315491 138.64656315741598  2.6915771651833493 -3.8976348892718655 138.6397944227086  2.6813650327765353 -3.8959983697591225 138.62742435387364  2.6768958385552857 -3.895279780799767 138.62186393007846  2.6724890811100224 -3.8945687899192039 138.61623118777013  2.6681452494547004 -3.8938654532933512 138.61052535570013  2.6638648887803242 -3.8931698322367088 138.60474549322339  2.6596486004549651 -3.8924819932023502 138.59889049029786  2.6554970420237325 -3.8918020077819349 138.59295906748491  2.6380896872353672 -3.8889389703062522 138.56735876147735  2.6254792433865184 -3.8868347870368924 138.54696293132798  2.6135453224348089 -3.8848098134340421 138.52559190027645  2.6021985783898085 -3.8828487836351719 138.50307918976645  2.5915965458420356 -3.8809694531712675 138.47915536472928  2.5817686962570665 -3.8791728754500641 138.45363062978842  2.5729589115272238 -3.877487248980521 138.4261315527126  2.5621659825205292 -3.8752740680037907 138.38334076301783  2.5590790237153955 -3.8746159804742981 138.36956063529141  2.5563170132974173 -3.8739973354335695 138.35539790841835  2.5539201918769168 -3.8734241048079996 138.34087203042859  2.5519298898048519 -3.872902720972164 138.32602133311494  2.55038416095192 -3.872439503127358 138.31090549076345  2.5493128027411776 -3.8720398707023125 138.29560019165697  2.5481671340851593 -3.8713841571385563 138.26520008720985  2.5480657182409097 -3.8711243442371455 138.2501100537481  2.5484441590149345 -3.8709314546674687 138.23498830403705  2.5493068751490804 -3.8708074790743869 138.21991900404223  2.5506462479081229 -3.8707526404604304 138.20498165646239  2.5524441290440341 -3.87076547950684 138.19024332037782  2.5546746688299011 -3.8708432339071925 138.17575749771001  2.5598277695849765 -3.8711157156673313 138.14799741430008  2.5627175229325729 -3.8713053328138844 138.13469246448545  2.5659513373750902 -3.8715482261544376 138.12168995221484  2.5695030810990662 -3.8718410370744061 138.10900917157349  2.5733476098793835 -3.8721803531641403 138.09665758159628  2.5774614996499516 -3.8725628760396114 138.08463479229778  2.5818237790743899 -3.8729855891631071 138.07293655070225  2.590680280145869 -3.8738732558369837 138.05099629462731  2.5951420272382735 -3.8743329210315345 138.0407097674186  2.5997879355157174 -3.8748228555052378 138.03069283509095  2.6046050562550462 -3.875341137154058 138.02093921239924  2.6095814598881533 -3.8758859875122398 138.01144263900972  2.6147062360019859 -3.8764557717523127 138.00219687950002  2.6199694933385591 -3.8770489986850927 137.99319572335907  2.6530076346129055 -3.8808186139493173 137.93951209492943  2.6839601557117261 -3.8845422695340726 137.90101653281872  2.7170688231606825 -3.8886556262345193 137.86784725393269  2.7514217358680431 -3.8930298395739058 137.83996215558992  2.7855917871181974 -3.8974567346093614 137.81689370368221  2.8192341898125264 -3.9018733953514548 137.79775335035032  2.8523742784267019 -3.9062720049548179 137.78184193829543  2.8918502512284379 -3.911563029548538 137.76605125015774  2.8982447993395812 -3.9124217196018449 137.76359287607326  2.9046370340682932 -3.9132816729083886 137.76123211028155  2.9110298484207382 -3.9141432394145199 137.75896547221888  2.9174264741487836 -3.9150068218245169 137.75678979781674  2.9238304817499507 -3.9158728756005767 137.754702239502  2.9302457804674469 -3.9167419089628175 137.75270026619677  2.9609796696753472 -3.9209120641596162 137.74353100321008  2.9854894864921873 -3.9242581550634146 137.73747561559813  3.0104511868431478 -3.9276851547171097 137.73248952563881  3.0361582685570845 -3.9312335007956656 137.72852291118409  3.0628905465751015 -3.9349433060054895 137.72562415187662  3.0910143235211067 -3.9388671539621911 137.72386103732808  3.1207141918078625 -3.9430360023304099 137.72354174049968  3.1619406940712071 -3.9488590297446664 137.72532508760574  3.1722710972622896 -3.9503209568749349 137.72594474313948  3.1827380213556085 -3.9518051145794115 137.7267514456916  3.1933294372675354 -3.9533099263663796 137.72775220600812  3.2040291783922772 -3.9548332160732502 137.72895291764206  3.2148172131202384 -3.9563722447305456 137.73035826871154  3.22566991735644 -3.9579237474259128 137.73197165365752  3.2479376916349794 -3.9611139470689514 137.73569980017456  3.259361000438096 -3.962754139618887 137.73783531516139  3.2707834587778475 -3.9643978857752291 137.74019654977178  3.2822053465826846 -3.966045290064184 137.74278750971465  3.2936129327684922 -3.967694437989989 137.74560913410872  3.3049855633785592 -3.9693424043551548 137.74866004194249  3.3163159075175637 -3.9709881601874084 137.75194031420156  3.3471595798946741 -3.9754791593882963 137.76153927678746  3.3665587380944473 -3.9783158268735863 137.76831698989281  3.3857198816718213 -3.9811301358931979 137.77577634256659  3.4045938023958806 -3.9839150254285203 137.78390840880061  3.4231530923253191 -3.986666668838843 137.79271474296533  3.4413672787504064 -3.9893808219842604 137.80219771218381  3.4591850851669146 -3.9920501323174316 137.81234833809944  3.5049535764699988 -3.9989456068718838 137.84080855518951  3.5321730524745982 -4.0030868295758051 137.86021340904551  3.5579909517594706 -4.0070585362343696 137.8813058895287  3.5821833738526694 -4.0108271765203716 137.90395798272851  3.6046283281887082 -4.0143741906647694 137.92808272774289  3.625234902116456 -4.0176855239280922 137.95360160180064  3.6438709474725872 -4.0207405592083809 137.98038894330796  3.6767134022317194 -4.0262560310246451 138.0356809508412  3.6910011247919439 -4.0287272582827391 138.0641464662742  3.7032328964978856 -4.0309253765680895 138.09358513321672  3.7133417855917372 -4.032838714286636 138.12385776703556  3.7212760173820936 -4.0344577571824667 138.15482685159216  3.7269977120148599 -4.0357747084737055 138.1863404100913  3.7304854075175582 -4.0367836710998359 138.2182214143096  3.7317411627010997 -4.0374822249784206 138.25030336559655 
 0 9 0.0068150586787005711 8 0.013630117357401142 8 0.020445176036101714 8 0.027260234714802285 7 0.051249101920949607 7 0.11021591522414206 7 0.17166923714726762 7 0.26294390935775291 7 0.28659620337421726 7 0.30546204686331196 7 0.36696552224283885 7 0.39496598345298484 7 0.42218121402507253 7 0.44821490152058457 7 0.47238150195724699 7 0.59626989684155485 7 0.62023892303344874 7 0.71082193561704876 7 0.74054747106088215 7 0.77160361180669179 7 0.82552284659788566 7 0.91363058890610138 7 1 9
8 4.4761363092079149e-06 0.99999581732205955
7 0 0  6 17 4  2.5571198645791133 -3.8709731008786297 138.16258917971422  2.5624040689963405 -3.8677053522114391 138.14942795864727  2.5679891854225847 -3.8647770785847668 138.13620013121911  2.5738779237890403 -3.8621902757197719 138.12293300815858  2.580070912875267 -3.8599463777427809 138.10965286934078  2.5865667003092137 -3.8580462571852681 138.09638496378693  2.5985174143429917 -3.8553096048152624 138.07311430765867  2.6038454076219137 -3.8543271133642518 138.06309603679875  2.6093442142608141 -3.8535429128257133 138.05310921338227  2.6150117979359693 -3.8529571357944556 138.04316386795617  2.6208456041431387 -3.8525698852652464 138.03326954531681  2.6520845646622195 -3.8515871784376552 137.98204164611059  2.6802050879715518 -3.8543129562923428 137.94173200373132  2.7109946956973081 -3.8605561021103525 137.9031465141066  2.7440921979168538 -3.8703644573282987 137.86680311199842  2.7790883455457753 -3.8838320530465973 137.83306504125275  2.8155262970135055 -3.9014250027553143 137.802190941546 
 0 7 0.20192362312596204 5 0.35513067229257012 5 1 7
8 0 0.4219372972206184
7 0 0  8 166 24  3.7317411627010966 -4.0374822249784224 138.25030336559672  3.732282380868206 -4.0377833116785879 138.26413140617069  3.7324098674601114 -4.0380272628466161 138.27802155268313  3.7321209951884291 -4.0382134913797731 138.2919604172107  3.7314138136850103 -4.0383415007360295 138.30593433073614  3.7302870495019391 -4.0384108849340477 138.31992934314809  3.7287401061115473 -4.0384213285531931 138.33393122324122  3.7267730639064034 -4.0383726067335255 138.34792545871619  3.7243866801993137 -4.0382645851758046 138.3618972561795  3.7237283747196148 -4.0382348060215882 138.3657527050249  3.7230238411561434 -4.0381997861988985 138.36968535330743  3.7222860794602664 -4.038160075131608 138.37361669051265  3.7215192033009687 -4.0381158630977456 138.37752288201344  3.7207220113755364 -4.0380671203174439 138.38141247278477  3.7198915587202448 -4.0380137360408845 138.38530409111809  3.7190267280210394 -4.037955657636239 138.38920415233599  3.7181318009242079 -4.037893029677627 138.39308456250674  3.704262405589966 -4.0369228468165943 138.45324769496287  3.6826622662205351 -4.0348462223516428 138.51218447658368  3.6536273995719823 -4.0316857501634393 138.56872680173254  3.6176858063483648 -4.0274968733920655 138.62172168441876  3.5755718647450627 -4.0223656076558747 138.67011249551098  3.5281986004821153 -4.016405238732049 138.71297551862071  3.4766376619595483 -4.0097541942442643 138.7495621056261  3.4221168291664634 -4.0025772889028808 138.77939671280581  3.4197918081479748 -4.0022712358678261 138.78066921223672  3.4174168389913335 -4.0019583521495985 138.78195333030408  3.4150106593467173 -4.0016410983884567 138.78323845034629  3.4125874108628493 -4.0013213323853893 138.78451660344081  3.4101566391870217 -4.0010003091021149 138.78578246840414  3.407723293965077 -4.0006786806610792 138.78703337179186  3.4052877288414241 -4.000356496345459 138.7882692878986  3.3942437981321634 -3.998894412503986 138.79380234889896  3.3855676212549275 -3.9977425749481754 138.79795153231149  3.376821137293593 -3.9965782142231983 138.80193835132292  3.3680083681002357 -3.9954018646782141 138.80576090798417  3.3591333909127594 -3.994214070720068 138.80941744406971  3.3502003383548473 -3.9930153868132932 138.81290634107768  3.3412133984360066 -3.991806377480108 138.81622612022974  3.3099641047062125 -3.9875917992223329 138.82711678386414  3.2874506095703433 -3.9845369520603069 138.83382841424589  3.2647006901938243 -3.9814317943036901 138.83949024717293  3.241778780623636 -3.9782851542575126 138.84408831410991  3.2187494008050526 -3.9751059750197055 138.84761495886704  3.1956771694828228 -3.9719033194583284 138.85006903203825  3.1726268171023833 -3.9686863751888 138.85145608543885  3.1257307807725327 -3.9621066168596561 138.85213511041948  3.1018901911354542 -3.9587430442116545 138.85133646877651  3.0782127997707858 -3.9553840004084901 138.84940667752272  3.0547642942089763 -3.9520390803472067 138.84636805074285  3.0316045718844515 -3.9487171743506262 138.84224961123104  3.008787632480177 -3.9454264274974427 138.83708552102337  2.9863614702721488 -3.9421741989523227 138.83091351193056  2.9317008597946028 -3.9342033775625791 138.81316792735686  2.8999910588244853 -3.9295395289846056 138.80042738054766  2.869350456043402 -3.9249932023341136 138.78567465922413  2.8398928799020746 -3.9205824933241806 138.76903869904615  2.811568671311079 -3.9163020243594646 138.75061791680042  2.7843900848955867 -3.9121527077330285 138.73036253782257  2.7585268401414123 -3.9081610707280929 138.70843693058012  2.7276849357769501 -3.9033434973785939 138.67875420962574  2.7214300515184799 -3.9023632274659277 138.67253511212533  2.7152687063405261 -3.9013943194631362 138.66620637579888  2.7092019187691259 -3.9004369215433665 138.65976830966457  2.7032305792122284 -3.8994911564969787 138.65322076941482  2.6973554499597032 -3.8985571217315491 138.64656315741598  2.6915771651833493 -3.8976348892718655 138.6397944227086  2.6813650327765353 -3.8959983697591225 138.62742435387364  2.6768958385552857 -3.895279780799767 138.62186393007846  2.6724890811100224 -3.8945687899192039 138.61623118777013  2.6681452494547004 -3.8938654532933512 138.61052535570013  2.6638648887803242 -3.8931698322367088 138.60474549322339  2.6596486004549651 -3.8924819932023502 138.59889049029786  2.6554970420237325 -3.8918020077819349 138.59295906748491  2.6380896872353672 -3.8889389703062522 138.56735876147735  2.6254792433865184 -3.8868347870368924 138.54696293132798  2.6135453224348089 -3.8848098134340421 138.52559190027645  2.6021985783898085 -3.8828487836351719 138.50307918976645  2.5915965458420356 -3.8809694531712675 138.47915536472928  2.5817686962570665 -3.8791728754500641 138.45363062978842  2.5729589115272238 -3.877487248980521 138.4261315527126  2.5621659825205292 -3.8752740680037907 138.38334076301783  2.5590790237153955 -3.8746159804742981 138.36956063529141  2.5563170132974173 -3.8739973354335695 138.35539790841835  2.5539201918769168 -3.8734241048079996 138.34087203042859  2.5519298898048519 -3.872902720972164 138.32602133311494  2.55038416095192 -3.872439503127358 138.31090549076345  2.5493128027411776 -3.8720398707023125 138.29560019165697  2.5481671340851593 -3.8713841571385563 138.26520008720985  2.5480657182409097 -3.8711243442371455 138.2501100537481  2.5484441590149345 -3.8709314546674687 138.23498830403705  2.5493068751490804 -3.8708074790743869 138.21991900404223  2.5506462479081229 -3.8707526404604304 138.20498165646239  2.5524441290440341 -3.87076547950684 138.19024332037782  2.5546746688299011 -3.8708432339071925 138.17575749771001  2.5598277695849765 -3.8711157156673313 138.14799741430008  2.5627175229325729 -3.8713053328138844 138.13469246448545  2.5659513373750902 -3.8715482261544376 138.12168995221484  2.5695030810990662 -3.8718410370744061 138.10900917157349  2.5733476098793835 -3.8721803531641403 138.09665758159628  2.5774614996499516 -3.8725628760396114 138.08463479229778  2.5818237790743899 -3.8729855891631071 138.07293655070225  2.590680280145869 -3.8738732558369837 138.05099629462731  2.5951420272382735 -3.8743329210315345 138.0407097674186  2.5997879355157174 -3.8748228555052378 138.03069283509095  2.6046050562550462 -3.875341137154058 138.02093921239924  2.6095814598881533 -3.8758859875122398 138.01144263900972  2.6147062360019859 -3.8764557717523127 138.00219687950002  2.6199694933385591 -3.8770489986850927 137.99319572335907  2.6530076346129055 -3.8808186139493173 137.93951209492943  2.6839601557117261 -3.8845422695340726 137.90101653281872  2.7170688231606825 -3.8886556262345193 137.86784725393269  2.7514217358680431 -3.8930298395739058 137.83996215558992  2.7855917871181974 -3.8974567346093614 137.81689370368221  2.8192341898125264 -3.9018733953514548 137.79775335035032  2.8523742784267019 -3.9062720049548179 137.78184193829543  2.8918502512284379 -3.911563029548538 137.76605125015774  2.8982447993395812 -3.9124217196018449 137.76359287607326  2.9046370340682932 -3.9132816729083886 137.76123211028155  2.9110298484207382 -3.9141432394145199 137.75896547221888  2.9174264741487836 -3.9150068218245169 137.75678979781674  2.9238304817499507 -3.9158728756005767 137.754702239502  2.9302457804674469 -3.9167419089628175 137.75270026619677  2.9609796696753472 -3.9209120641596162 137.74353100321008  2.9854894864921873 -3.9242581550634146 137.73747561559813  3.0104511868431478 -3.9276851547171097 137.73248952563881  3.0361582685570845 -3.9312335007956656 137.72852291118409  3.0628905465751015 -3.9349433060054895 137.72562415187662  3.0910143235211067 -3.9388671539621911 137.72386103732808  3.1207141918078625 -3.9430360023304099 137.72354174049968  3.1619406940712071 -3.9488590297446664 137.72532508760574  3.1722710972622896 -3.9503209568749349 137.72594474313948  3.1827380213556085 -3.9518051145794115 137.7267514456916  3.1933294372675354 -3.9533099263663796 137.72775220600812  3.2040291783922772 -3.9548332160732502 137.72895291764206  3.2148172131202384 -3.9563722447305456 137.73035826871154  3.22566991735644 -3.9579237474259128 137.73197165365752  3.2479376916349794 -3.9611139470689514 137.73569980017456  3.259361000438096 -3.962754139618887 137.73783531516139  3.2707834587778475 -3.9643978857752291 137.74019654977178  3.2822053465826846 -3.966045290064184 137.74278750971465  3.2936129327684922 -3.967694437989989 137.74560913410872  3.3049855633785592 -3.9693424043551548 137.74866004194249  3.3163159075175637 -3.9709881601874084 137.75194031420156  3.3471595798946741 -3.9754791593882963 137.76153927678746  3.3665587380944473 -3.9783158268735863 137.76831698989281  3.3857198816718213 -3.9811301358931979 137.77577634256659  3.4045938023958806 -3.9839150254285203 137.78390840880061  3.4231530923253191 -3.986666668838843 137.79271474296533  3.4413672787504064 -3.9893808219842604 137.80219771218381  3.4591850851669146 -3.9920501323174316 137.81234833809944  3.5049535764699988 -3.9989456068718838 137.84080855518951  3.5321730524745982 -4.0030868295758051 137.86021340904551  3.5579909517594706 -4.0070585362343696 137.8813058895287  3.5821833738526694 -4.0108271765203716 137.90395798272851  3.6046283281887082 -4.0143741906647694 137.92808272774289  3.625234902116456 -4.0176855239280922 137.95360160180064  3.6438709474725872 -4.0207405592083809 137.98038894330796  3.6767134022317194 -4.0262560310246451 138.0356809508412  3.6910011247919439 -4.0287272582827391 138.0641464662742  3.7032328964978856 -4.0309253765680895 138.09358513321672  3.7133417855917372 -4.032838714286636 138.12385776703556  3.7212760173820936 -4.0344577571824667 138.15482685159216  3.7269977120148599 -4.0357747084737055 138.1863404100913  3.7304854075175582 -4.0367836710998359 138.2182214143096  3.7317411627010997 -4.0374822249784206 138.25030336559655 
 0 9 0.0068150586787005711 8 0.013630117357401142 8 0.020445176036101714 8 0.027260234714802285 7 0.051249101920949607 7 0.11021591522414206 7 0.17166923714726762 7 0.26294390935775291 7 0.28659620337421726 7 0.30546204686331196 7 0.36696552224283885 7 0.39496598345298484 7 0.42218121402507253 7 0.44821490152058457 7 0.47238150195724699 7 0.59626989684155485 7 0.62023892303344874 7 0.71082193561704876 7 0.74054747106088215 7 0.77160361180669179 7 0.82552284659788566 7 0.91363058890610138 7 1 9
8 1.2740967779532328 5.2209266922139168
7 1 1  6 6 2  3.5093255552817069 -5.6552702075456445 137.47570332377737  1.6690784610682365 3.6645002265192015 -5.1766324142720519 136.71650285166021  1.0367296232096121 2.9438434279221717 -5.7314847941185851 136.14377622930991  1.0383466998475064 2.1536218573874395 -6.79316596097296 136.6295151734758  0.85353433019614966 2.5889332017360784 -6.8262088629194242 137.88019370730987  1.0383466998475068 3.3541508840442065 -6.1339080008192362 138.2349037958945  1.0367296232096115
 0 6 6.2831853071795862 6
8 0 1.05
7 0 0  1 2 2  8.5016092238680798 -8.5978685445211713 137.25  8.8851839773085217 -7.8114237540094003 137.25 
 0 2 1.05 2
8 4.468938238557433 6.2831853071795809
7 1 0  2 3 2  2.5571205674060566 -3.8709726662547683 138.16258742920772  1 2.2391151550773065 -3.8405851602557926 139.04166666666666  0.61601418769435512 3.1360892779533249 -3.9666466521912334 139.04166666666666  1
 4.468938238557433 3 6.2831853071795862 3
8 0 3.864559112967334
7 1 0  2 5 3  3.1360892779533249 -3.9666466521912334 139.04166666666666  1 4.1512054027942176 -4.1093119196962293 139.04166666666666  0.5684795531836363 3.9032202954599615 -4.0588566365412095 138.08282275338283  1 3.6552351881257059 -4.0084013533861889 137.12397884009897  0.5684795531836363 2.8155248789762859 -3.9014243181016117 137.80219214306018  1
 0 3 1.9322795564836763 2 3.8645591129673527 3
8 0 3.7605529038643706
7 1 0  2 5 3  3.4399505483828019 -1.8045613687721389 139.04166666666666  1 4.400665006898631 -1.9395809806826092 139.04166666666666  0.58967639389848103 4.2150624383877968 -1.8984589349811976 138.11760085348826  1 4.0294598698769626 -1.8573368892797852 137.19353504030985  0.58967639389848103 3.1818009474659599 -1.7473658257800495 137.75640847866384  1
 0 3 1.8802764519321853 2 3.7605529038643706 3
8 1.6446462218965734e-07 0.99999983847051166
7 0 0  8 149 22  2.8163805907617103 -1.7072187588101977 138.44527547909672  2.8128587687334332 -1.7389538589753872 138.46574718118782  2.8098816855208857 -1.7715524258836601 138.48527975172533  2.8073681923421985 -1.8048886166574629 138.50390163715571  2.8052446501556156 -1.8388569062183646 138.52163059096551  2.8034418697704226 -1.8733723603700596 138.53847973228528  2.8018924769859117 -1.9083709667327717 138.55445982411442  2.8005287027584327 -1.9438100235290721 138.5695777711679  2.7990419593127616 -1.9865247873572178 138.5865566366661  2.7988072532450516 -1.9934047203874654 138.58925367342096  2.7985760128033084 -2.0003081928891038 138.59192225863956  2.7983477592137089 -2.0072350499148217 138.59456219461114  2.798122002318765 -2.014185173992733 138.59717327488258  2.7978982405772586 -2.0211584851263651 138.59975528425855  2.797675961064285 -2.0281549407946642 138.60230799880139  2.7970338508314634 -2.048520571722122 138.60962840612686  2.796617509204316 -2.0619189696996538 138.61430762868414  2.7962020564298311 -2.0753658363509104 138.61886703800161  2.7957834635195327 -2.0888712838293917 138.6233092979885  2.795358407962893 -2.1024153706006916 138.62762621676384  2.7949226654698869 -2.1160063997242862 138.63181964900221  2.7944723472376722 -2.1296355809555867 138.63588495186201  2.7926463450331434 -2.1828267577982015 138.65120081598147  2.7911333520159394 -2.2226283383515573 138.66148231125808  2.789361055226995 -2.2626552277899781 138.67060540475543  2.7872197040040896 -2.3028293822927957 138.67848072758119  2.7845848230034957 -2.3430413238599845 138.68498617078347  2.7813190322474552 -2.3831479736530503 138.68996237059017  2.7772838527839596 -2.4229722419415212 138.69320590837509  2.7708109354711281 -2.4746941620076566 138.69485534047729  2.769172751389692 -2.4870320280559421 138.69505297380155  2.7674435750561468 -2.4993101064108303 138.69504529335498  2.7656203921045024 -2.5115195666304944 138.69482402213032  2.763700725325652 -2.5236507036386802 138.69438060784671  2.7616828155314814 -2.5356930271429721 138.69370639271557  2.7595658024190599 -2.5476353510530614 138.69279278320619  2.7537459842178205 -2.5787069870805657 138.68974258553357  2.749879664218037 -2.5976567397244916 138.6871979936947  2.7457529632040458 -2.6162585585841667 138.68396197084684  2.7413751895224352 -2.634454576384003 138.68000162692235  2.7367655940560458 -2.6521879909905053 138.67528954922062  2.7319546254573863 -2.6694051627005 138.66980697444291  2.7269837886572739 -2.6860574586466175 138.66354743877659  2.7172025895846259 -2.7169537059318936 138.650017474599  2.7124065248003122 -2.7312886057240613 138.64285531715976  2.7075561079996175 -2.7450740793535489 138.63504122757385  2.7026956708167633 -2.7582896343639729 138.62659055475251  2.6978717200651929 -2.7709256751422693 138.61752599336501  2.6931309769863594 -2.7829814278754683 138.60787637455044  2.6885184164985803 -2.794462865507465 138.59767545662888  2.6814499432655219 -2.8118317679699043 138.58062954559881  2.6788835048093746 -2.8180867214644523 138.57411834388344  2.6763843982682314 -2.8241481276832388 138.56743429310995  2.673960566456743 -2.8300192421654655 138.56058476460544  2.6716194654480443 -2.8357038076570813 138.55357722080134  2.6693680422083634 -2.8412059202821256 138.54641911745406  2.6672127122316853 -2.8465298957140694 138.53911780586495  2.6625614065847807 -2.8581962197027422 138.52227067191788  2.6601267299384639 -2.8644340675809907 138.51264329876057  2.6578671901094566 -2.8704028154366967 138.50281268097643  2.6557933782241343 -2.8761115831090422 138.49279295811712  2.6539146747848221 -2.8815693503947015 138.48259792058241  2.652239330793333 -2.886784833620919 138.47224088626359  2.6507745488744279 -2.8917663622185752 138.46173457718763  2.6485344516090299 -2.9003021599309076 138.44262964661436  2.6476793954071014 -2.9039396054682443 138.43408166557293  2.6469644923113305 -2.9074380153388257 138.42545317341978  2.6463925279818818 -2.9108010843804988 138.41675013093209  2.6459659772214152 -2.9140322788374338 138.40797833928119  2.6456870039750715 -2.9171348363601175 138.3991434400323  2.645557461330454 -2.9201117660053577 138.3902509151448  2.6456582568483449 -2.9335357596342848 138.34817948668316  2.6478086077650822 -2.9424184106755065 138.31434318888324  2.6521091889246113 -2.9497599659113378 138.28005661914727  2.6585938805929481 -2.955655621623976 138.24556812792633  2.6672576655785911 -2.9601642586273891 138.21111374131871  2.6780622298583481 -2.9633180125132617 138.17691572492379  2.6909406968958209 -2.9651267613419128 138.14318096077892  2.7238186844790109 -2.9661240423206445 138.06999083171684  2.7447418519438398 -2.9646745384923445 138.0308600632726  2.7684022140240163 -2.9612081059815138 137.9930449854854  2.7945678598090411 -2.955658891067023 137.95686983934712  2.8229383560995416 -2.9479210973875198 137.92263433691977  2.8531417745676984 -2.9378500294916421 137.89060091682026  2.8847341414795395 -2.9252591821693215 137.86097987167204  2.9270617343150436 -2.905252785438833 137.82569181933636  2.9370016479085654 -2.9003386762152306 137.8177078267008  2.9470061928608322 -2.8951648510433521 137.80996462418435  2.9570596100091611 -2.8897248932952779 137.80246603845902  2.9671452943234158 -2.8840122859121164 137.7952153828609  2.9772458503024852 -2.8780205307509421 137.78821537194852  2.9873431473707903 -2.8717432679317465 137.78146803606157  3.0058864094897157 -2.8596533846714123 137.76951705859835  3.0143388018705837 -2.8539264150770425 137.76423889678307  3.0227643586677591 -2.8479899346926492 137.75914094434452  3.0311514855067139 -2.8418405691866444 137.75422363672138  3.0394882726904275 -2.8354752352545383 137.74948702444976  3.0477625805018698 -2.8288912542690476 137.74493074673282  3.0559621245064066 -2.8220864659301825 137.74055400501038  3.0774223560941665 -2.8034972650676999 137.72944758739808  3.0905355492074453 -2.7913322835588912 137.72302158558486  3.1033576414775546 -2.7785587077411074 137.71707306803287  3.1158330479094247 -2.7651751636946109 137.71159307379145  3.1279086710386279 -2.7511858080788052 137.70656878957121  3.1395354747404629 -2.7366015429832711 137.70198419530109  3.1506700580389606 -2.7214412307788303 137.69782070968515  3.1735723173401693 -2.6875217264209836 137.68969541023691  3.1851606778393329 -2.6685702655413874 137.68587061307295  3.1959833957639052 -2.6489224905037374 137.68255239403365  3.2060015595999909 -2.6286302882515864 137.67970435654118  3.2151942664210513 -2.6077517710588034 137.67728899237335  3.2235566545098084 -2.5863492499504623 137.67527062102465  3.2310969631502369 -2.5644868789839248 137.67361703372995  3.2415770374928337 -2.5298540233834488 137.67156760234681  3.2450731544671201 -2.5173563393802634 137.67093925612812  3.2483241776392964 -2.5047449385988028 137.67040990089552  3.2513341833804259 -2.4920294615436021 137.66997505514141  3.2541079359720966 -2.4792190922367507 137.66963066428622  3.2566507062725298 -2.4663224814491977 137.66937310651716  3.2589680903825973 -2.4533476699320342 137.66919919862704  3.264972687382413 -2.4160055789579711 137.66893300324466  3.2681172519569572 -2.3914653079544688 137.66904041255273  3.2705377675000387 -2.3667267566810968 137.66941068644607  3.2722728218275368 -2.341830104653726 137.67003119993367  3.2733601658374019 -2.3168100176032254 137.67089391635847  3.2738355342403929 -2.2916955122183778 137.67199485739016  3.2737314662908492 -2.2665098208888099 137.67333357301862  3.2727285272222479 -2.2278829188156655 137.67575015064037  3.2722259060356986 -2.2144811629333945 137.67665526226693  3.271572352676158 -2.2010653015030175 137.67762854744103  3.2707725262890488 -2.1876473628162629 137.67866985341061  3.2698289654570747 -2.1742108156828732 137.67978153640638  3.2687462153200024 -2.160778698818477 137.6809631164019  3.267527497999045 -2.1473472783988474 137.68221613020617  3.2647240862085973 -2.119495932860906 137.68496598870504  3.2631188319058162 -2.1050768956147836 137.68647407517906  3.2613647673470387 -2.0906716750142715 137.68806714838502  3.2594659128995933 -2.0762856052761345 137.68974674168669  3.2574260659184109 -2.0619238293532844 137.69151456212896  3.2552488007461262 -2.0475912989347811 137.69337249043789  3.2529374687130321 -2.0332927744458349 137.6953225810206  3.2444526077374651 -1.9837512988400117 137.70242545355003  3.2376093916954343 -1.9487116630129313 137.7080608721771  3.2300120589752095 -1.9139772018938905 137.71430778560304  3.2216984209899797 -1.8796118669339923 137.72120726954824  3.212698758170089 -1.8456836109614232 137.72880713144727  3.2030370868741578 -1.8122689514734645 137.73716267743143  3.1927325266431521 -1.7794587629671965 137.74633812254245  3.1818007677974753 -1.7473652983089043 137.75640864417747 
 0 9 0.08311781427797553 7 0.099010042239838128 7 0.12922520965227449 7 0.21661917439592138 7 0.24414864112881335 7 0.28892239638906231 7 0.33036289877095087 7 0.35484943361658888 7 0.38582980307440179 7 0.41045833123657416 7 0.50166851352128972 7 0.6122514710073671 7 0.64583600995988277 7 0.67406316547977096 7 0.72050670918585202 7 0.77435026184584033 7 0.80428242426321206 7 0.86002853945261037 7 0.8895968811517998 7 0.9213751612475708 7 1 9
8 4.8710907537691401 6.2831853071795862
7 1 0  2 3 2  2.8163805350129385 -1.7072192611623893 138.44527580315432  1 2.8418475280778925 -1.7205034710604654 139.04166666666666  0.76093246348889576 3.4399505483828019 -1.8045613687721389 139.04166666666666  1
 4.8710907537691401 3 6.2831853071795862 3
8 0 2.6199999999999992
7 0 0  1 2 2  3.1360892779533218 -3.9666466521912334 139.04166666666666  3.4399505483827992 -1.8045613687721382 139.04166666666666 
 0 2 2.6199999999999997 2
8 0 0.2545584412271571
7 0 0  1 2 2  3.4399505483828019 -1.8045613687721389 139.04166666666666  3.4781947554100632 -1.6560211584609053 138.89166666666665 
 0 2 0.2545584412271571 2
8 8.9029575160776249e-16 4.1642056367234819
7 1 0  2 5 3  3.4781947554100632 -1.6560211584609024 138.89166666666665  1 4.4223952881427078 -1.7887198894575915 138.89166666666665  0.50531323787427684 4.0566639048226083 -1.723788136108225 138.06013130634761  1 3.6909325215025097 -1.6588563827588576 137.22859594602855  0.50531323787427684 3.1046492016248397 -1.5897020814843832 138.04236482704161  1
 0 3 2.0821028183617409 2 4.1642056367234819 3
8 0 1
7 0 0  6 7 2  3.1676471926173972 -1.6639094093531837 137.87242800020942  3.1607277684363968 -1.6466442844165883 137.90049234015726  3.1520194431645328 -1.631023721408406 137.92883046879734  3.1418019040560869 -1.6173598073385573 137.95726451632132  3.13037130257882 -1.6058561041261288 137.98569614693591  3.1179405008365362 -1.5966192317255994 138.01407572950765  3.1046492016248486 -1.5897020814843863 138.04236482704158 
 0 7 1 7
8 0 1
7 0 0  5 6 2  3.1818009474659541 -1.7473658257800482 137.75640847866384  3.1823384405268635 -1.729041336624441 137.7788295114436  3.1810422482327407 -1.7112896410464327 137.8017862488193  3.1780297087634328 -1.6943598856956303 137.8251237249147  3.1734949283987897 -1.678500491822029 137.84871029760856  3.1676471926173795 -1.6639094093531386 137.87242800020948 
 0 6 1 6
8 0.5070382804107374 0.92597469006620203
7 0 0  8 16 3  3.1185289512525221 -1.5883208508839923 137.8376142583252  3.1204678321223458 -1.5888115529662858 137.85102361097881  3.1220148861147337 -1.5892479897504057 137.86448227102233  3.1231593853829889 -1.5896284418034199 137.87797722717065  3.1238913236098282 -1.5899512804867404 137.89149481613725  3.1242015311974187 -1.5902149848511393 137.90502076602652  3.1240817904573697 -1.5904181585317716 137.91854023972564  3.1235249508007183 -1.5905595466431866 137.93203787829691  3.1197510659331114 -1.5908558469598548 137.98283897154315  3.1135643067537213 -1.590589874835912 138.01992622433374  3.1038292490763468 -1.5898150097798758 138.05638592774329  3.090490169507643 -1.5885174595902218 138.09185178200394  3.0735883732696228 -1.5866964920018927 138.12592205769246  3.0532666923764458 -1.5843664016890813 138.15824162281714  3.0297781089561377 -1.5815572367704664 138.1884721127833  3.0034893518889278 -1.5783161770915322 138.21634556578721 
 0 9 0.26495426008925976 7 1 9
8 0 1
7 0 0  7 8 2  3.0238539860960358 -1.5808021664523642 138.19323527520436  2.9996208176995691 -1.5860675325195239 138.23352878647083  2.9737983974441153 -1.5961481488728091 138.27345550498305  2.9463346473699898 -1.6109624386327348 138.31258785145403  2.9170338985846649 -1.6302058566469395 138.35032322895393  2.8855959605014343 -1.6532855533272404 138.38575524501732  2.85191946282696 -1.6793009073197445 138.41772689963116  2.8163805350129385 -1.7072192611623886 138.44527580315429 
 0 8 1 8
8 5.6009097255459794 9.898525487191101
7 1 0  11 171 19  3.5093255552817069 -5.6552702075456445 137.47570332377737  1.6690784610682365 3.4305397204109442 -5.6237833106878714 137.55327866985624  1.6690784610683331 3.3593085993537626 -5.5909371780490194 137.61538595247762  1.6690784610678229 3.2979105192051521 -5.5536623703813524 137.66470141596426  1.6690784610692806 3.2476413753979063 -5.5113969776836171 137.70369891838226  1.6690784610664098 3.2089208946626262 -5.4649800371216637 137.7339111826434  1.6690784610705656 3.1813310922418516 -5.4158233465383274 137.75589107595482  1.6690784610660359 3.1636522084897938 -5.3653317624596246 137.76961599410464  1.6690784610697809 3.1539614098600373 -5.3145420718388383 137.7750784270707  1.6690784610674585 3.1498595394376467 -5.263950526389956 137.77280578243801  1.6690784610684846 3.1479228646051554 -5.1630477310866176 137.75529930379179  1.6690784610679352 3.1511886068801633 -5.0607170487071267 137.71822695330772  1.6690784610685916 3.1517811019980471 -5.0101899483227701 137.69885587494079  1.6690784610668952 3.1500898810653091 -4.9605999389925923 137.68344880407878  1.6690784610708469 3.1483714425613725 -4.9126560070259986 137.6766444459243  1.6690784610648139 3.1503149443498484 -4.8678887628038279 137.6816901712651  1.669078461071505 3.1594819957754532 -4.8289410112041784 137.69971826347575  1.6690784610659082 3.1780757345265922 -4.7995573656984512 137.7313309481961  1.6690784610694476 3.2043288731851143 -4.7834262404189341 137.7805849147158  1.6690784610678211 3.2316074200649982 -4.7801188598175823 137.86554528749261  1.6690784610683451 3.237719268148354 -4.7780996850757056 137.98901100841411  1.669078461068249 3.2381007514091866 -4.7778865904088006 138.00168388352665  1.6690784610680389 3.2382384080095541 -4.7776362349849881 138.01471266393781  1.6690784610687179 3.2381172219255152 -4.7773227651993704 138.02808205801693  1.669078461067548 3.2377236118383363 -4.7769200561149363 138.04177537746068  1.6690784610689324 3.2370456029439394 -4.776401921728076 138.05577452581588  1.6690784610677099 3.2360729987903243 -4.7757423252227476 138.07005998700438  1.669078461068541 3.2347975530863895 -4.7749155892347144 138.08461081384613  1.6690784610681049 3.2332131415341974 -4.7738966061090196 138.09940461658371  1.6690784610682716 3.2313159336458099 -4.772661048160872 138.11441755140584  1.6690784610682352 3.2306205699636728 -4.7659910080475862 138.14449759551448  1.6690784610682166 3.2296367188912183 -4.7578982408796202 138.17448241023638  1.6690784610683467 3.2286677115218367 -4.7481522386727217 138.20363974374257  1.6690784610679208 3.2284309533131066 -4.7367524473766291 138.23100809036305  1.6690784610688187 3.2295064047059769 -4.723648571964846 138.25564914770794  1.6690784610674847 3.2326964463476351 -4.7089920062655359 138.27656014833238  1.6690784610688987 3.2392937923353617 -4.6932453580989595 138.29246519011599  1.6690784610678648 3.250769396289082 -4.6768899803347832 138.30172629936371  1.6690784610683278 3.2679075764855749 -4.659884358432401 138.30263657039768  1.6690784610682787 3.3119541588395203 -4.6229939317380895 138.28612210009095  1.6690784610681071 3.3668736599639004 -4.578478068279078 138.24095493659794  1.6690784610684484 3.3949632102671297 -4.5539306479054629 138.21325404731635  1.6690784610672886 3.4207237340322769 -4.5265502629849923 138.1835953443628  1.6690784610701928 3.4402258388183133 -4.498433390265796 138.16184676551822  1.6690784610656124 3.4571157235211678 -4.4728961377236223 138.14929699667613  1.6690784610707208 3.4737228109360974 -4.4500172749193538 138.14296435399035  1.6690784610665681 3.4885859866921427 -4.4280430859568423 138.14180755816676  1.6690784610689695 3.5033457464842708 -4.4074122471348414 138.14435427088253  1.6690784610680967 3.5360714187620674 -4.3616496500715876 138.1551374795489  1.6690784610683276 3.5683664064221463 -4.3159578402503964 138.17130370827536  1.6690784610681959 3.5864197550556005 -4.2899597432537409 138.18073035550336  1.6690784610682319 3.6043414483803491 -4.2636914531511607 138.19167923228537  1.6690784610683178 3.6227755928921086 -4.234967954908587 138.19708384665657  1.669078461068078 3.6400207053532592 -4.2087660732200192 138.21311711753995  1.6690784610684566 3.6581993546648515 -4.1782912524079672 138.21888180848271  1.6690784610679983 3.6756579324176673 -4.1483151243607157 138.22904649406325  1.6690784610684322 3.6930474979194847 -4.1164621491971101 138.23659216811839  1.669078461068116 3.711407743253285 -4.0806056744974155 138.24376777624886  1.6690784610683078 3.7291549883031059 -4.0430294582145585 138.24949706954666  1.6690784610682003 3.7304710645020687 -4.0402260560068672 138.2499150801363  1.6690784610686344 3.7317835792261032 -4.0374131233201274 138.25032513531295  1.6690784610671856 3.733092444531465 -4.0345906495529054 138.25072725744599  1.6690784610698859 3.7343975714103372 -4.0317586248064199 138.25112147034429  1.669078461066452 3.7356988698099247 -4.0289170398920273 138.25150779921356  1.6690784610696499 3.7369962486457098 -4.0260658863464398 138.25188627060274  1.6690784610674072 3.738289615819935 -4.0232051564396833 138.25225691236466  1.6690784610685805 3.7395788782366988 -4.0203348431884782 138.25261975360195  1.6690784610681528 3.7408639418184793 -4.0174549403663322 138.25297482462494  1.6690784610682361 3.753269802196074 -3.9902787610017807 138.26213081947498  1.6690784610683385 3.7650786604958482 -3.9624889673336194 138.26996624838984  1.6690784610678198 3.7762721308725462 -3.9341823925100803 138.27658738551085  1.6690784610692466 3.7868297175181276 -3.9054489868226105 138.2821054368832  1.6690784610665399 3.7967304487600879 -3.8763716827643444 138.28663603174641  1.6690784610702778 3.8059545111563775 -3.8470262600672851 138.29029871382147  1.6690784610664526 3.8144848835938916 -3.8174812107724874 138.29321643260226  1.6690784610693647 3.8223089713842326 -3.7877976042591497 138.29551503464228  1.6690784610677509 3.829420240360883 -3.7580289523146271 138.29732275484574  1.6690784610683429 3.8568854483283843 -3.6301024859273334 138.30353264244178  1.6690784610679466 3.8714360399084433 -3.5021532823879808 138.30551945974881  1.6690784610687823 3.8753451744238752 -3.4048440266557329 138.30448353529351  1.6690784610668425 3.8726376559773477 -3.3090977555053747 138.30097312990205  1.6690784610705292 3.86406676761028 -3.2153774064949125 138.29514955982819  1.6690784610655585 3.8503859394295059 -3.1238493949548425 138.28718931120034  1.6690784610705274 3.8322748919683391 -3.0344544549262373 138.27724610388654  1.669078461066825 3.8103050671854151 -2.9470205621304078 138.26543479198631  1.6690784610687985 3.7849387565057668 -2.8613659330719239 138.25183604404714  1.669078461068161 3.7328192966412299 -2.7070668579203536 138.22371211989091  1.6690784610682003 3.6717034001931115 -2.5576126905054539 138.1901510908728  1.6690784610683818 3.6422095514226114 -2.490482780179168 138.17365196788208  1.6690784610674259 3.611240221819549 -2.424226526002756 138.15588220794947  1.6690784610699509 3.5789628008535779 -2.358791703141498 138.1368070581068  1.6690784610659555 3.5455309858570061 -2.2941345745760233 138.1164196526062  1.6690784610703571 3.5110848324057704 -2.2302091803143185 138.09476196554434  1.6690784610668354 3.4757479018237332 -2.1669483314925917 138.07196046525397  1.6690784610688567 3.4396215057765231 -2.1042363093595879 138.04827647042666  1.669078461068102 3.3836219824989273 -2.009453920119832 138.01164011725308  1.6690784610682654 3.3260259968296131 -1.9147203166336677 137.97574208385149  1.6690784610682923 3.3061664574122354 -1.8823636164570989 137.96342887788265  1.6690784610677276 3.2861773690715026 -1.8500972404234228 137.95096400168686  1.6690784610694402 3.2660867605935664 -1.8179570055413878 137.93825977009658  1.6690784610665352 3.2459183447752018 -1.7859634262311417 137.92527025860247  1.6690784610698701 3.2256909335891231 -1.7541208512733828 137.91199082602245  1.6690784610671254 3.2054197419568693 -1.7224224953187814 137.89844473427215  1.6690784610687674 3.1851195801272874 -1.6908613649943769 137.88465686524003  1.6690784610680733 3.1523705150399763 -1.640206198225828 137.8620137720601  1.6690784610683711 3.1196777395011215 -1.5900601140553872 137.83844295514965  1.6690784610681315 3.1072575475275546 -1.5710415683811878 137.82946412885821  1.6690784610686618 3.0948259800446882 -1.5520094210899897 137.82055862456428  1.6690784610674128 3.0823769327624486 -1.5329313218313561 137.81179940542708  1.669078461069273 3.0699089865324476 -1.5137910877542482 137.80322156268852  1.6690784610673184 3.0574264768291517 -1.494592305348456 137.79481550244378  1.6690784610687919 3.0449400653981766 -1.4753595834021613 137.78652515567506  1.6690784610680534 3.0324668140665203 -1.4561374570801875 137.77825121154936  1.6690784610682172 3.0053010442454893 -1.4143077374723032 137.75992124854019  1.6690784610683571 2.978442002069416 -1.3731617825715918 137.74028453380933  1.6690784610680134 2.963961775051593 -1.3510009009249 137.72938212539199  1.6690784610692178 2.9495189674975704 -1.3288828325642925 137.7184664376208  1.6690784610662048 2.9353247045900623 -1.3072667665193698 137.70653608274833  1.6690784610709903 2.9206395521901447 -1.2842162263583399 137.69782513303224  1.6690784610655651 2.9069022672277924 -1.263687724735699 137.68373509513881  1.6690784610701563 2.8921553484672708 -1.2399238518247335 137.67673370368891  1.6690784610672111 2.8777309111407829 -1.2170111810301587 137.66799280648459  1.6690784610686273 2.8632491283444823 -1.1937852007320648 137.66004433223154  1.6690784610681482 2.848801812598702 -1.1705167900674516 137.65230913961068  1.6690784610682365 2.8428918773509975 -1.161502580487485 137.64608478517189  1.6690784610682525 2.8369594507750797 -1.1524047697325601 137.64006900577883  1.669078461068173 2.8310103830119928 -1.1432314511050556 137.63423993295521  1.6690784610683753 2.8250498878912529 -1.13399097009935 137.62857626874148  1.6690784610680207 2.8190826408527241 -1.1246918828843189 137.62305722710008  1.6690784610684919 2.8131128768686482 -1.1153429147780962 137.61766247531912  1.6690784610680023 2.80714448836541 -1.1059529187343617 137.61237207541791  1.6690784610684031 2.801181123145688 -1.0965308338146855 137.6071664255507  1.6690784610681497 2.7952262823101042 -1.0870856436745784 137.60202620141197  1.6690784610682654 2.7715915619234517 -1.049466053230778 137.5817677891942  1.6690784610681479 2.7482016513809886 -1.0117646881999869 137.56194235823617  1.6690784610684053 2.7308474967117959 -0.98351875484971041 137.54730404330158  1.6690784610677969 2.7136637626174611 -0.95526803335352017 137.53283311564596  1.6690784610689744 2.6966655631664374 -0.92703127664187646 137.51849873707113  1.6690784610673361 2.679867597043021 -0.89882717342309426 137.50427195287821  1.6690784610690215 2.6632845903899942 -0.87067518172792391 137.49012371703452  1.6690784610677734 2.646931739646297 -0.84259636249641656 137.4760229173425  1.6690784610683889 2.6308251543892753 -0.81461421312214899 137.46193440060631  1.6690784610682403 2.5933840316980388 -0.74877623700668683 137.4285710051372  1.669078461068175 2.5575234664052395 -0.68380008800246861 137.39477171638151  1.669078461068358 2.5373766539313807 -0.64658422528217263 137.37520787037872  1.6690784610677032 2.517785383687388 -0.60962199162441832 137.35564069827757  1.6690784610693572 2.4987673108545874 -0.57290804073008317 137.3361193026825  1.6690784610667246 2.4803416026787599 -0.5364436514580162 137.316680403992  1.6690784610696281 2.4625286411843419 -0.50023608019861432 137.29734993363689  1.6690784610673777 2.4453497258850678 -0.46429791328132408 137.2781446273147  1.6690784610685347 2.4288267764974387 -0.4286464193471155 137.25907361822701  1.6690784610682456 2.3903697977910756 -0.34286370336891858 137.21311965821738  1.6690784610680944 2.3560392425959744 -0.25904068690480492 137.16796761811682  1.6690784610685108 2.3373260998303196 -0.21044872395946065 137.14179350074204  1.6690784610671969 2.3201306815294935 -0.16258421071694729 137.1160751513687  1.6690784610702327 2.3044950058961762 -0.11549175588740543 137.09087845063277  1.6690784610656939 2.2904565588620187 -0.069225133411897996 137.06625543095834  1.6690784610705205 2.2780466600328326 -0.023844332876710173 137.04224558019047  1.6690784610668064 2.2672888286524988 0.02058739011562357 137.0188771452228  1.6690784610687868 2.2581971495474509 0.064006463536867564 136.99616843562936  1.6690784610681841 2.2343451777080654 0.20008216480182028 136.9253459067063  1.6690784610681879 2.227629606933605 0.32449998791660478 136.86146007483006  1.6690784610684153 2.2309314095638482 0.40431196209715692 136.82129078851216  1.6690784610675922 2.2417733075945461 0.47834935134287015 136.78508435697961  1.6690784610694542 2.2594736455664415 0.54652743125145387 136.75295926758139  1.6690784610666625 2.283143675005185 0.61026895746587118 136.72413606212939  1.6690784610697544 2.3130310407064418 0.67257863091566417 136.69712898422395  1.6690784610671112 2.3516028291362048 0.73645201695345874 136.67079646663564  1.6690784610688729 2.4026403424957636 0.80341605527491555 136.64498873545483  1.6690784610679781 2.4687721091324502 0.87368910475695172 136.62005390449195  1.6690784610682987 2.5523913547283845 0.94699873854810201 136.59654959230178  1.6690784610682365
 0 12 0.9898525487191101 9 1.9797050974382202 9 2.0892582415776189 11 2.3886438005771895 9 2.6880293595767597 9 3.0663424152895202 9 3.0967303255581156 11 3.3974419917030465 9 4.3872945404221566 9 5.2151368258999469 9 5.6454896103545886 9 5.9090756430282356 9 6.2212302855517123 11 6.3592277726166602 9 6.7700451245101876 9 7.3301047791596927 9 8.1293732715494755 9 9.898525487191101 12
8 0 6.2831853071795862
7 1 1  6 6 2  2.5523913547283845 0.94699873854810201 136.59654959230178  1.6690784610682365 2.7243241088371755 0.60330489108082141 135.76823842806274  1.0367296232096121 2.0299837261750904 1.2761370712800399 135.27972890261927  1.0383466998475064 1.2403188003817112 2.2648262527884695 135.92214747200268  0.85353433019614966 1.6367449832609335 2.0622219404832722 137.17421400323605  1.0383466998475068 2.3804586006195878 1.2906925860153817 137.42486075654082  1.0367296232096115
 0 6 6.2831853071795862 6
8 4.4587564788114804 6.2831853071795862
7 1 0  2 3 2  3.0238539860960092 -1.5808021664523584 138.19323527520439  1 2.7637019210512888 -1.5556057391312428 138.89166666666665  0.61199595784763083 3.4781947554100632 -1.6560211584609024 138.89166666666665  1
 4.4587564788114804 3 6.2831853071795862 3
Polygon3D 0
PolygonOnTriangulations 0
Surfaces 29
9 0 1 1 0 2 1 6 2 4 2 16.33966352784093 -5.8222879983254465 139.04166666666666  1 16.643524798270406 -3.6602027149063341 139.04166666666666  1 
17.554593041963834 -5.9930352063448487 139.04166666666666  0.5 17.858454312393309 -3.830949922925738 139.04166666666666  0.5 
17.070153331575398 -5.9076616023351471 137.97916666666666  1 17.374014602004873 -3.7455763189160369 137.97916666666666  1 
16.585713621186958 -5.8222879983254465 136.91666666666669  0.5 16.88957489161643 -3.6602027149063341 136.91666666666669  0.5 
15.855223817452492 -5.7369143943157432 137.97916666666666  1 16.15908508788198 -3.574829110896633 137.97916666666666  1 
15.124734013718024 -5.6515407903060426 139.04166666666666  0.5 15.42859528414751 -3.4894555068869315 139.04166666666666  0.5 

0 2
2.0943951023931953 2
4.1887902047863905 2
6.2831853071795862 2

-7.5546149646397065e-15 2
2.6200000000000117 2

9 0 1 0 0 2 1 3 2 2 2 16.643524798270406 -3.6602027149063443 139.04166666666666  1 16.681769005297667 -3.5116625045951109 138.89166666666665  1 
17.549970931411746 -3.7875954110707841 139.04166666666666  0.61199595784779393 17.396261839656134 -3.6120779239247276 138.89166666666665  0.61199595784779393 
17.425120232851061 -3.7556297943201806 138.15559699093123  1 17.297850112555363 -3.5868814966036644 138.19323527520461  1 

0 3
1.8244288283676935 3

0 2
0.2545584412271571 2

9 1 1 1 0 6 11 6 171 2 19 16.501443550596228 -8.1898548537174669 137.02429667622266  1.6690784610682365 16.623101725347144 -8.1025631324248231 137.02621954155146  1.6690784610683222 16.731201663130086 -8.0157053900216173 137.04336244818739  1.6690784610678731 16.828271495016232 -7.9330261776919055 137.07297289787519  1.6690784610691454 16.916540186761143 -7.8555824006728727 137.11250077861587  1.6690784610666745 16.99756690664622 -7.7828127456415164 137.16033711356511  1.6690784610701679 17.072040920702111 -7.7133431491612825 137.21585278158344  1.6690784610665121 17.139748181732408 -7.6455668545782043 137.27899413294909  1.6690784610693286 17.19970077856868 -7.5780376047547318 137.34969242375297  1.6690784610677882 17.250425411961626 -7.5097145180444027 137.4273439924761  1.6690784610683109 17.330388715134728 -7.370479871725661 137.59389221208048  1.6690784610682221 17.363533254970381 -7.2264841481648237 137.77626907334553  1.6690784610681912 17.367922430274973 -7.1519041742049119 137.86728184562617  1.6690784610685905 17.360681863396426 -7.0743458746785972 137.95324379499198  1.669078461067377 17.345805835056286 -6.993978361300849 138.02943996230871  1.6690784610695197 17.328576297166062 -6.9105314392413293 138.09254672285425  1.6690784610669203 17.313978838919429 -6.8225631423365636 138.14135553932329  1.6690784610691924 17.30587653094528 -6.7271810153911726 138.17518793214197  1.6690784610677651 17.305084813672973 -6.6205624791989868 138.18991095808863  1.6690784610683544 17.305371148806277 -6.487336376122629 138.17429304922086  1.6690784610682576 17.286319546657509 -6.3470202549251384 138.11817062604001  1.669078461068175 17.284203516737694 -6.3329863337369776 138.11218839486725  1.6690784610688585 17.281844885011775 -6.318920224298731 138.10583020063106  1.6690784610666849 17.27921939971521 -6.3048422609564074 138.09911123158321  1.6690784610705849 17.27630379624371 -6.29077338975946 138.09204807265223  1.6690784610657512 17.273076017671144 -6.2767350133322202 138.08465871691098  1.6690784610701674 17.269515435262495 -6.2627488357628422 138.07696257706309  1.6690784610671296 17.265603068992181 -6.2488367074746085 138.06898049690921  1.6690784610686822 17.261321808057716 -6.2350204701114729 138.06073476283063  1.6690784610681326 17.256656631396638 -6.2213218014143816 138.05224911526085  1.6690784610682359 17.244829273278512 -6.1879402110222852 138.04000676589064  1.6690784610681222 17.23176338110747 -6.155758601080084 138.0277044476133  1.6690784610686626 17.217574052025814 -6.1250662918800201 138.01606429299721  1.6690784610673437 17.202785739385199 -6.0960383753982414 138.00603768845252  1.6690784610695213 17.187782334694159 -6.0688606132752501 137.99855281710813  1.6690784610668732 17.173202487029272 -6.0435841412533495 137.99460232714929  1.6690784610693248 17.16017993997086 -6.0200873739571135 137.99545200143541  1.6690784610676002 17.149942715526784 -5.9982682808554175 138.00272969440155  1.6690784610684795 17.14289902381541 -5.9783359814803507 138.01813219246495  1.6690784610682066 17.133004629569179 -5.9432967883561281 138.06679989621335  1.6690784610682243 17.124683848329838 -5.9175999449535297 138.14313520659999  1.6690784610682907 17.119321667474377 -5.9069525466763366 138.18616377843125  1.6690784610679803 17.110534521823016 -5.898321371057226 138.23088365377654  1.6690784610686646 17.097417366332156 -5.8889305115204058 138.2674167755942  1.6690784610678508 17.084735185765428 -5.8766459809200091 138.29446433873261  1.6690784610684064 17.074125104028656 -5.8619464775284511 138.31499790777468  1.6690784610682594 17.063516094028873 -5.8460893131904577 138.33004864275566  1.6690784610681566 17.054325003140601 -5.8290654992051953 138.34107876273825  1.6690784610682818 17.035072948979494 -5.7896956640594635 138.36028778323882  1.6690784610681633 17.018763526685326 -5.7505669332035234 138.37238521853448  1.6690784610683349 17.010405827896623 -5.7293111788828313 138.37817717464566  1.6690784610679097 17.003067022761332 -5.7084375152629443 138.3818674048818  1.6690784610688061 16.995266884358031 -5.6900134605254529 138.39050198334053  1.6690784610675966 16.990521994539236 -5.6693172976733823 138.38788757325003  1.669078461068751 16.984361914854986 -5.6528136230438895 138.39490099319346  1.6690784610679197 16.979951065355998 -5.6359431477009601 138.39685325073927  1.6690784610683953 16.975774170432523 -5.6209599660545067 138.40074293418834  1.669078461068169 16.971874287693044 -5.6062306310545509 138.40516283430497  1.6690784610682687 16.968482292721145 -5.593191431035228 138.41018591014094  1.6690784610682219 16.968232871823595 -5.5922312746918914 138.41056269263856  1.6690784610683251 16.967986207008398 -5.5912804536432956 138.41094274827282  1.6690784610680962 16.967742271675107 -5.5903389623986319 138.41132604409367  1.6690784610683582 16.96750103872197 -5.5894067945455141 138.41171254570841  1.6690784610681835 16.967262480554311 -5.5884839427440145 138.4121022173326  1.6690784610682285 16.967026569092162 -5.5875703987166983 138.412495021832  1.6690784610682647 16.966793275778564 -5.5866661532427635 138.41289092077503  1.6690784610682177 16.966562571587453 -5.5857711961487553 138.41328987447537  1.6690784610682412 16.966334427031732 -5.5848855163016067 138.41369184204177  1.6690784610682361 16.965423865304349 -5.5749440075345467 138.41202732434593  1.6690784610682159 16.964547945732185 -5.5655290535256094 138.41121760147556  1.6690784610683322 16.963727262091329 -5.5565441074775643 138.41116041224549  1.6690784610680047 16.962979602752331 -5.5478988146365973 138.41174856356758  1.6690784610686049 16.962321368753038 -5.5395095761989293 138.41287043915736  1.6690784610678178 16.961768991874163 -5.531300113210059 138.41441050825225  1.6690784610685905 16.961340352711215 -5.5232020304742484 138.41624983431242  1.6690784610680205 16.961056198750157 -5.5151553804526197 138.41826658374282  1.6690784610683189 16.960941562440176 -5.5071092271713882 138.42033653459433  1.6690784610682308 16.961309004168449 -5.4724021772536888 138.42890727674364  1.6690784610682139 16.966062114758028 -5.4363674180095405 138.43378741709867  1.6690784610683074 16.972387162531351 -5.4071696300573917 138.43557794170576  1.6690784610679568 16.981775910538584 -5.3758185245457888 138.43547377334065  1.6690784610688914 16.994668819975253 -5.3420180793572278 138.43345672392337  1.6690784610672138 17.01142820574043 -5.3057578325274637 138.42949343549623  1.6690784610693545 17.032278152342286 -5.2672232171572135 138.42357331636563  1.6690784610673639 17.057298753758175 -5.2266769705625364 138.41572464060303  1.6690784610687015 17.086454728505466 -5.184360034199921 138.40600986783451  1.6690784610681035 17.147390975567152 -5.103745795823265 138.38487624244573  1.6690784610683396 17.221428951499625 -5.0185365889186615 138.35782491536168  1.669078461068165 17.257764150843887 -4.9788585799995371 138.34444753229602  1.6690784610684504 17.296599752342697 -4.9383821273575936 138.33015300839043  1.6690784610678788 17.337812380467813 -4.8971651418062283 138.31505982185678  1.6690784610686129 17.381274170460564 -4.8552544911172317 138.29925856369024  1.6690784610679825 17.426854622628941 -4.8126969784966249 138.28279098503637  1.6690784610683242 17.474420718403483 -4.7695579639007892 138.2656143428101  1.6690784610682563 17.523835298144139 -4.7259476281982069 138.24755104356305  1.6690784610681972 17.601527538821035 -4.6592372895964766 138.2181762305735  1.6690784610682858 17.682792244129178 -4.5925887978411666 138.18436326405018  1.6690784610681826 17.710979051910801 -4.5697593351532841 138.1724114479569  1.6690784610684433 17.739534465768902 -4.5468534587181288 138.16020197835917  1.6690784610679432 17.76843858244877 -4.5238364232860011 138.14783430259459  1.6690784610684735 17.797672615411678 -4.5006883365631492 138.135366107343  1.6690784610681118 17.827217986365341 -4.4774048124019359 138.1228137959564  1.6690784610682765 17.857055926874917 -4.4539920665237513 138.11016586868973  1.669078461068247 17.887167590050662 -4.4304564547790468 138.0974092058245  1.6690784610682001 17.936134154014528 -4.3922920810389847 138.07670332112653  1.6690784610683116 17.985721602005512 -4.3536613290724437 138.0560749512328  1.6690784610681302 18.004640471107059 -4.3389626950807552 138.04814517401013  1.6690784610688474 18.023636317518999 -4.3242792804190291 138.04002481288171  1.6690784610668454 18.04270246877287 -4.3096416236485737 138.03164360728212  1.6690784610702469 18.061832612037666 -4.2950648048293276 138.02296916856341  1.6690784610662233 18.081021267750295 -4.2805450605478237 138.01401379322417  1.6690784610696443 18.100264277995127 -4.2660586799368287 138.00483625287623  1.6690784610675993 18.11955930963104 -4.2515631816811776 137.99553856094633  1.6690784610683613 18.161818342613994 -4.2197550790683112 137.9752667741032  1.6690784610681624 18.204339378122981 -4.1873063335832619 137.9558325413534  1.6690784610682581 18.227463131396707 -4.1695762003627017 137.94541805727943  1.6690784610683562 18.250625723120276 -4.1518030976072033 137.93488790545464  1.6690784610678175 18.273915217093691 -4.1335698577595661 137.92524796236336  1.6690784610689768 18.297034532420376 -4.1166672577731243 137.91226864445267  1.6690784610673826 18.320490566118142 -4.0974122020234143 137.90455293380543  1.6690784610689391 18.343631955652015 -4.0811954216563748 137.88963758450583  1.6690784610678171 18.366846783574431 -4.0641720745009193 137.87635523748804  1.6690784610684111 18.390009886308018 -4.0474356736015507 137.86217845276764  1.6690784610681946 18.413138620133132 -4.0307306557000464 137.84769086038935  1.6690784610682365 18.423535602568347 -4.0221646248241054 137.84409095445295  1.6690784610683638 18.433914914772711 -4.0136743890439144 137.84026341345378  1.6690784610677509 18.44427861028932 -4.0052529637038079 137.83623041252727  1.669078461069303 18.454628330073412 -3.9968929645423099 137.83201355629228  1.6690784610666016 18.464965371867208 -3.9885866727235526 137.82763393744554  1.6690784610700786 18.475290759581831 -3.9803260998722263 137.82311219535825  1.6690784610666798 18.485605312669289 -3.9721030531034907 137.81846857467036  1.6690784610691967 18.495909715505562 -3.9639092000587981 137.81372298388675  1.6690784610678582 18.506204586763793 -3.9557361339360075 137.80889505397229  1.6690784610682794 18.547111770767199 -3.9232811173005717 137.78944415694778  1.6690784610682365 18.587889041146564 -3.8908895266131078 137.76930246900972  1.6690784610681682 18.618331493867249 -3.8666579851871772 137.75388688274614  1.6690784610684959 18.648683294324929 -3.8424230001170767 137.73817563156055  1.6690784610677802 18.678935115938135 -3.8181665752876133 137.72220764440243  1.669078461068761 18.709077642859594 -3.7938707219392582 137.70601996672232  1.669078461067814 18.739101776945866 -3.7695167164407883 137.68964973530385  1.6690784610684644 18.76899884474885 -3.7450843580393309 137.67313615309635  1.6690784610681797 18.798760804485568 -3.7205512266326823 137.65652246404693  1.6690784610682108 18.868760368954117 -3.6622743944340295 137.61713947580841  1.669078461068332 18.937930721037887 -3.6031305301986056 137.57779225105475  1.6690784610680718 18.977525973952506 -3.5687423649077585 137.55504818321936  1.6690784610688261 19.016785186099657 -3.5340942624170402 137.53221529072079  1.6690784610671427 19.05567921086298 -3.4991898106970751 137.50926497055508  1.6690784610696132 19.094179369374821 -3.4640262508099595 137.4861810019228  1.6690784610669973 19.13225734803105 -3.4285950683399808 137.462957952994  1.6690784610690048 19.169885096044549 -3.3928825848208275 137.43959958767019  1.6690784610679734 19.207034722959527 -3.356870549165476 137.41611727235025  1.6690784610682201 19.295973063775765 -3.2686842570423855 137.35886436830111  1.6690784610683844 19.38176667205925 -3.1784514357944555 137.30111201995476  1.6690784610679548 19.431034211891497 -3.1246639616004086 137.26694376041684  1.669078461069271 19.479032053395265 -3.0701053433153076 137.23254347321378  1.6690784610663105 19.525665673831917 -3.0147231766701528 137.19790486046782  1.6690784610706049 19.570835575243606 -2.9584545559497939 137.16303547251152  1.6690784610661886 19.614435196714474 -2.9012285005704159 137.12795540425881  1.6690784610694727 19.65634882666199 -2.8429683815896607 137.0926959915723  1.6690784610677758 19.696449515096365 -2.7835943482864995 137.05729850763657  1.6690784610682763 19.819035047892093 -2.5889593394689312 136.94326664621713  1.6690784610682838 19.919843257878391 -2.38117294675774 136.82891541713821  1.6690784610680744 19.977216785377788 -2.2311745298940733 136.75009915230999  1.6690784610689022 20.020392595494069 -2.0740576798887198 136.67175199395018  1.6690784610668121 20.047007015096987 -1.9093051620997015 136.59440161181013  1.669078461070306 20.053877867214151 -1.7377630836754454 136.51947362118224  1.6690784610660612 20.038318908917528 -1.5620889057183545 136.44909993556578  1.6690784610699343 19.999858041965293 -1.3855540536532249 136.38506827929388  1.6690784610672584 19.93991650889679 -1.2104121199439088 136.32817458337695  1.6690784610686316 19.859281194543762 -1.0373569512552565 136.27871689110719  1.6690784610681439 19.758695651842238 -0.86655244900058681 136.23678374103156  1.6690784610682365 
16.656618221833718 -7.7112170604439001 136.26509620410548  1.0367296232096121 16.725451369066004 -7.5583701066308162 136.3040477357325  1.0367296232096825 16.785852945954872 -7.4320124279021673 136.3538285938412  1.0367296232093177 16.843859713489035 -7.3301878776143603 136.40533515878982  1.0367296232103433 16.903288342000195 -7.2486224892622388 136.45396792006679  1.036729623208354 16.96678814648002 -7.1827353773388936 136.49862104868677  1.0367296232111811 17.036165084659554 -7.128440332260408 136.54069962679063  1.0367296232081855 17.112252519328003 -7.082171154341216 136.58317785258558  1.0367296232105399 17.19460424632971 -7.0405637720606062 136.62971153868077  1.0367296232092185 17.281285289709309 -7.000228189573698 136.68381822195383  1.0367296232096814 17.456786641205987 -6.9158584278060049 136.81245818408348  1.0367296232095931 17.621480289138603 -6.8176856361417215 136.98642474351001  1.0367296232095815 17.69338425955301 -6.7603238639798997 137.08400574137522  1.036729623209877 17.746877927153982 -6.6920904496311095 137.18802568873596  1.0367296232089487 17.777551141835499 -6.6118183002344892 137.28823195979882  1.0367296232106475 17.785082993544684 -6.520692472539376 137.37304592267176  1.0367296232084777 17.772424868977581 -6.4198461753445795 137.4328872134424  1.0367296232105123 17.741784335447726 -6.3086583738988713 137.45978138507249  1.0367296232091079 17.686936118338711 -6.1890965532018969 137.44623406591847  1.0367296232097849 17.57693109604007 -6.0623727252765338 137.38406470091118  1.0367296232095826 17.388906711484317 -5.9727651983715804 137.2993469878266  1.0367296232095866 17.369398291204167 -5.9642391873820459 137.29073660575355  1.0367296232099132 17.349122894609316 -5.9561496595221932 137.28201457869011  1.0367296232088294 17.328088743979819 -5.9485283289681128 137.27323872679378  1.0367296232108438 17.306307176922061 -5.941404994956355 137.26446748312867  1.0367296232082608 17.283792803788803 -5.9348072313558369 137.25575950629201  1.0367296232106948 17.260563665101213 -5.9287600762286043 137.24717329304141  1.0367296232089769 17.236641388969925 -5.9232857214028058 137.2387667909224  1.0367296232098731 17.212051348515992 -5.9184032020348551 137.2305970108948  1.03672962320955 17.18682281929259 -5.9141280861793142 137.22271963996033  1.0367296232096119 17.137383200250241 -5.8995932006654241 137.2110070991543  1.0367296232095369 17.087656698802697 -5.8875002137534969 137.20088731888922  1.0367296232098957 17.038935365853259 -5.877513010012219 137.19309101566503  1.0367296232090109 16.993236815811468 -5.8687461502096925 137.1878989821428  1.0367296232104863 16.952358483615729 -5.8603785894085423 137.18579403658265  1.0367296232086787 16.91840850018389 -5.8512530710177995 137.18686243313689  1.0367296232103638 16.894391281114917 -5.8395964457081888 137.19058213062351  1.0367296232091656 16.883984404571478 -5.823410009184478 137.19657768995478  1.0367296232097858 16.890201835231046 -5.8014927980256985 137.20586394292627  1.0367296232095891 16.93619222940448 -5.7474564577156677 137.23622195231528  1.0367296232096086 17.029485548753215 -5.6821923002858892 137.29313662530996  1.0367296232096423 17.083043925946388 -5.6489591940206356 137.32875372148197  1.0367296232094663 17.136238336049324 -5.618422633833565 137.37198118655667  1.0367296232098482 17.172267396774611 -5.5950677182123885 137.41420619540543  1.0367296232094123 17.193831432940222 -5.5751858610955853 137.44614623655602  1.0367296232096888 17.207428703716015 -5.5564241527911342 137.46822196695246  1.0367296232096304 17.212708897484919 -5.5404417569776525 137.48510396531208  1.0367296232095735 17.213435724037549 -5.5254651220447402 137.49599205315729  1.0367296232096321 17.208526557879434 -5.4942760459117093 137.51342621472841  1.0367296232095797 17.197740391593644 -5.4678317206246199 137.52168501457828  1.0367296232096548 17.191741982876021 -5.4543646720101444 137.52507740015162  1.0367296232094732 17.184165959950331 -5.4424237380172755 137.52587237714479  1.0367296232098477 17.184950943912249 -5.4310232595321315 137.53313644529987  1.0367296232093675 17.171370189501189 -5.4228452080604033 137.52586877645052  1.036729623209778 17.17267211556366 -5.4145081437555902 137.53136432028239  1.0367296232095391 17.168273678388552 -5.408676908386024 137.53029561889267  1.0367296232096346 17.167912305729324 -5.4043215681857975 137.53185862149007  1.0367296232096028 17.169148103144693 -5.4017772078951252 137.5338988572141  1.0367296232096219 17.172462689900502 -5.401768147888407 137.5368103404974  1.0367296232096039 17.172720501423552 -5.4017816040173736 137.53703160035093  1.0367296232096563 17.172989544115271 -5.4018093036209418 137.53725761048099  1.036729623209562 17.173269680685689 -5.401851360113695 137.53748833601318  1.0367296232096186 17.173560769386519 -5.4019078864976624 137.53772374096815  1.0367296232096641 17.17386266406697 -5.4019789952620858 137.53796378831311  1.0367296232095362 17.17417521423458 -5.402064798262237 137.53820844001379  1.0367296232096683 17.174498265110621 -5.4021654066215961 137.53845765708562  1.0367296232095875 17.174831657690245 -5.4022809306132729 137.53871139964579  1.0367296232096177 17.175175228799286 -5.4024114795561067 137.53896962696464  1.0367296232096119 17.17063623054911 -5.4038148627044595 137.53445168581189  1.0367296232095886 17.167505554776525 -5.4054437134818771 137.53121817866639  1.0367296232097123 17.165626267466457 -5.4073222227956546 137.52907976366254  1.0367296232093761 17.164824650206953 -5.4094622755362156 137.52786507830962  1.0367296232099872 17.164914654987143 -5.4118626564621 137.5274168554557  1.0367296232091723 17.165702358998672 -5.414508256072156 137.52758803925101  1.0367296232100056 17.166990419432409 -5.4173692764953172 137.52823790111165  1.0367296232093506 17.168582528280474 -5.4204004373608843 137.52922815568306  1.0367296232097261 17.170287867133357 -5.4235401816863265 137.53041907680358  1.0367296232095928 17.177316361877079 -5.4371435830095152 137.53576883803004  1.0367296232096421 17.180032695232359 -5.4495214631879634 137.53930169995218  1.0367296232095704 17.180139838879683 -5.4560182777280373 137.54126679819544  1.0367296232096661 17.179601423791382 -5.4577079718074026 137.54243772491782  1.0367296232096317 17.179952563898865 -5.4535871295714848 137.54257346275151  1.0367296232094487 17.182581791822319 -5.4434571527016065 137.5413819616299  1.0367296232098806 17.188553255091293 -5.4277045436419185 137.53861688337139  1.0367296232093508 17.198560467566747 -5.4069886572473278 137.53412908799004  1.0367296232097774 17.212969983662894 -5.3819621405789544 137.52787125094358  1.0367296232095544 17.24775625833362 -5.3290522534284692 137.5131489423691  1.0367296232096661 17.297814961104176 -5.2652540425868626 137.49240815187787  1.0367296232095611 17.323947269454116 -5.2343578844969416 137.48188793293187  1.036729623209814 17.353460923094875 -5.2019945292699035 137.47044394129554  1.0367296232092083 17.386324151616584 -5.1684886537474632 137.45821298830134  1.0367296232101393 17.422441800570954 -5.1341042672547381 137.44530744043882  1.0367296232091152 17.461648027186545 -5.0990231103847758 137.43178310392824  1.0367296232099634 17.503675771112253 -5.0633137895159788 137.41758589071227  1.0367296232094358 17.548103000185915 -5.0268916470713325 137.40247726586395  1.0367296232096626 17.618278568148202 -4.9700154419372042 137.37734080724599  1.0367296232095868 17.69020822066312 -4.9095616732224032 137.34678493919023  1.0367296232096157 17.715141011927393 -4.8885833147839728 137.33587345372717  1.0367296232095715 17.740524541582595 -4.8674202147049108 137.32467299253554  1.0367296232098084 17.766445553677492 -4.8461631670335219 137.31331653951867  1.036729623209184 17.792942092271964 -4.8248658852716355 137.30188116613095  1.036729623210167 17.820004097247836 -4.8035447677927294 137.29038814152892  1.0367296232091336 17.847589289195991 -4.7821902811488224 137.27882086235502  1.0367296232098908 17.875654343388426 -4.7607899612852194 137.26716060215125  1.0367296232095107 17.921686061266279 -4.7262392901799402 137.24826139831251  1.0367296232097043 17.969255016237526 -4.6918720344805855 137.22960996644201  1.0367296232095318 17.987414112181398 -4.6787501241253295 137.22241816517214  1.036729623209989 18.005542447939941 -4.6654750672738592 137.21498667493617  1.0367296232088064 18.02354893720328 -4.6519848492441094 137.20721797438131  1.0367296232107326 18.041386979346616 -4.6382507779313196 137.19906656610053  1.0367296232085186 18.059063026287852 -4.6242832323735277 137.19054874591632  1.0367296232103664 18.076639387071292 -4.6101331326375066 137.1817450521196  1.03672962320927 18.094231270171999 -4.5958891310282288 137.17279539466821  1.0367296232096816 18.133038582905886 -4.5648319844419181 137.15333683985136  1.0367296232095657 18.173582516209571 -4.5345571423000344 137.13509912483769  1.0367296232096344 18.195921335582106 -4.5182625369752465 137.12539654172144  1.0367296232096392 18.218295039846378 -4.5018678078404921 137.11558057442917  1.0367296232094483 18.242017947968208 -4.4862680799924091 137.10693663897749  1.0367296232099461 18.261683046045977 -4.4677438643006333 137.09387144058039  1.036729623209202 18.288157194809781 -4.453795319656634 137.08789816252889  1.0367296232099548 18.30580943623098 -4.4336301965683447 137.07214638772936  1.0367296232094123 18.325606217537015 -4.4148601416082975 137.05867703428777  1.0367296232096912 18.344390599463232 -4.3952977707407008 137.04405195777738  1.0367296232095946 18.362873528867567 -4.3754442563471878 137.02907185729043  1.0367296232096121 18.374579739403121 -4.3691408965952432 137.02617826907795  1.0367296232096634 18.386022079785448 -4.3626278607720401 137.02299194602818  1.0367296232094203 18.397227296147516 -4.3559281470410074 137.01953871766935  1.0367296232100209 18.408221375333934 -4.3490633203089955 137.01584475396456  1.036729623209006 18.419029657726544 -4.3420536876776969 137.01193646676711  1.0367296232102752 18.429676950062241 -4.3349184738939126 137.00784041128497  1.036729623209063 18.440187638261825 -4.327675996801557 137.00358318753166  1.0367296232099472 18.450585800246181 -4.3203438427915684 136.99919134179322  1.0367296232094811 18.46089531876428 -4.3129390422538441 136.99469126807986  1.036729623209627 18.501638306377835 -4.2832675147840265 136.97646806251572  1.0367296232096133 18.54173262606303 -4.2529704154324657 136.957354533521  1.0367296232095884 18.57142371889174 -4.2299818336226229 136.94261160165385  1.0367296232096876 18.600827976890191 -4.2067185897014552 136.92749010428736  1.0367296232095056 18.629976074840279 -4.1832112033799778 136.91204256008675  1.0367296232097054 18.658897384991139 -4.1594874386268108 136.8963193790027  1.0367296232095564 18.687622821496252 -4.1355739435531795 136.88037109933799  1.0367296232096312 18.71618768485876 -4.111497890297243 136.86425062480569  1.0367296232096179 18.744634506370378 -4.0872886149096948 136.84801546159534  1.0367296232095986 18.811707708445763 -4.0298387620769809 136.80952822779145  1.0367296232096495 18.878781418025298 -3.9720454326108587 136.77116989457713  1.0367296232095513 18.917364701784333 -3.9385261139572365 136.74900306170554  1.0367296232098056 18.955748641624979 -3.9047736359012259 136.72673650382899  1.0367296232092855 18.993859723885048 -3.8707475270398413 136.70432954915904  1.0367296232099934 19.031639970886729 -3.8364174061405065 136.6817586124495  1.0367296232092886 19.069045471556475 -3.8017610700347855 136.65901469106822  1.0367296232097962 19.106044912046052 -3.7667625815115899 136.63610086109028  1.0367296232095691 19.142618106350156 -3.7314103572120336 136.61302977337076  1.0367296232095846 19.230325287573205 -3.6447257645999342 136.5566998177332  1.0367296232097107 19.315445712419798 -3.5558527733860377 136.49970273576511  1.0367296232094427 19.364438199708406 -3.5027465398849786 136.465901924501  1.0367296232102077 19.412232104650247 -3.4487071395780489 136.43178128523525  1.0367296232085323 19.458703426151661 -3.3936593404614945 136.39732917509758  1.0367296232109044 19.503741058918514 -3.3375335786900684 136.36255192626655  1.0367296232085215 19.547242399953284 -3.2802636826164919 136.32747085305627  1.0367296232102625 19.589108955023747 -3.221784596846093 136.29211925898926  1.0367296232093646 19.629241945156675 -3.1620301062785536 136.25653944388515  1.0367296232096415 19.752304668226092 -2.9656889005381859 136.14162682128284  1.0367296232096095 19.855235638789399 -2.7546799589161717 136.02538618640082  1.0367296232095788 19.914455720633082 -2.6013503540560898 135.94469501720604  1.0367296232098029 19.959484280202325 -2.4395976974038636 135.86390378313629  1.0367296232091552 19.98761270824588 -2.268717790358818 135.78354375614603  1.0367296232103145 19.995136872691688 -2.0896277064606616 135.70521888892671  1.0367296232088572 19.978901667747259 -1.905431480269119 135.63140036957878  1.0367296232102019 19.938403586792283 -1.7200461850152413 135.56418280693683  1.0367296232092764 19.875467329655049 -1.536228436428746 135.50448210879259  1.0367296232097454 19.791229022352677 -1.3548146904184919 135.45257507921988  1.036729623209582 19.686790525121779 -1.1759771171640563 135.40847257679252  1.0367296232096121 
16.031316243651471 -6.8234914045882888 136.6198062926901  1.0383466998475064 16.036206225968062 -6.7395769256275857 136.74179034432049  1.0383466998475859 16.043861981573087 -6.6824727672018076 136.84244819545208  1.0383466998471749 16.056221966979034 -6.6417937080862526 136.91734112012207  1.0383466998483237 16.07334338540743 -6.6104117060425196 136.96673634337623  1.0383466998461139 16.095420775095999 -6.5844047881476389 136.99282766647056  1.0383466998492252 16.123596384513611 -6.5622032157978021 136.99852647452954  1.0383466998459594 16.159885820081033 -6.5433434150836671 136.98727360543614  1.0383466998485011 16.206542451747016 -6.5272401634236363 136.96332255871587  1.0383466998470878 16.265184062045165 -6.5123875231265398 136.93194452318545  1.0383466998475832 16.406826385965061 -6.4804105023928606 136.86606688108012  1.0383466998474724 16.590758739943038 -6.4359815002310059 136.81339137384023  1.0383466998474979 16.686088708673189 -6.4082789144430112 136.79852098680723  1.0383466998476547 16.775046771641232 -6.3730729369582022 136.80099998680575  1.0383466998471473 16.844401686376568 -6.3287399799858592 136.81938941042498  1.0383466998480047 16.882768125561405 -6.2773119873857413 136.84767556070503  1.0383466998470536 16.883154348871944 -6.2233373177108202 136.87748068635747  1.0383466998477819 16.840185439850092 -6.172546571562763 136.90109839887901  1.0383466998474038 16.745541918462276 -6.135675071290823 136.91896468004057  1.0383466998475148 16.573586327243731 -6.1329690396687839 136.95343278147658  1.0383466998475261 16.346605282140402 -6.1870130736548843 137.04909551968274  1.0383466998474844 16.323500595963388 -6.1929606495900416 137.05927168730054  1.0383466998477169 16.299971157803217 -6.1994656458604283 137.07012599091482  1.0383466998469946 16.276080481764733 -6.2065197449615308 137.0816910607036  1.0383466998482522 16.251893474680259 -6.214111094895137 137.09399715768555  1.0383466998467565 16.227476131402216 -6.222224295156245 137.10707170549495  1.0383466998480548 16.202895230116432 -6.2308403826788181 137.1209388221703  1.0383466998472117 16.178218027632806 -6.2399368178280916 137.13561885192769  1.0383466998476181 16.153511954695819 -6.24948747035093 137.15112789694768  1.0383466998474813 16.12884431128111 -6.2594626053563154 137.16747734915256  1.0383466998475062 16.081712245759856 -6.2745499929897735 137.19931757831031  1.0383466998474284 16.036412196085116 -6.2897047841501061 137.23295164965236  1.0383466998477973 15.994223526970506 -6.3039143462805205 137.26761746076971  1.0383466998469006 15.956355526567382 -6.3157889382923118 137.30153445399179  1.0383466998483639 15.924074662891313 -6.3239890060034396 137.33320410854245  1.0383466998466258 15.898442720053696 -6.3270864346765414 137.36053269702839  1.0383466998481787 15.880458175396353 -6.3233284488096162 137.38013047002701  1.0383466998471329 15.871682087176762 -6.3106613479521894 137.38797944895498  1.0383466998476367 15.874718670622849 -6.2872597658994716 137.38150002381425  1.0383466998474995 15.909700626862454 -6.2181315125414587 137.34226911382729  1.0383466998474775 15.995041565647101 -6.1155554877182503 137.27157896988612  1.038346699847571 16.048243438591928 -6.0587316893233591 137.23347336111644  1.0383466998472117 16.108597991203521 -6.0005570776318731 137.20007935474538  1.0383466998480659 16.15893565227244 -5.9522702489946298 137.18325034038264  1.0383466998468378 16.191925201669683 -5.9143286184581099 137.17521554472538  1.0383466998480575 16.211454120808227 -5.8829969042263333 137.16991373989839  1.038346699847196 16.221728984399576 -5.8574164685713797 137.17040909996996  1.0383466998476092 16.223994286436085 -5.8355865736788264 137.17256200989223  1.0383466998475028 16.219048083993865 -5.7912061323109469 137.18108571369865  1.0383466998474862 16.203085114357233 -5.7519847721498412 137.19297311691923  1.0383466998475495 16.193346200468294 -5.7303779933877594 137.19975478903058  1.0383466998473367 16.180461575370746 -5.7097896406415769 137.20759067649624  1.0383466998478228 16.179161172877919 -5.6845634059072934 137.21133990425918  1.0383466998471225 16.155835728648395 -5.6681608506391443 137.22256038625108  1.038346699847853 16.153870409738719 -5.6425205381943648 137.22655520194783  1.0383466998472555 16.142881550248177 -5.6207274025698037 137.23348915685133  1.0383466998476574 16.137446044323976 -5.5966643849958668 137.23847379211742  1.0383466998474322 16.133774109193229 -5.5701590624466855 137.24300321599145  1.0383466998475426 16.133314460164392 -5.5430969436488855 137.24633698942569  1.0383466998474917 16.133298009483575 -5.5410818775977271 137.24657827142534  1.0383466998476034 16.133299246960394 -5.5390640279723149 137.24681298099546  1.0383466998473259 16.133318131365964 -5.5370435445989656 137.2470411398136  1.0383466998477202 16.133354617470093 -5.5350205788628273 137.24726277146169  1.0383466998473154 16.133408656097711 -5.5329952835943894 137.24747790138099  1.0383466998476409 16.133480194169255 -5.5309678129676252 137.24768655682851  1.0383466998474331 16.133569174756769 -5.5289383223869084 137.24788876683203  1.0383466998475341 16.133675537127491 -5.5269069683821996 137.24808456214609  1.0383466998475004 16.133799216795595 -5.5248739084996688 137.24827397520752  1.0383466998475062 16.122983223299698 -5.5074699948813723 137.25446196324495  1.0383466998474933 16.114808545582996 -5.4893138107809039 137.25976138240708  1.0383466998475672 16.10903754890434 -5.4706434054692341 137.26418461046254  1.038346699847351 16.105419570820139 -5.4516691443413983 137.26777542706043  1.0383466998477671 16.103692898508715 -5.4325715612417671 137.27060345379823  1.0383466998471886 16.103586746084009 -5.4134992107846278 137.27275859429176  1.0383466998478017 16.104823231924168 -5.3945665206811491 137.27434547424241  1.0383466998473001 16.107119355983333 -5.3758516440592334 137.27547788150721  1.0383466998476032 16.110188977118625 -5.357394311789955 137.27627320616674  1.0383466998474873 16.125449460500224 -5.2792826835617594 137.27873524462561  1.0383466998475364 16.144388169989767 -5.2050969730629841 137.2791024244778  1.0383466998474649 16.161040060502593 -5.1495492588632787 137.27818905062077  1.0383466998475681 16.18003504513068 -5.0945235130170801 137.27604392023704  1.0383466998474873 16.201700369794718 -5.0394574021807639 137.27257842161811  1.0383466998474298 16.226367428331532 -4.9840812699746904 137.26767892830588  1.0383466998476518 16.25430050184184 -4.9283639682423805 137.26123404594736  1.0383466998473596 16.285656531143193 -4.8724164533987739 137.2531581023361  1.0383466998476021 16.320472162190775 -4.8163899210948466 137.24340671534603  1.0383466998474702 16.390623859419563 -4.713583656630763 137.2224240099091  1.0383466998475457 16.471680921522086 -4.6112156359189376 137.19590205690812  1.0383466998474637 16.511003795139839 -4.5649434752140099 137.18258519554624  1.0383466998476896 16.55277195092301 -4.5192504827299693 137.16798047188439  1.0383466998471373 16.596951113324533 -4.4743423193788416 137.15206991915883  1.0383466998479833 16.643444389805879 -4.4303795417858129 137.1348689156593  1.0383466998470665 16.692079841796215 -4.3874287673802472 137.11643551471082  1.0383466998478004 16.742575316844007 -4.3453864450552473 137.09688782581398  1.0383466998473745 16.794480541990563 -4.3038752314112259 137.07642944695669  1.0383466998475341 16.874448807529394 -4.2404029141510833 137.04444195177052  1.0383466998475028 16.953630589552397 -4.1732429570767087 137.01221181243088  1.0383466998474917 16.980785914061855 -4.1500579631461481 137.0010784542832  1.0383466998475632 17.008162843782156 -4.1268820197197984 136.98976049694471  1.0383466998474744 17.035866517602255 -4.1038899459536218 136.97820350322246  1.0383466998474269 17.063943927248072 -4.0811815075773721 136.96638089080579  1.0383466998476869 17.09238659556808 -4.0587797128306855 136.95429300899147  1.0383466998473143 17.121149617941782 -4.0366546104658401 136.9419582313848  1.0383466998476365 17.150187066789304 -4.0147725898204136 136.92939606456133  1.0383466998474482 17.197459889435677 -3.9799405746248868 136.90876622525519  1.0383466998475717 17.245780393565614 -3.9463815586262325 136.8873759484421  1.0383466998474367 17.264140038976826 -3.9336163669570521 136.8792124470263  1.0383466998478659 17.282372357672497 -3.9206456056827008 136.87107330969167  1.0383466998467215 17.300379164235434 -3.9073299905638925 136.86300423092186  1.0383466998485988 17.318112355789157 -3.8936023243128846 136.85502715145884  1.0383466998464519 17.335582667811217 -3.8794815111551313 136.84713645391454  1.0383466998482254 17.352861807882984 -3.8650766644732433 136.83929782910167  1.0383466998471784 17.370077967381082 -3.8505813074970496 136.8314498130774  1.0383466998475794 17.407924096898366 -3.8192947392150329 136.81410280986125  1.0383466998474438 17.447257775318395 -3.7902840973914294 136.79582888993698  1.0383466998475575 17.46884671577579 -3.774983502648471 136.78572729164358  1.0383466998474 17.490384099853976 -3.7596508362997372 136.77561781800631  1.0383466998476489 17.513164955338439 -3.7462246817604838 136.76476401160772  1.0383466998473638 17.531644506694246 -3.7265130765005368 136.75607126631203  1.0383466998476338 17.557121255543848 -3.7171869464583751 136.74379999067051  1.0383466998474091 17.573137255364518 -3.694052869200672 136.73605792329525  1.0383466998475612 17.59136606297858 -3.6742648062063896 136.72722703266172  1.0383466998474862 17.608458153097775 -3.6529155617893325 136.71893577108048  1.0383466998475104 17.625173971834108 -3.6311379742975336 136.71082152016285  1.0383466998475064 17.636228019847469 -3.6269353127644961 136.70533331919373  1.0383466998475861 17.646998224187019 -3.6223210997801742 136.69999114351225  1.0383466998471986 17.657509799900136 -3.6173368661377565 136.69477610249385  1.0383466998481925 17.667788000649939 -3.6120233819686307 136.68967094889965  1.0383466998464335 17.6778580952375 -3.6064207144379057 136.68465983738523  1.0383466998487516 17.687745344121392 -3.6005682854313892 136.6797280830111  1.0383466998464161 17.697474975940708 -3.5945049292543652 136.67486191975064  1.0383466998482043 17.707072164034237 -3.5882689503173144 136.67004825900116  1.0383466998472202 17.716562002963208 -3.5818981808332961 136.66527444809185  1.0383466998475435 17.753975479585403 -3.5561744335049545 136.64639797868756  1.0383466998474866 17.790479663188435 -3.5294967644900388 136.62775695842191  1.0383466998474962 17.817339875097701 -3.5090806626505056 136.61390907897916  1.0383466998475881 17.843772228517579 -3.4882960222898158 136.60014641245644  1.0383466998473478 17.86980968196589 -3.4672140656792068 136.58645175878615  1.038346699847708 17.895483680817765 -3.4459028474946503 136.57280964659125  1.0383466998473172 17.920826955192659 -3.4244307616892855 136.55920455051071  1.0383466998476323 17.94587631783914 -3.4028700483832419 136.54561910852607  1.0383466998474602 17.970675462021404 -3.381300300737768 136.53203233928738  1.0383466998474977 18.028817613825826 -3.3305173327373212 136.49985749229154  1.0383466998475568 18.086228124107318 -3.2807745259838548 136.46734039800509  1.0383466998474145 18.118987297978819 -3.2523022326263726 136.44852340575648  1.0383466998478486 18.151292334393467 -3.2239609093112507 136.42969295385879  1.0383466998468436 18.183065915709911 -3.195688184242107 136.41088646261431  1.0383466998483897 18.214247462821401 -3.1674471758963527 136.39213367448201  1.0383466998466537 18.244791680026552 -3.1392230063558153 136.37345729279679  1.0383466998480804 18.274667099917011 -3.1110193145909766 136.35487362045609  1.0383466998472799 18.303854628246526 -3.0828547697941295 136.33639319864054  1.0383466998475144 18.373006626575524 -3.0146645768103362 136.29180287520268  1.0383466998475785 18.438065754441592 -2.9471084144164528 136.24785820688609  1.0383466998473523 18.474751408610668 -2.9075277876331147 136.22232233009836  1.0383466998480895 18.50974199341978 -2.8680565538910474 136.19716057334654  1.0383466998464135 18.542936883701532 -2.8287000296032434 136.17243467342701  1.0383466998488606 18.574261137908191 -2.7894930967170146 136.14819648291265  1.038346699846318 18.60366506285655 -2.7504922661022886 136.12448741305909  1.0383466998482369 18.631123778469348 -2.7117677409459215 136.10133787669253  1.038346699847229 18.656636782517428 -2.6733954801415494 136.07876673111838  1.0383466998475313 18.732444758604903 -2.5514566645733647 136.00811547414773  1.0383466998475346 18.788887483413877 -2.4345746929500973 135.94344534800209  1.0383466998474091 18.818143952477687 -2.3564256763002156 135.90218601433509  1.0383466998479101 18.837789471257963 -2.2804162086184805 135.86433392961186  1.0383466998466349 18.848115532883348 -2.2066193812849688 135.83000054053247  1.0383466998487751 18.850074346362636 -2.1339655408349789 135.79855019111946  1.0383466998461821 18.844155849697671 -2.0599044116032181 135.76878644498333  1.0383466998485162 18.829015324159389 -1.9814659210061818 135.73983878898719  1.0383466998469477 18.801808736869617 -1.8965902473666822 135.71166885939823  1.0383466998477231 18.760299015129352 -1.8044502327759169 135.68460184683599  1.0383466998474566 18.702305149657104 -1.7046239426487251 135.65911933009727  1.0383466998475064 
15.319742279299396 -6.6953500879419892 137.87048482652418  0.85353433019614966 15.338558284391191 -6.7510216254394741 138.01422268970111  0.85353433019620928 15.362905610945926 -6.800886269233434 138.11565394776193  0.85353433019589675 15.386914557776915 -6.8348009201023059 138.18220259778062  0.85353433019678226 15.405537864125556 -6.8500111317783574 138.22073625334954  0.85353433019505642 15.415569620807664 -6.8482111300142545 138.2355352374814  0.8535343301975209 15.416195381631919 -6.8333294856575906 138.22818613529384  0.85353433019489322 15.409084014086723 -6.8099344704143938 138.19869349368628  0.853534330196974 15.398031828200898 -6.7821531240543464 138.14710335525231  0.85353433019579517 15.388169522587821 -6.752998061726764 138.07493231363009  0.85353433019621405 15.381315450580288 -6.6949940385457243 137.89645924143332  0.85353433019612857 15.415099566130589 -6.6370633862393449 137.66746572616296  0.85353433019612768 15.44454678543714 -6.6120938513897762 137.55155751730933  0.85353433019635894 15.486108362465163 -6.59236045456674 137.44749731217371  0.8535343301956303 15.529883979213558 -6.5775493977056803 137.36810414224229  0.85353433019693326 15.562433359025095 -6.5685545877692517 137.3223720980192  0.85353433019533931 15.571130961004895 -6.5694912681617215 137.31348064740934  0.85353433019674385 15.546437179038501 -6.5884622461828943 137.34315206763222  0.85353433019585234 15.48719069876157 -6.6361273488283947 137.42260536037929  0.85353433019622871 15.403327606588316 -6.7275039029322095 137.59552732031148  0.85353433019615521 15.357460648529928 -6.8360354787122253 137.87605337206386  0.85353433019611935 15.353339148786 -6.8469696795377111 137.90504122820977  0.85353433019646086 15.349736925081867 -6.8579695810435393 137.93502505132258  0.85353433019537495 15.346722113087171 -6.8689794865876141 137.96596289333149  0.85353433019732017 15.344360134650641 -6.8799420179007393 137.99780896654903  0.85353433019491509 15.342713091574822 -6.8907985415133979 138.0305136121184  0.85353433019710323 15.341839159395997 -6.9014895952195054 138.06402326846936  0.85353433019560854 15.341791981156581 -6.9119553145027748 138.09828043976353  0.85353433019636515 15.342620061185682 -6.9221358589932436 138.13322366434994  0.8535343301960997 15.344366158872862 -6.9319718389043317 138.1687874832127  0.85353433019614944 15.346604336460089 -6.947706646891513 138.23588093460711  0.85353433019610048 15.351221181241488 -6.9599830895650729 138.3028483192638  0.8535343301963263 15.358000268684069 -6.9680198557792483 138.36768544117527  0.85353433019580194 15.365599806175299 -6.9713496613757897 138.42775785871649  0.85353433019659997 15.373064422039082 -6.9694758900589306 138.48049491879911  0.85353433019574398 15.378738386266301 -6.9622720278421948 138.52314874635272  0.85353433019640601 15.379604896159343 -6.950086391316205 138.55222058715844  0.85353433019604408 15.372387966611871 -6.9332135384904676 138.56321630989535  0.85353433019616565 15.356065371245204 -6.9110926394912449 138.55145228116936  0.85353433019616154 15.311440603067348 -6.853491306327232 138.47793218906841  0.85353433019612113 15.261984632719269 -6.7700751562983719 138.3265040090719  0.85353433019619473 15.240534211381121 -6.722297373416068 138.23694607116789  0.85353433019596625 15.228573111648224 -6.6689719857438918 138.14223895328058  0.85353433019646729 15.228689399135893 -6.6177443491773218 138.06951962003114  0.85353433019581915 15.227883564565813 -6.5744951080594776 138.02233966949333  0.8535343301963676 15.22175495388451 -6.5379223290221686 137.99251095403579  0.85353433019607139 15.216097053676364 -6.5045835789689193 137.97717972502591  0.85353433019614688 15.207114775826012 -6.4745176330466538 137.97230720214168  0.85353433019616876 15.184037177639821 -6.4089329102680672 137.97572154578177  0.85353433019610625 15.156834040767849 -6.3431653629379179 137.9954461722273  0.8535343301962155 15.141032554928529 -6.3050156104369579 138.00805156932267  0.85353433019590585 15.124068824102428 -6.2660217799004823 138.02534855685457  0.85353433019661717 15.11021391918878 -6.2205283996785097 138.02792837880159  0.85353433019554437 15.090002099557561 -6.1815443994578327 138.06027013685676  0.85353433019672975 15.075924877211653 -6.1313262256172827 138.06494274127934  0.85353433019572567 15.05948464548727 -6.082436274115615 138.08228967528396  0.85353433019638547 15.045048828227928 -6.0287061534324939 138.09303272685347  0.85353433019605507 15.030847776576501 -5.9670605495848097 138.10261836274239  0.85353433019618419 15.018811415315543 -5.9012412163901553 138.10896528449632  0.85353433019614056 15.017928624488984 -5.8963243402207857 138.10941935146258  0.85353433019619718 15.017058151842878 -5.8913844425880617 138.10985564299304  0.85353433019607605 15.016200175064744 -5.8864215532947952 138.11027422983619  0.85353433019620917 15.015354873224283 -5.8814357046746792 138.11067518670353  0.85353433019613523 15.014522426740207 -5.8764269316154287 138.11105859213734  0.85353433019612412 15.013703017372761 -5.8713952715769526 138.11142452838448  0.85353433019618485 15.012896828186241 -5.8663407646177204 138.11177308126446  0.85353433019612823 15.012104043540138 -5.8612634534111088 138.11210434004184  0.85353433019615554 15.011324849058116 -5.8561633832709994 138.11241839729601  0.85353433019614944 14.999910777234629 -5.8089300666658321 138.13103756293998  0.85353433019612557 14.990421384053384 -5.7605180265063884 138.14643368249111  0.85353433019625136 14.982776515307656 -5.7111893280625372 138.15889540642422  0.8535343301959063 14.976903729182416 -5.6611890139467249 138.16872494359541  0.85353433019654723 14.972734397795326 -5.610743553886187 138.17623666273809  0.85353433019566782 14.970199808758409 -5.560059294470368 138.18175569395396  0.85353433019659242 14.969227266711309 -5.5093209089323985 138.18561653021177  0.8535343301958509 14.969736194886067 -5.4586898468928515 138.18816162883653  0.85353433019627989 14.971634236643654 -5.4083027841372386 138.18974001300799  0.85353433019612934 14.985278067157033 -5.1935774021526395 138.19388519528044  0.85353433019617375 15.020167244374653 -4.98689782560393 138.19334163243698  0.85353433019612579 15.058312108720017 -4.8351295702536792 138.18983381304071  0.85353433019615499 15.105946192031592 -4.6916277792454002 138.18334445423989  0.85353433019623892 15.161019042774431 -4.5570866562432659 138.17419185932005  0.85353433019591929 15.221695042725759 -4.4314153666686256 138.16273603533304  0.85353433019646419 15.286518585161163 -4.3139845374961876 138.14927440221081  0.853534330195869 15.354429910169616 -4.2039522773837099 138.13399753335065  0.85353433019631375 15.424686438462246 -4.1005366143473303 138.11700202206561  0.85353433019609759 15.557008638073269 -3.9216132364556162 138.08276467298083  0.85353433019619562 15.693894855694669 -3.7604123990660132 138.04351052906091  0.85353433019611047 15.756973298957318 -3.6903755090206931 138.02428126200743  0.85353433019629998 15.820613211971724 -3.6234495794052499 138.00347220500467  0.85353433019584768 15.884662646531096 -3.5594054470699419 137.98091459546154  0.85353433019654734 15.948981995843681 -3.4980443074745624 137.95651633600772  0.85353433019577563 16.013438896862901 -3.4391675335818626 137.93031959572778  0.85353433019640257 16.077907911225665 -3.3825254836736827 137.90259882822755  0.8535343301960342 16.142274984860041 -3.3277452981078346 137.87399920652697  0.8535343301961773 16.239806265490905 -3.2464218187464375 137.831012211949  0.85353433019614022 16.336750441405691 -3.165912877319141 137.79329066566837  0.85353433019614389 16.369845483838532 -3.138571765164456 137.78066140312623  0.85353433019615899 16.40286949326719 -3.1115362518785528 137.76797315892944  0.85353433019621139 16.435808190622815 -3.084892027924639 137.75497458959416  0.85353433019594882 16.46864422686242 -3.0586839512490078 137.74152915656967  0.85353433019644376 16.501359680437062 -3.0329142515952578 137.72761381399815  0.85353433019588254 16.533937152534875 -3.0075560129233243 137.71328222489961  0.85353433019630987 16.566359460015075 -2.9825819339668587 137.69859250578986  0.85353433019608682 16.618359733338256 -2.9429573453046962 137.67425521054219  0.85353433019621161 16.669847462577639 -2.9046843873755277 137.64811105169869  0.8535343301960916 16.689331359273304 -2.8902235744952431 137.63821477066867  0.85353433019643665 16.708744247893769 -2.875726433133678 137.6286226127767  0.85353433019551872 16.72808861875161 -2.861106750966766 137.61953279870195  0.85353433019704494 16.74736597347724 -2.8463208129019111 137.61103943479515  0.85353433019526825 16.76657552294456 -2.8313767067542335 137.60311378271371  0.85353433019675762 16.785712844670943 -2.816337358224251 137.59559933859583  0.85353433019587421 16.80476849964904 -2.8013172951673537 137.58822072177369  0.85353433019620728 16.846177956617648 -2.768893789400197 137.57158899722731  0.85353433019610725 16.887008550203522 -2.73818236127449 137.55177520016684  0.85353433019617531 16.908969592153909 -2.7218899669053882 137.54044607338594  0.85353433019613711 16.930812771341529 -2.7056937588284442 137.52919321189535  0.85353433019609481 16.952269659778821 -2.6907368287224598 137.51525975801326  0.8535343301962961 16.974130637273216 -2.6720923706530417 137.51028174582345  0.85353433019596614 16.994975854353459 -2.6598818944108427 137.49061698610055  0.85353433019629832 17.01656965247544 -2.6392818990763844 137.49053681344697  0.85353433019606484 17.037818817020586 -2.6208585546083252 137.48576767959923  0.8535343301961833 17.059041106990637 -2.6016019150826182 137.4832662269601  0.853534330196142 17.080162477633259 -2.5822108030653066 137.4814364026758  0.85353433019614966 17.089026371999335 -2.5768852637834803 137.47291681459504  0.85353433019620972 17.097900655181512 -2.5713419355393885 137.46498729280108  0.85353433019591596 17.106778117143367 -2.5655997960580743 137.45758745010403  0.85353433019667457 17.115652682103622 -2.5596789216287106 137.45065846773204  0.85353433019531988 17.124519217808256 -2.553600308322947 137.44414293424524  0.85353433019712566 17.13337334480477 -2.5473856932097623 137.43798468445075  0.85353433019528246 17.142211245713955 -2.5410573755772079 137.43212863831633  0.85353433019671432 17.151029474503968 -2.5346380381436417 137.4265206398853  0.85353433019591041 17.15982476576275 -2.5281505682814962 137.42110729619054  0.85353433019618619 17.19469931563459 -2.5021701191708465 137.40014266472852  0.85353433019611002 17.229104284197238 -2.4758344502855163 137.3805938189881  0.85353433019618952 17.254577839364824 -2.4559714758280689 137.36663527327033  0.8535343301960796 17.279754805377166 -2.4360048146711621 137.35324908105164  0.85353433019626268 17.304619542285764 -2.4159780327137015 137.34034338868457  0.85353433019600478 17.329156380644559 -2.3959346756310103 137.32783152048077  0.85353433019628799 17.353349052498928 -2.375920309349322 137.31562654966646  0.8535343301960524 17.377180122372089 -2.3559845605720917 137.3036358693366  0.85353433019619873 17.400630418254792 -2.3361831572560385 137.29175576341117  0.85353433019613301 17.455099432744014 -2.2898553073667656 137.2636568537273  0.85353433019617853 17.507185823581338 -2.2450480965727713 137.23470955933709  0.85353433019610936 17.536418449552446 -2.2196420421540526 137.21792700324403  0.85353433019626257 17.564814274554145 -2.1946334939260281 137.20121589454646  0.85353433019598179 17.59234883506576 -2.169997620191487 137.18469329394455  0.85353433019631719 17.618996381693641 -2.1457270376470259 137.16844222201129  0.85353433019603353 17.644730160861691 -2.1218301854701549 137.1525160391806  0.8535343301961934 17.669522696509791 -2.0983296994185205 137.13694282574534  0.85353433019616409 17.693346071784553 -2.075260785916849 137.12172976184496  0.85353433019611702 17.748747693571168 -2.0204294123925588 137.08565738893975  0.85353433019623637 17.798110047844176 -1.9687390184913471 137.05152505502068  0.85353433019600888 17.824992280221661 -1.9394544315917117 137.03234228230886  0.85353433019663405 17.84968019723031 -1.9113436036869356 137.0142167951185  0.85353433019527092 17.872129655854962 -1.8845070954298726 136.99727759841389  0.85353433019720648 17.892310190555939 -1.8590743371352907 136.98161562681005  0.85353433019525771 17.910210752667567 -1.8351969579317329 136.9672873284031  0.85353433019667568 17.925845449801756 -1.8130421148882259 136.95431824860302  0.8535343301959557 17.939259285246113 -1.7927858221655555 136.94270661396416  0.8535343301961682 17.975489847968149 -1.7343665142301865 136.90967317234845  0.85353433019616054 17.990910637240578 -1.6991863158603757 136.88992228055872  0.85353433019610059 17.993123080791445 -1.6872494087983689 136.88355203626989  0.85353433019637392 17.989494761127354 -1.6878104075459666 136.88420013391632  0.85353433019564273 17.983226935172759 -1.7018194538392826 136.89162720691345  0.85353433019690994 17.979771022628164 -1.7264787034452216 136.9031253314073  0.85353433019533498 17.9832150625029 -1.7540106883135558 136.91404488717865  0.85353433019679115 17.991560151203174 -1.7749500806907323 136.92068247027996  0.85353433019577984 17.997602369940463 -1.7826296946424667 136.92206123256204  0.8535343301962981 17.995881723444 -1.7746702677958637 136.91857307743081  0.85353433019611569 17.981057340886434 -1.7501494192423011 136.91118586133064  0.85353433019614966 
15.676406017465373 -7.9182154733890666 138.35622377069012  1.0383466998475068 15.802115604653148 -7.9842366908660685 138.39351711715287  1.0383466998475748 15.91886542772817 -8.0174754422975063 138.41952655661322  1.0383466998472208 16.020569124283153 -8.0205849484842364 138.44433943176392  1.0383466998482171 16.103652553675538 -7.9986297555940258 138.47291028216824  1.0383466998462916 16.165816907694254 -7.9568813193649337 138.50628212642954  1.038346699849005 16.205650375560726 -7.8999730295713899 138.54271378916496  1.0383466998461728 16.222772963229307 -7.8319228836810186 138.57872091754226  1.0383466998483464 16.218199066807124 -7.7565320189146902 138.61003833219098  1.0383466998471651 16.194602400075674 -7.6776673116010192 138.63251135723647  1.038346699847565 16.117733351814227 -7.5202051944250883 138.65333619129797  1.0383466998474855 16.00079106344921 -7.3709715421599116 138.61989644015151  1.0383466998474915 15.94170349088713 -7.3038880712960665 138.5900034311322  1.0383466998476729 15.891752280038451 -7.2473545338362273 138.55118079277838  1.0383466998471071 15.856928516548829 -7.2028034636107714 138.51465512437102  1.0383466998480686 15.838661548276338 -7.1689384026065319 138.4932933003615  1.0383466998469846 15.834612193605482 -7.1444178568482908 138.49786532631779  1.038346699847839 15.843191946914471 -7.1297773114224823 138.53735190217671  1.0383466998473712 15.872184611966208 -7.1225092509024801 138.61987715438067  1.0383466998475257 15.952483659345592 -7.1049314368814223 138.76081616177069  1.0383466998475273 16.111971410632183 -7.0429965000313022 138.92188107371209  1.0383466998474802 16.128646007681496 -7.0363465712399531 138.93806825861182  1.0383466998477655 16.146095184274653 -7.0291821335553006 138.95432904020677  1.0383466998468729 16.164308180988165 -7.0214688419171658 138.97059854243631  1.0383466998484403 16.183270763653649 -7.0131745956123748 138.98681131267892  1.0383466998465543 16.20296506297457 -7.0042698794832017 139.00290176577727  1.0383466998482167 16.223369414126747 -6.9947281051049677 139.01880462804053  1.0383466998471171 16.244458196376051 -6.9845259519983216 139.03445538127119  1.0383466998476576 16.266201672681273 -6.9736437088101368 139.04979070677072  1.0383466998474726 16.288565829307402 -6.9620656145172584 139.06474892936001  1.0383466998475066 16.327459246717972 -6.9340474602613673 139.09537739840349  1.0383466998474411 16.366008094718687 -6.9032562366078789 139.12401964309362  1.0383466998477471 16.40279984944338 -6.8701097862971583 139.1498939281453  1.0383466998470197 16.435628691893985 -6.8356439791232733 139.17275345508483  1.0383466998481754 16.46252808167171 -6.8008219946354904 139.19211832650507  1.0383466998468447 16.481198854034172 -6.7669795119140943 139.2079678885919  1.0383466998479924 16.4883609489614 -6.7361411563118585 139.22100144221716  1.0383466998472464 16.479972883248344 -6.7105912350552099 139.2317828735529  1.0383466998475956 16.452679078992634 -6.6917294756712371 139.2392923160005  1.0383466998475026 16.359843249376986 -6.6660508507276663 139.24193871572305  1.0383466998474864 16.212775876058863 -6.6539718397468999 139.21566679258109  1.0383466998475519 16.131216654185188 -6.6488053038848163 139.19451245866605  1.0383466998473172 16.049809102217029 -6.6407319421580704 139.16453184226614  1.0383466998478144 15.987741210405771 -6.6243832272837402 139.13468453762857  1.0383466998472275 15.942403978572457 -6.6038179433582425 139.11545983279265  1.0383466998476392 15.906566665019545 -6.5817771659311557 139.10663084900762  1.0383466998475102 15.880500282591113 -6.5564831554455125 139.10293780581361  1.0383466998474571 15.860081661445003 -6.5299710223061789 139.10541556680548  1.0383466998475392 15.822330893768516 -6.4668798273832078 139.11799866754237  1.0383466998474524 15.793735320991374 -6.3986471265590055 139.13866566709407  1.0383466998475814 15.778600319157617 -6.3592262852206876 139.15093555526323  1.0383466998472497 15.766258250516465 -6.3182072973222523 139.16539336739473  1.0383466998479818 15.745322248370995 -6.2769169780593952 139.17227717967864  1.0383466998469111 15.742205892881413 -6.2318834245291104 139.19414043671014  1.0383466998480715 15.723173728419447 -6.187564718933122 139.20160688698786  1.0383466998470814 15.712156479885717 -6.1405230093928846 139.21545027633763  1.0383466998477657 15.697994241311413 -6.0921523546181913 139.22575641685313  1.0383466998473834 15.682576153340214 -6.0377779726678362 139.23572852812589  1.0383466998475646 15.666777438863674 -5.9809137611560734 139.24389186417196  1.0383466998474842 15.665600863455852 -5.9766718817983691 139.24448885226914  1.0383466998476742 15.664422592276308 -5.9724159930440077 139.24507588947384  1.0383466998471427 15.663242837262723 -5.968145972764745 139.24565300186157  1.0383466998480104 15.662061815398463 -5.9638616992216917 139.24622021664868  1.0383466998469948 15.660879748668668 -5.9595630511806812 139.24677756212458  1.0383466998479027 15.659696863968753 -5.955249908047918 139.24732506761185  1.038346699847277 15.658513393062961 -5.9509221499834473 139.24786276339768  1.0383466998476008 15.657329572500375 -5.9465796580344419 139.24839068068906  1.0383466998474844 15.656145643560276 -5.9422223142540851 139.24890885155196  1.0383466998475066 15.653628486573771 -5.8988707500066866 139.26162309259473  1.0383466998475011 15.650610810490837 -5.8554555515102438 139.27246610864933  1.038346699847535 15.647261016091443 -5.8119386208675898 139.28164944545412  1.038346699847442 15.643766448726264 -5.7682964844396025 139.28936364872848  1.0383466998475945 15.640328430147488 -5.7245212511909074 139.29578275118519  1.0383466998474316 15.637157290323675 -5.6806215710445578 139.3010687595395  1.0383466998475512 15.63446739928019 -5.6366235932240176 139.30537614152172  1.0383466998474866 15.632472198906612 -5.5925719246098762 139.30885631288703  1.0383466998475122 15.631379234798221 -5.5485305880825191 139.31166212442699  1.038346699847509 15.631404784453172 -5.35992494017753 139.32149108081614  1.0383466998474846 15.655001941504876 -5.1750114886711032 139.32493971004121  1.0383466998475617 15.685875210688115 -5.0378242946314842 139.32362705730523  1.0383466998473148 15.727575264845806 -4.9072287566108228 139.31856557284038  1.0383466998479347 15.777925697419644 -4.7842804681415165 139.31017629249635  1.0383466998468602 15.834910772007252 -4.6691400719110678 139.29893726160759  1.0383466998481921 15.896873406159218 -4.5613165408039222 139.28527627715661  1.0383466998469855 15.962567547616411 -4.4600137011006584 139.26951344233697  1.0383466998477828 16.031110776947756 -4.3644411094070525 139.2518554696307  1.0383466998474205 16.161071800930873 -4.1982703958250491 139.21620901860607  1.0383466998475901 16.296973440397682 -4.0469318737099167 139.17525382110935  1.0383466998474271 16.359632019009723 -3.9805741627070921 139.15540215122542  1.0383466998478295 16.422721016630831 -3.9163251699705444 139.13427778718528  1.0383466998468402 16.485996641607439 -3.853780418234487 139.11182083133184  1.0383466998484168 16.549287187489536 -3.7926038253512639 139.08799685779184  1.0383466998466133 16.612501551197539 -3.7325533845555703 139.06283177359404  1.0383466998481463 16.675664156078117 -3.673518119630935 139.03646963608065  1.0383466998471884 16.738976279909799 -3.6155663150408976 139.00925342650982  1.0383466998475983 16.83613642342738 -3.5296017024498467 138.96757211147118  1.0383466998474582 16.936669020450505 -3.4482733856946068 138.92789244738222  1.0383466998475197 16.971266820777618 -3.4208546091328182 138.9143796804284  1.0383466998474542 17.005898376081365 -3.3936926469461612 138.90075395340762  1.0383466998477033 17.040424905169065 -3.3666751890798952 138.88688412543792  1.0383466998471038 17.074763418754348 -3.3397336525956742 138.8726992780087  1.0383466998480098 17.108885957210074 -3.3128435080814573 138.85818863151755  1.0383466998470927 17.142801389413425 -3.2860108252558029 138.84338223237617  1.0383466998477366 17.176519772664914 -3.2592450377012714 138.82831241070502  1.0383466998474262 17.23050507538218 -3.2161478848435183 138.80355039243383  1.0383466998475788 17.283442208041052 -3.172837545304279 138.77763853026548  1.0383466998474444 17.303539580757064 -3.1564661250028609 138.76778715536994  1.0383466998477997 17.323756040290949 -3.1402742156824859 138.75807245597764  1.0383466998468796 17.344186469689152 -3.1243342177333129 138.74860247651878  1.0383466998483701 17.364874910947627 -3.1086790480704716 138.73942913964027  1.0383466998466844 17.385804810264641 -3.093295264788257 138.73053768083983  1.0383466998480571 17.40689585425503 -3.0781212879352 138.72184400691947  1.0383466998472628 17.428007397110616 -3.0630507163900464 138.71319997828272  1.0383466998475566 17.473748183691225 -3.0300465870452418 138.693992978457  1.038346699847472 17.517603822978181 -2.9960638674909874 138.6729824238939  1.0383466998475264 17.540988037536536 -2.9774799822074889 138.66125258996195  1.0383466998475113 17.564329738159604 -2.9589947466310602 138.64950965777135  1.0383466998474242 17.586119303555996 -2.9395453130860045 138.63637781660134  1.0383466998476814 17.612499223028568 -2.9235426120709458 138.62788149423235  1.0383466998473119 17.631073041830142 -2.9020796104514064 138.61162498606578  1.0383466998476454 17.659643634373428 -2.8879760482716752 138.60579596262374  1.0383466998474415 17.685690081864209 -2.872182995912945 138.59739278671802  1.0383466998475264 17.712797033170229 -2.8572972138163908 138.59012684285929  1.0383466998475028 17.740138577642888 -2.8427207603318956 138.58313903972385  1.0383466998475068 17.748198203708974 -2.8333429944212996 138.57603537289833  1.0383466998475852 17.756537086183187 -2.8242065969958641 138.56922662534907  1.0383466998472035 17.765123964063228 -2.8152845231647423 138.56268554824754  1.0383466998481843 17.773928407919374 -2.8065513315086155 138.55638445265811  1.0383466998464421 17.782920697051555 -2.7979829892194172 138.55029532743654  1.0383466998487521 17.79207169664112 -2.7895566772595548 138.54438995715114  1.0383466998464086 17.801352734909635 -2.7812505954951612 138.53864003997222  1.0383466998482129 17.810735480270239 -2.773043767856751 138.53301730559738  1.0383466998472166 17.820191818485291 -2.7649158474769515 138.52749363314416  1.0383466998475439 17.857980839501302 -2.7328257984739524 138.50580922962027  1.0383466998474902 17.896047044685655 -2.7013576801684125 138.48481663921595  1.0383466998474886 17.924625741364967 -2.6780987234027829 138.46943028753387  1.0383466998476147 17.953225281644599 -2.6550915497632275 138.45431875615  1.0383466998472928 17.981787134287252 -2.6322964177721442 138.43943376306242  1.0383466998477882 18.010254258567624 -2.6096767380265713 138.42472927006347  1.0383466998472364 18.038567869845959 -2.5871971317708673 138.41015910029429  1.0383466998476925 18.066664205142072 -2.5648214894644639 138.39567455581559  1.0383466998474293 18.094471288708082 -2.5425110293554183 138.38122203516221  1.0383466998475088 18.159306516970076 -2.4898366222981072 138.3469984491133  1.0383466998475395 18.221512396621062 -2.4370049183901266 138.31221959575834  1.0383466998474395 18.256586111900461 -2.4065454285777355 138.29208237134787  1.038346699847764 18.29089304133964 -2.3761556635415748 138.27195661818163  1.0383466998470026 18.324457342103052 -2.3458740225827523 138.25190735986715  1.0383466998481947 18.357285446312193 -2.3157268009534246 138.23198118258776  1.03834669984682 18.389367732281126 -2.2857304291829679 138.21220895668097  1.0383466998479858 18.420680195752258 -2.2558937123660834 138.19260855823066  1.0383466998473116 18.451186121129069 -2.2262200694954624 138.17318759064392  1.0383466998475142 18.523153985773192 -2.1545952405048547 138.12648633101489  1.0383466998475717 18.589752795881907 -2.0839289211440311 138.08081424314562  1.0383466998473683 18.627067540867518 -2.0427901838339086 138.05443795117378  1.0383466998480286 18.662524562436801 -2.0021314124101428 138.02863659317771  1.0383466998465376 18.696090657323122 -1.9620101340847018 138.00348413084157  1.0383466998486912 18.727717431867159 -1.9224764590817516 137.97903520285544  1.0383466998464854 18.757346140487709 -1.8835758994032559 137.95532843150713  1.038346699848125 18.784912524154723 -1.8453521876393273 137.93238972925599  1.0383466998472752 18.810351648858035 -1.8078500957382504 137.91023560532426  1.0383466998475261 18.88506821159427 -1.689813635696799 137.84159879535108  1.0383466998475346 18.936655830666133 -1.5803021682514056 137.78125005384715  1.0383466998474176 18.961688923488463 -1.5097721314017609 137.74427893762635  1.0383466998478843 18.977096896780875 -1.444365522882932 137.7120168596812  1.0383466998466724 18.983960169840376 -1.3845830516983908 137.68456702785028  1.0383466998487552 18.98442474959262 -1.3291927524385565 137.66088589896572  1.0383466998461626 18.980052941248303 -1.2746229618614047 137.6390010592726  1.0383466998485702 18.969571862229795 -1.2164269036670392 137.617340099892  1.0383466998468944 18.949214705897145 -1.1513942585080339 137.59559025024743  1.0383466998477529 18.91594562699041 -1.0783716974553359 137.57412527859512  1.0383466998474491 18.86676410797023 -0.99691837388758975 137.55360443071407  1.0383466998475068 
16.346268879358728 -8.6684926469910319 137.78349714833979  1.0367296232096115 16.520752081628327 -8.6467561582187482 137.74839134737047  1.0367296232096765 16.676550380305194 -8.5993983521413941 137.73289630253342  1.0367296232093368 16.812683276543694 -8.5358644777686781 137.74061063696089  1.0367296232103005 16.929792031521718 -8.4625423120847802 137.77103363716449  1.036729623208416 17.028345666812822 -8.382890113942624 137.82205317844398  1.0367296232111136 17.107916756744334 -8.2982459660634937 137.89100593637576  1.0367296232082357 17.167243844136998 -8.208962554814331 137.97481041331292  1.0367296232105141 17.204797310807592 -8.1155114374492126 138.06967330882497  1.0367296232092211 17.219565534213917 -8.0192008465150622 138.17086976299839  1.0367296232096861 17.203990789063468 -7.8251013156452993 138.37532624007744  1.0367296232095813 17.105586220802142 -7.6352826601880048 138.56611340318108  1.0367296232095971 17.042460600996996 -7.5434844844294879 138.65055794987708  1.0367296232098033 16.974485799638774 -7.4566012997271116 138.71846190124819  1.0367296232091112 16.914060528277137 -7.3761384223655568 138.7706479648181  1.0367296232103924 16.872069600787306 -7.3003704059452037 138.81204752303734  1.0367296232087753 16.855532808861415 -7.2252801093269614 138.84982386520377  1.0367296232102456 16.869968726442725 -7.1457036568843915 138.89059447921167  1.0367296232092844 16.923233509007265 -7.0520284051957205 138.93358785025865  1.0367296232097007 17.03381120157248 -6.9123000269688362 138.9645213975306  1.0367296232096181 17.183732381830719 -6.7212753114786912 138.9369942642534  1.0367296232095751 17.199008742271218 -6.7017334800918817 138.93364018398097  1.0367296232100001 17.214566875414228 -6.6816907890754251 138.92964582257193  1.0367296232086123 17.230350055450607 -6.6611561929443583 138.92498373637278  1.0367296232111713 17.246300415565329 -6.6401417845630064 138.91962866217565  1.0367296232079155 17.262359231553493 -6.6186627953082358 138.91355792753012  1.0367296232109524 17.278467205423762 -6.59673759529728 138.90675186108462  1.0367296232088397 17.29456474901443 -6.5743876935463312 138.89919420289607  1.0367296232099215 17.310592267599436 -6.5516377381881084 138.89087251476644  1.0367296232095389 17.326490443500685 -6.5285155166494482 138.88177859056134  1.0367296232096113 17.35227534630679 -6.4762872213790583 138.86900643262695  1.0367296232095389 17.375870063412219 -6.4240169884070317 138.85452157633725  1.036729623209881 17.396212738198475 -6.3726195737469702 138.83903757032962  1.0367296232090548 17.412334662958784 -6.3233306005882088 138.82417639476185  1.0367296232103849 17.423206185772759 -6.2773426371402099 138.81131159763413  1.0367296232088403 17.427996473874455 -6.2359152114904983 138.80234222116121  1.0367296232101775 17.425968598826941 -6.2005783022049608 138.80032187224768  1.0367296232093113 17.415901026482054 -6.1731265525268562 138.8088816988481  1.0367296232097105 17.395596212399798 -6.1551791649348901 138.83040044200362  1.036729623209607 17.329817029733828 -6.1391371189966728 138.8973778401114  1.0367296232095933 17.219882147906478 -6.1530075896211187 138.99313378789003  1.0367296232096521 17.155599409002225 -6.1649458993321353 139.04357383538067  1.0367296232094401 17.084830707596939 -6.1782201082807733 139.089786120996  1.0367296232098897 17.02256733588937 -6.1827933048284969 139.1206273557834  1.0367296232093623 16.975638938591029 -6.1781061007444391 139.14278244090934  1.0367296232097312 16.940821504340946 -6.1674688022657262 139.16177384859634  1.0367296232096024 16.914323290572991 -6.1517368694032886 139.1749933201996  1.0367296232095846 16.895214282243636 -6.1326658763656381 139.18616547231917  1.0367296232096288 16.861619340079518 -6.0851152822072478 139.20714935174919  1.0367296232095828 16.839786661777016 -6.0333021457823737 139.22308542249064  1.0367296232096495 16.829069672917139 -6.0042576857557686 139.23127694913995  1.0367296232094907 16.821968085572522 -5.9744512925080437 139.23786243261802  1.0367296232098011 16.805582824803519 -5.9490036615196367 139.24786752138229  1.0367296232094423 16.809673799577627 -5.9157893872854466 139.24990637004865  1.0367296232096901 16.796051714146039 -5.8911191023329081 139.25843766610495  1.0367296232096126 16.791628452323593 -5.8632093870154769 139.26341088258576  1.0367296232095911 16.783636035135686 -5.8375983639233784 139.26962724688656  1.0367296232096159 16.774600472241413 -5.8106840542139269 139.27642681139588  1.0367296232096206 16.764501895541787 -5.7846147141820516 139.28356147978445  1.0367296232096008 16.763745242223592 -5.782680945366419 139.28409378492645  1.0367296232096868 16.762982869901613 -5.7807516036655846 139.28462788606396  1.0367296232094698 16.762214862664365 -5.778826564683702 139.28516375217524  1.0367296232097778 16.761441308057559 -5.7769057025931829 139.28570135044757  1.0367296232094718 16.760662297041556 -5.7749888902261119 139.28624064635289  1.0367296232096985 16.759877923949805 -5.7730759991710592 139.28678160364964  1.0367296232095697 16.759088286446474 -5.7711668998639629 139.28732418446464  1.0367296232096259 16.758293485484657 -5.7692614616842288 139.28786834930489  1.0367296232096084 16.757493625264189 -5.7673595530471058 139.28841405711887  1.0367296232096113 16.760211500059579 -5.7460731523646578 139.28960296287997  1.0367296232095897 16.761590336687821 -5.7256143935692343 139.29121702428466  1.0367296232097061 16.761828256716253 -5.705765992159729 139.29324106082856  1.0367296232093854 16.761134555297584 -5.6863353537365704 139.29563204882538  1.0367296232099743 16.759728082519121 -5.6671564959362524 139.29832402285919  1.0367296232091838 16.757835624749507 -5.6480919703474957 139.30123297725333  1.0367296232099914 16.755690285990109 -5.6290347844535136 139.30426176751328  1.0367296232093657 16.753529869219815 -5.6099103235442014 139.30730501180258  1.0367296232097112 16.751595257746995 -5.5906782726564783 139.31025399238504  1.036729623209601 16.745301646459826 -5.5076607714978092 139.32204571545736  1.0367296232096068 16.752091534283707 -5.4232133728312064 139.32827313424508  1.0367296232096437 16.764634486183027 -5.3583209823865383 139.32988908521634  1.0367296232094572 16.78395039728581 -5.2939290772844974 139.32850982176305  1.0367296232099998 16.809385076051562 -5.2304490291426218 139.32433998509578  1.0367296232089813 16.840274619658647 -5.1680585123535998 139.31760490936196  1.03672962321031 16.876003049593187 -5.1067418906723407 139.30852974936028  1.0367296232090673 16.916037039949661 -5.0463652838778126 139.29732019321588  1.0367296232098968 16.95993947334804 -4.9867579278208733 139.28414848472545  1.0367296232095318 17.047025692800695 -4.878439338218076 139.25660354252236  1.036729623209673 17.14504294189507 -4.7718191352504515 139.22324167884551  1.0367296232095675 17.191581032233678 -4.7233592755021627 139.20700713166022  1.0367296232097631 17.239738581590469 -4.6747697254452234 139.18986207548525  1.0367296232093084 17.289300609319117 -4.6258416298650689 139.17190665541224  1.0367296232100285 17.340106540350046 -4.5764047149796632 139.15320968694161  1.0367296232091803 17.392061218071426 -4.5263708466085015 139.13379886614436  1.0367296232099517 17.445165665694677 -4.4758021382855908 139.11364279490803  1.0367296232094214 17.499567596102366 -4.4250036093250786 139.09262482126206  1.036729623209671 17.58477650949386 -4.3484591372557437 139.05901165390102  1.0367296232095815 17.675376267595215 -4.2756159224599326 139.02194158891007  1.0367296232096155 17.706817091894234 -4.2509353555225928 139.00894944218683  1.0367296232095813 17.738544389955134 -4.2262867027313469 138.99573096418243  1.0367296232097674 17.770431611220211 -4.201509679538467 138.98235206567091  1.0367296232092671 17.802403138551192 -4.1765107878546868 138.96885104855471  1.0367296232100478 17.834431875483045 -4.1512648570111157 138.95523945038397  1.0367296232092493 17.866522564553733 -4.1257938518986972 138.94151087502445  1.0367296232098158 17.898680836712938 -4.1001229482728689 138.9276578094977  1.0367296232095373 17.950582246762753 -4.0583448718980284 138.90514524394055  1.0367296232096819 18.002188187773513 -4.0154506236643037 138.88253993602356  1.0367296232095473 18.021866830032724 -3.9991752660361488 138.87387218284826  1.036729623209925 18.041730187098029 -3.9830834935642767 138.86506295082694  1.0367296232089309 18.061856000342516 -3.9672983980529084 138.8560692401833  1.0367296232105623 18.082278244728652 -3.95187883172748 138.84687177102589  1.0367296232086844 18.102979509212794 -3.9368068887220038 138.83747884053227  1.0367296232102499 18.123889168918918 -3.9219842272362069 138.82792745363273  1.036729623209323 18.144887349090073 -3.9072372323341127 138.8182817272245  1.0367296232096681 18.190598102322109 -3.8746781736947118 138.79719670835502  1.0367296232095773 18.235096240036398 -3.840055524866488 138.77656595786911  1.0367296232096221 18.259004927211322 -3.8208898637501463 138.76543957283732  1.0367296232096641 18.282956406394135 -3.8017383873739292 138.75419523648051  1.0367296232094214 18.305812486219182 -3.7808716355266925 138.74355928574806  1.036729623209953 18.332386018794825 -3.765590651245657 138.73066584832654  1.0367296232092194 18.352823937426443 -3.7410290843901479 138.72120770508093  1.0367296232099279 18.381454475073109 -3.7287606467444356 138.70712878128256  1.0367296232094276 18.408087349611829 -3.7134840073935211 138.6940334406884  1.0367296232096859 18.43562917315279 -3.6995735764624045 138.68030494775792  1.0367296232095944 18.463403711398701 -3.686017055052901 138.66630986348829  1.0367296232096115 18.472491465733608 -3.675188353052945 138.66200363982804  1.0367296232096608 18.481807749759703 -3.6647209173158708 138.65753488087927  1.036729623209429 18.491329924431735 -3.6545777803663966 138.65292210738542  1.0367296232099927 18.50103528481181 -3.6447226087759916 138.64818235861969  1.0367296232090608 18.510901086009198 -3.6351196577689371 138.64333140812431  1.036729623210193 18.520904569100175 -3.6257337258509588 138.63838397943132  1.0367296232091467 18.531022987077566 -3.6165301094051658 138.63335396180921  1.0367296232098886 18.541233630764602 -3.6074745573261122 138.62825462598025  1.0367296232095025 18.551513854763364 -3.5985332256181723 138.62309883986472  1.0367296232096253 18.592585235156491 -3.5632947198170579 138.60242025137987  1.0367296232096066 18.634045456230158 -3.5288086377938854 138.58125040449843  1.0367296232096037 18.665239268842644 -3.5033341367512936 138.56516216383849  1.0367296232096441 18.69653861175976 -3.4781274105335203 138.54886115883372  1.0367296232095726 18.727894157035966 -3.4531219471941461 138.5323727287182  1.036729623209621 18.759257900728024 -3.4282540052527994 138.5157205544418  1.0367296232096428 18.790580732395515 -3.4034594893276089 138.49892837126981  1.0367296232095617 18.821810004638923 -3.3786708257817906 138.48202168138695  1.0367296232096521 18.852887102600718 -3.3538138383555949 138.46502946649855  1.0367296232095915 18.925813029462528 -3.2947100267911251 138.42475072382538  1.0367296232096503 18.997080024050348 -3.2342156277863343 138.38441460753242  1.0367296232095546 19.037687246121145 -3.1989586158582446 138.361093304733  1.0367296232097796 19.077821730573355 -3.1634148889329468 138.33769407761307  1.0367296232093444 19.117498697842226 -3.1276320943542379 138.31420039195049  1.0367296232099008 19.156718767861669 -3.0916350954793521 138.29060339139673  1.0367296232093881 19.195469224506432 -3.055429066645361 138.26690121491924  1.0367296232097203 19.233725280042734 -3.0190025881298697 138.24309831425037  1.0367296232096013 19.27145133956892 -2.9823307411190259 138.21920477132963  1.0367296232095822 19.361620839978354 -2.8926427494846436 138.16102891886908  1.036729623209699 19.448087631698623 -2.8010500982031616 138.10252130414429  1.0367296232094663 19.497630224075035 -2.746581383314771 138.06798559633287  1.0367296232101133 19.545832002139335 -2.6915035470547783 138.03330566119192  1.0367296232087104 19.592627921513479 -2.6357870128756784 137.99848054583848  1.0367296232106762 19.637930091567416 -2.5793755332127106 137.9635190187561  1.036729623208732 19.681627993476486 -2.5221933185220342 137.92843995546161  1.0367296232101149 19.723588698299906 -2.4641521663343058 137.8932727241552  1.0367296232094363 19.763657085036073 -2.405158590294235 137.85805757138809  1.0367296232096217 19.885765427558106 -2.2122297783999429 137.74490647115132  1.0367296232096441 19.98445087696728 -2.0076659345990051 137.63244464787587  1.0367296232095242 20.039977850122966 -1.8609987057327526 137.55550328741296  1.0367296232099499 20.081300910784826 -1.708517662372425 137.47960020476589  1.0367296232088949 20.106401321949587 -1.5498925338420055 137.40525946747186  1.036729623210646 20.112618861734894 -1.3858984608888911 137.33372835344042  1.0367296232085319 20.097736150089208 -1.2187463311685269 137.26679950155045  1.0367296232104444 20.061312497137443 -1.0510619222907502 137.20595375165237  1.0367296232091399 20.004365688138876 -0.88459580345921984 137.15186705796071  1.0367296232097987 19.927333366734757 -0.7198992120919997 137.10485870299468  1.0367296232095686 19.830600778562708 -0.55712778083711667 137.0650949052706  1.0367296232096115 

0 6
6.2831853071795862 6

0 12
0.98985254871911033 9
1.9797050974382207 9
2.0892582415776197 11
2.3886438005771922 9
2.688029359576765 9
3.0663424152895251 9
3.0967303255581182 11
3.3974419917030523 9
4.3872945404221628 9
5.2151368258999495 9
5.6454896103545895 9
5.9090756430282374 9
6.2212302855517141 11
6.3592277726166664 9
6.7700451245102036 9
7.3301047791597229 9
8.129373271549527 9
9.8985254871911028 12

9 0 1 0 0 2 1 5 2 3 2 17.366943243423155 -3.7443388573392298 137.9641941835601  1 17.251992956182782 -3.5779815815716209 138.0423648270415  1 
16.862229072396492 -3.656605788558156 136.93180082705129  0.50531323787433091 16.854159433138229 -3.5088272802971283 137.22859594602866  0.50531323787433091 
16.153943761585221 -3.5742296835627214 137.98673374685899  1 16.29586395285169 -3.4438955269477853 138.06013130634767  1 
15.445658450773937 -3.4918535785672864 139.04166666666666  0.50531323787433091 15.737568472565167 -3.3789637735984424 138.89166666666665  0.50531323787433091 
16.643524798270406 -3.6602027149063443 139.04166666666666  1 16.681769005297667 -3.5116625045951109 138.89166666666665  1 

2.1189796704563544 3
4.2010824888179705 2
6.2831853071795862 3

0 2
0.2545584412271571 2

9 0 0 0 0 1 1 2 2 2 2 15.80225704137967 -5.7237070518120596 137.625  17.205136805430225 -5.9208689448388183 137.625  
15.638223645815653 -5.7237070518120596 139.04166666666666  17.041103409866206 -5.9208689448388183 139.04166666666666  

-0.84999999999999998 2
0.84999999999999998 2

-0.84999999999999998 2
0.84999999999999998 2

9 1 1 1 0 6 11 6 171 2 19 16.501443550596228 -8.1898548537174669 137.02429667622266  1.6690784610682365 16.623101725347144 -8.1025631324248231 137.02621954155146  1.6690784610683222 16.731201663130086 -8.0157053900216173 137.04336244818739  1.6690784610678731 16.828271495016232 -7.9330261776919055 137.07297289787519  1.6690784610691454 16.916540186761143 -7.8555824006728727 137.11250077861587  1.6690784610666745 16.99756690664622 -7.7828127456415164 137.16033711356511  1.6690784610701679 17.072040920702111 -7.7133431491612825 137.21585278158344  1.6690784610665121 17.139748181732408 -7.6455668545782043 137.27899413294909  1.6690784610693286 17.19970077856868 -7.5780376047547318 137.34969242375297  1.6690784610677882 17.250425411961626 -7.5097145180444027 137.4273439924761  1.6690784610683109 17.330388715134728 -7.370479871725661 137.59389221208048  1.6690784610682221 17.363533254970381 -7.2264841481648237 137.77626907334553  1.6690784610681912 17.367922430274973 -7.1519041742049119 137.86728184562617  1.6690784610685905 17.360681863396426 -7.0743458746785972 137.95324379499198  1.669078461067377 17.345805835056286 -6.993978361300849 138.02943996230871  1.6690784610695197 17.328576297166062 -6.9105314392413293 138.09254672285425  1.6690784610669203 17.313978838919429 -6.8225631423365636 138.14135553932329  1.6690784610691924 17.30587653094528 -6.7271810153911726 138.17518793214197  1.6690784610677651 17.305084813672973 -6.6205624791989868 138.18991095808863  1.6690784610683544 17.305371148806277 -6.487336376122629 138.17429304922086  1.6690784610682576 17.286319546657509 -6.3470202549251384 138.11817062604001  1.669078461068175 17.284203516737694 -6.3329863337369776 138.11218839486725  1.6690784610688585 17.281844885011775 -6.318920224298731 138.10583020063106  1.6690784610666849 17.27921939971521 -6.3048422609564074 138.09911123158321  1.6690784610705849 17.27630379624371 -6.29077338975946 138.09204807265223  1.6690784610657512 17.273076017671144 -6.2767350133322202 138.08465871691098  1.6690784610701674 17.269515435262495 -6.2627488357628422 138.07696257706309  1.6690784610671296 17.265603068992181 -6.2488367074746085 138.06898049690921  1.6690784610686822 17.261321808057716 -6.2350204701114729 138.06073476283063  1.6690784610681326 17.256656631396638 -6.2213218014143816 138.05224911526085  1.6690784610682359 17.244829273278512 -6.1879402110222852 138.04000676589064  1.6690784610681222 17.23176338110747 -6.155758601080084 138.0277044476133  1.6690784610686626 17.217574052025814 -6.1250662918800201 138.01606429299721  1.6690784610673437 17.202785739385199 -6.0960383753982414 138.00603768845252  1.6690784610695213 17.187782334694159 -6.0688606132752501 137.99855281710813  1.6690784610668732 17.173202487029272 -6.0435841412533495 137.99460232714929  1.6690784610693248 17.16017993997086 -6.0200873739571135 137.99545200143541  1.6690784610676002 17.149942715526784 -5.9982682808554175 138.00272969440155  1.6690784610684795 17.14289902381541 -5.9783359814803507 138.01813219246495  1.6690784610682066 17.133004629569179 -5.9432967883561281 138.06679989621335  1.6690784610682243 17.124683848329838 -5.9175999449535297 138.14313520659999  1.6690784610682907 17.119321667474377 -5.9069525466763366 138.18616377843125  1.6690784610679803 17.110534521823016 -5.898321371057226 138.23088365377654  1.6690784610686646 17.097417366332156 -5.8889305115204058 138.2674167755942  1.6690784610678508 17.084735185765428 -5.8766459809200091 138.29446433873261  1.6690784610684064 17.074125104028656 -5.8619464775284511 138.31499790777468  1.6690784610682594 17.063516094028873 -5.8460893131904577 138.33004864275566  1.6690784610681566 17.054325003140601 -5.8290654992051953 138.34107876273825  1.6690784610682818 17.035072948979494 -5.7896956640594635 138.36028778323882  1.6690784610681633 17.018763526685326 -5.7505669332035234 138.37238521853448  1.6690784610683349 17.010405827896623 -5.7293111788828313 138.37817717464566  1.6690784610679097 17.003067022761332 -5.7084375152629443 138.3818674048818  1.6690784610688061 16.995266884358031 -5.6900134605254529 138.39050198334053  1.6690784610675966 16.990521994539236 -5.6693172976733823 138.38788757325003  1.669078461068751 16.984361914854986 -5.6528136230438895 138.39490099319346  1.6690784610679197 16.979951065355998 -5.6359431477009601 138.39685325073927  1.6690784610683953 16.975774170432523 -5.6209599660545067 138.40074293418834  1.669078461068169 16.971874287693044 -5.6062306310545509 138.40516283430497  1.6690784610682687 16.968482292721145 -5.593191431035228 138.41018591014094  1.6690784610682219 16.968232871823595 -5.5922312746918914 138.41056269263856  1.6690784610683251 16.967986207008398 -5.5912804536432956 138.41094274827282  1.6690784610680962 16.967742271675107 -5.5903389623986319 138.41132604409367  1.6690784610683582 16.96750103872197 -5.5894067945455141 138.41171254570841  1.6690784610681835 16.967262480554311 -5.5884839427440145 138.4121022173326  1.6690784610682285 16.967026569092162 -5.5875703987166983 138.412495021832  1.6690784610682647 16.966793275778564 -5.5866661532427635 138.41289092077503  1.6690784610682177 16.966562571587453 -5.5857711961487553 138.41328987447537  1.6690784610682412 16.966334427031732 -5.5848855163016067 138.41369184204177  1.6690784610682361 16.965423865304349 -5.5749440075345467 138.41202732434593  1.6690784610682159 16.964547945732185 -5.5655290535256094 138.41121760147556  1.6690784610683322 16.963727262091329 -5.5565441074775643 138.41116041224549  1.6690784610680047 16.962979602752331 -5.5478988146365973 138.41174856356758  1.6690784610686049 16.962321368753038 -5.5395095761989293 138.41287043915736  1.6690784610678178 16.961768991874163 -5.531300113210059 138.41441050825225  1.6690784610685905 16.961340352711215 -5.5232020304742484 138.41624983431242  1.6690784610680205 16.961056198750157 -5.5151553804526197 138.41826658374282  1.6690784610683189 16.960941562440176 -5.5071092271713882 138.42033653459433  1.6690784610682308 16.961309004168449 -5.4724021772536888 138.42890727674364  1.6690784610682139 16.966062114758028 -5.4363674180095405 138.43378741709867  1.6690784610683074 16.972387162531351 -5.4071696300573917 138.43557794170576  1.6690784610679568 16.981775910538584 -5.3758185245457888 138.43547377334065  1.6690784610688914 16.994668819975253 -5.3420180793572278 138.43345672392337  1.6690784610672138 17.01142820574043 -5.3057578325274637 138.42949343549623  1.6690784610693545 17.032278152342286 -5.2672232171572135 138.42357331636563  1.6690784610673639 17.057298753758175 -5.2266769705625364 138.41572464060303  1.6690784610687015 17.086454728505466 -5.184360034199921 138.40600986783451  1.6690784610681035 17.147390975567152 -5.103745795823265 138.38487624244573  1.6690784610683396 17.221428951499625 -5.0185365889186615 138.35782491536168  1.669078461068165 17.257764150843887 -4.9788585799995371 138.34444753229602  1.6690784610684504 17.296599752342697 -4.9383821273575936 138.33015300839043  1.6690784610678788 17.337812380467813 -4.8971651418062283 138.31505982185678  1.6690784610686129 17.381274170460564 -4.8552544911172317 138.29925856369024  1.6690784610679825 17.426854622628941 -4.8126969784966249 138.28279098503637  1.6690784610683242 17.474420718403483 -4.7695579639007892 138.2656143428101  1.6690784610682563 17.523835298144139 -4.7259476281982069 138.24755104356305  1.6690784610681972 17.601527538821035 -4.6592372895964766 138.2181762305735  1.6690784610682858 17.682792244129178 -4.5925887978411666 138.18436326405018  1.6690784610681826 17.710979051910801 -4.5697593351532841 138.1724114479569  1.6690784610684433 17.739534465768902 -4.5468534587181288 138.16020197835917  1.6690784610679432 17.76843858244877 -4.5238364232860011 138.14783430259459  1.6690784610684735 17.797672615411678 -4.5006883365631492 138.135366107343  1.6690784610681118 17.827217986365341 -4.4774048124019359 138.1228137959564  1.6690784610682765 17.857055926874917 -4.4539920665237513 138.11016586868973  1.669078461068247 17.887167590050662 -4.4304564547790468 138.0974092058245  1.6690784610682001 17.936134154014528 -4.3922920810389847 138.07670332112653  1.6690784610683116 17.985721602005512 -4.3536613290724437 138.0560749512328  1.6690784610681302 18.004640471107059 -4.3389626950807552 138.04814517401013  1.6690784610688474 18.023636317518999 -4.3242792804190291 138.04002481288171  1.6690784610668454 18.04270246877287 -4.3096416236485737 138.03164360728212  1.6690784610702469 18.061832612037666 -4.2950648048293276 138.02296916856341  1.6690784610662233 18.081021267750295 -4.2805450605478237 138.01401379322417  1.6690784610696443 18.100264277995127 -4.2660586799368287 138.00483625287623  1.6690784610675993 18.11955930963104 -4.2515631816811776 137.99553856094633  1.6690784610683613 18.161818342613994 -4.2197550790683112 137.9752667741032  1.6690784610681624 18.204339378122981 -4.1873063335832619 137.9558325413534  1.6690784610682581 18.227463131396707 -4.1695762003627017 137.94541805727943  1.6690784610683562 18.250625723120276 -4.1518030976072033 137.93488790545464  1.6690784610678175 18.273915217093691 -4.1335698577595661 137.92524796236336  1.6690784610689768 18.297034532420376 -4.1166672577731243 137.91226864445267  1.6690784610673826 18.320490566118142 -4.0974122020234143 137.90455293380543  1.6690784610689391 18.343631955652015 -4.0811954216563748 137.88963758450583  1.6690784610678171 18.366846783574431 -4.0641720745009193 137.87635523748804  1.6690784610684111 18.390009886308018 -4.0474356736015507 137.86217845276764  1.6690784610681946 18.413138620133132 -4.0307306557000464 137.84769086038935  1.6690784610682365 18.423535602568347 -4.0221646248241054 137.84409095445295  1.6690784610683638 18.433914914772711 -4.0136743890439144 137.84026341345378  1.6690784610677509 18.44427861028932 -4.0052529637038079 137.83623041252727  1.669078461069303 18.454628330073412 -3.9968929645423099 137.83201355629228  1.6690784610666016 18.464965371867208 -3.9885866727235526 137.82763393744554  1.6690784610700786 18.475290759581831 -3.9803260998722263 137.82311219535825  1.6690784610666798 18.485605312669289 -3.9721030531034907 137.81846857467036  1.6690784610691967 18.495909715505562 -3.9639092000587981 137.81372298388675  1.6690784610678582 18.506204586763793 -3.9557361339360075 137.80889505397229  1.6690784610682794 18.547111770767199 -3.9232811173005717 137.78944415694778  1.6690784610682365 18.587889041146564 -3.8908895266131078 137.76930246900972  1.6690784610681682 18.618331493867249 -3.8666579851871772 137.75388688274614  1.6690784610684959 18.648683294324929 -3.8424230001170767 137.73817563156055  1.6690784610677802 18.678935115938135 -3.8181665752876133 137.72220764440243  1.669078461068761 18.709077642859594 -3.7938707219392582 137.70601996672232  1.669078461067814 18.739101776945866 -3.7695167164407883 137.68964973530385  1.6690784610684644 18.76899884474885 -3.7450843580393309 137.67313615309635  1.6690784610681797 18.798760804485568 -3.7205512266326823 137.65652246404693  1.6690784610682108 18.868760368954117 -3.6622743944340295 137.61713947580841  1.669078461068332 18.937930721037887 -3.6031305301986056 137.57779225105475  1.6690784610680718 18.977525973952506 -3.5687423649077585 137.55504818321936  1.6690784610688261 19.016785186099657 -3.5340942624170402 137.53221529072079  1.6690784610671427 19.05567921086298 -3.4991898106970751 137.50926497055508  1.6690784610696132 19.094179369374821 -3.4640262508099595 137.4861810019228  1.6690784610669973 19.13225734803105 -3.4285950683399808 137.462957952994  1.6690784610690048 19.169885096044549 -3.3928825848208275 137.43959958767019  1.6690784610679734 19.207034722959527 -3.356870549165476 137.41611727235025  1.6690784610682201 19.295973063775765 -3.2686842570423855 137.35886436830111  1.6690784610683844 19.38176667205925 -3.1784514357944555 137.30111201995476  1.6690784610679548 19.431034211891497 -3.1246639616004086 137.26694376041684  1.669078461069271 19.479032053395265 -3.0701053433153076 137.23254347321378  1.6690784610663105 19.525665673831917 -3.0147231766701528 137.19790486046782  1.6690784610706049 19.570835575243606 -2.9584545559497939 137.16303547251152  1.6690784610661886 19.614435196714474 -2.9012285005704159 137.12795540425881  1.6690784610694727 19.65634882666199 -2.8429683815896607 137.0926959915723  1.6690784610677758 19.696449515096365 -2.7835943482864995 137.05729850763657  1.6690784610682763 19.819035047892093 -2.5889593394689312 136.94326664621713  1.6690784610682838 19.919843257878391 -2.38117294675774 136.82891541713821  1.6690784610680744 19.977216785377788 -2.2311745298940733 136.75009915230999  1.6690784610689022 20.020392595494069 -2.0740576798887198 136.67175199395018  1.6690784610668121 20.047007015096987 -1.9093051620997015 136.59440161181013  1.669078461070306 20.053877867214151 -1.7377630836754454 136.51947362118224  1.6690784610660612 20.038318908917528 -1.5620889057183545 136.44909993556578  1.6690784610699343 19.999858041965293 -1.3855540536532249 136.38506827929388  1.6690784610672584 19.93991650889679 -1.2104121199439088 136.32817458337695  1.6690784610686316 19.859281194543762 -1.0373569512552565 136.27871689110719  1.6690784610681439 19.758695651842238 -0.86655244900058681 136.23678374103156  1.6690784610682365 
16.656618221833718 -7.7112170604439001 136.26509620410548  1.0367296232096121 16.725451369066004 -7.5583701066308162 136.3040477357325  1.0367296232096825 16.785852945954872 -7.4320124279021673 136.3538285938412  1.0367296232093177 16.843859713489035 -7.3301878776143603 136.40533515878982  1.0367296232103433 16.903288342000195 -7.2486224892622388 136.45396792006679  1.036729623208354 16.96678814648002 -7.1827353773388936 136.49862104868677  1.0367296232111811 17.036165084659554 -7.128440332260408 136.54069962679063  1.0367296232081855 17.112252519328003 -7.082171154341216 136.58317785258558  1.0367296232105399 17.19460424632971 -7.0405637720606062 136.62971153868077  1.0367296232092185 17.281285289709309 -7.000228189573698 136.68381822195383  1.0367296232096814 17.456786641205987 -6.9158584278060049 136.81245818408348  1.0367296232095931 17.621480289138603 -6.8176856361417215 136.98642474351001  1.0367296232095815 17.69338425955301 -6.7603238639798997 137.08400574137522  1.036729623209877 17.746877927153982 -6.6920904496311095 137.18802568873596  1.0367296232089487 17.777551141835499 -6.6118183002344892 137.28823195979882  1.0367296232106475 17.785082993544684 -6.520692472539376 137.37304592267176  1.0367296232084777 17.772424868977581 -6.4198461753445795 137.4328872134424  1.0367296232105123 17.741784335447726 -6.3086583738988713 137.45978138507249  1.0367296232091079 17.686936118338711 -6.1890965532018969 137.44623406591847  1.0367296232097849 17.57693109604007 -6.0623727252765338 137.38406470091118  1.0367296232095826 17.388906711484317 -5.9727651983715804 137.2993469878266  1.0367296232095866 17.369398291204167 -5.9642391873820459 137.29073660575355  1.0367296232099132 17.349122894609316 -5.9561496595221932 137.28201457869011  1.0367296232088294 17.328088743979819 -5.9485283289681128 137.27323872679378  1.0367296232108438 17.306307176922061 -5.941404994956355 137.26446748312867  1.0367296232082608 17.283792803788803 -5.9348072313558369 137.25575950629201  1.0367296232106948 17.260563665101213 -5.9287600762286043 137.24717329304141  1.0367296232089769 17.236641388969925 -5.9232857214028058 137.2387667909224  1.0367296232098731 17.212051348515992 -5.9184032020348551 137.2305970108948  1.03672962320955 17.18682281929259 -5.9141280861793142 137.22271963996033  1.0367296232096119 17.137383200250241 -5.8995932006654241 137.2110070991543  1.0367296232095369 17.087656698802697 -5.8875002137534969 137.20088731888922  1.0367296232098957 17.038935365853259 -5.877513010012219 137.19309101566503  1.0367296232090109 16.993236815811468 -5.8687461502096925 137.1878989821428  1.0367296232104863 16.952358483615729 -5.8603785894085423 137.18579403658265  1.0367296232086787 16.91840850018389 -5.8512530710177995 137.18686243313689  1.0367296232103638 16.894391281114917 -5.8395964457081888 137.19058213062351  1.0367296232091656 16.883984404571478 -5.823410009184478 137.19657768995478  1.0367296232097858 16.890201835231046 -5.8014927980256985 137.20586394292627  1.0367296232095891 16.93619222940448 -5.7474564577156677 137.23622195231528  1.0367296232096086 17.029485548753215 -5.6821923002858892 137.29313662530996  1.0367296232096423 17.083043925946388 -5.6489591940206356 137.32875372148197  1.0367296232094663 17.136238336049324 -5.618422633833565 137.37198118655667  1.0367296232098482 17.172267396774611 -5.5950677182123885 137.41420619540543  1.0367296232094123 17.193831432940222 -5.5751858610955853 137.44614623655602  1.0367296232096888 17.207428703716015 -5.5564241527911342 137.46822196695246  1.0367296232096304 17.212708897484919 -5.5404417569776525 137.48510396531208  1.0367296232095735 17.213435724037549 -5.5254651220447402 137.49599205315729  1.0367296232096321 17.208526557879434 -5.4942760459117093 137.51342621472841  1.0367296232095797 17.197740391593644 -5.4678317206246199 137.52168501457828  1.0367296232096548 17.191741982876021 -5.4543646720101444 137.52507740015162  1.0367296232094732 17.184165959950331 -5.4424237380172755 137.52587237714479  1.0367296232098477 17.184950943912249 -5.4310232595321315 137.53313644529987  1.0367296232093675 17.171370189501189 -5.4228452080604033 137.52586877645052  1.036729623209778 17.17267211556366 -5.4145081437555902 137.53136432028239  1.0367296232095391 17.168273678388552 -5.408676908386024 137.53029561889267  1.0367296232096346 17.167912305729324 -5.4043215681857975 137.53185862149007  1.0367296232096028 17.169148103144693 -5.4017772078951252 137.5338988572141  1.0367296232096219 17.172462689900502 -5.401768147888407 137.5368103404974  1.0367296232096039 17.172720501423552 -5.4017816040173736 137.53703160035093  1.0367296232096563 17.172989544115271 -5.4018093036209418 137.53725761048099  1.036729623209562 17.173269680685689 -5.401851360113695 137.53748833601318  1.0367296232096186 17.173560769386519 -5.4019078864976624 137.53772374096815  1.0367296232096641 17.17386266406697 -5.4019789952620858 137.53796378831311  1.0367296232095362 17.17417521423458 -5.402064798262237 137.53820844001379  1.0367296232096683 17.174498265110621 -5.4021654066215961 137.53845765708562  1.0367296232095875 17.174831657690245 -5.4022809306132729 137.53871139964579  1.0367296232096177 17.175175228799286 -5.4024114795561067 137.53896962696464  1.0367296232096119 17.17063623054911 -5.4038148627044595 137.53445168581189  1.0367296232095886 17.167505554776525 -5.4054437134818771 137.53121817866639  1.0367296232097123 17.165626267466457 -5.4073222227956546 137.52907976366254  1.0367296232093761 17.164824650206953 -5.4094622755362156 137.52786507830962  1.0367296232099872 17.164914654987143 -5.4118626564621 137.5274168554557  1.0367296232091723 17.165702358998672 -5.414508256072156 137.52758803925101  1.0367296232100056 17.166990419432409 -5.4173692764953172 137.52823790111165  1.0367296232093506 17.168582528280474 -5.4204004373608843 137.52922815568306  1.0367296232097261 17.170287867133357 -5.4235401816863265 137.53041907680358  1.0367296232095928 17.177316361877079 -5.4371435830095152 137.53576883803004  1.0367296232096421 17.180032695232359 -5.4495214631879634 137.53930169995218  1.0367296232095704 17.180139838879683 -5.4560182777280373 137.54126679819544  1.0367296232096661 17.179601423791382 -5.4577079718074026 137.54243772491782  1.0367296232096317 17.179952563898865 -5.4535871295714848 137.54257346275151  1.0367296232094487 17.182581791822319 -5.4434571527016065 137.5413819616299  1.0367296232098806 17.188553255091293 -5.4277045436419185 137.53861688337139  1.0367296232093508 17.198560467566747 -5.4069886572473278 137.53412908799004  1.0367296232097774 17.212969983662894 -5.3819621405789544 137.52787125094358  1.0367296232095544 17.24775625833362 -5.3290522534284692 137.5131489423691  1.0367296232096661 17.297814961104176 -5.2652540425868626 137.49240815187787  1.0367296232095611 17.323947269454116 -5.2343578844969416 137.48188793293187  1.036729623209814 17.353460923094875 -5.2019945292699035 137.47044394129554  1.0367296232092083 17.386324151616584 -5.1684886537474632 137.45821298830134  1.0367296232101393 17.422441800570954 -5.1341042672547381 137.44530744043882  1.0367296232091152 17.461648027186545 -5.0990231103847758 137.43178310392824  1.0367296232099634 17.503675771112253 -5.0633137895159788 137.41758589071227  1.0367296232094358 17.548103000185915 -5.0268916470713325 137.40247726586395  1.0367296232096626 17.618278568148202 -4.9700154419372042 137.37734080724599  1.0367296232095868 17.69020822066312 -4.9095616732224032 137.34678493919023  1.0367296232096157 17.715141011927393 -4.8885833147839728 137.33587345372717  1.0367296232095715 17.740524541582595 -4.8674202147049108 137.32467299253554  1.0367296232098084 17.766445553677492 -4.8461631670335219 137.31331653951867  1.036729623209184 17.792942092271964 -4.8248658852716355 137.30188116613095  1.036729623210167 17.820004097247836 -4.8035447677927294 137.29038814152892  1.0367296232091336 17.847589289195991 -4.7821902811488224 137.27882086235502  1.0367296232098908 17.875654343388426 -4.7607899612852194 137.26716060215125  1.0367296232095107 17.921686061266279 -4.7262392901799402 137.24826139831251  1.0367296232097043 17.969255016237526 -4.6918720344805855 137.22960996644201  1.0367296232095318 17.987414112181398 -4.6787501241253295 137.22241816517214  1.036729623209989 18.005542447939941 -4.6654750672738592 137.21498667493617  1.0367296232088064 18.02354893720328 -4.6519848492441094 137.20721797438131  1.0367296232107326 18.041386979346616 -4.6382507779313196 137.19906656610053  1.0367296232085186 18.059063026287852 -4.6242832323735277 137.19054874591632  1.0367296232103664 18.076639387071292 -4.6101331326375066 137.1817450521196  1.03672962320927 18.094231270171999 -4.5958891310282288 137.17279539466821  1.0367296232096816 18.133038582905886 -4.5648319844419181 137.15333683985136  1.0367296232095657 18.173582516209571 -4.5345571423000344 137.13509912483769  1.0367296232096344 18.195921335582106 -4.5182625369752465 137.12539654172144  1.0367296232096392 18.218295039846378 -4.5018678078404921 137.11558057442917  1.0367296232094483 18.242017947968208 -4.4862680799924091 137.10693663897749  1.0367296232099461 18.261683046045977 -4.4677438643006333 137.09387144058039  1.036729623209202 18.288157194809781 -4.453795319656634 137.08789816252889  1.0367296232099548 18.30580943623098 -4.4336301965683447 137.07214638772936  1.0367296232094123 18.325606217537015 -4.4148601416082975 137.05867703428777  1.0367296232096912 18.344390599463232 -4.3952977707407008 137.04405195777738  1.0367296232095946 18.362873528867567 -4.3754442563471878 137.02907185729043  1.0367296232096121 18.374579739403121 -4.3691408965952432 137.02617826907795  1.0367296232096634 18.386022079785448 -4.3626278607720401 137.02299194602818  1.0367296232094203 18.397227296147516 -4.3559281470410074 137.01953871766935  1.0367296232100209 18.408221375333934 -4.3490633203089955 137.01584475396456  1.036729623209006 18.419029657726544 -4.3420536876776969 137.01193646676711  1.0367296232102752 18.429676950062241 -4.3349184738939126 137.00784041128497  1.036729623209063 18.440187638261825 -4.327675996801557 137.00358318753166  1.0367296232099472 18.450585800246181 -4.3203438427915684 136.99919134179322  1.0367296232094811 18.46089531876428 -4.3129390422538441 136.99469126807986  1.036729623209627 18.501638306377835 -4.2832675147840265 136.97646806251572  1.0367296232096133 18.54173262606303 -4.2529704154324657 136.957354533521  1.0367296232095884 18.57142371889174 -4.2299818336226229 136.94261160165385  1.0367296232096876 18.600827976890191 -4.2067185897014552 136.92749010428736  1.0367296232095056 18.629976074840279 -4.1832112033799778 136.91204256008675  1.0367296232097054 18.658897384991139 -4.1594874386268108 136.8963193790027  1.0367296232095564 18.687622821496252 -4.1355739435531795 136.88037109933799  1.0367296232096312 18.71618768485876 -4.111497890297243 136.86425062480569  1.0367296232096179 18.744634506370378 -4.0872886149096948 136.84801546159534  1.0367296232095986 18.811707708445763 -4.0298387620769809 136.80952822779145  1.0367296232096495 18.878781418025298 -3.9720454326108587 136.77116989457713  1.0367296232095513 18.917364701784333 -3.9385261139572365 136.74900306170554  1.0367296232098056 18.955748641624979 -3.9047736359012259 136.72673650382899  1.0367296232092855 18.993859723885048 -3.8707475270398413 136.70432954915904  1.0367296232099934 19.031639970886729 -3.8364174061405065 136.6817586124495  1.0367296232092886 19.069045471556475 -3.8017610700347855 136.65901469106822  1.0367296232097962 19.106044912046052 -3.7667625815115899 136.63610086109028  1.0367296232095691 19.142618106350156 -3.7314103572120336 136.61302977337076  1.0367296232095846 19.230325287573205 -3.6447257645999342 136.5566998177332  1.0367296232097107 19.315445712419798 -3.5558527733860377 136.49970273576511  1.0367296232094427 19.364438199708406 -3.5027465398849786 136.465901924501  1.0367296232102077 19.412232104650247 -3.4487071395780489 136.43178128523525  1.0367296232085323 19.458703426151661 -3.3936593404614945 136.39732917509758  1.0367296232109044 19.503741058918514 -3.3375335786900684 136.36255192626655  1.0367296232085215 19.547242399953284 -3.2802636826164919 136.32747085305627  1.0367296232102625 19.589108955023747 -3.221784596846093 136.29211925898926  1.0367296232093646 19.629241945156675 -3.1620301062785536 136.25653944388515  1.0367296232096415 19.752304668226092 -2.9656889005381859 136.14162682128284  1.0367296232096095 19.855235638789399 -2.7546799589161717 136.02538618640082  1.0367296232095788 19.914455720633082 -2.6013503540560898 135.94469501720604  1.0367296232098029 19.959484280202325 -2.4395976974038636 135.86390378313629  1.0367296232091552 19.98761270824588 -2.268717790358818 135.78354375614603  1.0367296232103145 19.995136872691688 -2.0896277064606616 135.70521888892671  1.0367296232088572 19.978901667747259 -1.905431480269119 135.63140036957878  1.0367296232102019 19.938403586792283 -1.7200461850152413 135.56418280693683  1.0367296232092764 19.875467329655049 -1.536228436428746 135.50448210879259  1.0367296232097454 19.791229022352677 -1.3548146904184919 135.45257507921988  1.036729623209582 19.686790525121779 -1.1759771171640563 135.40847257679252  1.0367296232096121 
16.031316243651471 -6.8234914045882888 136.6198062926901  1.0383466998475064 16.036206225968062 -6.7395769256275857 136.74179034432049  1.0383466998475859 16.043861981573087 -6.6824727672018076 136.84244819545208  1.0383466998471749 16.056221966979034 -6.6417937080862526 136.91734112012207  1.0383466998483237 16.07334338540743 -6.6104117060425196 136.96673634337623  1.0383466998461139 16.095420775095999 -6.5844047881476389 136.99282766647056  1.0383466998492252 16.123596384513611 -6.5622032157978021 136.99852647452954  1.0383466998459594 16.159885820081033 -6.5433434150836671 136.98727360543614  1.0383466998485011 16.206542451747016 -6.5272401634236363 136.96332255871587  1.0383466998470878 16.265184062045165 -6.5123875231265398 136.93194452318545  1.0383466998475832 16.406826385965061 -6.4804105023928606 136.86606688108012  1.0383466998474724 16.590758739943038 -6.4359815002310059 136.81339137384023  1.0383466998474979 16.686088708673189 -6.4082789144430112 136.79852098680723  1.0383466998476547 16.775046771641232 -6.3730729369582022 136.80099998680575  1.0383466998471473 16.844401686376568 -6.3287399799858592 136.81938941042498  1.0383466998480047 16.882768125561405 -6.2773119873857413 136.84767556070503  1.0383466998470536 16.883154348871944 -6.2233373177108202 136.87748068635747  1.0383466998477819 16.840185439850092 -6.172546571562763 136.90109839887901  1.0383466998474038 16.745541918462276 -6.135675071290823 136.91896468004057  1.0383466998475148 16.573586327243731 -6.1329690396687839 136.95343278147658  1.0383466998475261 16.346605282140402 -6.1870130736548843 137.04909551968274  1.0383466998474844 16.323500595963388 -6.1929606495900416 137.05927168730054  1.0383466998477169 16.299971157803217 -6.1994656458604283 137.07012599091482  1.0383466998469946 16.276080481764733 -6.2065197449615308 137.0816910607036  1.0383466998482522 16.251893474680259 -6.214111094895137 137.09399715768555  1.0383466998467565 16.227476131402216 -6.222224295156245 137.10707170549495  1.0383466998480548 16.202895230116432 -6.2308403826788181 137.1209388221703  1.0383466998472117 16.178218027632806 -6.2399368178280916 137.13561885192769  1.0383466998476181 16.153511954695819 -6.24948747035093 137.15112789694768  1.0383466998474813 16.12884431128111 -6.2594626053563154 137.16747734915256  1.0383466998475062 16.081712245759856 -6.2745499929897735 137.19931757831031  1.0383466998474284 16.036412196085116 -6.2897047841501061 137.23295164965236  1.0383466998477973 15.994223526970506 -6.3039143462805205 137.26761746076971  1.0383466998469006 15.956355526567382 -6.3157889382923118 137.30153445399179  1.0383466998483639 15.924074662891313 -6.3239890060034396 137.33320410854245  1.0383466998466258 15.898442720053696 -6.3270864346765414 137.36053269702839  1.0383466998481787 15.880458175396353 -6.3233284488096162 137.38013047002701  1.0383466998471329 15.871682087176762 -6.3106613479521894 137.38797944895498  1.0383466998476367 15.874718670622849 -6.2872597658994716 137.38150002381425  1.0383466998474995 15.909700626862454 -6.2181315125414587 137.34226911382729  1.0383466998474775 15.995041565647101 -6.1155554877182503 137.27157896988612  1.038346699847571 16.048243438591928 -6.0587316893233591 137.23347336111644  1.0383466998472117 16.108597991203521 -6.0005570776318731 137.20007935474538  1.0383466998480659 16.15893565227244 -5.9522702489946298 137.18325034038264  1.0383466998468378 16.191925201669683 -5.9143286184581099 137.17521554472538  1.0383466998480575 16.211454120808227 -5.8829969042263333 137.16991373989839  1.038346699847196 16.221728984399576 -5.8574164685713797 137.17040909996996  1.0383466998476092 16.223994286436085 -5.8355865736788264 137.17256200989223  1.0383466998475028 16.219048083993865 -5.7912061323109469 137.18108571369865  1.0383466998474862 16.203085114357233 -5.7519847721498412 137.19297311691923  1.0383466998475495 16.193346200468294 -5.7303779933877594 137.19975478903058  1.0383466998473367 16.180461575370746 -5.7097896406415769 137.20759067649624  1.0383466998478228 16.179161172877919 -5.6845634059072934 137.21133990425918  1.0383466998471225 16.155835728648395 -5.6681608506391443 137.22256038625108  1.038346699847853 16.153870409738719 -5.6425205381943648 137.22655520194783  1.0383466998472555 16.142881550248177 -5.6207274025698037 137.23348915685133  1.0383466998476574 16.137446044323976 -5.5966643849958668 137.23847379211742  1.0383466998474322 16.133774109193229 -5.5701590624466855 137.24300321599145  1.0383466998475426 16.133314460164392 -5.5430969436488855 137.24633698942569  1.0383466998474917 16.133298009483575 -5.5410818775977271 137.24657827142534  1.0383466998476034 16.133299246960394 -5.5390640279723149 137.24681298099546  1.0383466998473259 16.133318131365964 -5.5370435445989656 137.2470411398136  1.0383466998477202 16.133354617470093 -5.5350205788628273 137.24726277146169  1.0383466998473154 16.133408656097711 -5.5329952835943894 137.24747790138099  1.0383466998476409 16.133480194169255 -5.5309678129676252 137.24768655682851  1.0383466998474331 16.133569174756769 -5.5289383223869084 137.24788876683203  1.0383466998475341 16.133675537127491 -5.5269069683821996 137.24808456214609  1.0383466998475004 16.133799216795595 -5.5248739084996688 137.24827397520752  1.0383466998475062 16.122983223299698 -5.5074699948813723 137.25446196324495  1.0383466998474933 16.114808545582996 -5.4893138107809039 137.25976138240708  1.0383466998475672 16.10903754890434 -5.4706434054692341 137.26418461046254  1.038346699847351 16.105419570820139 -5.4516691443413983 137.26777542706043  1.0383466998477671 16.103692898508715 -5.4325715612417671 137.27060345379823  1.0383466998471886 16.103586746084009 -5.4134992107846278 137.27275859429176  1.0383466998478017 16.104823231924168 -5.3945665206811491 137.27434547424241  1.0383466998473001 16.107119355983333 -5.3758516440592334 137.27547788150721  1.0383466998476032 16.110188977118625 -5.357394311789955 137.27627320616674  1.0383466998474873 16.125449460500224 -5.2792826835617594 137.27873524462561  1.0383466998475364 16.144388169989767 -5.2050969730629841 137.2791024244778  1.0383466998474649 16.161040060502593 -5.1495492588632787 137.27818905062077  1.0383466998475681 16.18003504513068 -5.0945235130170801 137.27604392023704  1.0383466998474873 16.201700369794718 -5.0394574021807639 137.27257842161811  1.0383466998474298 16.226367428331532 -4.9840812699746904 137.26767892830588  1.0383466998476518 16.25430050184184 -4.9283639682423805 137.26123404594736  1.0383466998473596 16.285656531143193 -4.8724164533987739 137.2531581023361  1.0383466998476021 16.320472162190775 -4.8163899210948466 137.24340671534603  1.0383466998474702 16.390623859419563 -4.713583656630763 137.2224240099091  1.0383466998475457 16.471680921522086 -4.6112156359189376 137.19590205690812  1.0383466998474637 16.511003795139839 -4.5649434752140099 137.18258519554624  1.0383466998476896 16.55277195092301 -4.5192504827299693 137.16798047188439  1.0383466998471373 16.596951113324533 -4.4743423193788416 137.15206991915883  1.0383466998479833 16.643444389805879 -4.4303795417858129 137.1348689156593  1.0383466998470665 16.692079841796215 -4.3874287673802472 137.11643551471082  1.0383466998478004 16.742575316844007 -4.3453864450552473 137.09688782581398  1.0383466998473745 16.794480541990563 -4.3038752314112259 137.07642944695669  1.0383466998475341 16.874448807529394 -4.2404029141510833 137.04444195177052  1.0383466998475028 16.953630589552397 -4.1732429570767087 137.01221181243088  1.0383466998474917 16.980785914061855 -4.1500579631461481 137.0010784542832  1.0383466998475632 17.008162843782156 -4.1268820197197984 136.98976049694471  1.0383466998474744 17.035866517602255 -4.1038899459536218 136.97820350322246  1.0383466998474269 17.063943927248072 -4.0811815075773721 136.96638089080579  1.0383466998476869 17.09238659556808 -4.0587797128306855 136.95429300899147  1.0383466998473143 17.121149617941782 -4.0366546104658401 136.9419582313848  1.0383466998476365 17.150187066789304 -4.0147725898204136 136.92939606456133  1.0383466998474482 17.197459889435677 -3.9799405746248868 136.90876622525519  1.0383466998475717 17.245780393565614 -3.9463815586262325 136.8873759484421  1.0383466998474367 17.264140038976826 -3.9336163669570521 136.8792124470263  1.0383466998478659 17.282372357672497 -3.9206456056827008 136.87107330969167  1.0383466998467215 17.300379164235434 -3.9073299905638925 136.86300423092186  1.0383466998485988 17.318112355789157 -3.8936023243128846 136.85502715145884  1.0383466998464519 17.335582667811217 -3.8794815111551313 136.84713645391454  1.0383466998482254 17.352861807882984 -3.8650766644732433 136.83929782910167  1.0383466998471784 17.370077967381082 -3.8505813074970496 136.8314498130774  1.0383466998475794 17.407924096898366 -3.8192947392150329 136.81410280986125  1.0383466998474438 17.447257775318395 -3.7902840973914294 136.79582888993698  1.0383466998475575 17.46884671577579 -3.774983502648471 136.78572729164358  1.0383466998474 17.490384099853976 -3.7596508362997372 136.77561781800631  1.0383466998476489 17.513164955338439 -3.7462246817604838 136.76476401160772  1.0383466998473638 17.531644506694246 -3.7265130765005368 136.75607126631203  1.0383466998476338 17.557121255543848 -3.7171869464583751 136.74379999067051  1.0383466998474091 17.573137255364518 -3.694052869200672 136.73605792329525  1.0383466998475612 17.59136606297858 -3.6742648062063896 136.72722703266172  1.0383466998474862 17.608458153097775 -3.6529155617893325 136.71893577108048  1.0383466998475104 17.625173971834108 -3.6311379742975336 136.71082152016285  1.0383466998475064 17.636228019847469 -3.6269353127644961 136.70533331919373  1.0383466998475861 17.646998224187019 -3.6223210997801742 136.69999114351225  1.0383466998471986 17.657509799900136 -3.6173368661377565 136.69477610249385  1.0383466998481925 17.667788000649939 -3.6120233819686307 136.68967094889965  1.0383466998464335 17.6778580952375 -3.6064207144379057 136.68465983738523  1.0383466998487516 17.687745344121392 -3.6005682854313892 136.6797280830111  1.0383466998464161 17.697474975940708 -3.5945049292543652 136.67486191975064  1.0383466998482043 17.707072164034237 -3.5882689503173144 136.67004825900116  1.0383466998472202 17.716562002963208 -3.5818981808332961 136.66527444809185  1.0383466998475435 17.753975479585403 -3.5561744335049545 136.64639797868756  1.0383466998474866 17.790479663188435 -3.5294967644900388 136.62775695842191  1.0383466998474962 17.817339875097701 -3.5090806626505056 136.61390907897916  1.0383466998475881 17.843772228517579 -3.4882960222898158 136.60014641245644  1.0383466998473478 17.86980968196589 -3.4672140656792068 136.58645175878615  1.038346699847708 17.895483680817765 -3.4459028474946503 136.57280964659125  1.0383466998473172 17.920826955192659 -3.4244307616892855 136.55920455051071  1.0383466998476323 17.94587631783914 -3.4028700483832419 136.54561910852607  1.0383466998474602 17.970675462021404 -3.381300300737768 136.53203233928738  1.0383466998474977 18.028817613825826 -3.3305173327373212 136.49985749229154  1.0383466998475568 18.086228124107318 -3.2807745259838548 136.46734039800509  1.0383466998474145 18.118987297978819 -3.2523022326263726 136.44852340575648  1.0383466998478486 18.151292334393467 -3.2239609093112507 136.42969295385879  1.0383466998468436 18.183065915709911 -3.195688184242107 136.41088646261431  1.0383466998483897 18.214247462821401 -3.1674471758963527 136.39213367448201  1.0383466998466537 18.244791680026552 -3.1392230063558153 136.37345729279679  1.0383466998480804 18.274667099917011 -3.1110193145909766 136.35487362045609  1.0383466998472799 18.303854628246526 -3.0828547697941295 136.33639319864054  1.0383466998475144 18.373006626575524 -3.0146645768103362 136.29180287520268  1.0383466998475785 18.438065754441592 -2.9471084144164528 136.24785820688609  1.0383466998473523 18.474751408610668 -2.9075277876331147 136.22232233009836  1.0383466998480895 18.50974199341978 -2.8680565538910474 136.19716057334654  1.0383466998464135 18.542936883701532 -2.8287000296032434 136.17243467342701  1.0383466998488606 18.574261137908191 -2.7894930967170146 136.14819648291265  1.038346699846318 18.60366506285655 -2.7504922661022886 136.12448741305909  1.0383466998482369 18.631123778469348 -2.7117677409459215 136.10133787669253  1.038346699847229 18.656636782517428 -2.6733954801415494 136.07876673111838  1.0383466998475313 18.732444758604903 -2.5514566645733647 136.00811547414773  1.0383466998475346 18.788887483413877 -2.4345746929500973 135.94344534800209  1.0383466998474091 18.818143952477687 -2.3564256763002156 135.90218601433509  1.0383466998479101 18.837789471257963 -2.2804162086184805 135.86433392961186  1.0383466998466349 18.848115532883348 -2.2066193812849688 135.83000054053247  1.0383466998487751 18.850074346362636 -2.1339655408349789 135.79855019111946  1.0383466998461821 18.844155849697671 -2.0599044116032181 135.76878644498333  1.0383466998485162 18.829015324159389 -1.9814659210061818 135.73983878898719  1.0383466998469477 18.801808736869617 -1.8965902473666822 135.71166885939823  1.0383466998477231 18.760299015129352 -1.8044502327759169 135.68460184683599  1.0383466998474566 18.702305149657104 -1.7046239426487251 135.65911933009727  1.0383466998475064 
15.319742279299396 -6.6953500879419892 137.87048482652418  0.85353433019614966 15.338558284391191 -6.7510216254394741 138.01422268970111  0.85353433019620928 15.362905610945926 -6.800886269233434 138.11565394776193  0.85353433019589675 15.386914557776915 -6.8348009201023059 138.18220259778062  0.85353433019678226 15.405537864125556 -6.8500111317783574 138.22073625334954  0.85353433019505642 15.415569620807664 -6.8482111300142545 138.2355352374814  0.8535343301975209 15.416195381631919 -6.8333294856575906 138.22818613529384  0.85353433019489322 15.409084014086723 -6.8099344704143938 138.19869349368628  0.853534330196974 15.398031828200898 -6.7821531240543464 138.14710335525231  0.85353433019579517 15.388169522587821 -6.752998061726764 138.07493231363009  0.85353433019621405 15.381315450580288 -6.6949940385457243 137.89645924143332  0.85353433019612857 15.415099566130589 -6.6370633862393449 137.66746572616296  0.85353433019612768 15.44454678543714 -6.6120938513897762 137.55155751730933  0.85353433019635894 15.486108362465163 -6.59236045456674 137.44749731217371  0.8535343301956303 15.529883979213558 -6.5775493977056803 137.36810414224229  0.85353433019693326 15.562433359025095 -6.5685545877692517 137.3223720980192  0.85353433019533931 15.571130961004895 -6.5694912681617215 137.31348064740934  0.85353433019674385 15.546437179038501 -6.5884622461828943 137.34315206763222  0.85353433019585234 15.48719069876157 -6.6361273488283947 137.42260536037929  0.85353433019622871 15.403327606588316 -6.7275039029322095 137.59552732031148  0.85353433019615521 15.357460648529928 -6.8360354787122253 137.87605337206386  0.85353433019611935 15.353339148786 -6.8469696795377111 137.90504122820977  0.85353433019646086 15.349736925081867 -6.8579695810435393 137.93502505132258  0.85353433019537495 15.346722113087171 -6.8689794865876141 137.96596289333149  0.85353433019732017 15.344360134650641 -6.8799420179007393 137.99780896654903  0.85353433019491509 15.342713091574822 -6.8907985415133979 138.0305136121184  0.85353433019710323 15.341839159395997 -6.9014895952195054 138.06402326846936  0.85353433019560854 15.341791981156581 -6.9119553145027748 138.09828043976353  0.85353433019636515 15.342620061185682 -6.9221358589932436 138.13322366434994  0.8535343301960997 15.344366158872862 -6.9319718389043317 138.1687874832127  0.85353433019614944 15.346604336460089 -6.947706646891513 138.23588093460711  0.85353433019610048 15.351221181241488 -6.9599830895650729 138.3028483192638  0.8535343301963263 15.358000268684069 -6.9680198557792483 138.36768544117527  0.85353433019580194 15.365599806175299 -6.9713496613757897 138.42775785871649  0.85353433019659997 15.373064422039082 -6.9694758900589306 138.48049491879911  0.85353433019574398 15.378738386266301 -6.9622720278421948 138.52314874635272  0.85353433019640601 15.379604896159343 -6.950086391316205 138.55222058715844  0.85353433019604408 15.372387966611871 -6.9332135384904676 138.56321630989535  0.85353433019616565 15.356065371245204 -6.9110926394912449 138.55145228116936  0.85353433019616154 15.311440603067348 -6.853491306327232 138.47793218906841  0.85353433019612113 15.261984632719269 -6.7700751562983719 138.3265040090719  0.85353433019619473 15.240534211381121 -6.722297373416068 138.23694607116789  0.85353433019596625 15.228573111648224 -6.6689719857438918 138.14223895328058  0.85353433019646729 15.228689399135893 -6.6177443491773218 138.06951962003114  0.85353433019581915 15.227883564565813 -6.5744951080594776 138.02233966949333  0.8535343301963676 15.22175495388451 -6.5379223290221686 137.99251095403579  0.85353433019607139 15.216097053676364 -6.5045835789689193 137.97717972502591  0.85353433019614688 15.207114775826012 -6.4745176330466538 137.97230720214168  0.85353433019616876 15.184037177639821 -6.4089329102680672 137.97572154578177  0.85353433019610625 15.156834040767849 -6.3431653629379179 137.9954461722273  0.8535343301962155 15.141032554928529 -6.3050156104369579 138.00805156932267  0.85353433019590585 15.124068824102428 -6.2660217799004823 138.02534855685457  0.85353433019661717 15.11021391918878 -6.2205283996785097 138.02792837880159  0.85353433019554437 15.090002099557561 -6.1815443994578327 138.06027013685676  0.85353433019672975 15.075924877211653 -6.1313262256172827 138.06494274127934  0.85353433019572567 15.05948464548727 -6.082436274115615 138.08228967528396  0.85353433019638547 15.045048828227928 -6.0287061534324939 138.09303272685347  0.85353433019605507 15.030847776576501 -5.9670605495848097 138.10261836274239  0.85353433019618419 15.018811415315543 -5.9012412163901553 138.10896528449632  0.85353433019614056 15.017928624488984 -5.8963243402207857 138.10941935146258  0.85353433019619718 15.017058151842878 -5.8913844425880617 138.10985564299304  0.85353433019607605 15.016200175064744 -5.8864215532947952 138.11027422983619  0.85353433019620917 15.015354873224283 -5.8814357046746792 138.11067518670353  0.85353433019613523 15.014522426740207 -5.8764269316154287 138.11105859213734  0.85353433019612412 15.013703017372761 -5.8713952715769526 138.11142452838448  0.85353433019618485 15.012896828186241 -5.8663407646177204 138.11177308126446  0.85353433019612823 15.012104043540138 -5.8612634534111088 138.11210434004184  0.85353433019615554 15.011324849058116 -5.8561633832709994 138.11241839729601  0.85353433019614944 14.999910777234629 -5.8089300666658321 138.13103756293998  0.85353433019612557 14.990421384053384 -5.7605180265063884 138.14643368249111  0.85353433019625136 14.982776515307656 -5.7111893280625372 138.15889540642422  0.8535343301959063 14.976903729182416 -5.6611890139467249 138.16872494359541  0.85353433019654723 14.972734397795326 -5.610743553886187 138.17623666273809  0.85353433019566782 14.970199808758409 -5.560059294470368 138.18175569395396  0.85353433019659242 14.969227266711309 -5.5093209089323985 138.18561653021177  0.8535343301958509 14.969736194886067 -5.4586898468928515 138.18816162883653  0.85353433019627989 14.971634236643654 -5.4083027841372386 138.18974001300799  0.85353433019612934 14.985278067157033 -5.1935774021526395 138.19388519528044  0.85353433019617375 15.020167244374653 -4.98689782560393 138.19334163243698  0.85353433019612579 15.058312108720017 -4.8351295702536792 138.18983381304071  0.85353433019615499 15.105946192031592 -4.6916277792454002 138.18334445423989  0.85353433019623892 15.161019042774431 -4.5570866562432659 138.17419185932005  0.85353433019591929 15.221695042725759 -4.4314153666686256 138.16273603533304  0.85353433019646419 15.286518585161163 -4.3139845374961876 138.14927440221081  0.853534330195869 15.354429910169616 -4.2039522773837099 138.13399753335065  0.85353433019631375 15.424686438462246 -4.1005366143473303 138.11700202206561  0.85353433019609759 15.557008638073269 -3.9216132364556162 138.08276467298083  0.85353433019619562 15.693894855694669 -3.7604123990660132 138.04351052906091  0.85353433019611047 15.756973298957318 -3.6903755090206931 138.02428126200743  0.85353433019629998 15.820613211971724 -3.6234495794052499 138.00347220500467  0.85353433019584768 15.884662646531096 -3.5594054470699419 137.98091459546154  0.85353433019654734 15.948981995843681 -3.4980443074745624 137.95651633600772  0.85353433019577563 16.013438896862901 -3.4391675335818626 137.93031959572778  0.85353433019640257 16.077907911225665 -3.3825254836736827 137.90259882822755  0.8535343301960342 16.142274984860041 -3.3277452981078346 137.87399920652697  0.8535343301961773 16.239806265490905 -3.2464218187464375 137.831012211949  0.85353433019614022 16.336750441405691 -3.165912877319141 137.79329066566837  0.85353433019614389 16.369845483838532 -3.138571765164456 137.78066140312623  0.85353433019615899 16.40286949326719 -3.1115362518785528 137.76797315892944  0.85353433019621139 16.435808190622815 -3.084892027924639 137.75497458959416  0.85353433019594882 16.46864422686242 -3.0586839512490078 137.74152915656967  0.85353433019644376 16.501359680437062 -3.0329142515952578 137.72761381399815  0.85353433019588254 16.533937152534875 -3.0075560129233243 137.71328222489961  0.85353433019630987 16.566359460015075 -2.9825819339668587 137.69859250578986  0.85353433019608682 16.618359733338256 -2.9429573453046962 137.67425521054219  0.85353433019621161 16.669847462577639 -2.9046843873755277 137.64811105169869  0.8535343301960916 16.689331359273304 -2.8902235744952431 137.63821477066867  0.85353433019643665 16.708744247893769 -2.875726433133678 137.6286226127767  0.85353433019551872 16.72808861875161 -2.861106750966766 137.61953279870195  0.85353433019704494 16.74736597347724 -2.8463208129019111 137.61103943479515  0.85353433019526825 16.76657552294456 -2.8313767067542335 137.60311378271371  0.85353433019675762 16.785712844670943 -2.816337358224251 137.59559933859583  0.85353433019587421 16.80476849964904 -2.8013172951673537 137.58822072177369  0.85353433019620728 16.846177956617648 -2.768893789400197 137.57158899722731  0.85353433019610725 16.887008550203522 -2.73818236127449 137.55177520016684  0.85353433019617531 16.908969592153909 -2.7218899669053882 137.54044607338594  0.85353433019613711 16.930812771341529 -2.7056937588284442 137.52919321189535  0.85353433019609481 16.952269659778821 -2.6907368287224598 137.51525975801326  0.8535343301962961 16.974130637273216 -2.6720923706530417 137.51028174582345  0.85353433019596614 16.994975854353459 -2.6598818944108427 137.49061698610055  0.85353433019629832 17.01656965247544 -2.6392818990763844 137.49053681344697  0.85353433019606484 17.037818817020586 -2.6208585546083252 137.48576767959923  0.8535343301961833 17.059041106990637 -2.6016019150826182 137.4832662269601  0.853534330196142 17.080162477633259 -2.5822108030653066 137.4814364026758  0.85353433019614966 17.089026371999335 -2.5768852637834803 137.47291681459504  0.85353433019620972 17.097900655181512 -2.5713419355393885 137.46498729280108  0.85353433019591596 17.106778117143367 -2.5655997960580743 137.45758745010403  0.85353433019667457 17.115652682103622 -2.5596789216287106 137.45065846773204  0.85353433019531988 17.124519217808256 -2.553600308322947 137.44414293424524  0.85353433019712566 17.13337334480477 -2.5473856932097623 137.43798468445075  0.85353433019528246 17.142211245713955 -2.5410573755772079 137.43212863831633  0.85353433019671432 17.151029474503968 -2.5346380381436417 137.4265206398853  0.85353433019591041 17.15982476576275 -2.5281505682814962 137.42110729619054  0.85353433019618619 17.19469931563459 -2.5021701191708465 137.40014266472852  0.85353433019611002 17.229104284197238 -2.4758344502855163 137.3805938189881  0.85353433019618952 17.254577839364824 -2.4559714758280689 137.36663527327033  0.8535343301960796 17.279754805377166 -2.4360048146711621 137.35324908105164  0.85353433019626268 17.304619542285764 -2.4159780327137015 137.34034338868457  0.85353433019600478 17.329156380644559 -2.3959346756310103 137.32783152048077  0.85353433019628799 17.353349052498928 -2.375920309349322 137.31562654966646  0.8535343301960524 17.377180122372089 -2.3559845605720917 137.3036358693366  0.85353433019619873 17.400630418254792 -2.3361831572560385 137.29175576341117  0.85353433019613301 17.455099432744014 -2.2898553073667656 137.2636568537273  0.85353433019617853 17.507185823581338 -2.2450480965727713 137.23470955933709  0.85353433019610936 17.536418449552446 -2.2196420421540526 137.21792700324403  0.85353433019626257 17.564814274554145 -2.1946334939260281 137.20121589454646  0.85353433019598179 17.59234883506576 -2.169997620191487 137.18469329394455  0.85353433019631719 17.618996381693641 -2.1457270376470259 137.16844222201129  0.85353433019603353 17.644730160861691 -2.1218301854701549 137.1525160391806  0.8535343301961934 17.669522696509791 -2.0983296994185205 137.13694282574534  0.85353433019616409 17.693346071784553 -2.075260785916849 137.12172976184496  0.85353433019611702 17.748747693571168 -2.0204294123925588 137.08565738893975  0.85353433019623637 17.798110047844176 -1.9687390184913471 137.05152505502068  0.85353433019600888 17.824992280221661 -1.9394544315917117 137.03234228230886  0.85353433019663405 17.84968019723031 -1.9113436036869356 137.0142167951185  0.85353433019527092 17.872129655854962 -1.8845070954298726 136.99727759841389  0.85353433019720648 17.892310190555939 -1.8590743371352907 136.98161562681005  0.85353433019525771 17.910210752667567 -1.8351969579317329 136.9672873284031  0.85353433019667568 17.925845449801756 -1.8130421148882259 136.95431824860302  0.8535343301959557 17.939259285246113 -1.7927858221655555 136.94270661396416  0.8535343301961682 17.975489847968149 -1.7343665142301865 136.90967317234845  0.85353433019616054 17.990910637240578 -1.6991863158603757 136.88992228055872  0.85353433019610059 17.993123080791445 -1.6872494087983689 136.88355203626989  0.85353433019637392 17.989494761127354 -1.6878104075459666 136.88420013391632  0.85353433019564273 17.983226935172759 -1.7018194538392826 136.89162720691345  0.85353433019690994 17.979771022628164 -1.7264787034452216 136.9031253314073  0.85353433019533498 17.9832150625029 -1.7540106883135558 136.91404488717865  0.85353433019679115 17.991560151203174 -1.7749500806907323 136.92068247027996  0.85353433019577984 17.997602369940463 -1.7826296946424667 136.92206123256204  0.8535343301962981 17.995881723444 -1.7746702677958637 136.91857307743081  0.85353433019611569 17.981057340886434 -1.7501494192423011 136.91118586133064  0.85353433019614966 
15.676406017465373 -7.9182154733890666 138.35622377069012  1.0383466998475068 15.802115604653148 -7.9842366908660685 138.39351711715287  1.0383466998475748 15.91886542772817 -8.0174754422975063 138.41952655661322  1.0383466998472208 16.020569124283153 -8.0205849484842364 138.44433943176392  1.0383466998482171 16.103652553675538 -7.9986297555940258 138.47291028216824  1.0383466998462916 16.165816907694254 -7.9568813193649337 138.50628212642954  1.038346699849005 16.205650375560726 -7.8999730295713899 138.54271378916496  1.0383466998461728 16.222772963229307 -7.8319228836810186 138.57872091754226  1.0383466998483464 16.218199066807124 -7.7565320189146902 138.61003833219098  1.0383466998471651 16.194602400075674 -7.6776673116010192 138.63251135723647  1.038346699847565 16.117733351814227 -7.5202051944250883 138.65333619129797  1.0383466998474855 16.00079106344921 -7.3709715421599116 138.61989644015151  1.0383466998474915 15.94170349088713 -7.3038880712960665 138.5900034311322  1.0383466998476729 15.891752280038451 -7.2473545338362273 138.55118079277838  1.0383466998471071 15.856928516548829 -7.2028034636107714 138.51465512437102  1.0383466998480686 15.838661548276338 -7.1689384026065319 138.4932933003615  1.0383466998469846 15.834612193605482 -7.1444178568482908 138.49786532631779  1.038346699847839 15.843191946914471 -7.1297773114224823 138.53735190217671  1.0383466998473712 15.872184611966208 -7.1225092509024801 138.61987715438067  1.0383466998475257 15.952483659345592 -7.1049314368814223 138.76081616177069  1.0383466998475273 16.111971410632183 -7.0429965000313022 138.92188107371209  1.0383466998474802 16.128646007681496 -7.0363465712399531 138.93806825861182  1.0383466998477655 16.146095184274653 -7.0291821335553006 138.95432904020677  1.0383466998468729 16.164308180988165 -7.0214688419171658 138.97059854243631  1.0383466998484403 16.183270763653649 -7.0131745956123748 138.98681131267892  1.0383466998465543 16.20296506297457 -7.0042698794832017 139.00290176577727  1.0383466998482167 16.223369414126747 -6.9947281051049677 139.01880462804053  1.0383466998471171 16.244458196376051 -6.9845259519983216 139.03445538127119  1.0383466998476576 16.266201672681273 -6.9736437088101368 139.04979070677072  1.0383466998474726 16.288565829307402 -6.9620656145172584 139.06474892936001  1.0383466998475066 16.327459246717972 -6.9340474602613673 139.09537739840349  1.0383466998474411 16.366008094718687 -6.9032562366078789 139.12401964309362  1.0383466998477471 16.40279984944338 -6.8701097862971583 139.1498939281453  1.0383466998470197 16.435628691893985 -6.8356439791232733 139.17275345508483  1.0383466998481754 16.46252808167171 -6.8008219946354904 139.19211832650507  1.0383466998468447 16.481198854034172 -6.7669795119140943 139.2079678885919  1.0383466998479924 16.4883609489614 -6.7361411563118585 139.22100144221716  1.0383466998472464 16.479972883248344 -6.7105912350552099 139.2317828735529  1.0383466998475956 16.452679078992634 -6.6917294756712371 139.2392923160005  1.0383466998475026 16.359843249376986 -6.6660508507276663 139.24193871572305  1.0383466998474864 16.212775876058863 -6.6539718397468999 139.21566679258109  1.0383466998475519 16.131216654185188 -6.6488053038848163 139.19451245866605  1.0383466998473172 16.049809102217029 -6.6407319421580704 139.16453184226614  1.0383466998478144 15.987741210405771 -6.6243832272837402 139.13468453762857  1.0383466998472275 15.942403978572457 -6.6038179433582425 139.11545983279265  1.0383466998476392 15.906566665019545 -6.5817771659311557 139.10663084900762  1.0383466998475102 15.880500282591113 -6.5564831554455125 139.10293780581361  1.0383466998474571 15.860081661445003 -6.5299710223061789 139.10541556680548  1.0383466998475392 15.822330893768516 -6.4668798273832078 139.11799866754237  1.0383466998474524 15.793735320991374 -6.3986471265590055 139.13866566709407  1.0383466998475814 15.778600319157617 -6.3592262852206876 139.15093555526323  1.0383466998472497 15.766258250516465 -6.3182072973222523 139.16539336739473  1.0383466998479818 15.745322248370995 -6.2769169780593952 139.17227717967864  1.0383466998469111 15.742205892881413 -6.2318834245291104 139.19414043671014  1.0383466998480715 15.723173728419447 -6.187564718933122 139.20160688698786  1.0383466998470814 15.712156479885717 -6.1405230093928846 139.21545027633763  1.0383466998477657 15.697994241311413 -6.0921523546181913 139.22575641685313  1.0383466998473834 15.682576153340214 -6.0377779726678362 139.23572852812589  1.0383466998475646 15.666777438863674 -5.9809137611560734 139.24389186417196  1.0383466998474842 15.665600863455852 -5.9766718817983691 139.24448885226914  1.0383466998476742 15.664422592276308 -5.9724159930440077 139.24507588947384  1.0383466998471427 15.663242837262723 -5.968145972764745 139.24565300186157  1.0383466998480104 15.662061815398463 -5.9638616992216917 139.24622021664868  1.0383466998469948 15.660879748668668 -5.9595630511806812 139.24677756212458  1.0383466998479027 15.659696863968753 -5.955249908047918 139.24732506761185  1.038346699847277 15.658513393062961 -5.9509221499834473 139.24786276339768  1.0383466998476008 15.657329572500375 -5.9465796580344419 139.24839068068906  1.0383466998474844 15.656145643560276 -5.9422223142540851 139.24890885155196  1.0383466998475066 15.653628486573771 -5.8988707500066866 139.26162309259473  1.0383466998475011 15.650610810490837 -5.8554555515102438 139.27246610864933  1.038346699847535 15.647261016091443 -5.8119386208675898 139.28164944545412  1.038346699847442 15.643766448726264 -5.7682964844396025 139.28936364872848  1.0383466998475945 15.640328430147488 -5.7245212511909074 139.29578275118519  1.0383466998474316 15.637157290323675 -5.6806215710445578 139.3010687595395  1.0383466998475512 15.63446739928019 -5.6366235932240176 139.30537614152172  1.0383466998474866 15.632472198906612 -5.5925719246098762 139.30885631288703  1.0383466998475122 15.631379234798221 -5.5485305880825191 139.31166212442699  1.038346699847509 15.631404784453172 -5.35992494017753 139.32149108081614  1.0383466998474846 15.655001941504876 -5.1750114886711032 139.32493971004121  1.0383466998475617 15.685875210688115 -5.0378242946314842 139.32362705730523  1.0383466998473148 15.727575264845806 -4.9072287566108228 139.31856557284038  1.0383466998479347 15.777925697419644 -4.7842804681415165 139.31017629249635  1.0383466998468602 15.834910772007252 -4.6691400719110678 139.29893726160759  1.0383466998481921 15.896873406159218 -4.5613165408039222 139.28527627715661  1.0383466998469855 15.962567547616411 -4.4600137011006584 139.26951344233697  1.0383466998477828 16.031110776947756 -4.3644411094070525 139.2518554696307  1.0383466998474205 16.161071800930873 -4.1982703958250491 139.21620901860607  1.0383466998475901 16.296973440397682 -4.0469318737099167 139.17525382110935  1.0383466998474271 16.359632019009723 -3.9805741627070921 139.15540215122542  1.0383466998478295 16.422721016630831 -3.9163251699705444 139.13427778718528  1.0383466998468402 16.485996641607439 -3.853780418234487 139.11182083133184  1.0383466998484168 16.549287187489536 -3.7926038253512639 139.08799685779184  1.0383466998466133 16.612501551197539 -3.7325533845555703 139.06283177359404  1.0383466998481463 16.675664156078117 -3.673518119630935 139.03646963608065  1.0383466998471884 16.738976279909799 -3.6155663150408976 139.00925342650982  1.0383466998475983 16.83613642342738 -3.5296017024498467 138.96757211147118  1.0383466998474582 16.936669020450505 -3.4482733856946068 138.92789244738222  1.0383466998475197 16.971266820777618 -3.4208546091328182 138.9143796804284  1.0383466998474542 17.005898376081365 -3.3936926469461612 138.90075395340762  1.0383466998477033 17.040424905169065 -3.3666751890798952 138.88688412543792  1.0383466998471038 17.074763418754348 -3.3397336525956742 138.8726992780087  1.0383466998480098 17.108885957210074 -3.3128435080814573 138.85818863151755  1.0383466998470927 17.142801389413425 -3.2860108252558029 138.84338223237617  1.0383466998477366 17.176519772664914 -3.2592450377012714 138.82831241070502  1.0383466998474262 17.23050507538218 -3.2161478848435183 138.80355039243383  1.0383466998475788 17.283442208041052 -3.172837545304279 138.77763853026548  1.0383466998474444 17.303539580757064 -3.1564661250028609 138.76778715536994  1.0383466998477997 17.323756040290949 -3.1402742156824859 138.75807245597764  1.0383466998468796 17.344186469689152 -3.1243342177333129 138.74860247651878  1.0383466998483701 17.364874910947627 -3.1086790480704716 138.73942913964027  1.0383466998466844 17.385804810264641 -3.093295264788257 138.73053768083983  1.0383466998480571 17.40689585425503 -3.0781212879352 138.72184400691947  1.0383466998472628 17.428007397110616 -3.0630507163900464 138.71319997828272  1.0383466998475566 17.473748183691225 -3.0300465870452418 138.693992978457  1.038346699847472 17.517603822978181 -2.9960638674909874 138.6729824238939  1.0383466998475264 17.540988037536536 -2.9774799822074889 138.66125258996195  1.0383466998475113 17.564329738159604 -2.9589947466310602 138.64950965777135  1.0383466998474242 17.586119303555996 -2.9395453130860045 138.63637781660134  1.0383466998476814 17.612499223028568 -2.9235426120709458 138.62788149423235  1.0383466998473119 17.631073041830142 -2.9020796104514064 138.61162498606578  1.0383466998476454 17.659643634373428 -2.8879760482716752 138.60579596262374  1.0383466998474415 17.685690081864209 -2.872182995912945 138.59739278671802  1.0383466998475264 17.712797033170229 -2.8572972138163908 138.59012684285929  1.0383466998475028 17.740138577642888 -2.8427207603318956 138.58313903972385  1.0383466998475068 17.748198203708974 -2.8333429944212996 138.57603537289833  1.0383466998475852 17.756537086183187 -2.8242065969958641 138.56922662534907  1.0383466998472035 17.765123964063228 -2.8152845231647423 138.56268554824754  1.0383466998481843 17.773928407919374 -2.8065513315086155 138.55638445265811  1.0383466998464421 17.782920697051555 -2.7979829892194172 138.55029532743654  1.0383466998487521 17.79207169664112 -2.7895566772595548 138.54438995715114  1.0383466998464086 17.801352734909635 -2.7812505954951612 138.53864003997222  1.0383466998482129 17.810735480270239 -2.773043767856751 138.53301730559738  1.0383466998472166 17.820191818485291 -2.7649158474769515 138.52749363314416  1.0383466998475439 17.857980839501302 -2.7328257984739524 138.50580922962027  1.0383466998474902 17.896047044685655 -2.7013576801684125 138.48481663921595  1.0383466998474886 17.924625741364967 -2.6780987234027829 138.46943028753387  1.0383466998476147 17.953225281644599 -2.6550915497632275 138.45431875615  1.0383466998472928 17.981787134287252 -2.6322964177721442 138.43943376306242  1.0383466998477882 18.010254258567624 -2.6096767380265713 138.42472927006347  1.0383466998472364 18.038567869845959 -2.5871971317708673 138.41015910029429  1.0383466998476925 18.066664205142072 -2.5648214894644639 138.39567455581559  1.0383466998474293 18.094471288708082 -2.5425110293554183 138.38122203516221  1.0383466998475088 18.159306516970076 -2.4898366222981072 138.3469984491133  1.0383466998475395 18.221512396621062 -2.4370049183901266 138.31221959575834  1.0383466998474395 18.256586111900461 -2.4065454285777355 138.29208237134787  1.038346699847764 18.29089304133964 -2.3761556635415748 138.27195661818163  1.0383466998470026 18.324457342103052 -2.3458740225827523 138.25190735986715  1.0383466998481947 18.357285446312193 -2.3157268009534246 138.23198118258776  1.03834669984682 18.389367732281126 -2.2857304291829679 138.21220895668097  1.0383466998479858 18.420680195752258 -2.2558937123660834 138.19260855823066  1.0383466998473116 18.451186121129069 -2.2262200694954624 138.17318759064392  1.0383466998475142 18.523153985773192 -2.1545952405048547 138.12648633101489  1.0383466998475717 18.589752795881907 -2.0839289211440311 138.08081424314562  1.0383466998473683 18.627067540867518 -2.0427901838339086 138.05443795117378  1.0383466998480286 18.662524562436801 -2.0021314124101428 138.02863659317771  1.0383466998465376 18.696090657323122 -1.9620101340847018 138.00348413084157  1.0383466998486912 18.727717431867159 -1.9224764590817516 137.97903520285544  1.0383466998464854 18.757346140487709 -1.8835758994032559 137.95532843150713  1.038346699848125 18.784912524154723 -1.8453521876393273 137.93238972925599  1.0383466998472752 18.810351648858035 -1.8078500957382504 137.91023560532426  1.0383466998475261 18.88506821159427 -1.689813635696799 137.84159879535108  1.0383466998475346 18.936655830666133 -1.5803021682514056 137.78125005384715  1.0383466998474176 18.961688923488463 -1.5097721314017609 137.74427893762635  1.0383466998478843 18.977096896780875 -1.444365522882932 137.7120168596812  1.0383466998466724 18.983960169840376 -1.3845830516983908 137.68456702785028  1.0383466998487552 18.98442474959262 -1.3291927524385565 137.66088589896572  1.0383466998461626 18.980052941248303 -1.2746229618614047 137.6390010592726  1.0383466998485702 18.969571862229795 -1.2164269036670392 137.617340099892  1.0383466998468944 18.949214705897145 -1.1513942585080339 137.59559025024743  1.0383466998477529 18.91594562699041 -1.0783716974553359 137.57412527859512  1.0383466998474491 18.86676410797023 -0.99691837388758975 137.55360443071407  1.0383466998475068 
16.346268879358728 -8.6684926469910319 137.78349714833979  1.0367296232096115 16.520752081628327 -8.6467561582187482 137.74839134737047  1.0367296232096765 16.676550380305194 -8.5993983521413941 137.73289630253342  1.0367296232093368 16.812683276543694 -8.5358644777686781 137.74061063696089  1.0367296232103005 16.929792031521718 -8.4625423120847802 137.77103363716449  1.036729623208416 17.028345666812822 -8.382890113942624 137.82205317844398  1.0367296232111136 17.107916756744334 -8.2982459660634937 137.89100593637576  1.0367296232082357 17.167243844136998 -8.208962554814331 137.97481041331292  1.0367296232105141 17.204797310807592 -8.1155114374492126 138.06967330882497  1.0367296232092211 17.219565534213917 -8.0192008465150622 138.17086976299839  1.0367296232096861 17.203990789063468 -7.8251013156452993 138.37532624007744  1.0367296232095813 17.105586220802142 -7.6352826601880048 138.56611340318108  1.0367296232095971 17.042460600996996 -7.5434844844294879 138.65055794987708  1.0367296232098033 16.974485799638774 -7.4566012997271116 138.71846190124819  1.0367296232091112 16.914060528277137 -7.3761384223655568 138.7706479648181  1.0367296232103924 16.872069600787306 -7.3003704059452037 138.81204752303734  1.0367296232087753 16.855532808861415 -7.2252801093269614 138.84982386520377  1.0367296232102456 16.869968726442725 -7.1457036568843915 138.89059447921167  1.0367296232092844 16.923233509007265 -7.0520284051957205 138.93358785025865  1.0367296232097007 17.03381120157248 -6.9123000269688362 138.9645213975306  1.0367296232096181 17.183732381830719 -6.7212753114786912 138.9369942642534  1.0367296232095751 17.199008742271218 -6.7017334800918817 138.93364018398097  1.0367296232100001 17.214566875414228 -6.6816907890754251 138.92964582257193  1.0367296232086123 17.230350055450607 -6.6611561929443583 138.92498373637278  1.0367296232111713 17.246300415565329 -6.6401417845630064 138.91962866217565  1.0367296232079155 17.262359231553493 -6.6186627953082358 138.91355792753012  1.0367296232109524 17.278467205423762 -6.59673759529728 138.90675186108462  1.0367296232088397 17.29456474901443 -6.5743876935463312 138.89919420289607  1.0367296232099215 17.310592267599436 -6.5516377381881084 138.89087251476644  1.0367296232095389 17.326490443500685 -6.5285155166494482 138.88177859056134  1.0367296232096113 17.35227534630679 -6.4762872213790583 138.86900643262695  1.0367296232095389 17.375870063412219 -6.4240169884070317 138.85452157633725  1.036729623209881 17.396212738198475 -6.3726195737469702 138.83903757032962  1.0367296232090548 17.412334662958784 -6.3233306005882088 138.82417639476185  1.0367296232103849 17.423206185772759 -6.2773426371402099 138.81131159763413  1.0367296232088403 17.427996473874455 -6.2359152114904983 138.80234222116121  1.0367296232101775 17.425968598826941 -6.2005783022049608 138.80032187224768  1.0367296232093113 17.415901026482054 -6.1731265525268562 138.8088816988481  1.0367296232097105 17.395596212399798 -6.1551791649348901 138.83040044200362  1.036729623209607 17.329817029733828 -6.1391371189966728 138.8973778401114  1.0367296232095933 17.219882147906478 -6.1530075896211187 138.99313378789003  1.0367296232096521 17.155599409002225 -6.1649458993321353 139.04357383538067  1.0367296232094401 17.084830707596939 -6.1782201082807733 139.089786120996  1.0367296232098897 17.02256733588937 -6.1827933048284969 139.1206273557834  1.0367296232093623 16.975638938591029 -6.1781061007444391 139.14278244090934  1.0367296232097312 16.940821504340946 -6.1674688022657262 139.16177384859634  1.0367296232096024 16.914323290572991 -6.1517368694032886 139.1749933201996  1.0367296232095846 16.895214282243636 -6.1326658763656381 139.18616547231917  1.0367296232096288 16.861619340079518 -6.0851152822072478 139.20714935174919  1.0367296232095828 16.839786661777016 -6.0333021457823737 139.22308542249064  1.0367296232096495 16.829069672917139 -6.0042576857557686 139.23127694913995  1.0367296232094907 16.821968085572522 -5.9744512925080437 139.23786243261802  1.0367296232098011 16.805582824803519 -5.9490036615196367 139.24786752138229  1.0367296232094423 16.809673799577627 -5.9157893872854466 139.24990637004865  1.0367296232096901 16.796051714146039 -5.8911191023329081 139.25843766610495  1.0367296232096126 16.791628452323593 -5.8632093870154769 139.26341088258576  1.0367296232095911 16.783636035135686 -5.8375983639233784 139.26962724688656  1.0367296232096159 16.774600472241413 -5.8106840542139269 139.27642681139588  1.0367296232096206 16.764501895541787 -5.7846147141820516 139.28356147978445  1.0367296232096008 16.763745242223592 -5.782680945366419 139.28409378492645  1.0367296232096868 16.762982869901613 -5.7807516036655846 139.28462788606396  1.0367296232094698 16.762214862664365 -5.778826564683702 139.28516375217524  1.0367296232097778 16.761441308057559 -5.7769057025931829 139.28570135044757  1.0367296232094718 16.760662297041556 -5.7749888902261119 139.28624064635289  1.0367296232096985 16.759877923949805 -5.7730759991710592 139.28678160364964  1.0367296232095697 16.759088286446474 -5.7711668998639629 139.28732418446464  1.0367296232096259 16.758293485484657 -5.7692614616842288 139.28786834930489  1.0367296232096084 16.757493625264189 -5.7673595530471058 139.28841405711887  1.0367296232096113 16.760211500059579 -5.7460731523646578 139.28960296287997  1.0367296232095897 16.761590336687821 -5.7256143935692343 139.29121702428466  1.0367296232097061 16.761828256716253 -5.705765992159729 139.29324106082856  1.0367296232093854 16.761134555297584 -5.6863353537365704 139.29563204882538  1.0367296232099743 16.759728082519121 -5.6671564959362524 139.29832402285919  1.0367296232091838 16.757835624749507 -5.6480919703474957 139.30123297725333  1.0367296232099914 16.755690285990109 -5.6290347844535136 139.30426176751328  1.0367296232093657 16.753529869219815 -5.6099103235442014 139.30730501180258  1.0367296232097112 16.751595257746995 -5.5906782726564783 139.31025399238504  1.036729623209601 16.745301646459826 -5.5076607714978092 139.32204571545736  1.0367296232096068 16.752091534283707 -5.4232133728312064 139.32827313424508  1.0367296232096437 16.764634486183027 -5.3583209823865383 139.32988908521634  1.0367296232094572 16.78395039728581 -5.2939290772844974 139.32850982176305  1.0367296232099998 16.809385076051562 -5.2304490291426218 139.32433998509578  1.0367296232089813 16.840274619658647 -5.1680585123535998 139.31760490936196  1.03672962321031 16.876003049593187 -5.1067418906723407 139.30852974936028  1.0367296232090673 16.916037039949661 -5.0463652838778126 139.29732019321588  1.0367296232098968 16.95993947334804 -4.9867579278208733 139.28414848472545  1.0367296232095318 17.047025692800695 -4.878439338218076 139.25660354252236  1.036729623209673 17.14504294189507 -4.7718191352504515 139.22324167884551  1.0367296232095675 17.191581032233678 -4.7233592755021627 139.20700713166022  1.0367296232097631 17.239738581590469 -4.6747697254452234 139.18986207548525  1.0367296232093084 17.289300609319117 -4.6258416298650689 139.17190665541224  1.0367296232100285 17.340106540350046 -4.5764047149796632 139.15320968694161  1.0367296232091803 17.392061218071426 -4.5263708466085015 139.13379886614436  1.0367296232099517 17.445165665694677 -4.4758021382855908 139.11364279490803  1.0367296232094214 17.499567596102366 -4.4250036093250786 139.09262482126206  1.036729623209671 17.58477650949386 -4.3484591372557437 139.05901165390102  1.0367296232095815 17.675376267595215 -4.2756159224599326 139.02194158891007  1.0367296232096155 17.706817091894234 -4.2509353555225928 139.00894944218683  1.0367296232095813 17.738544389955134 -4.2262867027313469 138.99573096418243  1.0367296232097674 17.770431611220211 -4.201509679538467 138.98235206567091  1.0367296232092671 17.802403138551192 -4.1765107878546868 138.96885104855471  1.0367296232100478 17.834431875483045 -4.1512648570111157 138.95523945038397  1.0367296232092493 17.866522564553733 -4.1257938518986972 138.94151087502445  1.0367296232098158 17.898680836712938 -4.1001229482728689 138.9276578094977  1.0367296232095373 17.950582246762753 -4.0583448718980284 138.90514524394055  1.0367296232096819 18.002188187773513 -4.0154506236643037 138.88253993602356  1.0367296232095473 18.021866830032724 -3.9991752660361488 138.87387218284826  1.036729623209925 18.041730187098029 -3.9830834935642767 138.86506295082694  1.0367296232089309 18.061856000342516 -3.9672983980529084 138.8560692401833  1.0367296232105623 18.082278244728652 -3.95187883172748 138.84687177102589  1.0367296232086844 18.102979509212794 -3.9368068887220038 138.83747884053227  1.0367296232102499 18.123889168918918 -3.9219842272362069 138.82792745363273  1.036729623209323 18.144887349090073 -3.9072372323341127 138.8182817272245  1.0367296232096681 18.190598102322109 -3.8746781736947118 138.79719670835502  1.0367296232095773 18.235096240036398 -3.840055524866488 138.77656595786911  1.0367296232096221 18.259004927211322 -3.8208898637501463 138.76543957283732  1.0367296232096641 18.282956406394135 -3.8017383873739292 138.75419523648051  1.0367296232094214 18.305812486219182 -3.7808716355266925 138.74355928574806  1.036729623209953 18.332386018794825 -3.765590651245657 138.73066584832654  1.0367296232092194 18.352823937426443 -3.7410290843901479 138.72120770508093  1.0367296232099279 18.381454475073109 -3.7287606467444356 138.70712878128256  1.0367296232094276 18.408087349611829 -3.7134840073935211 138.6940334406884  1.0367296232096859 18.43562917315279 -3.6995735764624045 138.68030494775792  1.0367296232095944 18.463403711398701 -3.686017055052901 138.66630986348829  1.0367296232096115 18.472491465733608 -3.675188353052945 138.66200363982804  1.0367296232096608 18.481807749759703 -3.6647209173158708 138.65753488087927  1.036729623209429 18.491329924431735 -3.6545777803663966 138.65292210738542  1.0367296232099927 18.50103528481181 -3.6447226087759916 138.64818235861969  1.0367296232090608 18.510901086009198 -3.6351196577689371 138.64333140812431  1.036729623210193 18.520904569100175 -3.6257337258509588 138.63838397943132  1.0367296232091467 18.531022987077566 -3.6165301094051658 138.63335396180921  1.0367296232098886 18.541233630764602 -3.6074745573261122 138.62825462598025  1.0367296232095025 18.551513854763364 -3.5985332256181723 138.62309883986472  1.0367296232096253 18.592585235156491 -3.5632947198170579 138.60242025137987  1.0367296232096066 18.634045456230158 -3.5288086377938854 138.58125040449843  1.0367296232096037 18.665239268842644 -3.5033341367512936 138.56516216383849  1.0367296232096441 18.69653861175976 -3.4781274105335203 138.54886115883372  1.0367296232095726 18.727894157035966 -3.4531219471941461 138.5323727287182  1.036729623209621 18.759257900728024 -3.4282540052527994 138.5157205544418  1.0367296232096428 18.790580732395515 -3.4034594893276089 138.49892837126981  1.0367296232095617 18.821810004638923 -3.3786708257817906 138.48202168138695  1.0367296232096521 18.852887102600718 -3.3538138383555949 138.46502946649855  1.0367296232095915 18.925813029462528 -3.2947100267911251 138.42475072382538  1.0367296232096503 18.997080024050348 -3.2342156277863343 138.38441460753242  1.0367296232095546 19.037687246121145 -3.1989586158582446 138.361093304733  1.0367296232097796 19.077821730573355 -3.1634148889329468 138.33769407761307  1.0367296232093444 19.117498697842226 -3.1276320943542379 138.31420039195049  1.0367296232099008 19.156718767861669 -3.0916350954793521 138.29060339139673  1.0367296232093881 19.195469224506432 -3.055429066645361 138.26690121491924  1.0367296232097203 19.233725280042734 -3.0190025881298697 138.24309831425037  1.0367296232096013 19.27145133956892 -2.9823307411190259 138.21920477132963  1.0367296232095822 19.361620839978354 -2.8926427494846436 138.16102891886908  1.036729623209699 19.448087631698623 -2.8010500982031616 138.10252130414429  1.0367296232094663 19.497630224075035 -2.746581383314771 138.06798559633287  1.0367296232101133 19.545832002139335 -2.6915035470547783 138.03330566119192  1.0367296232087104 19.592627921513479 -2.6357870128756784 137.99848054583848  1.0367296232106762 19.637930091567416 -2.5793755332127106 137.9635190187561  1.036729623208732 19.681627993476486 -2.5221933185220342 137.92843995546161  1.0367296232101149 19.723588698299906 -2.4641521663343058 137.8932727241552  1.0367296232094363 19.763657085036073 -2.405158590294235 137.85805757138809  1.0367296232096217 19.885765427558106 -2.2122297783999429 137.74490647115132  1.0367296232096441 19.98445087696728 -2.0076659345990051 137.63244464787587  1.0367296232095242 20.039977850122966 -1.8609987057327526 137.55550328741296  1.0367296232099499 20.081300910784826 -1.708517662372425 137.47960020476589  1.0367296232088949 20.106401321949587 -1.5498925338420055 137.40525946747186  1.036729623210646 20.112618861734894 -1.3858984608888911 137.33372835344042  1.0367296232085319 20.097736150089208 -1.2187463311685269 137.26679950155045  1.0367296232104444 20.061312497137443 -1.0510619222907502 137.20595375165237  1.0367296232091399 20.004365688138876 -0.88459580345921984 137.15186705796071  1.0367296232097987 19.927333366734757 -0.7198992120919997 137.10485870299468  1.0367296232095686 19.830600778562708 -0.55712778083711667 137.0650949052706  1.0367296232096115 

0 6
6.2831853071795862 6

0 12
0.98985254871911033 9
1.9797050974382207 9
2.0892582415776197 11
2.3886438005771922 9
2.688029359576765 9
3.0663424152895251 9
3.0967303255581182 11
3.3974419917030523 9
4.3872945404221628 9
5.2151368258999495 9
5.6454896103545895 9
5.9090756430282374 9
6.2212302855517141 11
6.3592277726166664 9
6.7700451245102036 9
7.3301047791597229 9
8.129373271549527 9
9.8985254871911028 12

9 0 0 0 0 1 1 2 2 2 2 16.25816624538114 -3.4339575232257391 137.77500000000001  17.363965588809229 -3.5893674859644782 137.77500000000001  
16.128869333583623 -3.4339575232257391 138.89166666666665  17.234668677011712 -3.5893674859644782 138.89166666666665  

-0.66999999999999993 2
0.66999999999999993 2

-0.66999999999999993 2
0.66999999999999993 2

9 0 0 0 0 1 1 2 2 2 2 17.835325176832498 -1.6347781032734214 137.55360443071407  18.321946707018018 -2.0200202128704854 135.40847257679249  
19.71978276411437 -0.46939683796010101 137.55360443071407  20.206404294299887 -0.85463894755716407 135.40847257679249  

-1.6809455656280115 2
0.97788560693687288 2

-1.3944440067853634 2
1.2364750963365339 2

9 0 0 0 0 1 1 2 2 2 2 9.3913865672874852 -8.9739022747933994 139.25  16.027450750263569 -7.8037851136216414 139.25  
9.8545396841741244 -8.9739022747933994 135.25  16.490603867150206 -7.8037851136216414 135.25  

-2.4000000000000057 2
2.4000000000000057 2

-4.3196841461104469 2
3.7664392573804433 2

9 0 1 0 0 2 1 7 2 4 2 16.118473303104647 -6.9400702916559354 137.25  1 16.270415458563214 -7.801777075541624 137.25  1 
15.717370938038874 -6.9400702916559354 140.71410161513776  0.50000000000000011 15.869313093497439 -7.8017770755416205 140.71410161513776  0.50000000000000011 
10.932332870947453 -7.8191641910947709 138.98205080756887  1 11.084275026406019 -8.6808709749804578 138.98205080756887  1 
6.1472948038560382 -8.6982580905336064 137.25  0.50000000000000011 6.2992369593146043 -9.5599648744192915 137.25  0.50000000000000011 
11.333435236013223 -7.8191641910947709 135.51794919243113  1 11.48537739147179 -8.6808709749804578 135.51794919243113  1 
16.519575668170404 -6.9400702916559389 133.78589838486224  0.50000000000000011 16.671517823628971 -7.8017770755416267 133.78589838486224  0.50000000000000011 
16.118473303104647 -6.9400702916559354 137.25  1 16.270415458563214 -7.801777075541624 137.25  1 

0 3
2.0943951023931953 2
4.1887902047863905 2
6.2831853071795862 3

-1.05 2
3.6464771423322284e-15 2

9 0 0 0 0 1 1 2 2 2 2 16.685379918701912 -8.2217995549994409 136.69987392674773  16.217406249585252 -8.3930698301475104 137.76778930232686  
16.261667064373174 -7.3699676674119958 136.69987392674773  15.793693395256504 -7.5412379425600662 137.76778930232686  

-0.69523417325817272 2
0.44643837725412061 2

-0.70160497424143609 2
0.66045270422175184 2

9 1 1 1 0 6 10 6 11 2 2 8.9372743968933435 -8.5974162789263566 137.3744676289935  1.6690784610682365 9.0357836950355033 -8.6644560497642811 137.45161898243862  1.6690784610682756 9.1302646599262349 -8.7150022302526402 137.50567005372704  1.669078461068076 9.2179460220512581 -8.7496288323197469 137.53801823303758  1.6690784610685891 9.2987537386848196 -8.7713838857984374 137.55309930596891  1.6690784610676883 9.3647742776657008 -8.7783662243546523 137.54976896244048  1.669078461068876 9.4294055948382294 -8.7897458067176473 137.55309930596891  1.6690784610676788 9.516504240686853 -8.7915884535740609 137.5380182330376  1.6690784610685911 9.6176793447484599 -8.7835038969037562 137.50567005372707  1.6690784610680811 9.7347072109769321 -8.7626833440878205 137.45161898243862  1.6690784610682761 9.8653994781654379 -8.7278557525565628 137.3744676289935  1.6690784610682365 
8.9758339222309527 -7.9813513692149574 137.78921385051868  1.0367296232096121 9.0743432203731089 -8.0483911400528854 137.8663652039638  1.0367296232096346 9.1688241852638512 -8.0989373205412356 137.92041627525222  1.0367296232095198 9.2565055473888336 -8.1335639226083849 137.95276445456267  1.0367296232098107 9.3373132640225336 -8.1553189760869671 137.96784552749429  1.0367296232093104 9.4033338030031626 -8.1623013146433312 137.96451518396535  1.0367296232099559 9.4679651201759576 -8.1736808970062071 137.96784552749429  1.0367296232093213 9.5550637660244142 -8.1755235438626741 137.95276445456267  1.0367296232097909 9.656238870086078 -8.1674389871923605 137.92041627525222  1.0367296232095373 9.7732667363145431 -8.146618434376423 137.8663652039638  1.0367296232096299 9.9039590035030525 -8.111790842845167 137.78921385051868  1.0367296232096121 
8.2836816684073522 -8.2087683537030625 138.44910135345114  1.0383466998475064 8.4421301038118006 -8.3165992590031159 138.57319635233208  1.0383466998475217 8.6143492291587211 -8.4116819172909665 138.67599508550583  1.0383466998474407 8.8032614817003143 -8.493411005326255 138.75602393768841  1.0383466998476476 9.0089449430583404 -8.5585722287641346 138.8086051592002  1.0383466998472881 9.2397448142552374 -8.6091704591218114 138.83494548017387  1.0383466998477657 9.4815323051971845 -8.6249900511089006 138.80860515920023  1.038346699847271 9.7091495337391578 -8.6207252683067495 138.75602393768838  1.0383466998476623 9.9314450771444722 -8.5967876671499148 138.67599508550586  1.0383466998474351 10.146545737292891 -8.5561392548123631 138.57319635233208  1.038346699847525 10.356759246535406 -8.5001204069359915 138.44910135345114  1.0383466998475064 
7.6641396546370224 -9.1738186196936145 138.46995598543634  0.85353433019614966 7.8720252306267913 -9.315293603656567 138.63276958630257  0.85353433019616576 8.1083619349522031 -9.4471094585621156 138.77577485436987  0.85353433019608338 8.3807683115283993 -9.5676881585050566 138.89513020065326  0.85353433019628977 8.6894479124639812 -9.6686503130969292 138.97864113190283  0.85353433019594327 9.0561559629310278 -9.7552224508748555 139.02945349033061  0.85353433019637481 9.4440599158075837 -9.7747041139232476 138.9786411319028  0.85353433019596658 9.7875753244829546 -9.7654019903709077 138.89513020065328  0.85353433019625857 10.109769672927657 -9.7283889726369868 138.77577485436987  0.85353433019610425 10.405759693885463 -9.6713867600371621 138.63276958630257  0.85353433019616098 10.681561448179631 -9.5978895972072777 138.46995598543634  0.85353433019614966 
8.1954896345524553 -9.6178110454471692 137.50050791279844  1.0383466998475068 8.3539380699569055 -9.7256419507472316 137.62460291167937  1.0383466998475257 8.5261571953038189 -9.8207246090350555 137.72740164485316  1.0383466998474282 8.7150694478454387 -9.9024536970703974 137.8074304970356  1.0383466998476714 8.9207529092034044 -9.967614920508181 137.86001171854801  1.0383466998472644 9.1515527804003742 -10.018213150865977 137.88635203952052  1.0383466998477764 9.3933402713422911 -10.034032742852979 137.86001171854801  1.0383466998472799 9.6209574998842378 -10.029767960050865 137.8074304970356  1.0383466998476474 9.8432530432896019 -10.005830358894022 137.72740164485316  1.0383466998474462 10.058353703437994 -9.9651819465564699 137.62460291167937  1.0383466998475226 10.268567212680509 -9.9091630986800983 137.50050791279844  1.0383466998475068 
8.8987148715557343 -9.2134811886377559 136.95972140746835  1.0367296232096115 8.9972241696978887 -9.2805209594756768 137.03687276091344  1.0367296232096219 9.0917051345886346 -9.3310671399640412 137.09092383220192  1.0367296232095691 9.1793864967136543 -9.3656937420311586 137.12327201151214  1.0367296232096939 9.260194213347166 -9.3874487955098029 137.1383530844445  1.0367296232094896 9.3262147523281751 -9.3944311340660871 137.13502274091431  1.0367296232097583 9.3908460695005491 -9.4058107164290305 137.13835308444447  1.0367296232094778 9.4779447153492828 -9.4076533632854478 137.12327201151217  1.0367296232096972 9.5791198194108453 -9.3995688066151697 137.09092383220192  1.0367296232095748 9.6961476856393247 -9.3787482537992162 137.03687276091344  1.0367296232096201 9.8268399528278305 -9.343920662267962 136.95972140746835  1.0367296232096115 

0 6
6.2831853071795862 6

0 11
1.9390719429665364 11

9 0 0 0 0 1 1 2 2 2 2 9.8526275398809684 -8.7797877185757471 137.32111949539842  9.9838446352476975 -9.4959851951276679 137.17891288895024  
10.289828092160613 -8.8543010982916197 138.12422058894856  10.421045187527341 -9.5704985748435423 137.98201398250038  

-0.53991455922197051 2
0.61833430964856895 2

-0.18002086691748709 2
0.70694831106339862 2

9 0 1 0 0 2 1 7 2 4 2 15.429107875996099 -7.0616240160227886 137.25  1 15.581050031454664 -7.9233307999084701 137.25  1 
15.168391338703348 -7.0616240160227886 139.50166604983954  0.50000000000000011 15.320333494161913 -7.9233307999084701 139.50166604983954  0.50000000000000011 
11.347208498388239 -7.7583873289113443 138.37583302491976  1 11.499150653846806 -8.6200941127970303 138.37583302491976  1 
7.5260256580731291 -8.4551506417999036 137.25  0.50000000000000011 7.6779678135316942 -9.3168574256855869 137.25  0.50000000000000011 
11.60792503568098 -7.7583873289113461 136.12416697508021  1 11.759867191139545 -8.6200941127970303 136.12416697508021  1 
15.689824413288838 -7.0616240160227886 134.99833395016046  0.50000000000000011 15.841766568747405 -7.9233307999084719 134.99833395016046  0.50000000000000011 
15.429107875996099 -7.0616240160227886 137.25  1 15.581050031454664 -7.9233307999084701 137.25  1 

0 3
2.0943951023931953 2
4.1887902047863905 2
6.2831853071795862 3

-1.05 2
0 2

9 0 0 0 0 1 1 2 2 2 2 9.2620928978057417 -8.1082019517578079 139.25  15.886896744661327 -6.9400702916559389 139.25  
9.7252460146923791 -8.1082019517578079 135.25  16.350049861547966 -6.9400702916559389 135.25  

-2.4000000000000057 2
2.4000000000000057 2

-4.2920866956547066 2
3.7803158538895474 2

9 0 1 0 0 2 1 7 2 4 2 9.514339809717951 -8.1182835567617317 137.25  1 9.1307650562774967 -8.9047283472735241 137.25  1 
9.113237444652178 -8.1182835567617317 140.71410161513776  0.50000000000000011 8.7296626912117237 -8.9047283472735241 140.71410161513776  0.50000000000000011 
4.763643767795533 -5.8990296261420294 138.98205080756887  1 4.3800690143550787 -6.6854744166538218 138.98205080756887  1 
0.41405009093888484 -3.6797756955223244 137.25  0.50000000000000011 0.030475337498430493 -4.4662204860341195 137.25  0.50000000000000011 
5.1647461328612971 -5.8990296261420267 135.51794919243113  1 4.7811713794208455 -6.6854744166538183 135.51794919243113  1 
9.9154421747837134 -8.1182835567617317 133.78589838486224  0.50000000000000011 9.531867421343259 -8.9047283472735241 133.78589838486224  0.50000000000000011 
9.514339809717951 -8.1182835567617317 137.25  1 9.1307650562774967 -8.9047283472735241 137.25  1 

0 3
2.0943951023931953 2
4.1887902047863905 2
6.2831853071795862 3

-1.0500000000000269 2
1.7770419831754608e-15 2

9 0 0 0 0 1 1 2 2 2 2 2.8427221872525124 -5.9507923560515987 139.25  8.8991884978341762 -8.9047283472735241 139.25  
3.3058753041391502 -5.9507923560515987 135.25  9.3623416147208154 -8.9047283472735241 135.25  

-2.4000000000000057 2
2.4000000000000057 2

-4.3058075496013739 2
3.7803158538895474 2

9 0 0 0 0 1 1 2 2 2 2 8.9473520693945279 -8.6525595483179707 137.32111949539842  8.6561011801720671 -9.309383021680695 137.17891288895024  
8.3241721297884919 -8.5780461686021017 138.12422058894856  8.0329212405660346 -9.2348696419648224 137.98201398250035  

-0.53991455922196796 2
0.61833430964855274 2

-0.18002086691750288 2
0.70694831106340306 2

9 0 0 0 0 1 1 2 2 2 2 3.2159034387552414 -5.1592783159354827 139.25  9.2620928978057364 -8.1082019517578079 139.25  
3.6790565556418793 -5.1592783159354827 135.25  9.7252460146923738 -8.1082019517578079 135.25  

-2.4000000000000057 2
2.4000000000000057 2

-4.319684146110454 2
3.752718403433803 2

9 1 1 1 0 6 11 6 171 2 19 3.5093255552817069 -5.6552702075456445 137.47570332377737  1.6690784610682365 3.4305397204109442 -5.6237833106878714 137.55327866985624  1.6690784610683331 3.3593085993537626 -5.5909371780490194 137.61538595247762  1.6690784610678229 3.2979105192051521 -5.5536623703813524 137.66470141596426  1.6690784610692806 3.2476413753979063 -5.5113969776836171 137.70369891838226  1.6690784610664098 3.2089208946626262 -5.4649800371216637 137.7339111826434  1.6690784610705656 3.1813310922418485 -5.4158233465383274 137.75589107595485  1.6690784610660359 3.1636522084897969 -5.3653317624596246 137.76961599410464  1.6690784610697809 3.1539614098600373 -5.3145420718388383 137.7750784270707  1.6690784610674585 3.149859539437641 -5.263950526389956 137.77280578243801  1.6690784610684846 3.1479228646051522 -5.1630477310866176 137.75529930379182  1.6690784610679352 3.1511886068801602 -5.0607170487071267 137.71822695330772  1.6690784610685916 3.1517811019980497 -5.0101899483227701 137.69885587494079  1.6690784610668952 3.1500898810653091 -4.9605999389925923 137.68344880407878  1.6690784610708469 3.1483714425613698 -4.9126560070259986 137.6766444459243  1.6690784610648139 3.1503149443498484 -4.8678887628038279 137.6816901712651  1.669078461071505 3.1594819957754532 -4.8289410112041784 137.69971826347575  1.6690784610659082 3.1780757345265922 -4.7995573656984512 137.7313309481961  1.6690784610694476 3.2043288731851143 -4.7834262404189341 137.7805849147158  1.6690784610678211 3.2316074200649982 -4.7801188598175823 137.86554528749261  1.6690784610683451 3.237719268148354 -4.7780996850757056 137.98901100841411  1.669078461068249 3.2381007514091866 -4.7778865904088006 138.00168388352665  1.6690784610680389 3.2382384080095541 -4.7776362349849881 138.01471266393781  1.6690784610687179 3.2381172219255121 -4.7773227651993686 138.02808205801693  1.669078461067548 3.2377236118383363 -4.7769200561149363 138.04177537746068  1.6690784610689324 3.2370456029439394 -4.776401921728076 138.05577452581588  1.6690784610677099 3.2360729987903243 -4.7757423252227476 138.07005998700438  1.669078461068541 3.2347975530863895 -4.7749155892347144 138.08461081384613  1.6690784610681049 3.2332131415341974 -4.7738966061090196 138.09940461658371  1.6690784610682716 3.2313159336458099 -4.772661048160872 138.11441755140584  1.6690784610682352 3.2306205699636754 -4.7659910080475862 138.14449759551448  1.6690784610682166 3.2296367188912183 -4.7578982408796202 138.17448241023638  1.6690784610683467 3.2286677115218367 -4.7481522386727217 138.20363974374257  1.6690784610679208 3.2284309533131035 -4.7367524473766291 138.23100809036305  1.6690784610688187 3.22950640470598 -4.7236485719648478 138.25564914770794  1.6690784610674847 3.2326964463476351 -4.7089920062655359 138.27656014833238  1.6690784610688987 3.2392937923353586 -4.6932453580989577 138.29246519011599  1.6690784610678648 3.250769396289082 -4.6768899803347832 138.30172629936371  1.6690784610683278 3.2679075764855718 -4.659884358432401 138.30263657039771  1.6690784610682787 3.3119541588395203 -4.6229939317380895 138.28612210009095  1.6690784610681071 3.3668736599639004 -4.578478068279078 138.24095493659794  1.6690784610684484 3.3949632102671354 -4.5539306479054629 138.21325404731633  1.6690784610672886 3.4207237340322769 -4.5265502629849923 138.1835953443628  1.6690784610701928 3.4402258388183133 -4.498433390265796 138.16184676551822  1.6690784610656124 3.4571157235211647 -4.4728961377236223 138.14929699667613  1.6690784610707208 3.4737228109360947 -4.4500172749193538 138.14296435399038  1.6690784610665681 3.4885859866921427 -4.428043085956844 138.14180755816676  1.6690784610689695 3.5033457464842708 -4.4074122471348414 138.14435427088253  1.6690784610680967 3.5360714187620701 -4.3616496500715876 138.1551374795489  1.6690784610683276 3.5683664064221463 -4.3159578402503955 138.17130370827536  1.6690784610681959 3.5864197550555974 -4.2899597432537409 138.18073035550339  1.6690784610682319 3.6043414483803491 -4.2636914531511607 138.19167923228537  1.6690784610683178 3.6227755928921113 -4.234967954908587 138.19708384665654  1.669078461068078 3.6400207053532592 -4.2087660732200192 138.21311711753995  1.6690784610684566 3.6581993546648515 -4.1782912524079689 138.21888180848271  1.6690784610679983 3.6756579324176673 -4.1483151243607157 138.22904649406325  1.6690784610684322 3.6930474979194847 -4.1164621491971101 138.23659216811839  1.669078461068116 3.7114077432532788 -4.0806056744974137 138.24376777624889  1.6690784610683078 3.7291549883031059 -4.0430294582145585 138.24949706954666  1.6690784610682003 3.7304710645020687 -4.0402260560068672 138.2499150801363  1.6690784610686344 3.7317835792261 -4.0374131233201291 138.25032513531295  1.6690784610671856 3.733092444531465 -4.0345906495529054 138.25072725744599  1.6690784610698859 3.7343975714103372 -4.0317586248064199 138.25112147034429  1.669078461066452 3.7356988698099247 -4.0289170398920273 138.25150779921356  1.6690784610696499 3.7369962486457098 -4.0260658863464398 138.25188627060274  1.6690784610674072 3.7382896158199381 -4.0232051564396833 138.25225691236466  1.6690784610685805 3.7395788782366988 -4.0203348431884764 138.25261975360195  1.6690784610681528 3.7408639418184793 -4.0174549403663322 138.25297482462494  1.6690784610682361 3.753269802196074 -3.9902787610017807 138.26213081947498  1.6690784610683385 3.7650786604958482 -3.9624889673336194 138.26996624838984  1.6690784610678198 3.7762721308725462 -3.934182392510079 138.27658738551085  1.6690784610692466 3.7868297175181249 -3.9054489868226105 138.28210543688323  1.6690784610665399 3.7967304487600879 -3.8763716827643444 138.28663603174641  1.6690784610702778 3.8059545111563806 -3.8470262600672851 138.29029871382147  1.6690784610664526 3.8144848835938916 -3.8174812107724874 138.29321643260226  1.6690784610693647 3.8223089713842326 -3.7877976042591497 138.29551503464228  1.6690784610677509 3.829420240360883 -3.7580289523146271 138.29732275484574  1.6690784610683429 3.8568854483283843 -3.6301024859273352 138.30353264244178  1.6690784610679466 3.8714360399084402 -3.5021532823879808 138.30551945974884  1.6690784610687823 3.8753451744238721 -3.4048440266557329 138.30448353529351  1.6690784610668425 3.8726376559773477 -3.3090977555053747 138.30097312990205  1.6690784610705292 3.8640667676102831 -3.2153774064949134 138.29514955982819  1.6690784610655585 3.8503859394295059 -3.1238493949548425 138.28718931120034  1.6690784610705274 3.8322748919683365 -3.0344544549262373 138.27724610388654  1.669078461066825 3.8103050671854151 -2.9470205621304078 138.26543479198631  1.6690784610687985 3.7849387565057668 -2.8613659330719239 138.25183604404714  1.669078461068161 3.7328192966412299 -2.7070668579203536 138.22371211989091  1.6690784610682003 3.6717034001931115 -2.5576126905054539 138.1901510908728  1.6690784610683818 3.6422095514226114 -2.490482780179168 138.17365196788208  1.6690784610674259 3.611240221819549 -2.424226526002756 138.15588220794947  1.6690784610699509 3.578962800853581 -2.358791703141498 138.1368070581068  1.6690784610659555 3.5455309858570061 -2.2941345745760233 138.1164196526062  1.6690784610703571 3.5110848324057704 -2.2302091803143185 138.09476196554434  1.6690784610668354 3.4757479018237332 -2.1669483314925926 138.07196046525397  1.6690784610688567 3.4396215057765231 -2.1042363093595884 138.04827647042666  1.669078461068102 3.3836219824989273 -2.009453920119832 138.01164011725308  1.6690784610682654 3.3260259968296162 -1.9147203166336677 137.97574208385146  1.6690784610682923 3.3061664574122354 -1.8823636164570989 137.96342887788265  1.6690784610677276 3.2861773690715026 -1.8500972404234228 137.95096400168686  1.6690784610694402 3.2660867605935633 -1.8179570055413878 137.93825977009658  1.6690784610665352 3.2459183447752018 -1.7859634262311417 137.92527025860247  1.6690784610698701 3.2256909335891231 -1.7541208512733828 137.91199082602245  1.6690784610671254 3.2054197419568724 -1.7224224953187814 137.89844473427212  1.6690784610687674 3.1851195801272874 -1.6908613649943769 137.88465686524003  1.6690784610680733 3.1523705150399763 -1.640206198225828 137.8620137720601  1.6690784610683711 3.1196777395011215 -1.5900601140553872 137.83844295514965  1.6690784610681315 3.1072575475275572 -1.5710415683811878 137.82946412885818  1.6690784610686618 3.0948259800446882 -1.5520094210899897 137.82055862456428  1.6690784610674128 3.0823769327624486 -1.5329313218313561 137.81179940542708  1.669078461069273 3.0699089865324476 -1.5137910877542482 137.80322156268852  1.6690784610673184 3.0574264768291517 -1.494592305348456 137.79481550244378  1.6690784610687919 3.0449400653981797 -1.475359583402162 137.78652515567506  1.6690784610680534 3.0324668140665203 -1.4561374570801875 137.77825121154936  1.6690784610682172 3.0053010442454924 -1.4143077374723032 137.75992124854017  1.6690784610683571 2.978442002069416 -1.3731617825715925 137.74028453380933  1.6690784610680134 2.963961775051593 -1.3510009009249 137.72938212539199  1.6690784610692178 2.9495189674975704 -1.3288828325642925 137.7184664376208  1.6690784610662048 2.9353247045900623 -1.3072667665193698 137.70653608274833  1.6690784610709903 2.9206395521901447 -1.2842162263583399 137.69782513303224  1.6690784610655651 2.9069022672277893 -1.263687724735699 137.68373509513884  1.6690784610701563 2.8921553484672682 -1.2399238518247335 137.67673370368891  1.6690784610672111 2.8777309111407829 -1.2170111810301587 137.66799280648459  1.6690784610686273 2.8632491283444823 -1.1937852007320648 137.66004433223154  1.6690784610681482 2.848801812598702 -1.1705167900674516 137.65230913961068  1.6690784610682365 2.8428918773510006 -1.161502580487485 137.64608478517187  1.6690784610682525 2.8369594507750797 -1.1524047697325601 137.64006900577883  1.669078461068173 2.8310103830119955 -1.1432314511050556 137.63423993295518  1.6690784610683753 2.8250498878912529 -1.13399097009935 137.62857626874148  1.6690784610680207 2.819082640852721 -1.1246918828843189 137.62305722710008  1.6690784610684919 2.8131128768686513 -1.1153429147780962 137.61766247531912  1.6690784610680023 2.80714448836541 -1.1059529187343617 137.61237207541791  1.6690784610684031 2.8011811231456911 -1.0965308338146855 137.6071664255507  1.6690784610681497 2.7952262823101042 -1.0870856436745784 137.60202620141197  1.6690784610682654 2.7715915619234517 -1.049466053230778 137.5817677891942  1.6690784610681479 2.7482016513809886 -1.0117646881999869 137.56194235823617  1.6690784610684053 2.7308474967117959 -0.98351875484971041 137.54730404330158  1.6690784610677969 2.713663762617458 -0.95526803335352017 137.53283311564599  1.6690784610689744 2.6966655631664374 -0.92703127664187646 137.51849873707113  1.6690784610673361 2.679867597043021 -0.89882717342309426 137.50427195287821  1.6690784610690215 2.6632845903899973 -0.87067518172792391 137.49012371703449  1.6690784610677734 2.6469317396462939 -0.84259636249641656 137.47602291734253  1.6690784610683889 2.6308251543892784 -0.81461421312214899 137.46193440060628  1.6690784610682403 2.5933840316980388 -0.74877623700668683 137.4285710051372  1.669078461068175 2.5575234664052395 -0.68380008800246861 137.39477171638151  1.669078461068358 2.5373766539313807 -0.64658422528217263 137.37520787037872  1.6690784610677032 2.517785383687388 -0.60962199162441832 137.35564069827757  1.6690784610693572 2.4987673108545843 -0.57290804073008317 137.3361193026825  1.6690784610667246 2.4803416026787599 -0.5364436514580162 137.316680403992  1.6690784610696281 2.4625286411843446 -0.50023608019861499 137.29734993363689  1.6690784610673777 2.4453497258850678 -0.46429791328132408 137.2781446273147  1.6690784610685347 2.4288267764974387 -0.4286464193471155 137.25907361822701  1.6690784610682456 2.3903697977910756 -0.34286370336891858 137.21311965821738  1.6690784610680944 2.3560392425959744 -0.25904068690480492 137.16796761811682  1.6690784610685108 2.3373260998303196 -0.21044872395946065 137.14179350074204  1.6690784610671969 2.3201306815294935 -0.16258421071694729 137.1160751513687  1.6690784610702327 2.3044950058961735 -0.11549175588740543 137.09087845063277  1.6690784610656939 2.2904565588620187 -0.069225133411897996 137.06625543095834  1.6690784610705205 2.2780466600328357 -0.023844332876710173 137.04224558019047  1.6690784610668064 2.2672888286525019 0.020587390115622828 137.0188771452228  1.6690784610687868 2.2581971495474509 0.064006463536867564 136.99616843562936  1.6690784610681841 2.2343451777080654 0.20008216480182028 136.9253459067063  1.6690784610681879 2.2276296069336081 0.32449998791660439 136.86146007483006  1.6690784610684153 2.2309314095638482 0.40431196209715692 136.82129078851216  1.6690784610675922 2.2417733075945461 0.47834935134287015 136.78508435697961  1.6690784610694542 2.2594736455664415 0.54652743125145387 136.75295926758139  1.6690784610666625 2.2831436750051877 0.61026895746587084 136.72413606212939  1.6690784610697544 2.3130310407064418 0.67257863091566417 136.69712898422395  1.6690784610671112 2.3516028291362017 0.73645201695345908 136.67079646663564  1.6690784610688729 2.4026403424957636 0.80341605527491555 136.64498873545483  1.6690784610679781 2.4687721091324528 0.87368910475695138 136.62005390449195  1.6690784610682987 2.5523913547283845 0.94699873854810201 136.59654959230178  1.6690784610682365 
3.6645002265192015 -5.1766324142720519 136.71650285166021  1.0367296232096121 3.6461536569547359 -5.0955085431495055 136.83110686403728  1.0367296232096885 3.6242490123356736 -5.0367984258103675 136.92585209813146  1.0367296232092895 3.6007055167345956 -4.9911883507653814 136.99706367687887  1.0367296232104193 3.5772276535842185 -4.9526198222383293 137.04516605983326  1.0367296232082062 3.5541809171696168 -4.9177514732183649 137.07219511776503  1.0367296232114047 3.5303595090858706 -4.8850152946165935 137.08073792116207  1.0367296232079177 3.5033893329026387 -4.8535472646135212 137.0737997137411  1.0367296232107939 3.4705096404691878 -4.8222724625922577 137.05509754199852  1.0367296232090322 3.4294766830758912 -4.7894247517059911 137.02928001191577  1.0367296232097811 3.3291887587094586 -4.716137477192536 136.97386527579482  1.0367296232094265 3.1952807752898154 -4.6218631953453357 136.9283826234722  1.0367296232098147 3.1247363186603665 -4.5690680645219643 136.91557977068985  1.0367296232088807 3.0579925068630915 -4.5111247549429017 136.91823069782274  1.0367296232109997 3.0070105586120204 -4.449951123539658 136.93543644341457  1.0367296232078449 2.9823389654646353 -4.3902844796650324 136.96218937108227  1.0367296232112375 2.9906860907454682 -4.3380709390930896 136.99124993759511  1.0367296232085097 3.0368772051427322 -4.2999277183305598 137.01592440112648  1.0367296232101477 3.1250803834706948 -4.2871569644382781 137.0369080225457  1.0367296232094529 3.2671569398804317 -4.3219861065037151 137.07531693918293  1.0367296232096339 3.4282124048214069 -4.4161990071807713 137.17018737020069  1.0367296232096366 3.4443911706565298 -4.4261583270499765 137.18023209441287  1.036729623209365 3.4606409633340629 -4.4366670033483349 137.19089704199706  1.0367296232101859 3.4769027327424125 -4.4476998097809304 137.20220955322716  1.0367296232088277 3.4931176921727731 -4.4592282583766476 137.21419478793749  1.036729623210354 3.509227684167084 -4.4712206905707195 137.22687531519662  1.0367296232091006 3.525175546388025 -4.483642368293526 137.24027070298288  1.0367296232098746 3.5409054774646118 -4.4964555650485396 137.25439710785929  1.0367296232095136 3.5563634028596556 -4.5096196570036087 137.2692668646479  1.0367296232096361 3.5714973407213764 -4.5230912140700017 137.28488807610532  1.0367296232096113 3.6016420320462723 -4.544888224453226 137.31549792877817  1.0367296232096088 3.6298658104921997 -4.5661412575760716 137.34766528151223  1.0367296232096435 3.6555110906985919 -4.5856939116665476 137.38066646641062  1.0367296232095138 3.6783045674938792 -4.6021360160655682 137.41286938405307  1.0367296232097927 3.6978460680721437 -4.6140740598513323 137.44289036718271  1.0367296232093828 3.7140643285754749 -4.6201217395856169 137.46882025431967  1.0367296232098027 3.7273150894222962 -4.6186955102652041 137.48759531930429  1.0367296232095204 3.7376923640347277 -4.6078422720042909 137.49557429491693  1.0367296232096155 3.7440191960153957 -4.5854685732085603 137.49036832085906  1.0367296232096437 3.7437401642359953 -4.5154973457078338 137.45554415619284  1.0367296232095378 3.7162984067489044 -4.4055581176749596 137.39095635530791  1.0367296232097261 3.6956584266106804 -4.343295756021484 137.35584399036708  1.0367296232091265 3.6682153103708171 -4.2778217629747086 137.32469287714292  1.0367296232105843 3.6430314785195668 -4.2225535850888054 137.30863618532928  1.03672962320835 3.6279848555441925 -4.1801176306968761 137.30097889449985  1.0367296232107608 3.6220918265041364 -4.1466122563056445 137.2961884131681  1.0367296232088736 3.6212999741260505 -4.1200795831851416 137.2968628807231  1.0367296232099261 3.6259939949942561 -4.0986874036698842 137.29926756130158  1.0367296232095498 3.643080530339494 -4.056891866808682 137.30827591103844  1.036729623209665 3.6674416475612821 -4.021993186772999 137.32060350431925  1.0367296232095693 3.6816251639274444 -4.0029083494292443 137.32763058100892  1.0367296232097183 3.6979701779450203 -3.9853845399151351 137.33568420454978  1.0367296232093992 3.7065270439022178 -3.9610898966870787 137.33971830861341  1.0367296232099412 3.7298719891530339 -3.9495052017584351 137.35109832074301  1.0367296232092396 3.7389713714722195 -3.9248722669905489 137.35534513556991  1.0367296232099095 3.7540612237549187 -3.9056007318256003 137.36248886221742  1.0367296232094525 3.7653820122934731 -3.8829864504432288 137.36770785541992  1.0367296232096632 3.775987291446826 -3.8575032882574387 137.37250379915804  1.0367296232096044 3.7841756869433172 -3.8306712546980237 137.37612149990309  1.0367296232096059 3.7847711338889489 -3.828668900258184 137.37638398784864  1.0367296232097281 3.7853531842605621 -3.8266593501901189 137.37663999752112  1.0367296232092691 3.7859218241788404 -3.824642738763929 137.37688954936536  1.0367296232101684 3.7864770422854006 -3.8226192025200998 137.37713266560417  1.0367296232090182 3.7870188297466654 -3.8205888801759147 137.37736937019389  1.0367296232100642 3.787547180237949 -3.8185519125172016 137.37759968878467  1.0367296232093599 3.7880620899495732 -3.8165084423053286 137.37782364867516  1.0367296232097116 3.7885635575731325 -3.8144586141709831 137.37804127877237  1.0367296232095891 3.7890515843022294 -3.8124025745175247 137.37825260954781  1.0367296232096119 3.802466232835477 -3.7972230064953512 137.38455518094088  1.0367296232096783 3.8139488366330099 -3.7807480508521762 137.38996682558079  1.0367296232093388 3.8236381559426778 -3.7632423137865696 137.39450673692761  1.0367296232102698 3.8316841743265684 -3.7449488590732671 137.39822195162571  1.0367296232085159 3.8382481855484647 -3.7260870708571736 137.40118244804415  1.0367296232109224 3.8435028804542259 -3.7068505164539554 137.40347624482084  1.0367296232084693 3.8476324338633345 -3.6874048091424214 137.40520449940107  1.0367296232103371 3.8508325914461734 -3.6678854709650817 137.40647660658271  1.0367296232093 3.8533107566159659 -3.6483957955220476 137.40740529705496  1.0367296232096779 3.861788240581931 -3.565175079844678 137.41039420372817  1.0367296232094434 3.8652583311459816 -3.4843675032387154 137.41103374260234  1.0367296232099219 3.8652660887569024 -3.423078416668158 137.41017239178316  1.0367296232088337 3.8627043305423925 -3.361788602160853 137.40793708147919  1.0367296232108727 3.8575196784903083 -3.2999863913117586 137.40426629865632  1.0367296232081711 3.8495897030064441 -3.237382743547049 137.399077837334  1.0367296232108094 3.8387847179321088 -3.1738876444022188 137.39228967089232  1.0367296232088992 3.8250174747337251 -3.1095469036823231 137.38383923937329  1.0367296232098826 3.8082754449466689 -3.0444672375612343 137.37369742715626  1.0367296232095864 3.7722006446787613 -2.9238025824353007 137.35198481981428  1.0367296232095691 3.7268003678744828 -2.8013381644517663 137.32473432738897  1.0367296232097212 3.7040447246719017 -2.7453710208062709 137.31109236851805  1.0367296232090262 3.6791526232005873 -2.6893920770921884 137.29617314085436  1.0367296232108689 3.6521257024676501 -2.6335797055346117 137.2799602245517  1.0367296232078844 3.6230214192910877 -2.5780891878114338 137.26246852935449  1.0367296232112968 3.5919734176297142 -2.5230135673690319 137.24375408443646  1.0367296232084264 3.559235789543151 -2.4683260850084676 137.22393201315603  1.0367296232101879 3.525251227764592 -2.4138041977349922 137.20320269272759  1.0367296232094569 3.4728040468746655 -2.3304115905846299 137.17080469392553  1.0367296232096823 3.421734334677383 -2.2441018741718053 137.13816375899154  1.0367296232096128 3.4042562733706858 -2.2143882953635319 137.12689088365286  1.0367296232094394 3.3866066847056775 -2.184639270177049 137.11543501586331  1.0367296232100698 3.3686688623245509 -2.1549808254183409 137.1037420070206  1.036729623208936 3.3503871993289636 -2.1254879466301513 137.09178531739042  1.0367296232102785 3.3317654855267316 -2.096182458731799 137.07956517159505  1.0367296232091432 3.3128470360816067 -2.0670490806913855 137.06709972793738  1.036729623209852 3.2936766515614484 -2.0380696542287358 137.05440826156683  1.0367296232095304 3.2623423889869114 -1.991639493339795 137.03357184924607  1.0367296232096843 3.2299657895701732 -1.9460850217864567 137.01197797035886  1.0367296232095515 3.2176737467133347 -1.9287679890862501 137.00373712002022  1.0367296232098655 3.2055314515091444 -1.9113067748443124 136.99552048661874  1.0367296232091305 3.1936456452739574 -1.8936041984736072 136.9873737725263  1.0367296232101897 3.1820686780985747 -1.8756135238135405 136.97931896022567  1.0367296232091363 3.1707886097833411 -1.8573485155467404 136.97135045513593  1.0367296232098726 3.1597266958380246 -1.8388865068478131 136.96343395491846  1.0367296232095424 3.148742258546763 -1.8203644782567907 136.95550804527122  1.0367296232095931 3.1245028258836323 -1.7801820921873095 136.9379913142883  1.0367296232096828 3.0986733688080919 -1.7416326029732843 136.91955111729365  1.0367296232094885 3.0843903171863034 -1.7210452756831589 136.90936060983381  1.0367296232101475 3.0701637207061285 -1.700446838329092 136.89915910659576  1.0367296232085015 3.0546007546076961 -1.6812110132103619 136.88822475936203  1.0367296232111289 3.0437024894996458 -1.6575565282181086 136.87942792916019  1.0367296232081185 3.0252056424760903 -1.6412414564678302 136.86708032386213  1.0367296232107124 3.0170134870882555 -1.6152219022072343 136.85924250691266  1.036729623209006 3.0063986124672617 -1.5915782978559705 136.85031460328418  1.0367296232098504 2.9970066722332338 -1.5668570673887028 136.84191783724131  1.0367296232095575 2.9880048777883008 -1.541858403572322 136.83369013651173  1.0367296232096121 2.980052356550015 -1.5346357983662462 136.82817209979686  1.0367296232096297 2.9724074766364668 -1.5271251190794 136.82279753835317  1.0367296232095433 2.9650432578832224 -1.5193563575175482 136.81754823809743  1.0367296232097569 2.9579324951264914 -1.5113588305594061 136.81240746641353  1.0367296232094065 2.9510478196109204 -1.5031612378207013 136.80735975642196  1.036729623209826 2.9443617603998602 -1.4947917193089575 136.80239069124559  1.0367296232094438 2.937846805782423 -1.486277913091103 136.79748668827938  1.0367296232097138 2.9314754646838699 -1.4776470129468338 136.79263478345709  1.0367296232095651 2.9252203280732187 -1.4689258260346809 136.78782241551954  1.0367296232096272 2.9006974119682241 -1.4339879732866516 136.76879169476211  1.0367296232095653 2.8771531899519425 -1.398455394988815 136.74999442274748  1.0367296232097025 2.8600259288265875 -1.3715899058096737 136.73602876220923  1.036729623209375 2.8433512549893587 -1.3445156376226024 136.72214758837282  1.0367296232100085 2.8270893718523742 -1.3172865201754491 136.70833365275547  1.0367296232091396 2.8112021425943916 -1.289954132092773 136.69457136515857  1.0367296232100041 2.7956502815571707 -1.2625700889323586 136.68084508106867  1.0367296232093992 2.7803905456439244 -1.2351884312397363 136.66713738905187  1.0367296232096721 2.765372925715285 -1.2078680126051904 136.65342739815469  1.0367296232096184 2.7303134388203003 -1.1436030063517255 136.62095975712026  1.0367296232095806 2.6958714693399557 -1.0804714266439697 136.58814935990384  1.0367296232096697 2.67632685253069 -1.0443512666324595 136.56916274886512  1.0367296232093637 2.6572014709151852 -1.0084731452856341 136.55016191138512  1.0367296232101266 2.6385705131412491 -0.97280197811801272 136.53118388128735  1.0367296232089311 2.6204905964126284 -0.93732080261501227 136.51225801451778  1.0367296232102159 2.6030016800357254 -0.9020281299101951 136.49340667171185  1.0367296232092702 2.5861289789712054 -0.86693529645605061 136.4746459007344  1.0367296232096981 2.5698848773802547 -0.8320638157003013 136.45598611924765  1.0367296232096486 2.5319878473643969 -0.74803452308625029 136.41095510764939  1.0367296232094774 2.4977580633811272 -0.6656801088885882 136.36655833392732  1.0367296232098437 2.4790380984681306 -0.61780708395995299 136.34075166482586  1.0367296232087653 2.4618320951389632 -0.57048896248158942 136.31531296339082  1.0367296232112315 2.4462179139894893 -0.52375670566117294 136.29030276526174  1.0367296232075491 2.4322463104959775 -0.47766092552731976 136.26577188471418  1.0367296232114676 2.4199431972366363 -0.43226510444557575 136.24176102898733  1.036729623208446 2.4093119061313519 -0.38763881468201794 136.21830041264002  1.0367296232100673 2.4003354506639898 -0.34385093791494387 136.19540937187782  1.0367296232095649 2.3766950787419021 -0.20603171343669402 136.12370608177216  1.0367296232095848 2.3692563016697372 -0.077991366851289573 136.0579308440924  1.0367296232097367 2.3721270563177068 0.0054718914586837641 136.01588665340921  1.0367296232091345 2.3830208066344634 0.084398186940189232 135.97723614616396  1.0367296232105525 2.4016381872706209 0.15878755417675805 135.94210141191948  1.0367296232083394 2.4275321253588835 0.22985635294293871 135.90988132987144  1.0367296232109033 2.4612008270433678 0.30006160224743306 135.879429418239  1.0367296232086052 2.5048939150528184 0.37177936799701683 135.84991099427737  1.0367296232102057 2.5618389658936165 0.44616808992819912 135.82129626087098  1.0367296232093652 2.6342943105379839 0.52340462816324951 135.7939120926045  1.0367296232096723 2.7243241088371755 0.60330489108082141 135.76823842806274  1.0367296232096121 
2.9438434279221717 -5.7314847941185851 136.14377622930991  1.0383466998475064 2.9192431557614968 -5.554869631588776 136.18598109425486  1.0383466998475936 2.8914434289555762 -5.4092465516150865 136.23922184405174  1.0383466998471413 2.8570567943871965 -5.2906304837467371 136.29333488207573  1.0383466998484112 2.814609738849458 -5.1932470886374107 136.34328941482974  1.0383466998459474 2.7630234376890432 -5.1113498234856962 136.38796616977913  1.0383466998494728 2.7012635623793315 -5.039961124376469 136.42903006837312  1.0383466998456672 2.6287221450665905 -4.9749237531254389 136.46988920951159  1.0383466998487743 2.5458944981907465 -4.9126483565253203 136.5147325186326  1.0383466998468915 2.4549141872253673 -4.8499432855723894 136.56763841767767  1.0383466998476845 2.2641039220269601 -4.7186821595040822 136.69585532457427  1.0383466998473074 2.0726431409166297 -4.5731290495804346 136.87459958650177  1.038346699847726 1.9868275571069238 -4.4940405074333905 136.97613428943467  1.0383466998466973 1.921537968544855 -4.4084849788094465 137.08551180629226  1.0383466998490791 1.8849187584360387 -4.3170161487703833 137.19142928386211  1.0383466998454296 1.8803495660052214 -4.2216059426776695 137.28094359375754  1.038346699849513 1.90709889355795 -4.1231639069770818 137.34320847648178  1.0383466998460598 1.9652678696051944 -4.0209451276510313 137.36916697816102  1.0383466998482638 2.0629335798304611 -3.9196858310690259 137.35061871842373  1.0383466998472519 2.2345549557479467 -3.8322612764543558 137.27902217494284  1.0383466998475623 2.4832159424099758 -3.8110410455163333 137.18530056074198  1.038346699847527 2.5087299172148683 -3.8096169501914363 137.17580401978225  1.0383466998472597 2.5349469882699442 -3.8089139516040116 137.16621382436159  1.0383466998481099 2.5618318556403179 -3.8089599210659286 137.15659474716455  1.0383466998466169 2.5893463669519852 -3.8097795963049914 137.14701213743322  1.0383466998484339 2.6174495580912396 -3.8113942234590068 137.13753147695019  1.0383466998467907 2.6460976939059968 -3.8138211990467403 137.12821793602654  1.0383466998479176 2.6752443089056968 -3.8170737119641625 137.11913592948432  1.0383466998473372 2.7048402479620308 -3.8211603854585925 137.11034867264357  1.0383466998475486 2.7348337070092779 -3.8260849191182809 137.10191773730668  1.0383466998475055 2.7941082274207965 -3.8296080005658228 137.0891269630016  1.0383466998475019 2.8524210379557475 -3.835712428093446 137.07816721475592  1.0383466998475455 2.9083009367032933 -3.8435750837862899 137.06981010859479  1.0383466998473831 2.959805988270551 -3.8515771750412182 137.06429232373023  1.0383466998477391 3.0051512957707285 -3.8582282982328717 137.06208363831175  1.0383466998472051 3.0424391882058162 -3.8616029535400327 137.06319458688907  1.0383466998477673 3.0691824921586592 -3.8588659898591815 137.06691574933475  1.0383466998473638 3.0822029338226882 -3.8467184353434765 137.07267312021207  1.0383466998475335 3.0783780944887256 -3.8228501454673456 137.08147644686221  1.0383466998475352 3.0348253449469547 -3.7526312088101288 137.11098328058119  1.0383466998474251 2.936825453723066 -3.6535065320237092 137.16842335061691  1.0383466998476374 2.8786050698253236 -3.6006393832923465 137.20490536708138  1.0383466998469284 2.8177483148989193 -3.5503217873133663 137.24994715587329  1.0383466998486823 2.7732037018428342 -3.5132820134027249 137.29457900348373  1.0383466998459572 2.7459130306184414 -3.4852269738178663 137.32830150261643  1.0383466998489401 2.7295786421150141 -3.4615143063086014 137.35133141275688  1.0383466998465685 2.7227255449955896 -3.4437525483551279 137.3689183951092  1.0383466998479045 2.7221352100531342 -3.4288747870856979 137.38001746681525  1.0383466998474378 2.7290355971995877 -3.4006042180329308 137.39742659524532  1.0383466998475397 2.7434443096020962 -3.3797759202808852 137.40502325971568  1.038346699847509 2.7514470006887288 -3.3695778946753672 137.40797197488612  1.0383466998474022 2.7614516667337288 -3.3616391003963364 137.40815326977156  1.0383466998477646 2.7605584284486868 -3.351219454918831 137.41530865031967  1.0383466998471127 2.7782193553335013 -3.3496422783821651 137.40686425407841  1.0383466998479556 2.7764605801777567 -3.3423714127270165 137.41217591468936  1.0383466998471063 2.7819527307767569 -3.3399562783776378 137.41044946846426  1.0383466998477782 2.7819980534976843 -3.3376498534552153 137.41157868545372  1.0383466998473785 2.7796194912559686 -3.3369049982002008 137.41320208242786  1.0383466998475541 2.7740739469857894 -3.3381365546412822 137.4157911155157  1.0383466998474966 2.773644226348976 -3.3382392166347516 137.41598892050544  1.038346699847627 2.7731972271126395 -3.3383531393567232 137.41619199411255  1.0383466998471542 2.7727330718828207 -3.3384784919597763 137.41640029967709  1.038346699848091 2.7722518884876739 -3.3386154446474734 137.41661379940516  1.0383466998468529 2.771753809938712 -3.3387641685541243 137.41683245442056  1.0383466998480384 2.7712389743864447 -3.3389248355815058 137.41705622482348  1.0383466998471858 2.7707075250819964 -3.3390976182824792 137.41728506974169  1.0383466998476427 2.7701596103336037 -3.3392826897034942 137.41751894738832  1.0383466998474729 2.7695953834666303 -3.3394802232561234 137.41775781511473  1.0383466998475062 2.7745131143916737 -3.3444359191694946 137.41253505122617  1.038346699847577 2.7775376802052367 -3.3491108139430676 137.40871774121598  1.0383466998472162 2.7788801497375433 -3.3535963124950059 137.40609835230242  1.0383466998482003 2.7787690645845888 -3.357974313609434 137.40449035172196  1.0383466998463555 2.7774469465090386 -3.3623150625041416 137.40372371971898  1.0383466998488806 2.7751668048413105 -3.3666750033950055 137.40364046253382  1.0383466998463093 2.7721886438806647 -3.3710946320662845 137.40409012539325  1.0383466998482616 2.7687759702960282 -3.3755963484325098 137.40492530549795  1.0383466998471824 2.7651923005272399 -3.3801823091099878 137.40599716501308  1.0383466998475788 2.7501943874044792 -3.4001385884305964 137.41094883836922  1.0383466998473032 2.7414974265107945 -3.420449204742948 137.41436716680639  1.0383466998478945 2.7385332076127229 -3.4336133957998269 137.4164344196937  1.0383466998464952 2.7384040747069442 -3.4420149835508349 137.41788133040293  1.0383466998492041 2.7398201157214523 -3.4441103607809618 137.41842999125427  1.0383466998454851 2.7414121291072959 -3.4392623084261449 137.41774548508988  1.0383466998492596 2.7419646381345393 -3.4275572873679105 137.41554314309488  1.0383466998464155 2.7405487075381831 -3.4094849423931581 137.41164599025277  1.0383466998479471 2.7365607778356118 -3.3856260218088914 137.40599044225084  1.0383466998474413 2.7239138977148931 -3.3321317309313181 137.3923793437306  1.0383466998474922 2.7008800163453257 -3.2628533278241454 137.37272218512516  1.0383466998475974 2.6878656482115475 -3.2284186692402224 137.36269734895251  1.0383466998469699 2.6721065831806863 -3.1914812109725887 137.35175742915501  1.0383466998486639 2.6534865003092429 -3.1523943199857825 137.34004604863111  1.0383466998459316 2.6319830080694566 -3.1114662999542637 137.32768135850523  1.0383466998490083 2.607690827614781 -3.068939166355928 137.31472117698615  1.0383466998464801 2.5808786790350471 -3.02496459424875 137.30110517198366  1.0383466998479867 2.5520798705993468 -2.9795770387297216 137.28657408747978  1.0383466998473836 2.5066922021570166 -2.9082763577305091 137.26224423635543  1.038346699847557 2.4622391197053846 -2.8327776194176475 137.23221290051936  1.0383466998475159 2.4469227574394918 -2.8065497412672555 137.22146064541127  1.0383466998473099 2.4312796754266293 -2.7800041883336331 137.21041202663812  1.0383466998480044 2.4151498853516946 -2.7532112111412497 137.19920994725356  1.0383466998467856 2.398452758310782 -2.7262163273841944 137.18793708793646  1.0383466998482009 2.3811863631171719 -2.6990397953779786 137.17661599046147  1.0383466998470383 2.3634018758992932 -2.671683913972279 137.1652283705856  1.0383466998477275 2.3451530609908362 -2.6441481489157037 137.15375366035948  1.038346699847438 2.3149475471328889 -2.5994885718114755 137.13516670075273  1.0383466998475657 2.2829849918522411 -2.5545954684574554 137.11687937611694  1.038346699847456 2.2708001901048651 -2.537448418913578 137.10982214749845  1.0383466998477273 2.2587640937255231 -2.5201518921070329 137.10251098146819  1.0383466998470736 2.2470202500157157 -2.5026669807148814 137.09484053619065  1.0383466998480428 2.2356397068420724 -2.4849769265155275 137.08676159161141  1.0383466998470439 2.224607341371954 -2.4670907034207588 137.07829161482832  1.0383466998477795 2.2138177285506595 -2.449043771414777 137.06951740163171  1.0383466998474207 2.2030805493211449 -2.4308960014076284 137.06058979421297  1.0383466998474906 2.179173789895354 -2.3912096611298135 137.0411950441864  1.0383466998475817 2.1528168619728607 -2.3518558141835277 137.02313465126878  1.0383466998473707 2.1380529761816374 -2.3305454244054822 137.01354759270939  1.0383466998480988 2.1233106370968748 -2.30912256456832 137.00384468530441  1.0383466998462738 2.1065463428514613 -2.2881506966577967 136.99540622850941  1.0383466998491984 2.0962615785607266 -2.2652769397708115 136.98221228325369  1.0383466998458333 2.0752830758177394 -2.2452525466707973 136.97666304287785  1.0383466998487387 2.0684009477107486 -2.2212438045379996 136.96057532557089  1.0383466998468309 2.0581455694344535 -2.1980847201634597 136.94695525725484  1.0383466998477686 2.0495343474487955 -2.1743874463492805 136.93209594213982  1.038346699847446 2.0414264925937999 -2.1504734963176775 136.91686096027621  1.0383466998475064 2.0322503287265254 -2.1414834892606813 136.91414036672649  1.0383466998475137 2.0235014033954717 -2.1323492433678211 136.91110579388368  1.0383466998474786 2.0151367896512622 -2.1230873749485024 136.9077847972346  1.0383466998475566 2.0071147019367315 -2.1137131741258628 136.90420537237625  1.0383466998474493 1.9993943510624406 -2.1042407620418246 136.90039583710839  1.0383466998475528 1.9919357991960382 -2.0946832480665876 136.89638471352686  1.0383466998474751 1.984699814832058 -2.0850528870017726 136.89220061011568  1.0383466998475277 1.9776477277840898 -2.0753612362909255 136.88787210384024  1.0383466998474935 1.9707412841562311 -2.0656193132231033 136.88342762224008  1.0383466998475124 1.9437025823557919 -2.0267181275287367 136.86540271652174  1.0383466998474842 1.9177679397803027 -1.9873546359864735 136.84642818802996  1.0383466998475483 1.898896947395684 -1.9576610065077449 136.83176063851386  1.038346699847422 1.8805034544469088 -1.9277661889532669 136.81668999105651  1.0383466998475928 1.8625294777837991 -1.8976934932105425 136.80127261841119  1.0383466998474751 1.8449198454023112 -1.8674636816487276 136.78556264953693  1.0383466998474515 1.8276180111549238 -1.8370958677785976 136.76961435204413  1.0383466998476085 1.8105618694581314 -1.8066084149041348 136.75348451462324  1.0383466998474238 1.7936795700019712 -1.7760198347827265 136.73723482949097  1.038346699847539 1.7539900607881802 -1.7035376432861253 136.69871203183232  1.0383466998474569 1.71421211865875 -1.6307199897749767 136.66034437167789  1.038346699847573 1.6913938059548916 -1.5885645360309395 136.63817368225023  1.0383466998472568 1.6688306202073087 -1.5462302914866322 136.61589937081661  1.0383466998479955 1.646622312553496 -1.5036961277087233 136.59347691337052  1.0383466998468862 1.6248440724181994 -1.4609470772901334 136.57088022332698  1.038346699848034 1.6035493693072671 -1.4179727288059594 136.5480989299499  1.0383466998472153 1.5827727945703651 -1.3747656217631796 136.52513565675426  1.0383466998475828 1.5625329031948447 -1.3313196415559392 136.50200329993331  1.0383466998475317 1.5147239984049681 -1.2252760900603981 136.4454976955036  1.0383466998474016 1.4700787976497829 -1.1177392898557024 136.38826539492592  1.0383466998476889 1.4451318420450729 -1.053942629000415 136.35429930998524  1.0383466998468507 1.4216654713780756 -0.98953444671846602 136.31998203140452  1.0383466998487256 1.3998291753681973 -0.92447314225250143 136.2852991802593  1.0383466998460082 1.3797514093125895 -0.85871944077435969 136.25025570061422  1.0383466998487967 1.3615457729794109 -0.79223512299366827 136.21487255294224  1.0383466998467357 1.345317189505693 -0.72498175475358273 136.17918340753909  1.038346699847785 1.3311680842928173 -0.6569194166378497 136.14323133794167  1.0383466998474895 1.292723739488719 -0.43546679731179505 136.02701375757246  1.0383466998474502 1.2780460257778825 -0.20473753978507814 135.90912543812092  1.0383466998476549 1.2816673229936837 -0.040956935942046968 135.82711100319639  1.0383466998469961 1.3015613439551796 0.12742101684220963 135.74481949124751  1.0383466998484796 1.3405412990905561 0.30035433081994745 135.66279385154269  1.0383466998462216 1.4017067006453787 0.47587834816727792 135.58272378434449  1.0383466998487756 1.4867401243726346 0.64996988458202054 135.50722786051821  1.0383466998465436 1.5944484123176814 0.81853326038686558 135.43852464603691  1.0383466998480622 1.7218679592387229 0.97930857115955661 135.37757306858461  1.0383466998472781 1.8674606953445438 1.1317898270351077 135.32464551700397  1.0383466998475612 2.0299837261750904 1.2761370712800399 135.27972890261927  1.0383466998475064 
2.1536218573874368 -6.79316596097296 136.6295151734758  0.85353433019614966 2.0475887249790952 -6.6004329230192695 136.56527552170658  0.85353433019621494 1.9526763596908514 -6.4157655604615398 136.54309445290292  0.8535343301958741 1.8615736105915446 -6.2474541328571851 136.5554717160592  0.85353433019683989 1.7696701462508611 -6.0968954087064056 136.59546344364796  0.8535343301949464 1.6747643254556952 -5.9616347889007919 136.65871305872784  0.85353433019768532 1.5769574737985914 -5.8376430883311716 136.74355772224365  0.85353433019469516 1.4785550898122179 -5.7209102043002593 136.84991663336797  0.85353433019716762 1.3837955043577954 -5.6084379004757254 136.97766749557098  0.85353433019564551 1.298226516951138 -5.498713935042808 137.12521746128414  0.85353433019630087 1.1568745484876108 -5.2847855884900277 137.4527322744388  0.85353433019597713 1.0910592808103741 -5.0867710185599373 137.82703030049035  0.85353433019634362 1.0824236873487025 -4.9888582342144288 138.0145802032574  0.85353433019542491 1.1004304580181288 -4.8910703884003786 138.18919528689707  0.85353433019756741 1.1378284513021257 -4.7913104070522285 138.33798026599075  0.85353433019426783 1.1834279775294836 -4.6852224754614138 138.45186479609981  0.85353433019797986 1.2263899928210387 -4.5653932262075534 138.52759315539026  0.85353433019481306 1.259610050712983 -4.4213802912295321 138.56336681270545  0.85353433019686953 1.2868988675882365 -4.2428958010096016 138.54789051242514  0.85353433019589031 1.3380124051793396 -4.0065091219639672 138.44431101640205  0.85353433019622227 1.4633892781270235 -3.7686352038875754 138.23112826239023  0.85353433019615421 1.4766665233818121 -3.7449845179584837 138.20883105018422  0.85353433019604752 1.4907708409342157 -3.7214562623248137 138.18551781324607  0.8535343301964019 1.5057420911332675 -3.6981213109455342 138.16123039626882  0.85353433019579072 1.5216161901699488 -3.6750512836956672 138.13601448356371  0.85353433019650904 1.538424637719723 -3.6523179683388469 138.10991963060852  0.85353433019587976 1.5561940445793863 -3.6299927424961527 138.08299929559803  0.85353433019630454 1.5749456603102929 -3.6081459956192727 138.05531087099178  0.85353433019608471 1.5946949008758058 -3.5868465509597054 138.02691571506438  0.85353433019616609 1.615450876283002 -3.5661610875408032 137.99787918345393  0.85353433019614899 1.659830943087701 -3.5186863698019999 137.94862342679795  0.853534330196141 1.7061005751684875 -3.4752617405943353 137.89933853858582  0.85353433019619895 1.7533301935109429 -3.4365074568229743 137.85201859556463  0.8535343301960171 1.7994518802598862 -3.4024116051431759 137.80928792009891  0.85353433019636971 1.8427755699810082 -3.3730990159673278 137.77370704601714  0.85353433019590308 1.8809997380861476 -3.348140053468629 137.7480137291287  0.85353433019632474 1.9104748760061494 -3.3262495181630234 137.73569660439318  0.85353433019608815 1.9270614738786549 -3.3060906782403352 137.74123968386985  0.85353433019613223 1.9285076626874063 -3.2877642255294912 137.76931648169335  0.85353433019618674 1.9052025352450894 -3.2590892376196487 137.87498980723581  0.85353433019606983 1.8529476922513237 -3.2514491351929351 138.05758613412604  0.85353433019626967 1.8252284936119467 -3.253927636517806 138.16247175457971  0.85353433019563174 1.8039559908474854 -3.2641853326878429 138.27224004485851  0.85353433019720659 1.7998368568349374 -3.2764453275026191 138.35974392108153  0.85353433019474279 1.8027515781179386 -3.2815778159257198 138.42142166591523  0.85353433019747094 1.8062006127023242 -3.2793528147219959 138.46545130772927  0.85353433019526892 1.8141050484559256 -3.2745780574491921 138.49467647589645  0.85353433019653679 1.8218592845316999 -3.2660341351721818 138.5131258314791  0.85353433019607072 1.8400949747531101 -3.2439123464183584 138.53970371700584  0.8535343301962145 1.8563076662846212 -3.2210681220096138 138.54824275458253  0.85353433019609937 1.8640962424895773 -3.2094752474631449 138.550855960826  0.85353433019626501 1.8708612422351938 -3.1984064581572347 138.54819808031388  0.85353433019594072 1.8746388729067907 -3.1938415047730371 138.55965745119317  0.85353433019643155 1.8799136423118445 -3.1820714032195663 138.54073455393532  0.85353433019587899 1.8806572918185502 -3.181748070357282 138.54884006039561  0.85353433019632197 1.8812227157379984 -3.1797266211075965 138.54361006951879  0.85353433019609315 1.8796270073565979 -3.1825105812347743 138.54430237545324  0.85353433019613933 1.8763263500076026 -3.1890783991616942 138.54631224781139  0.85353433019617819 1.8715165541581122 -3.1998972442441342 138.55071769519128  0.85353433019612501 1.8711507269309078 -3.2007251714124574 138.55105842131204  0.85353433019642311 1.8707768312315136 -3.2015766353083674 138.55141224059324  0.85353433019543645 1.8703950087702503 -3.2024516510220842 138.55177907170255  0.85353433019725422 1.8700054041760077 -3.2033502317216587 138.55215882935016  0.85353433019496894 1.8696081649591894 -3.2042723886105859 138.55255142440782  0.85353433019707148 1.8692034414580381 -3.2052181309104153 138.55295676405078  0.85353433019561864 1.8687913868025008 -3.2061874658173379 138.55337475187494  0.85353433019636471 1.8683721568632039 -3.207180398480578 138.55380528803548  0.8535343301960987 1.8679459102106166 -3.2081969319660284 138.55424826937065  0.85353433019614944 1.8645823776578163 -3.2146201447181983 138.5431205808809  0.8535343301962135 1.861042582852418 -3.2224597799108463 138.53475016737417  0.85353433019588576 1.8573989142202856 -3.2314526569114164 138.52885239133226  0.85353433019678238 1.853729560718852 -3.2413545168589404 138.52512905685498  0.85353433019509484 1.8501140195173531 -3.251940393654182 138.52326980816616  0.85353433019742464 1.8466286036680633 -3.2630049849523552 138.52295352811922  0.85353433019501534 1.8433419497904133 -3.2743630231515186 138.52384973670323  0.85353433019688507 1.8403105257402197 -3.2858496463868034 138.5256199895484  0.85353433019582725 1.8375741382928195 -3.2973207695183899 138.52791927643207  0.85353433019621761 1.8271766478750948 -3.345957254724516 138.53855472390492  0.85353433019597746 1.8224281249281458 -3.3901759027837408 138.54596524441055  0.85353433019646618 1.8219362238943231 -3.4192905728208487 138.55022766395837  0.85353433019534342 1.8236295428922522 -3.4416885158823685 138.55310244900306  0.8535343301974867 1.8262163033880594 -3.4562049541288542 138.55441442443112  0.85353433019456759 1.8284043225660327 -3.4624902840019351 138.55394671136378  0.85353433019752278 1.8291040538225254 -3.4608153261816699 138.55154501804117  0.85353433019528946 1.8275236210397687 -3.4517608871687417 138.54716189923874  0.85353433019650127 1.8231712156600914 -3.4359346026774102 138.54084388981599  0.85353433019609637 1.8095989270911965 -3.3953947600274303 138.52582368935578  0.853534330196139 1.7851793546404313 -3.3359222994492339 138.50446547717351  0.85353433019622305 1.771695809283832 -3.3051598894776433 138.4938182381708  0.85353433019571068 1.7558000577425674 -3.2709575841621548 138.48256301133489  0.85353433019710179 1.737487665520282 -3.2335220687193997 138.47095228450252  0.85353433019484959 1.7167918394138202 -3.1930366943661568 138.45916188028821  0.85353433019739622 1.6937832889917257 -3.1496909235311819 138.44723335485327  0.85353433019528813 1.6685780684645366 -3.1037325792970236 138.43497597983631  0.85353433019655955 1.6413533989410543 -3.0555428990759923 138.42182830746273  0.85353433019604297 1.5973052518562512 -2.9798415022166722 138.3988041358775  0.85353433019619374 1.5500732792531307 -2.9026285213364633 138.36681468223327  0.85353433019615732 1.533534416600707 -2.8759399687057483 138.35517892271332  0.85353433019598768 1.5165938103756524 -2.8488596858955595 138.34319282111647  0.85353433019655223 1.4992384307825639 -2.8212980742213576 138.3311194830971  0.85353433019557834 1.4814671131848887 -2.7932076035963527 138.31910720937569  0.853534330196694 1.4632921658834139 -2.7645851851757031 138.30719080798076  0.85353433019578107 1.4447357858957621 -2.7354583391312888 138.29532837806218  0.8535343301963294 1.4258212827290611 -2.7058551575227758 138.28347356527465  0.85353433019608926 1.394761255387772 -2.6573239444966799 138.26446188264438  0.85353433019620573 1.3627411821538442 -2.6071816755450867 138.2464068546837  0.85353433019609926 1.3504831064001566 -2.5880275021580621 138.2393945321997  0.85353433019636971 1.3381695375265477 -2.5688842766498374 138.23196082466919  0.85353433019572056 1.325831967875579 -2.549842971162378 138.22391021400742  0.85353433019667824 1.3134890097885425 -2.530950111490371 138.21515129645653  0.85353433019569935 1.3011434554740509 -2.5121978752012084 138.20571551295444  0.85353433019640979 1.2887807054834792 -2.4935206471032876 138.19576206995532  0.8535343301960685 1.2763685657947363 -2.4747980320685956 138.18556905072202  0.85353433019613922 1.2490431288075354 -2.4334418757359995 138.16359902541603  0.85353433019620639 1.2209518034415046 -2.3901478412489241 138.14434187499589  0.85353433019604574 1.2055424938666304 -2.3662552382928914 138.13435410928489  0.85353433019660307 1.1901019157149471 -2.3422346164016878 138.12416113118158  0.85353433019521296 1.1740740944953065 -2.3168269948883435 138.11652428709633  0.85353433019741654 1.1595162544328734 -2.2953593575422082 138.09981203166319  0.85353433019492209 1.1424975178289558 -2.2669581721137542 138.09767104284276  0.85353433019703351 1.1284237177735734 -2.2474546150451333 138.07583447474798  0.85353433019567493 1.1136571470646606 -2.2256176018807872 138.05858036437343  0.8535343301963324 1.0992664275911979 -2.2046518948784319 138.03895655803908  0.85353433019610792 1.0850235893222793 -2.1838161992677239 138.01856359732423  0.85353433019614966 1.0774159396589238 -2.1711074384156657 138.01725892502978  0.85353433019616087 1.0699175407337667 -2.1586311190285565 138.0153451264315  0.85353433019610581 1.0625137449946558 -2.1463651893538369 138.0128828953784  0.85353433019624003 1.0551916541846962 -2.1342869043311294 138.00993135730172  0.85353433019602265 1.0479398501421742 -2.1223729397362967 138.00654823030035  0.85353433019627778 1.0407481256037525 -2.1105995063261935 138.00278998622665  0.85353433019605707 1.0336072150030817 -2.0989424639824614 137.99871201177194  0.85353433019619818 1.0265085252745754 -2.0873774358563968 137.99436876955215  0.85353433019613123 1.0194438666524583 -2.0758799225128244 137.9898139591937  0.85353433019615566 0.99145108317811093 -2.0303254472838228 137.97106928141343  0.85353433019612623 0.96373959045352331 -1.9850652330676555 137.95065100825784  0.8535343301961964 0.94314404610854274 -1.9512968521281986 137.93455565277725  0.85353433019603497 0.92269045163335561 -1.9175909822599624 137.91775966615515  0.85353433019631986 0.90237512152535659 -1.8839012849827779 137.9003629927887  0.85353433019597402 0.88219551221215875 -1.8501815983933687 137.88246039911999  0.85353433019626213 0.86214900464660815 -1.8163836456015425 137.86414690267176  0.85353433019612224 0.84223168687072658 -1.782454743162095 137.84552320110234  0.85353433019613167 0.82243713661121121 -1.7483355095107731 137.82670110124204  0.85353433019616609 0.77592319099824336 -1.6670907725220383 137.78205362721832  0.85353433019611968 0.72995391719198743 -1.5839562895704111 137.7378544080992  0.85353433019619329 0.70367552001804967 -1.5354402057061594 137.71232905035396  0.8535343301959728 0.67768891579241342 -1.4864128627118627 137.68664009445212  0.85353433019651315 0.65204150678588946 -1.4369021728062159 137.6606909792927  0.8535343301956676 0.62677653842454462 -1.3869178348873246 137.63441918390387  0.85353433019658065 0.60193391656961071 -1.3364531149014334 137.60779184744996  0.85353433019589886 0.57755102479312115 -1.2854866261892206 137.58080138923967  0.85353433019622005 0.55366354166028942 -1.2339841098529023 137.55346112873224  0.85353433019616876 0.49697277158290237 -1.1075706045310956 137.48632663757871  0.85353433019606795 0.44360987559001902 -0.9774102608105073 137.41755458305087  0.85353433019629288 0.41353557622035669 -0.89957265434315115 137.37639497884996  0.85353433019563052 0.38491908188657259 -0.82037922691736265 137.33440182946407  0.85353433019712666 0.35792372780988163 -0.73974575271947107 137.29150571268644  0.85353433019492164 0.33272530896654867 -0.65756280961148128 137.24767527666015  0.85353433019724356 0.3095165722656531 -0.57370388795614147 137.20291365604584  0.85353433019546543 0.28851170874326981 -0.48803349942512009 137.15725488819226  0.85353433019641478 0.26995084573541717 -0.40041528581828967 137.11076032930174  0.85353433019612468 0.21902930614064231 -0.11218310444906843 136.95893938057509  0.85353433019612324 0.19929368977681347 0.19867118046232277 136.80045321140946  0.8535343301962417 0.20407801251990043 0.42408869461206183 136.68783790455248  0.85353433019581804 0.23132991959724256 0.66007554770721255 136.57263621701324  0.85353433019678404 0.28594738625566091 0.906448125858204 136.45573367247832  0.85353433019531566 0.37339771065926342 1.1588785763320408 136.34048435190419  0.85353433019697189 0.49602411299836446 1.4086900937683544 136.23218403261089  0.85353433019552394 0.65006830881669919 1.6472309876488276 136.13518227564975  0.85353433019651392 0.82815908094087753 1.8698869910395519 136.05110208626965  0.85353433019599734 1.0260943223046823 2.0756412787170793 135.98019771816834  0.85353433019618719 1.2403188003817112 2.2648262527884695 135.92214747200268  0.85353433019614966 
2.5889332017360784 -6.8262088629194242 137.88019370730987  1.0383466998475068 2.4260982992111515 -6.7631216983742055 137.8377078670872  1.0383466998475828 2.2854807344819745 -6.6766538438429901 137.81630020521285  1.0383466998471853 2.1645143826362263 -6.5771019158032367 137.82033319371749  1.0383466998483115 2.0607912219123428 -6.471263178795529 137.84946335362176  1.0383466998461099 1.9733564662408984 -6.362952368165578 137.90142062973811  1.0383466998492785 1.9029776476804938 -6.2540072329727545 137.97321738300849  1.0383466998458459 1.8516869581511757 -6.1454598363718862 138.0613365216177  1.0383466998486548 1.8218961598783487 -6.0385506508158757 138.16144829210762  1.0383466998469406 1.8153833739632195 -5.9352624854210969 138.26820525172872  1.0383466998476834 1.8495187389986201 -5.7408400801845092 138.48312463479209  1.0383466998472899 1.9717970341485491 -5.5768606451894396 138.68110465281305  1.0383466998477648 2.0486834650009116 -5.5029594650615881 138.76761673375964  1.0383466998465136 2.1321799479900996 -5.4365093204384811 138.83569261226515  1.0383466998494748 2.2082345605335059 -5.3752990086304928 138.88669499780764  1.0383466998448707 2.2645385073092865 -5.3139662022804606 138.9265613334147  1.0383466998500805 2.2931631420320411 -5.2458652275673181 138.96359311644142  1.0383466998456348 2.2882123398663983 -5.1636810506128503 139.00542048145911  1.0383466998484991 2.2441880280283995 -5.0547360269726642 139.05153119276378  1.0383466998471635 2.1532473040681905 -4.8800869158143998 139.08640555523698  1.0383466998475921 2.0475265242570524 -4.638767957545741 139.05808611477138  1.0383466998475244 2.0369094920694413 -4.6140778619445104 139.05460059109342  1.038346699847269 2.0262754339166915 -4.5887671722208925 139.05041687365383  1.0383466998480984 2.0156897631319239 -4.5628623249223246 139.04550222889679  1.0383466998466244 2.0052177195687197 -4.5363934624322315 139.03982629242711  1.0383466998484385 1.9949239665088869 -4.5093943475379454 139.03336153723208  1.0383466998467799 1.9848721875743689 -4.481902277975661 139.02608374189705  1.0383466998479276 1.9751246836340557 -4.4539580010012356 139.01797245882767  1.0383466998473332 1.965741969715461 -4.4256056279378369 139.00901148246669  1.0383466998475499 1.9567823719127853 -4.3968925487400776 138.99918931751412  1.0383466998475059 1.9455205682525667 -4.3353067612595195 138.98518678309478  1.0383466998474946 1.9370306827284567 -4.2742924732403962 138.96923520819726  1.0383466998475808 1.9320392888356583 -4.2151442395242293 138.95208657597004  1.038346699847293 1.9308703708093711 -4.1594672946326732 138.93551132482378  1.038346699847905 1.9339807591644165 -4.1088433926192822 138.92099785627377  1.0383466998469806 1.9414709528760992 -4.0648640025045788 138.91062977845326  1.0383466998480004 1.952996792833612 -4.0293738642816539 138.90778672152445  1.038346699847188 1.9685292959818879 -4.0046420035761603 138.91647654481014  1.0383466998476245 1.9894318042882084 -3.993051396451107 138.93926873904843  1.0383466998475113 2.0472590906275236 -3.9984937413870303 139.01065288247705  1.0383466998474473 2.1376330666700074 -4.049003157159424 139.11251117331184  1.0383466998476181 2.1908652061312974 -4.0823963383750748 139.16594446463088  1.0383466998469935 2.251694005669052 -4.1192051462619288 139.21439964339405  1.0383466998485618 2.3093535458580696 -4.1442649133506313 139.2460132007302  1.0383466998461104 2.355106967936305 -4.154860009430406 139.26854579068299  1.0383466998488029 2.3902340799228932 -4.1554519375191337 139.2880485218667  1.0383466998466564 2.4191866302839466 -4.1481161893670206 139.30144710095257  1.0383466998478685 2.4416183107880443 -4.134979740617287 139.31287102372849  1.0383466998474462 2.484287999598604 -4.0976358465018379 139.33433954908912  1.0383466998475306 2.5168427904125683 -4.0521218696833063 139.35071580989043  1.0383466998475208 2.5336964301392055 -4.026112071914695 139.35915274111917  1.0383466998473647 2.547307223427389 -3.9981731992801093 139.36595596066948  1.038346699847835 2.5690049604487593 -3.9776240273635652 139.37624592573979  1.0383466998470272 2.5727145574027546 -3.9426149188132218 139.378444304537  1.0383466998480293 2.5917215726717719 -3.9219826902439814 139.38722759972973  1.0383466998470616 2.6026313915375239 -3.8950843754206006 139.39241058795034  1.0383466998477999 2.6165570143591759 -3.8716475245495796 139.39886131018966  1.0383466998473674 2.6319153467999863 -3.8471771820021368 139.40592739456227  1.0383466998475648 2.6482324778620741 -3.8238350094307814 139.41334599026192  1.0383466998474893 2.6494509559246762 -3.8221055422361303 139.41389950134948  1.038346699847698 2.6506746498911111 -3.8203819955776797 139.41445490259039  1.038346699846983 2.6519035129714092 -3.8186642072654293 139.41501216172583  1.0383466998483499 2.6531374953936653 -3.8169520125683762 139.41557124459138  1.0383466998465736 2.6543765444116776 -3.8152452443391049 139.41613211516466  1.0383466998482651 2.6556206043115385 -3.8135437331189879 139.41669473560654  1.0383466998470523 2.6568696164189411 -3.8118473072641654 139.41725906630748  1.0383466998476973 2.6581235191061308 -3.8101557930536045 139.41782506593125  1.0383466998474606 2.6593822477989719 -3.8084690148096807 139.41839269145916  1.0383466998475066 2.6619927127917546 -3.7859864696038747 139.41969618057595  1.0383466998475719 2.6657634767976797 -3.7647824519840385 139.42142246745823  1.0383466998472368 2.6705461894520703 -3.7445646420558139 139.42356318729404  1.0383466998481672 2.6761794777374441 -3.7250647426622252 139.42607857338999  1.0383466998463819 2.682488992116792 -3.7060409114364044 139.42890301710591  1.0383466998488893 2.6892874526618762 -3.6872801928581445 139.43195062778165  1.0383466998462625 2.6963746951882865 -3.6686009503047909 139.43512079267248  1.0383466998483202 2.7035377173831039 -3.6498552981088936 139.43830373687786  1.0383466998471449 2.7105507249391065 -3.6309315336092594 139.4413860832733  1.0383466998475905 2.738980887844376 -3.548638341610185 139.4537046745599  1.0383466998472726 2.7556268717141834 -3.4611282334169302 139.46020445236951  1.038346699847954 2.7615857492760716 -3.3919083196295583 139.46187242637902  1.03834669984634 2.7611232385292355 -3.3215022725824737 139.46040298300463  1.0383466998494728 2.754794395105407 -3.2505955706465692 139.45602786213482  1.0383466998451432 2.7432332539516908 -3.1795926979980313 139.44900381838926  1.0383466998495954 2.7270755857730018 -3.1086504424550085 139.43958537430586  1.0383466998461734 2.7068989897777342 -3.0377602261015531 139.42800133025275  1.0383466998480655 2.6831858983727104 -2.966842950621924 139.41443919653574  1.0383466998474133 2.6338422189541051 -2.836421159117188 139.38616435242747  1.0383466998475097 2.5748641072667326 -2.7054127197934248 139.35207394932635  1.0383466998475919 2.5464383447144994 -2.6454469612177696 139.33551430463197  1.0383466998469735 2.5167796503586009 -2.5850035882820741 139.3180547444552  1.0383466998486546 2.4861508020721015 -2.5239085542043145 139.29979696080514  1.0383466998459707 2.4547495263543699 -2.4620149738696306 139.28080930063686  1.0383466998489372 2.4226852087938191 -2.3992469388219502 139.26111743587003  1.0383466998465563 2.3899280240212843 -2.3356636547670959 139.24068698225003  1.0383466998479378 2.3562304851509399 -2.271543901574788 139.21939806703296  1.0383466998474025 2.3027180201147548 -2.1741928986685544 139.18537439605603  1.0383466998475446 2.2433382671206532 -2.0794273325756119 139.14789353547073  1.0383466998475239 2.2225750691811426 -2.0471541971986049 139.13476187155632  1.0383466998472815 2.2015811631425892 -2.014851045093967 139.12140548310128  1.0383466998480606 2.1805275939837667 -1.9823818020061634 139.10789056946871  1.0383466998467104 2.1595151501083714 -1.949667401135796 139.09425547513965  1.0383466998482846 2.1385762585136243 -1.9166881299639054 139.08051161298741  1.0383466998469681 2.1176978254100689 -1.883465718381047 139.06665237157702  1.0383466998477695 2.0968650222952308 -1.850025168128026 139.05267000650323  1.0383466998474247 2.0634236202873528 -1.7957023013877582 139.0299508679314  1.0383466998475757 2.0307379177423006 -1.7403074179461053 139.00714195794032  1.0383466998474502 2.018260017697147 -1.719268725844602 138.998396855842  1.0383466998477497 2.0055623076081943 -1.6983792144395715 138.98951012775439  1.0383466998470223 1.9925302381475523 -1.6777482539183268 138.98043878178726  1.0383466998481281 1.9791118780071113 -1.6574289665495567 138.97116357979311  1.0383466998469493 1.9653293295235756 -1.6374070470277333 138.9616928417534  1.0383466998478452 1.9512816545401834 -1.6175973659163916 138.95206357944957  1.0383466998474031 1.9371393105141359 -1.5978483562088857 138.94233995941832  1.0383466998474808 1.9065395323481071 -1.5543942907344903 138.92108521278203  1.0383466998476163 1.8778277724287933 -1.5091018958484104 138.90028818522586  1.0383466998473134 1.8626129137837126 -1.4841925261077571 138.88907289102721  1.0383466998483546 1.8473760640889989 -1.4592940179559737 138.87773652507039  1.0383466998457114 1.8337422211959002 -1.4328781440217795 138.86702003350203  1.0383466998500319 1.814796217187421 -1.4113857091907971 138.85402251117503  1.0383466998449378 1.8047036227860567 -1.3817245027091674 138.84448803827212  1.0383466998494577 1.7828296630041216 -1.3628748781761835 138.83031336490026  1.0383466998464044 1.7638611825791426 -1.3413875601549023 138.81712101131069  1.038346699847948 1.7436086459339848 -1.321110171631231 138.80328701391875  1.0383466998474029 1.7230459801155396 -1.3011535977137838 138.78917847983718  1.0383466998475068 1.7185415493999721 -1.2880658941158301 138.78484242043115  1.0383466998475051 1.7137092890538483 -1.2753016151523178 138.78034127572033  1.0383466998475164 1.70858136048528 -1.2628272916209635 138.77569424298875  1.0383466998474731 1.7031901257543802 -1.2506102486089032 138.770918876134  1.0383466998475759 1.6975680860656799 -1.2386185358510764 138.76603132716053  1.0383466998474153 1.6917478202603886 -1.2268208581026501 138.76104658766627  1.0383466998475865 1.6857619233092589 -1.2151865054914273 138.75597873033766  1.0383466998474629 1.6796429448042127 -1.2036852838932071 138.75084115043634  1.0383466998475195 1.6734233274516979 -1.1922874452859888 138.74564680729239  1.0383466998475097 1.6484160766656453 -1.1472526804155641 138.72481396745439  1.0383466998474846 1.6228343700405532 -1.1029288136789859 138.703487868824  1.0383466998475543 1.6034444344656571 -1.0700778792807575 138.6872818470685  1.0383466998474045 1.5838866362239661 -1.0374923177600346 138.67086233475018  1.0383466998476205 1.5642285819508843 -1.0051149837930933 138.65425462268729  1.0383466998474462 1.5445359432099264 -0.97289141503962662 138.63748227300943  1.0383466998474773 1.5248757078090418 -0.94076717542387711 138.62056890182757  1.0383466998475923 1.5053194310792983 -0.9086851984057106 138.60353996191287  1.0383466998474333 1.4859464871906825 -0.87658313026126811 138.58642452536583  1.0383466998475335 1.4408097816502257 -0.80050329563735589 138.54585298865408  1.0383466998474729 1.3977872754651526 -0.72346680601693181 138.50522356943117  1.0383466998475483 1.3735916413345444 -0.67880529833425518 138.48173264784151  1.0383466998473543 1.3499628909747206 -0.63399150901066226 138.45816303513971  1.0383466998478001 1.3268691869337321 -0.58907232579241098 138.4344978106231  1.0383466998471502 1.3043000643718259 -0.54407450230230459 138.41072773143296  1.0383466998477835 1.2822642162969922 -0.49900762899055762 138.386850593834  1.0383466998473847 1.260787278785924 -0.45386710402137709 138.36287059452883  1.0383466998475077 1.2399096162211209 -0.40863710422396488 138.33879769193669  1.0383466998475488 1.1908200158460269 -0.29858318249259774 138.28018115131584  1.0383466998473856 1.1459443346052087 -0.18768744517370911 138.22122143118546  1.0383466998477056 1.121012982383591 -0.12224645375536358 138.18641493106063  1.0383466998468012 1.097570821433391 -0.056588582834586898 138.15145805123572  1.0383466998488278 1.0756853639712436 0.0092965542666053249 138.11634863767387  1.0383466998458633 1.0554547156451748 0.07544100052281677 138.08109442055698  1.0383466998489401 1.0370048429911394 0.14189096382972796 138.04571357139034  1.0383466998466402 1.0204868409076739 0.20869932556785117 138.01023526010255  1.0383466998478266 1.0060742001126475 0.27591814922650171 137.97470021214758  1.0383466998474817 0.96714589118022964 0.49338304160481983 137.86049707877578  1.0383466998474655 0.95412227029674712 0.71582698675447087 137.74693014396615  1.0383466998476321 0.95872944578578911 0.87125649781885084 137.66920392648737  1.0383466998470681 0.9785048719627587 1.0284527106719186 137.59250242131753  1.0383466998483382 1.015387398332495 1.1871797796920003 137.51736033885939  1.0383466998464206 1.0714663517199878 1.3459451086683794 137.44505949219186  1.0383466998485678 1.1478512324982142 1.5019781527379361 137.3774424748066  1.0383466998467112 1.2438462583631176 1.6526001302754549 137.31602595694224  1.0383466998479609 1.3577542866398322 1.7963939574186538 137.26149445943355  1.0383466998473223 1.4888839503694695 1.9329485588430648 137.21416894876316  1.0383466998475508 1.6367449832609335 2.0622219404832722 137.17421400323605  1.0383466998475068 
3.3541508840442065 -6.1339080008192362 138.2349037958945  1.0367296232096115 3.2149257838670104 -6.1520580782262089 138.27545047567517  1.0367296232096834 3.0943681863724142 -6.1450759302877671 138.30491980682376  1.0367296232093068 2.9951155216743612 -6.1161363899971208 138.33233915504965  1.0367296232103798 2.9180550972138404 -6.0701741331291874 138.36223177693145  1.0367296232082637 2.8636608721528494 -6.0122086010247102 138.39562724752153  1.0367296232113408 2.8323026754004372 -5.9466313984601902 138.43104423074783  1.0367296232079657 2.8239150840751841 -5.877116260305713 138.46543227446796  1.0367296232107708 2.8374131792516981 -5.8068116810853923 138.49505931214293  1.0367296232090315 2.8702423957992131 -5.7384763010739546 138.51633155296025  1.036729623209788 2.9666569705009529 -5.6099579849806034 138.53673333178884  1.0367296232094101 3.1070964384704665 -5.4995709020690651 138.50807128314324  1.036729623209838 3.1788258853357183 -5.4513118321229523 138.48213197919168  1.0367296232087708 3.2421872552676536 -5.4100751230436481 138.44866691033491  1.0367296232112386 3.2897323265104497 -5.375360890510275 138.41785244843391  1.0367296232074885 3.3182909232353754 -5.3454930459448944 138.40119097144793  1.0367296232116288 3.3282779008051691 -5.3198110833133976 138.4081865893564  1.0367296232081822 3.3192742639106325 -5.2991870130674581 138.44673749526575  1.0367296232103518 3.2835773628994183 -5.2796955163991468 138.5242618068859  1.036729623209361 3.196057900249615 -5.2382516131315846 138.65577363580232  1.0367296232096708 3.047226131475274 -5.1400003629706346 138.80783464662753  1.0367296232096253 3.0318103321620145 -5.1296148537675732 138.82313567264043  1.0367296232094296 3.0158358526846598 -5.1186054666217675 138.83852828587854  1.0367296232100476 2.9993317111090882 -5.1069457206175777 138.85395456280673  1.0367296232090035 2.9823295315034795 -5.0946118538535003 138.86935596698385  1.0367296232101983 2.9648635217210497 -5.0815831528851705 138.88467373643516  1.0367296232091954 2.9469704511925112 -5.0678422821521627 138.89984927102586  1.0367296232098322 2.9286896287081872 -5.0533756134207612 138.91482451983299  1.0367296232095256 2.9100628802087329 -5.0381735552144704 138.92954236851955  1.036729623209633 2.8911345265702431 -5.0222308822517405 138.94394702670633  1.0367296232096106 2.8595991078810963 -4.9870937916419047 138.97349726225076  1.0367296232096006 2.8294076272902071 -4.9496552241833296 139.00129953896044  1.0367296232096728 2.801824332345149 -4.9106105656784997 139.02661302107467  1.0367296232094438 2.7785573391322629 -4.8713688786883473 139.049146796673  1.0367296232099035 2.7611667413398013 -4.8332230840775772 139.06840792823314  1.036729623209252 2.7513285641198864 -4.7978622729460954 139.08430004234509  1.0367296232099159 2.7512724952483172 -4.7677952059323934 139.09733506092769  1.0367296232094454 2.7638464285434776 -4.7459376886653342 139.10787830381054  1.0367296232096497 2.7917959569557564 -4.7343001436562568 139.11490481993636  1.0367296232096341 2.880168153442983 -4.730490517768323 139.116700043989  1.0367296232095442 3.0174489131790097 -4.751398018883223 139.09095351788801  1.0367296232097203 3.0942679939230491 -4.7645655397893192 139.07066410426552  1.0367296232091425 3.1732321576948679 -4.7752787629955087 139.04249781158271  1.0367296232105376 3.2374201991154465 -4.7743131954424758 139.01505734570696  1.036729623208434 3.2862465914996832 -4.7656746447506828 138.99761509885317  1.0367296232106593 3.325353795366996 -4.7534222935328323 138.98974029481195  1.0367296232089489 3.3558719992587114 -4.7360065887286398 138.98675223561068  1.0367296232098928 3.3806974979741788 -4.716137090599795 138.98944098046351  1.0367296232095513 3.4290623071847355 -4.6664074333344399 139.00199904805928  1.0367296232096714 3.4692911652829426 -4.609922493727888 139.02200391223161  1.0367296232095522 3.4912143461837974 -4.5770111370778004 139.03383012999709  1.0367296232097911 3.5107127188157401 -4.5419983663882251 139.04767426002334  1.0367296232092507 3.5390241418817503 -4.508846013128359 139.05444938469552  1.0367296232101346 3.550169421553798 -4.4680269446837242 139.07513591434144  1.0367296232090601 3.5774273378572614 -4.431710237823502 139.0824184813923  1.0367296232100294 3.5972546410805162 -4.3910295168970261 139.09560412591054  1.0367296232093917 3.6207129835454461 -4.3499378479504616 139.10547648081644  1.0367296232096843 3.6468281950597765 -4.3037080607375975 139.11503175333985  1.0367296232095966 3.6741342896628559 -4.2553876617310351 139.12287263919023  1.0367296232096073 3.676170995115446 -4.2517832117559715 139.12344617242405  1.0367296232097105 3.6782139741910314 -4.2481668964491686 139.12401027310452  1.0367296232093155 3.6802630648850521 -4.2445385603432975 139.12456496552679  1.0367296232100918 3.6823181005341317 -4.2408980470912354 139.12511027508435  1.036729623209099 3.684378909874185 -4.2372451996093599 139.12564622823305  1.0367296232100016 3.6864453170528195 -4.2335798601749088 139.12617285242095  1.0367296232093934 3.6885171416906015 -4.2299018705743849 139.12669017605401  1.0367296232096979 3.6905941989001851 -4.226211072205877 139.1271982284315  1.0367296232095913 3.692676299334726 -4.2225073062151379 139.12769703970204  1.0367296232096113 3.7040733715566563 -4.1833345155081396 139.13970645800902  1.0367296232096845 3.7162084843587335 -4.1442298838153695 139.14996567119883  1.0367296232093122 3.7289061058023494 -4.1051224712328285 139.15866803409418  1.03672962321033 3.7419752607096868 -4.0659491145732742 139.16598892214051  1.0367296232084096 3.7552127119718204 -4.0266562946697952 139.17208961544893  1.036729623211067 3.7684061418583488 -3.9872020036823108 139.17712118282188  1.0367296232083159 3.7813373333245854 -3.9475576124013543 139.18122836580361  1.0367296232104506 3.7937853513222448 -3.9077097375537493 139.18455346270184  1.0367296232092433 3.805529724105797 -3.8676621091071328 139.18724021263654  1.0367296232096896 3.8519826560748882 -3.6950298920100422 139.19667108115542  1.0367296232094163 3.8776137486707336 -3.5199390615372512 139.20000517689539  1.0367296232099663 3.8854242600913214 -3.3866096366431848 139.19879467880367  1.0367296232087275 3.8825709814114084 -3.2564069088501513 139.19400917832522  1.0367296232110323 3.8706138567314152 -3.1307684216777387 139.18603282099954  1.0367296232080034 3.851182175851517 -3.0103160463629273 139.17530078506712  1.0367296232109244 3.8257650660052267 -2.8950212654500791 139.16220253688044  1.0367296232088532 3.7955926596368292 -2.7844942205785648 139.14703034459953  1.0367296232098813 3.7616020680649065 -2.6782646285825935 139.12997466093799  1.0367296232095966 3.6934379486037017 -2.4903311334054297 139.09543941996762  1.03672962320955 3.6166064325116842 -2.3138872165591229 139.05556785435658  1.036729623209746 3.5803743781736408 -2.2355945395521482 139.0362115672464  1.0367296232089034 3.5433278204377703 -2.1590609749131815 139.01559127504405  1.0367296232111298 3.5057998992406456 -2.0840037007485357 138.99365389166272  1.0367296232075187 3.4680405524216402 -2.0101799613405156 138.97037077585705  1.0367296232116556 3.4301962471828507 -1.937404793259637 138.94576984665289  1.0367296232081749 3.3922600141037527 -1.8655705779767184 138.91998891735156  1.0367296232103005 3.35399178378862 -1.7946684209841928 138.89335024812578  1.036729623209437 3.2944399181231123 -1.6884962496550153 138.85247554058054  1.0367296232096732 3.2303176589818641 -1.5853387590955708 138.81332040871141  1.0367296232096421 3.20807664145382 -1.5503389375503729 138.79996687211246  1.0367296232092269 3.1857480534371612 -1.5155552106705148 138.78649298751029  1.0367296232105621 3.163504658862895 -1.4809331856633232 138.77277753317273  1.0367296232082137 3.141449490221019 -1.4464389058333502 138.75875519981429  1.0367296232110226 3.1196163816518725 -1.4120592438140109 138.74441648045007  1.0367296232085932 3.0979924478319281 -1.3777959099466879 138.72978974060678  1.0367296232101244 3.0765625086931796 -1.3436530757598786 138.71490546891329  1.0367296232094576 3.0423986410930084 -1.2887729031119308 138.69045569487409  1.0367296232097216 3.0093896894320697 -1.2340352063243207 138.66490793994038  1.0367296232095444 2.9968413483418481 -1.2133151476759167 138.65519113769633  1.0367296232098151 2.9841205085800397 -1.1927120673362894 138.6455967625094  1.0367296232092935 2.9711082202512533 -1.1722584451880547 138.63622503832855  1.0367296232099112 2.9577492949659447 -1.1519686516961529 138.62712416515066  1.0367296232094432 2.9440643438752403 -1.1318360951492257 138.61828054975217  1.0367296232096415 2.9301534349581866 -1.1118326599570083 138.60961635643142  1.0367296232096519 2.9161913695863069 -1.0919104359034524 138.60099437782759  1.0367296232095682 2.8860992626073316 -1.0484333827574448 138.58185118279198  1.0367296232097016 2.8582106353307459 -1.0046909621697468 138.56101795032509  1.0367296232094736 2.8435332329169065 -0.98095652616715823 138.54940364094918  1.0367296232101895 2.8288742142888941 -0.95731882679841385 138.53777376864844  1.0367296232084053 2.8160486545725498 -0.93332251983000436 138.52484740613073  1.0367296232112839 2.7975766148806649 -0.9108759244967376 138.51622233690787  1.036729623207933 2.7885988919793316 -0.88613399300514561 138.50038986641349  1.036729623210872 2.7672972098464226 -0.86462580144123524 138.49422490046589  1.036729623208904 2.7490632098142394 -0.84244406420478224 138.48567100968489  1.0367296232098926 2.7294915844557401 -0.82071333407532332 138.47817082722179  1.0367296232095466 2.7095987474090948 -0.79917517656258252 138.47092814270962  1.0367296232096115 2.7057313981519799 -0.78836936260867629 138.46399747054696  1.0367296232096248 2.7015114249137189 -0.77768442038592012 138.45734047320428  1.0367296232095584 2.6969775081407303 -0.76710654469206074 138.45093162781347  1.0367296232097243 2.692167280656053 -0.75662310964020285 138.44474507106864  1.0367296232094487 2.6871174620944833 -0.74622252794672428 138.43875469777925  1.036729623209786 2.6818639933374451 -0.73589411024844065 138.4329342593918  1.0367296232094685 2.676442170948397 -0.72562792437675872 138.42725746255707  1.0367296232097034 2.6708867816074946 -0.71541465468293763 138.42169806764409  1.0367296232095651 2.6652322365469896 -0.70524546131439736 138.41622998730443  1.0367296232096286 2.642485711878662 -0.66494413317506273 138.39474388362629  1.0367296232095535 2.6192501128100671 -0.62507398141090043 138.37389029372491  1.0367296232097263 2.6016690645968858 -0.59544760389046814 138.35857932439396  1.0367296232093051 2.5839762702457851 -0.56602042908307615 138.34351864291904  1.0367296232101297 2.5662417544801777 -0.53677603311021194 138.32866382138704  1.0367296232089869 2.5485330514919817 -0.50770021475145943 138.3139725405976  1.0367296232101411 2.5309188992225842 -0.4787802745249059 138.29940235300052  1.0367296232093066 2.5134729336487642 -0.45000429375246698 138.28490844563311  1.0367296232097156 2.4962773830632483 -0.42136041363919058 138.2704414030579  1.0367296232096044 2.4564546245757772 -0.35394946766170871 138.23618225315411  1.0367296232096004 2.419175463470538 -0.28712874936076033 138.20139407285919  1.0367296232096419 2.3984264553319585 -0.24881718393286273 138.18125299189231  1.0367296232094563 2.3783692964598306 -0.21077083796111395 138.16111948516991  1.0367296232099417 2.3589641085675965 -0.17301410334507422 138.1410547240778  1.0367296232091843 2.3401926089451788 -0.13556650029813655 138.12110279346604  1.0367296232099672 2.3220556023327505 -0.09844403048906214 138.10129319556214  1.0367296232094332 2.3045704727990128 -0.061660530105654608 138.08164335389486  1.0367296232096388 2.2877686756145934 -0.025229022994139871 138.06216111720641  1.0367296232096432 2.2487517482177748 0.06230711634863588 138.01528420878532  1.0367296232095149 2.2143204218107919 0.14759873507874555 137.96937690230644  1.0367296232097709 2.1956141011925885 0.19690963604168443 137.94283533665791  1.0367296232090464 2.1784292679198165 0.24532054104650389 137.91683733934715  1.0367296232106691 2.1627720978031775 0.29277319388792855 137.89145413600306  1.0367296232082956 2.1486668072276718 0.33921065870198203 137.86673897720331  1.0367296232107606 2.1361501228293314 0.3845764386932623 137.84273013139301  1.0367296232089191 2.1252657511735067 0.42881359491275955 137.81945387780578  1.0367296232098597 2.1160588484309355 0.47186386498874783 137.79692749938084  1.0367296232096004 2.091995276674226 0.60619604304035124 137.72698573164047  1.0367296232095469 2.086002912197455 0.72699134268435373 137.66498930556767  1.0367296232097709 2.0897357628100872 0.80315203273628621 137.62669492361536  1.0367296232090795 2.1005258085543712 0.87230051574410072 137.59293256779512  1.0367296232106025 2.1173091038626648 0.93426730832837224 137.56381712324313  1.0367296232083252 2.1387552246511072 0.99068156198623269 137.53839079438745  1.0367296232108709 2.1648612543698058 1.045095659586152 137.51482855020882  1.03672962320866 2.1983117432194224 1.1011246659084584 137.49168193899399  1.036729623210157 2.2434417190979845 1.1606640206222671 137.46868121003865  1.036729623209389 2.3032499077268955 1.2239735813504919 137.44619571637941  1.036729623209665 2.3804586006195878 1.2906925860153817 137.42486075654082  1.0367296232096115 

0 6
6.2831853071795862 6

0 12
0.9898525487191101 9
1.9797050974382202 9
2.0892582415776189 11
2.3886438005771895 9
2.6880293595767597 9
3.0663424152895202 9
3.0967303255581156 11
3.3974419917030465 9
4.3872945404221566 9
5.2151368258999469 9
5.6454896103545886 9
5.9090756430282356 9
6.2212302855517123 11
6.3592277726166602 9
6.7700451245101876 9
7.3301047791596927 9
8.1293732715494755 9
9.898525487191101 12

9 0 0 0 0 1 1 2 2 2 2 3.3037457894930982 -5.530315701967158 136.61637019741397  3.4780943124702932 -5.8129180436872678 137.77916351759313  
2.5495444788823169 -6.3549299522079119 136.61637019741397  2.7238930018595124 -6.6375322939280199 137.77916351759313  

-0.44625372594262525 2
0.89474736325271031 2

-0.80819984455048743 2
0.67486857681836299 2

9 0 1 0 0 2 1 7 2 4 2 8.8851839773085217 -7.8114237540094003 137.25  1 8.5016092238680798 -8.5978685445211713 137.25  1 
8.6244674400157706 -7.8114237540094003 139.50166604983954  0.50000000000000011 8.2408926865753287 -8.5978685445211713 139.50166604983954  0.50000000000000011 
5.1484145978867382 -6.0524595275182236 138.37583302491976  1 4.7648398444462954 -6.8389043180299982 138.37583302491976  1 
1.672361755757708 -4.293495301027054 137.25  0.50000000000000011 1.2887870023172654 -5.0799400915388251 137.25  0.50000000000000011 
5.4091311351794893 -6.0524595275182236 136.12416697508021  1 5.0255563817390465 -6.8389043180299982 136.12416697508021  1 
9.1459005146012675 -7.8114237540093967 134.99833395016046  0.50000000000000011 8.7623257611608256 -8.5978685445211713 134.99833395016046  0.50000000000000011 
8.8851839773085217 -7.8114237540094003 137.25  1 8.5016092238680798 -8.5978685445211713 137.25  1 

0 3
2.0943951023931953 2
4.1887902047863905 2
6.2831853071795862 3

-1.05 2
0 2

9 0 0 0 0 1 1 2 2 2 2 2.5986827914920601 -3.868065705677854 137.625  4.0015625555426215 -4.0652275987046131 137.625  
2.4346493959280426 -3.868065705677854 139.04166666666666  3.8375291599786041 -4.0652275987046131 139.04166666666666  

-0.84999999999999998 2
0.84999999999999998 2

-0.84999999999999998 2
0.84999999999999998 2

9 0 1 1 0 2 1 6 2 4 2 3.1360892779533249 -3.9666466521912334 139.04166666666666  1 3.4399505483828019 -1.8045613687721389 139.04166666666666  1 
4.3510187920762267 -4.1373938602106373 139.04166666666666  0.5 4.6548800625057041 -1.9753085767915421 139.04166666666666  0.5 
3.8665790816877887 -4.0520202562009349 137.97916666666666  1 4.1704403521172662 -1.8899349727818402 137.97916666666666  1 
3.3821393712993508 -3.9666466521912334 136.91666666666669  0.5 3.6860006417288282 -1.8045613687721389 136.91666666666669  0.5 
2.651649567564887 -3.8812730481815323 137.97916666666666  1 2.9555108379943644 -1.719187764762437 137.97916666666666  1 
1.9211597638304228 -3.7958994441718295 139.04166666666666  0.5 2.2250210342599002 -1.633814160752735 139.04166666666666  0.5 

0 2
2.0943951023931953 2
4.1887902047863905 2
6.2831853071795862 2

0 2
2.6199999999999997 2

9 0 1 0 0 2 1 5 2 3 2 3.4399505483828019 -1.8045613687721389 139.04166666666666  1 3.4781947554100632 -1.6560211584609053 138.89166666666665  1 
4.6378168958794381 -1.9729105051112206 139.04166666666666  0.50531323787427684 4.4223952881427016 -1.7887198894575929 138.89166666666665  0.50531323787427684 
4.1738293200255834 -1.8905344001157562 137.9867337468589  1 4.0566639048226056 -1.7237881361082272 138.06013130634761  1 
3.7098417441717286 -1.8081582951202901 136.93180082705112  0.50531323787427684 3.6909325215025097 -1.6588563827588607 137.22859594602855  0.50531323787427684 
2.9660494726851319 -1.7204252263392403 137.96419418356024  1 3.1046492016248424 -1.5897020814843863 138.04236482704161  1 

0 3
2.0821028183617409 2
4.1642056367234819 3

0 2
0.2545584412271571 2

9 1 1 1 0 6 11 6 171 2 19 3.5093255552817069 -5.6552702075456445 137.47570332377737  1.6690784610682365 3.4305397204109442 -5.6237833106878714 137.55327866985624  1.6690784610683331 3.3593085993537626 -5.5909371780490194 137.61538595247762  1.6690784610678229 3.2979105192051521 -5.5536623703813524 137.66470141596426  1.6690784610692806 3.2476413753979063 -5.5113969776836171 137.70369891838226  1.6690784610664098 3.2089208946626262 -5.4649800371216637 137.7339111826434  1.6690784610705656 3.1813310922418485 -5.4158233465383274 137.75589107595485  1.6690784610660359 3.1636522084897969 -5.3653317624596246 137.76961599410464  1.6690784610697809 3.1539614098600373 -5.3145420718388383 137.7750784270707  1.6690784610674585 3.149859539437641 -5.263950526389956 137.77280578243801  1.6690784610684846 3.1479228646051522 -5.1630477310866176 137.75529930379182  1.6690784610679352 3.1511886068801602 -5.0607170487071267 137.71822695330772  1.6690784610685916 3.1517811019980497 -5.0101899483227701 137.69885587494079  1.6690784610668952 3.1500898810653091 -4.9605999389925923 137.68344880407878  1.6690784610708469 3.1483714425613698 -4.9126560070259986 137.6766444459243  1.6690784610648139 3.1503149443498484 -4.8678887628038279 137.6816901712651  1.669078461071505 3.1594819957754532 -4.8289410112041784 137.69971826347575  1.6690784610659082 3.1780757345265922 -4.7995573656984512 137.7313309481961  1.6690784610694476 3.2043288731851143 -4.7834262404189341 137.7805849147158  1.6690784610678211 3.2316074200649982 -4.7801188598175823 137.86554528749261  1.6690784610683451 3.237719268148354 -4.7780996850757056 137.98901100841411  1.669078461068249 3.2381007514091866 -4.7778865904088006 138.00168388352665  1.6690784610680389 3.2382384080095541 -4.7776362349849881 138.01471266393781  1.6690784610687179 3.2381172219255121 -4.7773227651993686 138.02808205801693  1.669078461067548 3.2377236118383363 -4.7769200561149363 138.04177537746068  1.6690784610689324 3.2370456029439394 -4.776401921728076 138.05577452581588  1.6690784610677099 3.2360729987903243 -4.7757423252227476 138.07005998700438  1.669078461068541 3.2347975530863895 -4.7749155892347144 138.08461081384613  1.6690784610681049 3.2332131415341974 -4.7738966061090196 138.09940461658371  1.6690784610682716 3.2313159336458099 -4.772661048160872 138.11441755140584  1.6690784610682352 3.2306205699636754 -4.7659910080475862 138.14449759551448  1.6690784610682166 3.2296367188912183 -4.7578982408796202 138.17448241023638  1.6690784610683467 3.2286677115218367 -4.7481522386727217 138.20363974374257  1.6690784610679208 3.2284309533131035 -4.7367524473766291 138.23100809036305  1.6690784610688187 3.22950640470598 -4.7236485719648478 138.25564914770794  1.6690784610674847 3.2326964463476351 -4.7089920062655359 138.27656014833238  1.6690784610688987 3.2392937923353586 -4.6932453580989577 138.29246519011599  1.6690784610678648 3.250769396289082 -4.6768899803347832 138.30172629936371  1.6690784610683278 3.2679075764855718 -4.659884358432401 138.30263657039771  1.6690784610682787 3.3119541588395203 -4.6229939317380895 138.28612210009095  1.6690784610681071 3.3668736599639004 -4.578478068279078 138.24095493659794  1.6690784610684484 3.3949632102671354 -4.5539306479054629 138.21325404731633  1.6690784610672886 3.4207237340322769 -4.5265502629849923 138.1835953443628  1.6690784610701928 3.4402258388183133 -4.498433390265796 138.16184676551822  1.6690784610656124 3.4571157235211647 -4.4728961377236223 138.14929699667613  1.6690784610707208 3.4737228109360947 -4.4500172749193538 138.14296435399038  1.6690784610665681 3.4885859866921427 -4.428043085956844 138.14180755816676  1.6690784610689695 3.5033457464842708 -4.4074122471348414 138.14435427088253  1.6690784610680967 3.5360714187620701 -4.3616496500715876 138.1551374795489  1.6690784610683276 3.5683664064221463 -4.3159578402503955 138.17130370827536  1.6690784610681959 3.5864197550555974 -4.2899597432537409 138.18073035550339  1.6690784610682319 3.6043414483803491 -4.2636914531511607 138.19167923228537  1.6690784610683178 3.6227755928921113 -4.234967954908587 138.19708384665654  1.669078461068078 3.6400207053532592 -4.2087660732200192 138.21311711753995  1.6690784610684566 3.6581993546648515 -4.1782912524079689 138.21888180848271  1.6690784610679983 3.6756579324176673 -4.1483151243607157 138.22904649406325  1.6690784610684322 3.6930474979194847 -4.1164621491971101 138.23659216811839  1.669078461068116 3.7114077432532788 -4.0806056744974137 138.24376777624889  1.6690784610683078 3.7291549883031059 -4.0430294582145585 138.24949706954666  1.6690784610682003 3.7304710645020687 -4.0402260560068672 138.2499150801363  1.6690784610686344 3.7317835792261 -4.0374131233201291 138.25032513531295  1.6690784610671856 3.733092444531465 -4.0345906495529054 138.25072725744599  1.6690784610698859 3.7343975714103372 -4.0317586248064199 138.25112147034429  1.669078461066452 3.7356988698099247 -4.0289170398920273 138.25150779921356  1.6690784610696499 3.7369962486457098 -4.0260658863464398 138.25188627060274  1.6690784610674072 3.7382896158199381 -4.0232051564396833 138.25225691236466  1.6690784610685805 3.7395788782366988 -4.0203348431884764 138.25261975360195  1.6690784610681528 3.7408639418184793 -4.0174549403663322 138.25297482462494  1.6690784610682361 3.753269802196074 -3.9902787610017807 138.26213081947498  1.6690784610683385 3.7650786604958482 -3.9624889673336194 138.26996624838984  1.6690784610678198 3.7762721308725462 -3.934182392510079 138.27658738551085  1.6690784610692466 3.7868297175181249 -3.9054489868226105 138.28210543688323  1.6690784610665399 3.7967304487600879 -3.8763716827643444 138.28663603174641  1.6690784610702778 3.8059545111563806 -3.8470262600672851 138.29029871382147  1.6690784610664526 3.8144848835938916 -3.8174812107724874 138.29321643260226  1.6690784610693647 3.8223089713842326 -3.7877976042591497 138.29551503464228  1.6690784610677509 3.829420240360883 -3.7580289523146271 138.29732275484574  1.6690784610683429 3.8568854483283843 -3.6301024859273352 138.30353264244178  1.6690784610679466 3.8714360399084402 -3.5021532823879808 138.30551945974884  1.6690784610687823 3.8753451744238721 -3.4048440266557329 138.30448353529351  1.6690784610668425 3.8726376559773477 -3.3090977555053747 138.30097312990205  1.6690784610705292 3.8640667676102831 -3.2153774064949134 138.29514955982819  1.6690784610655585 3.8503859394295059 -3.1238493949548425 138.28718931120034  1.6690784610705274 3.8322748919683365 -3.0344544549262373 138.27724610388654  1.669078461066825 3.8103050671854151 -2.9470205621304078 138.26543479198631  1.6690784610687985 3.7849387565057668 -2.8613659330719239 138.25183604404714  1.669078461068161 3.7328192966412299 -2.7070668579203536 138.22371211989091  1.6690784610682003 3.6717034001931115 -2.5576126905054539 138.1901510908728  1.6690784610683818 3.6422095514226114 -2.490482780179168 138.17365196788208  1.6690784610674259 3.611240221819549 -2.424226526002756 138.15588220794947  1.6690784610699509 3.578962800853581 -2.358791703141498 138.1368070581068  1.6690784610659555 3.5455309858570061 -2.2941345745760233 138.1164196526062  1.6690784610703571 3.5110848324057704 -2.2302091803143185 138.09476196554434  1.6690784610668354 3.4757479018237332 -2.1669483314925926 138.07196046525397  1.6690784610688567 3.4396215057765231 -2.1042363093595884 138.04827647042666  1.669078461068102 3.3836219824989273 -2.009453920119832 138.01164011725308  1.6690784610682654 3.3260259968296162 -1.9147203166336677 137.97574208385146  1.6690784610682923 3.3061664574122354 -1.8823636164570989 137.96342887788265  1.6690784610677276 3.2861773690715026 -1.8500972404234228 137.95096400168686  1.6690784610694402 3.2660867605935633 -1.8179570055413878 137.93825977009658  1.6690784610665352 3.2459183447752018 -1.7859634262311417 137.92527025860247  1.6690784610698701 3.2256909335891231 -1.7541208512733828 137.91199082602245  1.6690784610671254 3.2054197419568724 -1.7224224953187814 137.89844473427212  1.6690784610687674 3.1851195801272874 -1.6908613649943769 137.88465686524003  1.6690784610680733 3.1523705150399763 -1.640206198225828 137.8620137720601  1.6690784610683711 3.1196777395011215 -1.5900601140553872 137.83844295514965  1.6690784610681315 3.1072575475275572 -1.5710415683811878 137.82946412885818  1.6690784610686618 3.0948259800446882 -1.5520094210899897 137.82055862456428  1.6690784610674128 3.0823769327624486 -1.5329313218313561 137.81179940542708  1.669078461069273 3.0699089865324476 -1.5137910877542482 137.80322156268852  1.6690784610673184 3.0574264768291517 -1.494592305348456 137.79481550244378  1.6690784610687919 3.0449400653981797 -1.475359583402162 137.78652515567506  1.6690784610680534 3.0324668140665203 -1.4561374570801875 137.77825121154936  1.6690784610682172 3.0053010442454924 -1.4143077374723032 137.75992124854017  1.6690784610683571 2.978442002069416 -1.3731617825715925 137.74028453380933  1.6690784610680134 2.963961775051593 -1.3510009009249 137.72938212539199  1.6690784610692178 2.9495189674975704 -1.3288828325642925 137.7184664376208  1.6690784610662048 2.9353247045900623 -1.3072667665193698 137.70653608274833  1.6690784610709903 2.9206395521901447 -1.2842162263583399 137.69782513303224  1.6690784610655651 2.9069022672277893 -1.263687724735699 137.68373509513884  1.6690784610701563 2.8921553484672682 -1.2399238518247335 137.67673370368891  1.6690784610672111 2.8777309111407829 -1.2170111810301587 137.66799280648459  1.6690784610686273 2.8632491283444823 -1.1937852007320648 137.66004433223154  1.6690784610681482 2.848801812598702 -1.1705167900674516 137.65230913961068  1.6690784610682365 2.8428918773510006 -1.161502580487485 137.64608478517187  1.6690784610682525 2.8369594507750797 -1.1524047697325601 137.64006900577883  1.669078461068173 2.8310103830119955 -1.1432314511050556 137.63423993295518  1.6690784610683753 2.8250498878912529 -1.13399097009935 137.62857626874148  1.6690784610680207 2.819082640852721 -1.1246918828843189 137.62305722710008  1.6690784610684919 2.8131128768686513 -1.1153429147780962 137.61766247531912  1.6690784610680023 2.80714448836541 -1.1059529187343617 137.61237207541791  1.6690784610684031 2.8011811231456911 -1.0965308338146855 137.6071664255507  1.6690784610681497 2.7952262823101042 -1.0870856436745784 137.60202620141197  1.6690784610682654 2.7715915619234517 -1.049466053230778 137.5817677891942  1.6690784610681479 2.7482016513809886 -1.0117646881999869 137.56194235823617  1.6690784610684053 2.7308474967117959 -0.98351875484971041 137.54730404330158  1.6690784610677969 2.713663762617458 -0.95526803335352017 137.53283311564599  1.6690784610689744 2.6966655631664374 -0.92703127664187646 137.51849873707113  1.6690784610673361 2.679867597043021 -0.89882717342309426 137.50427195287821  1.6690784610690215 2.6632845903899973 -0.87067518172792391 137.49012371703449  1.6690784610677734 2.6469317396462939 -0.84259636249641656 137.47602291734253  1.6690784610683889 2.6308251543892784 -0.81461421312214899 137.46193440060628  1.6690784610682403 2.5933840316980388 -0.74877623700668683 137.4285710051372  1.669078461068175 2.5575234664052395 -0.68380008800246861 137.39477171638151  1.669078461068358 2.5373766539313807 -0.64658422528217263 137.37520787037872  1.6690784610677032 2.517785383687388 -0.60962199162441832 137.35564069827757  1.6690784610693572 2.4987673108545843 -0.57290804073008317 137.3361193026825  1.6690784610667246 2.4803416026787599 -0.5364436514580162 137.316680403992  1.6690784610696281 2.4625286411843446 -0.50023608019861499 137.29734993363689  1.6690784610673777 2.4453497258850678 -0.46429791328132408 137.2781446273147  1.6690784610685347 2.4288267764974387 -0.4286464193471155 137.25907361822701  1.6690784610682456 2.3903697977910756 -0.34286370336891858 137.21311965821738  1.6690784610680944 2.3560392425959744 -0.25904068690480492 137.16796761811682  1.6690784610685108 2.3373260998303196 -0.21044872395946065 137.14179350074204  1.6690784610671969 2.3201306815294935 -0.16258421071694729 137.1160751513687  1.6690784610702327 2.3044950058961735 -0.11549175588740543 137.09087845063277  1.6690784610656939 2.2904565588620187 -0.069225133411897996 137.06625543095834  1.6690784610705205 2.2780466600328357 -0.023844332876710173 137.04224558019047  1.6690784610668064 2.2672888286525019 0.020587390115622828 137.0188771452228  1.6690784610687868 2.2581971495474509 0.064006463536867564 136.99616843562936  1.6690784610681841 2.2343451777080654 0.20008216480182028 136.9253459067063  1.6690784610681879 2.2276296069336081 0.32449998791660439 136.86146007483006  1.6690784610684153 2.2309314095638482 0.40431196209715692 136.82129078851216  1.6690784610675922 2.2417733075945461 0.47834935134287015 136.78508435697961  1.6690784610694542 2.2594736455664415 0.54652743125145387 136.75295926758139  1.6690784610666625 2.2831436750051877 0.61026895746587084 136.72413606212939  1.6690784610697544 2.3130310407064418 0.67257863091566417 136.69712898422395  1.6690784610671112 2.3516028291362017 0.73645201695345908 136.67079646663564  1.6690784610688729 2.4026403424957636 0.80341605527491555 136.64498873545483  1.6690784610679781 2.4687721091324528 0.87368910475695138 136.62005390449195  1.6690784610682987 2.5523913547283845 0.94699873854810201 136.59654959230178  1.6690784610682365 
3.6645002265192015 -5.1766324142720519 136.71650285166021  1.0367296232096121 3.6461536569547359 -5.0955085431495055 136.83110686403728  1.0367296232096885 3.6242490123356736 -5.0367984258103675 136.92585209813146  1.0367296232092895 3.6007055167345956 -4.9911883507653814 136.99706367687887  1.0367296232104193 3.5772276535842185 -4.9526198222383293 137.04516605983326  1.0367296232082062 3.5541809171696168 -4.9177514732183649 137.07219511776503  1.0367296232114047 3.5303595090858706 -4.8850152946165935 137.08073792116207  1.0367296232079177 3.5033893329026387 -4.8535472646135212 137.0737997137411  1.0367296232107939 3.4705096404691878 -4.8222724625922577 137.05509754199852  1.0367296232090322 3.4294766830758912 -4.7894247517059911 137.02928001191577  1.0367296232097811 3.3291887587094586 -4.716137477192536 136.97386527579482  1.0367296232094265 3.1952807752898154 -4.6218631953453357 136.9283826234722  1.0367296232098147 3.1247363186603665 -4.5690680645219643 136.91557977068985  1.0367296232088807 3.0579925068630915 -4.5111247549429017 136.91823069782274  1.0367296232109997 3.0070105586120204 -4.449951123539658 136.93543644341457  1.0367296232078449 2.9823389654646353 -4.3902844796650324 136.96218937108227  1.0367296232112375 2.9906860907454682 -4.3380709390930896 136.99124993759511  1.0367296232085097 3.0368772051427322 -4.2999277183305598 137.01592440112648  1.0367296232101477 3.1250803834706948 -4.2871569644382781 137.0369080225457  1.0367296232094529 3.2671569398804317 -4.3219861065037151 137.07531693918293  1.0367296232096339 3.4282124048214069 -4.4161990071807713 137.17018737020069  1.0367296232096366 3.4443911706565298 -4.4261583270499765 137.18023209441287  1.036729623209365 3.4606409633340629 -4.4366670033483349 137.19089704199706  1.0367296232101859 3.4769027327424125 -4.4476998097809304 137.20220955322716  1.0367296232088277 3.4931176921727731 -4.4592282583766476 137.21419478793749  1.036729623210354 3.509227684167084 -4.4712206905707195 137.22687531519662  1.0367296232091006 3.525175546388025 -4.483642368293526 137.24027070298288  1.0367296232098746 3.5409054774646118 -4.4964555650485396 137.25439710785929  1.0367296232095136 3.5563634028596556 -4.5096196570036087 137.2692668646479  1.0367296232096361 3.5714973407213764 -4.5230912140700017 137.28488807610532  1.0367296232096113 3.6016420320462723 -4.544888224453226 137.31549792877817  1.0367296232096088 3.6298658104921997 -4.5661412575760716 137.34766528151223  1.0367296232096435 3.6555110906985919 -4.5856939116665476 137.38066646641062  1.0367296232095138 3.6783045674938792 -4.6021360160655682 137.41286938405307  1.0367296232097927 3.6978460680721437 -4.6140740598513323 137.44289036718271  1.0367296232093828 3.7140643285754749 -4.6201217395856169 137.46882025431967  1.0367296232098027 3.7273150894222962 -4.6186955102652041 137.48759531930429  1.0367296232095204 3.7376923640347277 -4.6078422720042909 137.49557429491693  1.0367296232096155 3.7440191960153957 -4.5854685732085603 137.49036832085906  1.0367296232096437 3.7437401642359953 -4.5154973457078338 137.45554415619284  1.0367296232095378 3.7162984067489044 -4.4055581176749596 137.39095635530791  1.0367296232097261 3.6956584266106804 -4.343295756021484 137.35584399036708  1.0367296232091265 3.6682153103708171 -4.2778217629747086 137.32469287714292  1.0367296232105843 3.6430314785195668 -4.2225535850888054 137.30863618532928  1.03672962320835 3.6279848555441925 -4.1801176306968761 137.30097889449985  1.0367296232107608 3.6220918265041364 -4.1466122563056445 137.2961884131681  1.0367296232088736 3.6212999741260505 -4.1200795831851416 137.2968628807231  1.0367296232099261 3.6259939949942561 -4.0986874036698842 137.29926756130158  1.0367296232095498 3.643080530339494 -4.056891866808682 137.30827591103844  1.036729623209665 3.6674416475612821 -4.021993186772999 137.32060350431925  1.0367296232095693 3.6816251639274444 -4.0029083494292443 137.32763058100892  1.0367296232097183 3.6979701779450203 -3.9853845399151351 137.33568420454978  1.0367296232093992 3.7065270439022178 -3.9610898966870787 137.33971830861341  1.0367296232099412 3.7298719891530339 -3.9495052017584351 137.35109832074301  1.0367296232092396 3.7389713714722195 -3.9248722669905489 137.35534513556991  1.0367296232099095 3.7540612237549187 -3.9056007318256003 137.36248886221742  1.0367296232094525 3.7653820122934731 -3.8829864504432288 137.36770785541992  1.0367296232096632 3.775987291446826 -3.8575032882574387 137.37250379915804  1.0367296232096044 3.7841756869433172 -3.8306712546980237 137.37612149990309  1.0367296232096059 3.7847711338889489 -3.828668900258184 137.37638398784864  1.0367296232097281 3.7853531842605621 -3.8266593501901189 137.37663999752112  1.0367296232092691 3.7859218241788404 -3.824642738763929 137.37688954936536  1.0367296232101684 3.7864770422854006 -3.8226192025200998 137.37713266560417  1.0367296232090182 3.7870188297466654 -3.8205888801759147 137.37736937019389  1.0367296232100642 3.787547180237949 -3.8185519125172016 137.37759968878467  1.0367296232093599 3.7880620899495732 -3.8165084423053286 137.37782364867516  1.0367296232097116 3.7885635575731325 -3.8144586141709831 137.37804127877237  1.0367296232095891 3.7890515843022294 -3.8124025745175247 137.37825260954781  1.0367296232096119 3.802466232835477 -3.7972230064953512 137.38455518094088  1.0367296232096783 3.8139488366330099 -3.7807480508521762 137.38996682558079  1.0367296232093388 3.8236381559426778 -3.7632423137865696 137.39450673692761  1.0367296232102698 3.8316841743265684 -3.7449488590732671 137.39822195162571  1.0367296232085159 3.8382481855484647 -3.7260870708571736 137.40118244804415  1.0367296232109224 3.8435028804542259 -3.7068505164539554 137.40347624482084  1.0367296232084693 3.8476324338633345 -3.6874048091424214 137.40520449940107  1.0367296232103371 3.8508325914461734 -3.6678854709650817 137.40647660658271  1.0367296232093 3.8533107566159659 -3.6483957955220476 137.40740529705496  1.0367296232096779 3.861788240581931 -3.565175079844678 137.41039420372817  1.0367296232094434 3.8652583311459816 -3.4843675032387154 137.41103374260234  1.0367296232099219 3.8652660887569024 -3.423078416668158 137.41017239178316  1.0367296232088337 3.8627043305423925 -3.361788602160853 137.40793708147919  1.0367296232108727 3.8575196784903083 -3.2999863913117586 137.40426629865632  1.0367296232081711 3.8495897030064441 -3.237382743547049 137.399077837334  1.0367296232108094 3.8387847179321088 -3.1738876444022188 137.39228967089232  1.0367296232088992 3.8250174747337251 -3.1095469036823231 137.38383923937329  1.0367296232098826 3.8082754449466689 -3.0444672375612343 137.37369742715626  1.0367296232095864 3.7722006446787613 -2.9238025824353007 137.35198481981428  1.0367296232095691 3.7268003678744828 -2.8013381644517663 137.32473432738897  1.0367296232097212 3.7040447246719017 -2.7453710208062709 137.31109236851805  1.0367296232090262 3.6791526232005873 -2.6893920770921884 137.29617314085436  1.0367296232108689 3.6521257024676501 -2.6335797055346117 137.2799602245517  1.0367296232078844 3.6230214192910877 -2.5780891878114338 137.26246852935449  1.0367296232112968 3.5919734176297142 -2.5230135673690319 137.24375408443646  1.0367296232084264 3.559235789543151 -2.4683260850084676 137.22393201315603  1.0367296232101879 3.525251227764592 -2.4138041977349922 137.20320269272759  1.0367296232094569 3.4728040468746655 -2.3304115905846299 137.17080469392553  1.0367296232096823 3.421734334677383 -2.2441018741718053 137.13816375899154  1.0367296232096128 3.4042562733706858 -2.2143882953635319 137.12689088365286  1.0367296232094394 3.3866066847056775 -2.184639270177049 137.11543501586331  1.0367296232100698 3.3686688623245509 -2.1549808254183409 137.1037420070206  1.036729623208936 3.3503871993289636 -2.1254879466301513 137.09178531739042  1.0367296232102785 3.3317654855267316 -2.096182458731799 137.07956517159505  1.0367296232091432 3.3128470360816067 -2.0670490806913855 137.06709972793738  1.036729623209852 3.2936766515614484 -2.0380696542287358 137.05440826156683  1.0367296232095304 3.2623423889869114 -1.991639493339795 137.03357184924607  1.0367296232096843 3.2299657895701732 -1.9460850217864567 137.01197797035886  1.0367296232095515 3.2176737467133347 -1.9287679890862501 137.00373712002022  1.0367296232098655 3.2055314515091444 -1.9113067748443124 136.99552048661874  1.0367296232091305 3.1936456452739574 -1.8936041984736072 136.9873737725263  1.0367296232101897 3.1820686780985747 -1.8756135238135405 136.97931896022567  1.0367296232091363 3.1707886097833411 -1.8573485155467404 136.97135045513593  1.0367296232098726 3.1597266958380246 -1.8388865068478131 136.96343395491846  1.0367296232095424 3.148742258546763 -1.8203644782567907 136.95550804527122  1.0367296232095931 3.1245028258836323 -1.7801820921873095 136.9379913142883  1.0367296232096828 3.0986733688080919 -1.7416326029732843 136.91955111729365  1.0367296232094885 3.0843903171863034 -1.7210452756831589 136.90936060983381  1.0367296232101475 3.0701637207061285 -1.700446838329092 136.89915910659576  1.0367296232085015 3.0546007546076961 -1.6812110132103619 136.88822475936203  1.0367296232111289 3.0437024894996458 -1.6575565282181086 136.87942792916019  1.0367296232081185 3.0252056424760903 -1.6412414564678302 136.86708032386213  1.0367296232107124 3.0170134870882555 -1.6152219022072343 136.85924250691266  1.036729623209006 3.0063986124672617 -1.5915782978559705 136.85031460328418  1.0367296232098504 2.9970066722332338 -1.5668570673887028 136.84191783724131  1.0367296232095575 2.9880048777883008 -1.541858403572322 136.83369013651173  1.0367296232096121 2.980052356550015 -1.5346357983662462 136.82817209979686  1.0367296232096297 2.9724074766364668 -1.5271251190794 136.82279753835317  1.0367296232095433 2.9650432578832224 -1.5193563575175482 136.81754823809743  1.0367296232097569 2.9579324951264914 -1.5113588305594061 136.81240746641353  1.0367296232094065 2.9510478196109204 -1.5031612378207013 136.80735975642196  1.036729623209826 2.9443617603998602 -1.4947917193089575 136.80239069124559  1.0367296232094438 2.937846805782423 -1.486277913091103 136.79748668827938  1.0367296232097138 2.9314754646838699 -1.4776470129468338 136.79263478345709  1.0367296232095651 2.9252203280732187 -1.4689258260346809 136.78782241551954  1.0367296232096272 2.9006974119682241 -1.4339879732866516 136.76879169476211  1.0367296232095653 2.8771531899519425 -1.398455394988815 136.74999442274748  1.0367296232097025 2.8600259288265875 -1.3715899058096737 136.73602876220923  1.036729623209375 2.8433512549893587 -1.3445156376226024 136.72214758837282  1.0367296232100085 2.8270893718523742 -1.3172865201754491 136.70833365275547  1.0367296232091396 2.8112021425943916 -1.289954132092773 136.69457136515857  1.0367296232100041 2.7956502815571707 -1.2625700889323586 136.68084508106867  1.0367296232093992 2.7803905456439244 -1.2351884312397363 136.66713738905187  1.0367296232096721 2.765372925715285 -1.2078680126051904 136.65342739815469  1.0367296232096184 2.7303134388203003 -1.1436030063517255 136.62095975712026  1.0367296232095806 2.6958714693399557 -1.0804714266439697 136.58814935990384  1.0367296232096697 2.67632685253069 -1.0443512666324595 136.56916274886512  1.0367296232093637 2.6572014709151852 -1.0084731452856341 136.55016191138512  1.0367296232101266 2.6385705131412491 -0.97280197811801272 136.53118388128735  1.0367296232089311 2.6204905964126284 -0.93732080261501227 136.51225801451778  1.0367296232102159 2.6030016800357254 -0.9020281299101951 136.49340667171185  1.0367296232092702 2.5861289789712054 -0.86693529645605061 136.4746459007344  1.0367296232096981 2.5698848773802547 -0.8320638157003013 136.45598611924765  1.0367296232096486 2.5319878473643969 -0.74803452308625029 136.41095510764939  1.0367296232094774 2.4977580633811272 -0.6656801088885882 136.36655833392732  1.0367296232098437 2.4790380984681306 -0.61780708395995299 136.34075166482586  1.0367296232087653 2.4618320951389632 -0.57048896248158942 136.31531296339082  1.0367296232112315 2.4462179139894893 -0.52375670566117294 136.29030276526174  1.0367296232075491 2.4322463104959775 -0.47766092552731976 136.26577188471418  1.0367296232114676 2.4199431972366363 -0.43226510444557575 136.24176102898733  1.036729623208446 2.4093119061313519 -0.38763881468201794 136.21830041264002  1.0367296232100673 2.4003354506639898 -0.34385093791494387 136.19540937187782  1.0367296232095649 2.3766950787419021 -0.20603171343669402 136.12370608177216  1.0367296232095848 2.3692563016697372 -0.077991366851289573 136.0579308440924  1.0367296232097367 2.3721270563177068 0.0054718914586837641 136.01588665340921  1.0367296232091345 2.3830208066344634 0.084398186940189232 135.97723614616396  1.0367296232105525 2.4016381872706209 0.15878755417675805 135.94210141191948  1.0367296232083394 2.4275321253588835 0.22985635294293871 135.90988132987144  1.0367296232109033 2.4612008270433678 0.30006160224743306 135.879429418239  1.0367296232086052 2.5048939150528184 0.37177936799701683 135.84991099427737  1.0367296232102057 2.5618389658936165 0.44616808992819912 135.82129626087098  1.0367296232093652 2.6342943105379839 0.52340462816324951 135.7939120926045  1.0367296232096723 2.7243241088371755 0.60330489108082141 135.76823842806274  1.0367296232096121 
2.9438434279221717 -5.7314847941185851 136.14377622930991  1.0383466998475064 2.9192431557614968 -5.554869631588776 136.18598109425486  1.0383466998475936 2.8914434289555762 -5.4092465516150865 136.23922184405174  1.0383466998471413 2.8570567943871965 -5.2906304837467371 136.29333488207573  1.0383466998484112 2.814609738849458 -5.1932470886374107 136.34328941482974  1.0383466998459474 2.7630234376890432 -5.1113498234856962 136.38796616977913  1.0383466998494728 2.7012635623793315 -5.039961124376469 136.42903006837312  1.0383466998456672 2.6287221450665905 -4.9749237531254389 136.46988920951159  1.0383466998487743 2.5458944981907465 -4.9126483565253203 136.5147325186326  1.0383466998468915 2.4549141872253673 -4.8499432855723894 136.56763841767767  1.0383466998476845 2.2641039220269601 -4.7186821595040822 136.69585532457427  1.0383466998473074 2.0726431409166297 -4.5731290495804346 136.87459958650177  1.038346699847726 1.9868275571069238 -4.4940405074333905 136.97613428943467  1.0383466998466973 1.921537968544855 -4.4084849788094465 137.08551180629226  1.0383466998490791 1.8849187584360387 -4.3170161487703833 137.19142928386211  1.0383466998454296 1.8803495660052214 -4.2216059426776695 137.28094359375754  1.038346699849513 1.90709889355795 -4.1231639069770818 137.34320847648178  1.0383466998460598 1.9652678696051944 -4.0209451276510313 137.36916697816102  1.0383466998482638 2.0629335798304611 -3.9196858310690259 137.35061871842373  1.0383466998472519 2.2345549557479467 -3.8322612764543558 137.27902217494284  1.0383466998475623 2.4832159424099758 -3.8110410455163333 137.18530056074198  1.038346699847527 2.5087299172148683 -3.8096169501914363 137.17580401978225  1.0383466998472597 2.5349469882699442 -3.8089139516040116 137.16621382436159  1.0383466998481099 2.5618318556403179 -3.8089599210659286 137.15659474716455  1.0383466998466169 2.5893463669519852 -3.8097795963049914 137.14701213743322  1.0383466998484339 2.6174495580912396 -3.8113942234590068 137.13753147695019  1.0383466998467907 2.6460976939059968 -3.8138211990467403 137.12821793602654  1.0383466998479176 2.6752443089056968 -3.8170737119641625 137.11913592948432  1.0383466998473372 2.7048402479620308 -3.8211603854585925 137.11034867264357  1.0383466998475486 2.7348337070092779 -3.8260849191182809 137.10191773730668  1.0383466998475055 2.7941082274207965 -3.8296080005658228 137.0891269630016  1.0383466998475019 2.8524210379557475 -3.835712428093446 137.07816721475592  1.0383466998475455 2.9083009367032933 -3.8435750837862899 137.06981010859479  1.0383466998473831 2.959805988270551 -3.8515771750412182 137.06429232373023  1.0383466998477391 3.0051512957707285 -3.8582282982328717 137.06208363831175  1.0383466998472051 3.0424391882058162 -3.8616029535400327 137.06319458688907  1.0383466998477673 3.0691824921586592 -3.8588659898591815 137.06691574933475  1.0383466998473638 3.0822029338226882 -3.8467184353434765 137.07267312021207  1.0383466998475335 3.0783780944887256 -3.8228501454673456 137.08147644686221  1.0383466998475352 3.0348253449469547 -3.7526312088101288 137.11098328058119  1.0383466998474251 2.936825453723066 -3.6535065320237092 137.16842335061691  1.0383466998476374 2.8786050698253236 -3.6006393832923465 137.20490536708138  1.0383466998469284 2.8177483148989193 -3.5503217873133663 137.24994715587329  1.0383466998486823 2.7732037018428342 -3.5132820134027249 137.29457900348373  1.0383466998459572 2.7459130306184414 -3.4852269738178663 137.32830150261643  1.0383466998489401 2.7295786421150141 -3.4615143063086014 137.35133141275688  1.0383466998465685 2.7227255449955896 -3.4437525483551279 137.3689183951092  1.0383466998479045 2.7221352100531342 -3.4288747870856979 137.38001746681525  1.0383466998474378 2.7290355971995877 -3.4006042180329308 137.39742659524532  1.0383466998475397 2.7434443096020962 -3.3797759202808852 137.40502325971568  1.038346699847509 2.7514470006887288 -3.3695778946753672 137.40797197488612  1.0383466998474022 2.7614516667337288 -3.3616391003963364 137.40815326977156  1.0383466998477646 2.7605584284486868 -3.351219454918831 137.41530865031967  1.0383466998471127 2.7782193553335013 -3.3496422783821651 137.40686425407841  1.0383466998479556 2.7764605801777567 -3.3423714127270165 137.41217591468936  1.0383466998471063 2.7819527307767569 -3.3399562783776378 137.41044946846426  1.0383466998477782 2.7819980534976843 -3.3376498534552153 137.41157868545372  1.0383466998473785 2.7796194912559686 -3.3369049982002008 137.41320208242786  1.0383466998475541 2.7740739469857894 -3.3381365546412822 137.4157911155157  1.0383466998474966 2.773644226348976 -3.3382392166347516 137.41598892050544  1.038346699847627 2.7731972271126395 -3.3383531393567232 137.41619199411255  1.0383466998471542 2.7727330718828207 -3.3384784919597763 137.41640029967709  1.038346699848091 2.7722518884876739 -3.3386154446474734 137.41661379940516  1.0383466998468529 2.771753809938712 -3.3387641685541243 137.41683245442056  1.0383466998480384 2.7712389743864447 -3.3389248355815058 137.41705622482348  1.0383466998471858 2.7707075250819964 -3.3390976182824792 137.41728506974169  1.0383466998476427 2.7701596103336037 -3.3392826897034942 137.41751894738832  1.0383466998474729 2.7695953834666303 -3.3394802232561234 137.41775781511473  1.0383466998475062 2.7745131143916737 -3.3444359191694946 137.41253505122617  1.038346699847577 2.7775376802052367 -3.3491108139430676 137.40871774121598  1.0383466998472162 2.7788801497375433 -3.3535963124950059 137.40609835230242  1.0383466998482003 2.7787690645845888 -3.357974313609434 137.40449035172196  1.0383466998463555 2.7774469465090386 -3.3623150625041416 137.40372371971898  1.0383466998488806 2.7751668048413105 -3.3666750033950055 137.40364046253382  1.0383466998463093 2.7721886438806647 -3.3710946320662845 137.40409012539325  1.0383466998482616 2.7687759702960282 -3.3755963484325098 137.40492530549795  1.0383466998471824 2.7651923005272399 -3.3801823091099878 137.40599716501308  1.0383466998475788 2.7501943874044792 -3.4001385884305964 137.41094883836922  1.0383466998473032 2.7414974265107945 -3.420449204742948 137.41436716680639  1.0383466998478945 2.7385332076127229 -3.4336133957998269 137.4164344196937  1.0383466998464952 2.7384040747069442 -3.4420149835508349 137.41788133040293  1.0383466998492041 2.7398201157214523 -3.4441103607809618 137.41842999125427  1.0383466998454851 2.7414121291072959 -3.4392623084261449 137.41774548508988  1.0383466998492596 2.7419646381345393 -3.4275572873679105 137.41554314309488  1.0383466998464155 2.7405487075381831 -3.4094849423931581 137.41164599025277  1.0383466998479471 2.7365607778356118 -3.3856260218088914 137.40599044225084  1.0383466998474413 2.7239138977148931 -3.3321317309313181 137.3923793437306  1.0383466998474922 2.7008800163453257 -3.2628533278241454 137.37272218512516  1.0383466998475974 2.6878656482115475 -3.2284186692402224 137.36269734895251  1.0383466998469699 2.6721065831806863 -3.1914812109725887 137.35175742915501  1.0383466998486639 2.6534865003092429 -3.1523943199857825 137.34004604863111  1.0383466998459316 2.6319830080694566 -3.1114662999542637 137.32768135850523  1.0383466998490083 2.607690827614781 -3.068939166355928 137.31472117698615  1.0383466998464801 2.5808786790350471 -3.02496459424875 137.30110517198366  1.0383466998479867 2.5520798705993468 -2.9795770387297216 137.28657408747978  1.0383466998473836 2.5066922021570166 -2.9082763577305091 137.26224423635543  1.038346699847557 2.4622391197053846 -2.8327776194176475 137.23221290051936  1.0383466998475159 2.4469227574394918 -2.8065497412672555 137.22146064541127  1.0383466998473099 2.4312796754266293 -2.7800041883336331 137.21041202663812  1.0383466998480044 2.4151498853516946 -2.7532112111412497 137.19920994725356  1.0383466998467856 2.398452758310782 -2.7262163273841944 137.18793708793646  1.0383466998482009 2.3811863631171719 -2.6990397953779786 137.17661599046147  1.0383466998470383 2.3634018758992932 -2.671683913972279 137.1652283705856  1.0383466998477275 2.3451530609908362 -2.6441481489157037 137.15375366035948  1.038346699847438 2.3149475471328889 -2.5994885718114755 137.13516670075273  1.0383466998475657 2.2829849918522411 -2.5545954684574554 137.11687937611694  1.038346699847456 2.2708001901048651 -2.537448418913578 137.10982214749845  1.0383466998477273 2.2587640937255231 -2.5201518921070329 137.10251098146819  1.0383466998470736 2.2470202500157157 -2.5026669807148814 137.09484053619065  1.0383466998480428 2.2356397068420724 -2.4849769265155275 137.08676159161141  1.0383466998470439 2.224607341371954 -2.4670907034207588 137.07829161482832  1.0383466998477795 2.2138177285506595 -2.449043771414777 137.06951740163171  1.0383466998474207 2.2030805493211449 -2.4308960014076284 137.06058979421297  1.0383466998474906 2.179173789895354 -2.3912096611298135 137.0411950441864  1.0383466998475817 2.1528168619728607 -2.3518558141835277 137.02313465126878  1.0383466998473707 2.1380529761816374 -2.3305454244054822 137.01354759270939  1.0383466998480988 2.1233106370968748 -2.30912256456832 137.00384468530441  1.0383466998462738 2.1065463428514613 -2.2881506966577967 136.99540622850941  1.0383466998491984 2.0962615785607266 -2.2652769397708115 136.98221228325369  1.0383466998458333 2.0752830758177394 -2.2452525466707973 136.97666304287785  1.0383466998487387 2.0684009477107486 -2.2212438045379996 136.96057532557089  1.0383466998468309 2.0581455694344535 -2.1980847201634597 136.94695525725484  1.0383466998477686 2.0495343474487955 -2.1743874463492805 136.93209594213982  1.038346699847446 2.0414264925937999 -2.1504734963176775 136.91686096027621  1.0383466998475064 2.0322503287265254 -2.1414834892606813 136.91414036672649  1.0383466998475137 2.0235014033954717 -2.1323492433678211 136.91110579388368  1.0383466998474786 2.0151367896512622 -2.1230873749485024 136.9077847972346  1.0383466998475566 2.0071147019367315 -2.1137131741258628 136.90420537237625  1.0383466998474493 1.9993943510624406 -2.1042407620418246 136.90039583710839  1.0383466998475528 1.9919357991960382 -2.0946832480665876 136.89638471352686  1.0383466998474751 1.984699814832058 -2.0850528870017726 136.89220061011568  1.0383466998475277 1.9776477277840898 -2.0753612362909255 136.88787210384024  1.0383466998474935 1.9707412841562311 -2.0656193132231033 136.88342762224008  1.0383466998475124 1.9437025823557919 -2.0267181275287367 136.86540271652174  1.0383466998474842 1.9177679397803027 -1.9873546359864735 136.84642818802996  1.0383466998475483 1.898896947395684 -1.9576610065077449 136.83176063851386  1.038346699847422 1.8805034544469088 -1.9277661889532669 136.81668999105651  1.0383466998475928 1.8625294777837991 -1.8976934932105425 136.80127261841119  1.0383466998474751 1.8449198454023112 -1.8674636816487276 136.78556264953693  1.0383466998474515 1.8276180111549238 -1.8370958677785976 136.76961435204413  1.0383466998476085 1.8105618694581314 -1.8066084149041348 136.75348451462324  1.0383466998474238 1.7936795700019712 -1.7760198347827265 136.73723482949097  1.038346699847539 1.7539900607881802 -1.7035376432861253 136.69871203183232  1.0383466998474569 1.71421211865875 -1.6307199897749767 136.66034437167789  1.038346699847573 1.6913938059548916 -1.5885645360309395 136.63817368225023  1.0383466998472568 1.6688306202073087 -1.5462302914866322 136.61589937081661  1.0383466998479955 1.646622312553496 -1.5036961277087233 136.59347691337052  1.0383466998468862 1.6248440724181994 -1.4609470772901334 136.57088022332698  1.038346699848034 1.6035493693072671 -1.4179727288059594 136.5480989299499  1.0383466998472153 1.5827727945703651 -1.3747656217631796 136.52513565675426  1.0383466998475828 1.5625329031948447 -1.3313196415559392 136.50200329993331  1.0383466998475317 1.5147239984049681 -1.2252760900603981 136.4454976955036  1.0383466998474016 1.4700787976497829 -1.1177392898557024 136.38826539492592  1.0383466998476889 1.4451318420450729 -1.053942629000415 136.35429930998524  1.0383466998468507 1.4216654713780756 -0.98953444671846602 136.31998203140452  1.0383466998487256 1.3998291753681973 -0.92447314225250143 136.2852991802593  1.0383466998460082 1.3797514093125895 -0.85871944077435969 136.25025570061422  1.0383466998487967 1.3615457729794109 -0.79223512299366827 136.21487255294224  1.0383466998467357 1.345317189505693 -0.72498175475358273 136.17918340753909  1.038346699847785 1.3311680842928173 -0.6569194166378497 136.14323133794167  1.0383466998474895 1.292723739488719 -0.43546679731179505 136.02701375757246  1.0383466998474502 1.2780460257778825 -0.20473753978507814 135.90912543812092  1.0383466998476549 1.2816673229936837 -0.040956935942046968 135.82711100319639  1.0383466998469961 1.3015613439551796 0.12742101684220963 135.74481949124751  1.0383466998484796 1.3405412990905561 0.30035433081994745 135.66279385154269  1.0383466998462216 1.4017067006453787 0.47587834816727792 135.58272378434449  1.0383466998487756 1.4867401243726346 0.64996988458202054 135.50722786051821  1.0383466998465436 1.5944484123176814 0.81853326038686558 135.43852464603691  1.0383466998480622 1.7218679592387229 0.97930857115955661 135.37757306858461  1.0383466998472781 1.8674606953445438 1.1317898270351077 135.32464551700397  1.0383466998475612 2.0299837261750904 1.2761370712800399 135.27972890261927  1.0383466998475064 
2.1536218573874368 -6.79316596097296 136.6295151734758  0.85353433019614966 2.0475887249790952 -6.6004329230192695 136.56527552170658  0.85353433019621494 1.9526763596908514 -6.4157655604615398 136.54309445290292  0.8535343301958741 1.8615736105915446 -6.2474541328571851 136.5554717160592  0.85353433019683989 1.7696701462508611 -6.0968954087064056 136.59546344364796  0.8535343301949464 1.6747643254556952 -5.9616347889007919 136.65871305872784  0.85353433019768532 1.5769574737985914 -5.8376430883311716 136.74355772224365  0.85353433019469516 1.4785550898122179 -5.7209102043002593 136.84991663336797  0.85353433019716762 1.3837955043577954 -5.6084379004757254 136.97766749557098  0.85353433019564551 1.298226516951138 -5.498713935042808 137.12521746128414  0.85353433019630087 1.1568745484876108 -5.2847855884900277 137.4527322744388  0.85353433019597713 1.0910592808103741 -5.0867710185599373 137.82703030049035  0.85353433019634362 1.0824236873487025 -4.9888582342144288 138.0145802032574  0.85353433019542491 1.1004304580181288 -4.8910703884003786 138.18919528689707  0.85353433019756741 1.1378284513021257 -4.7913104070522285 138.33798026599075  0.85353433019426783 1.1834279775294836 -4.6852224754614138 138.45186479609981  0.85353433019797986 1.2263899928210387 -4.5653932262075534 138.52759315539026  0.85353433019481306 1.259610050712983 -4.4213802912295321 138.56336681270545  0.85353433019686953 1.2868988675882365 -4.2428958010096016 138.54789051242514  0.85353433019589031 1.3380124051793396 -4.0065091219639672 138.44431101640205  0.85353433019622227 1.4633892781270235 -3.7686352038875754 138.23112826239023  0.85353433019615421 1.4766665233818121 -3.7449845179584837 138.20883105018422  0.85353433019604752 1.4907708409342157 -3.7214562623248137 138.18551781324607  0.8535343301964019 1.5057420911332675 -3.6981213109455342 138.16123039626882  0.85353433019579072 1.5216161901699488 -3.6750512836956672 138.13601448356371  0.85353433019650904 1.538424637719723 -3.6523179683388469 138.10991963060852  0.85353433019587976 1.5561940445793863 -3.6299927424961527 138.08299929559803  0.85353433019630454 1.5749456603102929 -3.6081459956192727 138.05531087099178  0.85353433019608471 1.5946949008758058 -3.5868465509597054 138.02691571506438  0.85353433019616609 1.615450876283002 -3.5661610875408032 137.99787918345393  0.85353433019614899 1.659830943087701 -3.5186863698019999 137.94862342679795  0.853534330196141 1.7061005751684875 -3.4752617405943353 137.89933853858582  0.85353433019619895 1.7533301935109429 -3.4365074568229743 137.85201859556463  0.8535343301960171 1.7994518802598862 -3.4024116051431759 137.80928792009891  0.85353433019636971 1.8427755699810082 -3.3730990159673278 137.77370704601714  0.85353433019590308 1.8809997380861476 -3.348140053468629 137.7480137291287  0.85353433019632474 1.9104748760061494 -3.3262495181630234 137.73569660439318  0.85353433019608815 1.9270614738786549 -3.3060906782403352 137.74123968386985  0.85353433019613223 1.9285076626874063 -3.2877642255294912 137.76931648169335  0.85353433019618674 1.9052025352450894 -3.2590892376196487 137.87498980723581  0.85353433019606983 1.8529476922513237 -3.2514491351929351 138.05758613412604  0.85353433019626967 1.8252284936119467 -3.253927636517806 138.16247175457971  0.85353433019563174 1.8039559908474854 -3.2641853326878429 138.27224004485851  0.85353433019720659 1.7998368568349374 -3.2764453275026191 138.35974392108153  0.85353433019474279 1.8027515781179386 -3.2815778159257198 138.42142166591523  0.85353433019747094 1.8062006127023242 -3.2793528147219959 138.46545130772927  0.85353433019526892 1.8141050484559256 -3.2745780574491921 138.49467647589645  0.85353433019653679 1.8218592845316999 -3.2660341351721818 138.5131258314791  0.85353433019607072 1.8400949747531101 -3.2439123464183584 138.53970371700584  0.8535343301962145 1.8563076662846212 -3.2210681220096138 138.54824275458253  0.85353433019609937 1.8640962424895773 -3.2094752474631449 138.550855960826  0.85353433019626501 1.8708612422351938 -3.1984064581572347 138.54819808031388  0.85353433019594072 1.8746388729067907 -3.1938415047730371 138.55965745119317  0.85353433019643155 1.8799136423118445 -3.1820714032195663 138.54073455393532  0.85353433019587899 1.8806572918185502 -3.181748070357282 138.54884006039561  0.85353433019632197 1.8812227157379984 -3.1797266211075965 138.54361006951879  0.85353433019609315 1.8796270073565979 -3.1825105812347743 138.54430237545324  0.85353433019613933 1.8763263500076026 -3.1890783991616942 138.54631224781139  0.85353433019617819 1.8715165541581122 -3.1998972442441342 138.55071769519128  0.85353433019612501 1.8711507269309078 -3.2007251714124574 138.55105842131204  0.85353433019642311 1.8707768312315136 -3.2015766353083674 138.55141224059324  0.85353433019543645 1.8703950087702503 -3.2024516510220842 138.55177907170255  0.85353433019725422 1.8700054041760077 -3.2033502317216587 138.55215882935016  0.85353433019496894 1.8696081649591894 -3.2042723886105859 138.55255142440782  0.85353433019707148 1.8692034414580381 -3.2052181309104153 138.55295676405078  0.85353433019561864 1.8687913868025008 -3.2061874658173379 138.55337475187494  0.85353433019636471 1.8683721568632039 -3.207180398480578 138.55380528803548  0.8535343301960987 1.8679459102106166 -3.2081969319660284 138.55424826937065  0.85353433019614944 1.8645823776578163 -3.2146201447181983 138.5431205808809  0.8535343301962135 1.861042582852418 -3.2224597799108463 138.53475016737417  0.85353433019588576 1.8573989142202856 -3.2314526569114164 138.52885239133226  0.85353433019678238 1.853729560718852 -3.2413545168589404 138.52512905685498  0.85353433019509484 1.8501140195173531 -3.251940393654182 138.52326980816616  0.85353433019742464 1.8466286036680633 -3.2630049849523552 138.52295352811922  0.85353433019501534 1.8433419497904133 -3.2743630231515186 138.52384973670323  0.85353433019688507 1.8403105257402197 -3.2858496463868034 138.5256199895484  0.85353433019582725 1.8375741382928195 -3.2973207695183899 138.52791927643207  0.85353433019621761 1.8271766478750948 -3.345957254724516 138.53855472390492  0.85353433019597746 1.8224281249281458 -3.3901759027837408 138.54596524441055  0.85353433019646618 1.8219362238943231 -3.4192905728208487 138.55022766395837  0.85353433019534342 1.8236295428922522 -3.4416885158823685 138.55310244900306  0.8535343301974867 1.8262163033880594 -3.4562049541288542 138.55441442443112  0.85353433019456759 1.8284043225660327 -3.4624902840019351 138.55394671136378  0.85353433019752278 1.8291040538225254 -3.4608153261816699 138.55154501804117  0.85353433019528946 1.8275236210397687 -3.4517608871687417 138.54716189923874  0.85353433019650127 1.8231712156600914 -3.4359346026774102 138.54084388981599  0.85353433019609637 1.8095989270911965 -3.3953947600274303 138.52582368935578  0.853534330196139 1.7851793546404313 -3.3359222994492339 138.50446547717351  0.85353433019622305 1.771695809283832 -3.3051598894776433 138.4938182381708  0.85353433019571068 1.7558000577425674 -3.2709575841621548 138.48256301133489  0.85353433019710179 1.737487665520282 -3.2335220687193997 138.47095228450252  0.85353433019484959 1.7167918394138202 -3.1930366943661568 138.45916188028821  0.85353433019739622 1.6937832889917257 -3.1496909235311819 138.44723335485327  0.85353433019528813 1.6685780684645366 -3.1037325792970236 138.43497597983631  0.85353433019655955 1.6413533989410543 -3.0555428990759923 138.42182830746273  0.85353433019604297 1.5973052518562512 -2.9798415022166722 138.3988041358775  0.85353433019619374 1.5500732792531307 -2.9026285213364633 138.36681468223327  0.85353433019615732 1.533534416600707 -2.8759399687057483 138.35517892271332  0.85353433019598768 1.5165938103756524 -2.8488596858955595 138.34319282111647  0.85353433019655223 1.4992384307825639 -2.8212980742213576 138.3311194830971  0.85353433019557834 1.4814671131848887 -2.7932076035963527 138.31910720937569  0.853534330196694 1.4632921658834139 -2.7645851851757031 138.30719080798076  0.85353433019578107 1.4447357858957621 -2.7354583391312888 138.29532837806218  0.8535343301963294 1.4258212827290611 -2.7058551575227758 138.28347356527465  0.85353433019608926 1.394761255387772 -2.6573239444966799 138.26446188264438  0.85353433019620573 1.3627411821538442 -2.6071816755450867 138.2464068546837  0.85353433019609926 1.3504831064001566 -2.5880275021580621 138.2393945321997  0.85353433019636971 1.3381695375265477 -2.5688842766498374 138.23196082466919  0.85353433019572056 1.325831967875579 -2.549842971162378 138.22391021400742  0.85353433019667824 1.3134890097885425 -2.530950111490371 138.21515129645653  0.85353433019569935 1.3011434554740509 -2.5121978752012084 138.20571551295444  0.85353433019640979 1.2887807054834792 -2.4935206471032876 138.19576206995532  0.8535343301960685 1.2763685657947363 -2.4747980320685956 138.18556905072202  0.85353433019613922 1.2490431288075354 -2.4334418757359995 138.16359902541603  0.85353433019620639 1.2209518034415046 -2.3901478412489241 138.14434187499589  0.85353433019604574 1.2055424938666304 -2.3662552382928914 138.13435410928489  0.85353433019660307 1.1901019157149471 -2.3422346164016878 138.12416113118158  0.85353433019521296 1.1740740944953065 -2.3168269948883435 138.11652428709633  0.85353433019741654 1.1595162544328734 -2.2953593575422082 138.09981203166319  0.85353433019492209 1.1424975178289558 -2.2669581721137542 138.09767104284276  0.85353433019703351 1.1284237177735734 -2.2474546150451333 138.07583447474798  0.85353433019567493 1.1136571470646606 -2.2256176018807872 138.05858036437343  0.8535343301963324 1.0992664275911979 -2.2046518948784319 138.03895655803908  0.85353433019610792 1.0850235893222793 -2.1838161992677239 138.01856359732423  0.85353433019614966 1.0774159396589238 -2.1711074384156657 138.01725892502978  0.85353433019616087 1.0699175407337667 -2.1586311190285565 138.0153451264315  0.85353433019610581 1.0625137449946558 -2.1463651893538369 138.0128828953784  0.85353433019624003 1.0551916541846962 -2.1342869043311294 138.00993135730172  0.85353433019602265 1.0479398501421742 -2.1223729397362967 138.00654823030035  0.85353433019627778 1.0407481256037525 -2.1105995063261935 138.00278998622665  0.85353433019605707 1.0336072150030817 -2.0989424639824614 137.99871201177194  0.85353433019619818 1.0265085252745754 -2.0873774358563968 137.99436876955215  0.85353433019613123 1.0194438666524583 -2.0758799225128244 137.9898139591937  0.85353433019615566 0.99145108317811093 -2.0303254472838228 137.97106928141343  0.85353433019612623 0.96373959045352331 -1.9850652330676555 137.95065100825784  0.8535343301961964 0.94314404610854274 -1.9512968521281986 137.93455565277725  0.85353433019603497 0.92269045163335561 -1.9175909822599624 137.91775966615515  0.85353433019631986 0.90237512152535659 -1.8839012849827779 137.9003629927887  0.85353433019597402 0.88219551221215875 -1.8501815983933687 137.88246039911999  0.85353433019626213 0.86214900464660815 -1.8163836456015425 137.86414690267176  0.85353433019612224 0.84223168687072658 -1.782454743162095 137.84552320110234  0.85353433019613167 0.82243713661121121 -1.7483355095107731 137.82670110124204  0.85353433019616609 0.77592319099824336 -1.6670907725220383 137.78205362721832  0.85353433019611968 0.72995391719198743 -1.5839562895704111 137.7378544080992  0.85353433019619329 0.70367552001804967 -1.5354402057061594 137.71232905035396  0.8535343301959728 0.67768891579241342 -1.4864128627118627 137.68664009445212  0.85353433019651315 0.65204150678588946 -1.4369021728062159 137.6606909792927  0.8535343301956676 0.62677653842454462 -1.3869178348873246 137.63441918390387  0.85353433019658065 0.60193391656961071 -1.3364531149014334 137.60779184744996  0.85353433019589886 0.57755102479312115 -1.2854866261892206 137.58080138923967  0.85353433019622005 0.55366354166028942 -1.2339841098529023 137.55346112873224  0.85353433019616876 0.49697277158290237 -1.1075706045310956 137.48632663757871  0.85353433019606795 0.44360987559001902 -0.9774102608105073 137.41755458305087  0.85353433019629288 0.41353557622035669 -0.89957265434315115 137.37639497884996  0.85353433019563052 0.38491908188657259 -0.82037922691736265 137.33440182946407  0.85353433019712666 0.35792372780988163 -0.73974575271947107 137.29150571268644  0.85353433019492164 0.33272530896654867 -0.65756280961148128 137.24767527666015  0.85353433019724356 0.3095165722656531 -0.57370388795614147 137.20291365604584  0.85353433019546543 0.28851170874326981 -0.48803349942512009 137.15725488819226  0.85353433019641478 0.26995084573541717 -0.40041528581828967 137.11076032930174  0.85353433019612468 0.21902930614064231 -0.11218310444906843 136.95893938057509  0.85353433019612324 0.19929368977681347 0.19867118046232277 136.80045321140946  0.8535343301962417 0.20407801251990043 0.42408869461206183 136.68783790455248  0.85353433019581804 0.23132991959724256 0.66007554770721255 136.57263621701324  0.85353433019678404 0.28594738625566091 0.906448125858204 136.45573367247832  0.85353433019531566 0.37339771065926342 1.1588785763320408 136.34048435190419  0.85353433019697189 0.49602411299836446 1.4086900937683544 136.23218403261089  0.85353433019552394 0.65006830881669919 1.6472309876488276 136.13518227564975  0.85353433019651392 0.82815908094087753 1.8698869910395519 136.05110208626965  0.85353433019599734 1.0260943223046823 2.0756412787170793 135.98019771816834  0.85353433019618719 1.2403188003817112 2.2648262527884695 135.92214747200268  0.85353433019614966 
2.5889332017360784 -6.8262088629194242 137.88019370730987  1.0383466998475068 2.4260982992111515 -6.7631216983742055 137.8377078670872  1.0383466998475828 2.2854807344819745 -6.6766538438429901 137.81630020521285  1.0383466998471853 2.1645143826362263 -6.5771019158032367 137.82033319371749  1.0383466998483115 2.0607912219123428 -6.471263178795529 137.84946335362176  1.0383466998461099 1.9733564662408984 -6.362952368165578 137.90142062973811  1.0383466998492785 1.9029776476804938 -6.2540072329727545 137.97321738300849  1.0383466998458459 1.8516869581511757 -6.1454598363718862 138.0613365216177  1.0383466998486548 1.8218961598783487 -6.0385506508158757 138.16144829210762  1.0383466998469406 1.8153833739632195 -5.9352624854210969 138.26820525172872  1.0383466998476834 1.8495187389986201 -5.7408400801845092 138.48312463479209  1.0383466998472899 1.9717970341485491 -5.5768606451894396 138.68110465281305  1.0383466998477648 2.0486834650009116 -5.5029594650615881 138.76761673375964  1.0383466998465136 2.1321799479900996 -5.4365093204384811 138.83569261226515  1.0383466998494748 2.2082345605335059 -5.3752990086304928 138.88669499780764  1.0383466998448707 2.2645385073092865 -5.3139662022804606 138.9265613334147  1.0383466998500805 2.2931631420320411 -5.2458652275673181 138.96359311644142  1.0383466998456348 2.2882123398663983 -5.1636810506128503 139.00542048145911  1.0383466998484991 2.2441880280283995 -5.0547360269726642 139.05153119276378  1.0383466998471635 2.1532473040681905 -4.8800869158143998 139.08640555523698  1.0383466998475921 2.0475265242570524 -4.638767957545741 139.05808611477138  1.0383466998475244 2.0369094920694413 -4.6140778619445104 139.05460059109342  1.038346699847269 2.0262754339166915 -4.5887671722208925 139.05041687365383  1.0383466998480984 2.0156897631319239 -4.5628623249223246 139.04550222889679  1.0383466998466244 2.0052177195687197 -4.5363934624322315 139.03982629242711  1.0383466998484385 1.9949239665088869 -4.5093943475379454 139.03336153723208  1.0383466998467799 1.9848721875743689 -4.481902277975661 139.02608374189705  1.0383466998479276 1.9751246836340557 -4.4539580010012356 139.01797245882767  1.0383466998473332 1.965741969715461 -4.4256056279378369 139.00901148246669  1.0383466998475499 1.9567823719127853 -4.3968925487400776 138.99918931751412  1.0383466998475059 1.9455205682525667 -4.3353067612595195 138.98518678309478  1.0383466998474946 1.9370306827284567 -4.2742924732403962 138.96923520819726  1.0383466998475808 1.9320392888356583 -4.2151442395242293 138.95208657597004  1.038346699847293 1.9308703708093711 -4.1594672946326732 138.93551132482378  1.038346699847905 1.9339807591644165 -4.1088433926192822 138.92099785627377  1.0383466998469806 1.9414709528760992 -4.0648640025045788 138.91062977845326  1.0383466998480004 1.952996792833612 -4.0293738642816539 138.90778672152445  1.038346699847188 1.9685292959818879 -4.0046420035761603 138.91647654481014  1.0383466998476245 1.9894318042882084 -3.993051396451107 138.93926873904843  1.0383466998475113 2.0472590906275236 -3.9984937413870303 139.01065288247705  1.0383466998474473 2.1376330666700074 -4.049003157159424 139.11251117331184  1.0383466998476181 2.1908652061312974 -4.0823963383750748 139.16594446463088  1.0383466998469935 2.251694005669052 -4.1192051462619288 139.21439964339405  1.0383466998485618 2.3093535458580696 -4.1442649133506313 139.2460132007302  1.0383466998461104 2.355106967936305 -4.154860009430406 139.26854579068299  1.0383466998488029 2.3902340799228932 -4.1554519375191337 139.2880485218667  1.0383466998466564 2.4191866302839466 -4.1481161893670206 139.30144710095257  1.0383466998478685 2.4416183107880443 -4.134979740617287 139.31287102372849  1.0383466998474462 2.484287999598604 -4.0976358465018379 139.33433954908912  1.0383466998475306 2.5168427904125683 -4.0521218696833063 139.35071580989043  1.0383466998475208 2.5336964301392055 -4.026112071914695 139.35915274111917  1.0383466998473647 2.547307223427389 -3.9981731992801093 139.36595596066948  1.038346699847835 2.5690049604487593 -3.9776240273635652 139.37624592573979  1.0383466998470272 2.5727145574027546 -3.9426149188132218 139.378444304537  1.0383466998480293 2.5917215726717719 -3.9219826902439814 139.38722759972973  1.0383466998470616 2.6026313915375239 -3.8950843754206006 139.39241058795034  1.0383466998477999 2.6165570143591759 -3.8716475245495796 139.39886131018966  1.0383466998473674 2.6319153467999863 -3.8471771820021368 139.40592739456227  1.0383466998475648 2.6482324778620741 -3.8238350094307814 139.41334599026192  1.0383466998474893 2.6494509559246762 -3.8221055422361303 139.41389950134948  1.038346699847698 2.6506746498911111 -3.8203819955776797 139.41445490259039  1.038346699846983 2.6519035129714092 -3.8186642072654293 139.41501216172583  1.0383466998483499 2.6531374953936653 -3.8169520125683762 139.41557124459138  1.0383466998465736 2.6543765444116776 -3.8152452443391049 139.41613211516466  1.0383466998482651 2.6556206043115385 -3.8135437331189879 139.41669473560654  1.0383466998470523 2.6568696164189411 -3.8118473072641654 139.41725906630748  1.0383466998476973 2.6581235191061308 -3.8101557930536045 139.41782506593125  1.0383466998474606 2.6593822477989719 -3.8084690148096807 139.41839269145916  1.0383466998475066 2.6619927127917546 -3.7859864696038747 139.41969618057595  1.0383466998475719 2.6657634767976797 -3.7647824519840385 139.42142246745823  1.0383466998472368 2.6705461894520703 -3.7445646420558139 139.42356318729404  1.0383466998481672 2.6761794777374441 -3.7250647426622252 139.42607857338999  1.0383466998463819 2.682488992116792 -3.7060409114364044 139.42890301710591  1.0383466998488893 2.6892874526618762 -3.6872801928581445 139.43195062778165  1.0383466998462625 2.6963746951882865 -3.6686009503047909 139.43512079267248  1.0383466998483202 2.7035377173831039 -3.6498552981088936 139.43830373687786  1.0383466998471449 2.7105507249391065 -3.6309315336092594 139.4413860832733  1.0383466998475905 2.738980887844376 -3.548638341610185 139.4537046745599  1.0383466998472726 2.7556268717141834 -3.4611282334169302 139.46020445236951  1.038346699847954 2.7615857492760716 -3.3919083196295583 139.46187242637902  1.03834669984634 2.7611232385292355 -3.3215022725824737 139.46040298300463  1.0383466998494728 2.754794395105407 -3.2505955706465692 139.45602786213482  1.0383466998451432 2.7432332539516908 -3.1795926979980313 139.44900381838926  1.0383466998495954 2.7270755857730018 -3.1086504424550085 139.43958537430586  1.0383466998461734 2.7068989897777342 -3.0377602261015531 139.42800133025275  1.0383466998480655 2.6831858983727104 -2.966842950621924 139.41443919653574  1.0383466998474133 2.6338422189541051 -2.836421159117188 139.38616435242747  1.0383466998475097 2.5748641072667326 -2.7054127197934248 139.35207394932635  1.0383466998475919 2.5464383447144994 -2.6454469612177696 139.33551430463197  1.0383466998469735 2.5167796503586009 -2.5850035882820741 139.3180547444552  1.0383466998486546 2.4861508020721015 -2.5239085542043145 139.29979696080514  1.0383466998459707 2.4547495263543699 -2.4620149738696306 139.28080930063686  1.0383466998489372 2.4226852087938191 -2.3992469388219502 139.26111743587003  1.0383466998465563 2.3899280240212843 -2.3356636547670959 139.24068698225003  1.0383466998479378 2.3562304851509399 -2.271543901574788 139.21939806703296  1.0383466998474025 2.3027180201147548 -2.1741928986685544 139.18537439605603  1.0383466998475446 2.2433382671206532 -2.0794273325756119 139.14789353547073  1.0383466998475239 2.2225750691811426 -2.0471541971986049 139.13476187155632  1.0383466998472815 2.2015811631425892 -2.014851045093967 139.12140548310128  1.0383466998480606 2.1805275939837667 -1.9823818020061634 139.10789056946871  1.0383466998467104 2.1595151501083714 -1.949667401135796 139.09425547513965  1.0383466998482846 2.1385762585136243 -1.9166881299639054 139.08051161298741  1.0383466998469681 2.1176978254100689 -1.883465718381047 139.06665237157702  1.0383466998477695 2.0968650222952308 -1.850025168128026 139.05267000650323  1.0383466998474247 2.0634236202873528 -1.7957023013877582 139.0299508679314  1.0383466998475757 2.0307379177423006 -1.7403074179461053 139.00714195794032  1.0383466998474502 2.018260017697147 -1.719268725844602 138.998396855842  1.0383466998477497 2.0055623076081943 -1.6983792144395715 138.98951012775439  1.0383466998470223 1.9925302381475523 -1.6777482539183268 138.98043878178726  1.0383466998481281 1.9791118780071113 -1.6574289665495567 138.97116357979311  1.0383466998469493 1.9653293295235756 -1.6374070470277333 138.9616928417534  1.0383466998478452 1.9512816545401834 -1.6175973659163916 138.95206357944957  1.0383466998474031 1.9371393105141359 -1.5978483562088857 138.94233995941832  1.0383466998474808 1.9065395323481071 -1.5543942907344903 138.92108521278203  1.0383466998476163 1.8778277724287933 -1.5091018958484104 138.90028818522586  1.0383466998473134 1.8626129137837126 -1.4841925261077571 138.88907289102721  1.0383466998483546 1.8473760640889989 -1.4592940179559737 138.87773652507039  1.0383466998457114 1.8337422211959002 -1.4328781440217795 138.86702003350203  1.0383466998500319 1.814796217187421 -1.4113857091907971 138.85402251117503  1.0383466998449378 1.8047036227860567 -1.3817245027091674 138.84448803827212  1.0383466998494577 1.7828296630041216 -1.3628748781761835 138.83031336490026  1.0383466998464044 1.7638611825791426 -1.3413875601549023 138.81712101131069  1.038346699847948 1.7436086459339848 -1.321110171631231 138.80328701391875  1.0383466998474029 1.7230459801155396 -1.3011535977137838 138.78917847983718  1.0383466998475068 1.7185415493999721 -1.2880658941158301 138.78484242043115  1.0383466998475051 1.7137092890538483 -1.2753016151523178 138.78034127572033  1.0383466998475164 1.70858136048528 -1.2628272916209635 138.77569424298875  1.0383466998474731 1.7031901257543802 -1.2506102486089032 138.770918876134  1.0383466998475759 1.6975680860656799 -1.2386185358510764 138.76603132716053  1.0383466998474153 1.6917478202603886 -1.2268208581026501 138.76104658766627  1.0383466998475865 1.6857619233092589 -1.2151865054914273 138.75597873033766  1.0383466998474629 1.6796429448042127 -1.2036852838932071 138.75084115043634  1.0383466998475195 1.6734233274516979 -1.1922874452859888 138.74564680729239  1.0383466998475097 1.6484160766656453 -1.1472526804155641 138.72481396745439  1.0383466998474846 1.6228343700405532 -1.1029288136789859 138.703487868824  1.0383466998475543 1.6034444344656571 -1.0700778792807575 138.6872818470685  1.0383466998474045 1.5838866362239661 -1.0374923177600346 138.67086233475018  1.0383466998476205 1.5642285819508843 -1.0051149837930933 138.65425462268729  1.0383466998474462 1.5445359432099264 -0.97289141503962662 138.63748227300943  1.0383466998474773 1.5248757078090418 -0.94076717542387711 138.62056890182757  1.0383466998475923 1.5053194310792983 -0.9086851984057106 138.60353996191287  1.0383466998474333 1.4859464871906825 -0.87658313026126811 138.58642452536583  1.0383466998475335 1.4408097816502257 -0.80050329563735589 138.54585298865408  1.0383466998474729 1.3977872754651526 -0.72346680601693181 138.50522356943117  1.0383466998475483 1.3735916413345444 -0.67880529833425518 138.48173264784151  1.0383466998473543 1.3499628909747206 -0.63399150901066226 138.45816303513971  1.0383466998478001 1.3268691869337321 -0.58907232579241098 138.4344978106231  1.0383466998471502 1.3043000643718259 -0.54407450230230459 138.41072773143296  1.0383466998477835 1.2822642162969922 -0.49900762899055762 138.386850593834  1.0383466998473847 1.260787278785924 -0.45386710402137709 138.36287059452883  1.0383466998475077 1.2399096162211209 -0.40863710422396488 138.33879769193669  1.0383466998475488 1.1908200158460269 -0.29858318249259774 138.28018115131584  1.0383466998473856 1.1459443346052087 -0.18768744517370911 138.22122143118546  1.0383466998477056 1.121012982383591 -0.12224645375536358 138.18641493106063  1.0383466998468012 1.097570821433391 -0.056588582834586898 138.15145805123572  1.0383466998488278 1.0756853639712436 0.0092965542666053249 138.11634863767387  1.0383466998458633 1.0554547156451748 0.07544100052281677 138.08109442055698  1.0383466998489401 1.0370048429911394 0.14189096382972796 138.04571357139034  1.0383466998466402 1.0204868409076739 0.20869932556785117 138.01023526010255  1.0383466998478266 1.0060742001126475 0.27591814922650171 137.97470021214758  1.0383466998474817 0.96714589118022964 0.49338304160481983 137.86049707877578  1.0383466998474655 0.95412227029674712 0.71582698675447087 137.74693014396615  1.0383466998476321 0.95872944578578911 0.87125649781885084 137.66920392648737  1.0383466998470681 0.9785048719627587 1.0284527106719186 137.59250242131753  1.0383466998483382 1.015387398332495 1.1871797796920003 137.51736033885939  1.0383466998464206 1.0714663517199878 1.3459451086683794 137.44505949219186  1.0383466998485678 1.1478512324982142 1.5019781527379361 137.3774424748066  1.0383466998467112 1.2438462583631176 1.6526001302754549 137.31602595694224  1.0383466998479609 1.3577542866398322 1.7963939574186538 137.26149445943355  1.0383466998473223 1.4888839503694695 1.9329485588430648 137.21416894876316  1.0383466998475508 1.6367449832609335 2.0622219404832722 137.17421400323605  1.0383466998475068 
3.3541508840442065 -6.1339080008192362 138.2349037958945  1.0367296232096115 3.2149257838670104 -6.1520580782262089 138.27545047567517  1.0367296232096834 3.0943681863724142 -6.1450759302877671 138.30491980682376  1.0367296232093068 2.9951155216743612 -6.1161363899971208 138.33233915504965  1.0367296232103798 2.9180550972138404 -6.0701741331291874 138.36223177693145  1.0367296232082637 2.8636608721528494 -6.0122086010247102 138.39562724752153  1.0367296232113408 2.8323026754004372 -5.9466313984601902 138.43104423074783  1.0367296232079657 2.8239150840751841 -5.877116260305713 138.46543227446796  1.0367296232107708 2.8374131792516981 -5.8068116810853923 138.49505931214293  1.0367296232090315 2.8702423957992131 -5.7384763010739546 138.51633155296025  1.036729623209788 2.9666569705009529 -5.6099579849806034 138.53673333178884  1.0367296232094101 3.1070964384704665 -5.4995709020690651 138.50807128314324  1.036729623209838 3.1788258853357183 -5.4513118321229523 138.48213197919168  1.0367296232087708 3.2421872552676536 -5.4100751230436481 138.44866691033491  1.0367296232112386 3.2897323265104497 -5.375360890510275 138.41785244843391  1.0367296232074885 3.3182909232353754 -5.3454930459448944 138.40119097144793  1.0367296232116288 3.3282779008051691 -5.3198110833133976 138.4081865893564  1.0367296232081822 3.3192742639106325 -5.2991870130674581 138.44673749526575  1.0367296232103518 3.2835773628994183 -5.2796955163991468 138.5242618068859  1.036729623209361 3.196057900249615 -5.2382516131315846 138.65577363580232  1.0367296232096708 3.047226131475274 -5.1400003629706346 138.80783464662753  1.0367296232096253 3.0318103321620145 -5.1296148537675732 138.82313567264043  1.0367296232094296 3.0158358526846598 -5.1186054666217675 138.83852828587854  1.0367296232100476 2.9993317111090882 -5.1069457206175777 138.85395456280673  1.0367296232090035 2.9823295315034795 -5.0946118538535003 138.86935596698385  1.0367296232101983 2.9648635217210497 -5.0815831528851705 138.88467373643516  1.0367296232091954 2.9469704511925112 -5.0678422821521627 138.89984927102586  1.0367296232098322 2.9286896287081872 -5.0533756134207612 138.91482451983299  1.0367296232095256 2.9100628802087329 -5.0381735552144704 138.92954236851955  1.036729623209633 2.8911345265702431 -5.0222308822517405 138.94394702670633  1.0367296232096106 2.8595991078810963 -4.9870937916419047 138.97349726225076  1.0367296232096006 2.8294076272902071 -4.9496552241833296 139.00129953896044  1.0367296232096728 2.801824332345149 -4.9106105656784997 139.02661302107467  1.0367296232094438 2.7785573391322629 -4.8713688786883473 139.049146796673  1.0367296232099035 2.7611667413398013 -4.8332230840775772 139.06840792823314  1.036729623209252 2.7513285641198864 -4.7978622729460954 139.08430004234509  1.0367296232099159 2.7512724952483172 -4.7677952059323934 139.09733506092769  1.0367296232094454 2.7638464285434776 -4.7459376886653342 139.10787830381054  1.0367296232096497 2.7917959569557564 -4.7343001436562568 139.11490481993636  1.0367296232096341 2.880168153442983 -4.730490517768323 139.116700043989  1.0367296232095442 3.0174489131790097 -4.751398018883223 139.09095351788801  1.0367296232097203 3.0942679939230491 -4.7645655397893192 139.07066410426552  1.0367296232091425 3.1732321576948679 -4.7752787629955087 139.04249781158271  1.0367296232105376 3.2374201991154465 -4.7743131954424758 139.01505734570696  1.036729623208434 3.2862465914996832 -4.7656746447506828 138.99761509885317  1.0367296232106593 3.325353795366996 -4.7534222935328323 138.98974029481195  1.0367296232089489 3.3558719992587114 -4.7360065887286398 138.98675223561068  1.0367296232098928 3.3806974979741788 -4.716137090599795 138.98944098046351  1.0367296232095513 3.4290623071847355 -4.6664074333344399 139.00199904805928  1.0367296232096714 3.4692911652829426 -4.609922493727888 139.02200391223161  1.0367296232095522 3.4912143461837974 -4.5770111370778004 139.03383012999709  1.0367296232097911 3.5107127188157401 -4.5419983663882251 139.04767426002334  1.0367296232092507 3.5390241418817503 -4.508846013128359 139.05444938469552  1.0367296232101346 3.550169421553798 -4.4680269446837242 139.07513591434144  1.0367296232090601 3.5774273378572614 -4.431710237823502 139.0824184813923  1.0367296232100294 3.5972546410805162 -4.3910295168970261 139.09560412591054  1.0367296232093917 3.6207129835454461 -4.3499378479504616 139.10547648081644  1.0367296232096843 3.6468281950597765 -4.3037080607375975 139.11503175333985  1.0367296232095966 3.6741342896628559 -4.2553876617310351 139.12287263919023  1.0367296232096073 3.676170995115446 -4.2517832117559715 139.12344617242405  1.0367296232097105 3.6782139741910314 -4.2481668964491686 139.12401027310452  1.0367296232093155 3.6802630648850521 -4.2445385603432975 139.12456496552679  1.0367296232100918 3.6823181005341317 -4.2408980470912354 139.12511027508435  1.036729623209099 3.684378909874185 -4.2372451996093599 139.12564622823305  1.0367296232100016 3.6864453170528195 -4.2335798601749088 139.12617285242095  1.0367296232093934 3.6885171416906015 -4.2299018705743849 139.12669017605401  1.0367296232096979 3.6905941989001851 -4.226211072205877 139.1271982284315  1.0367296232095913 3.692676299334726 -4.2225073062151379 139.12769703970204  1.0367296232096113 3.7040733715566563 -4.1833345155081396 139.13970645800902  1.0367296232096845 3.7162084843587335 -4.1442298838153695 139.14996567119883  1.0367296232093122 3.7289061058023494 -4.1051224712328285 139.15866803409418  1.03672962321033 3.7419752607096868 -4.0659491145732742 139.16598892214051  1.0367296232084096 3.7552127119718204 -4.0266562946697952 139.17208961544893  1.036729623211067 3.7684061418583488 -3.9872020036823108 139.17712118282188  1.0367296232083159 3.7813373333245854 -3.9475576124013543 139.18122836580361  1.0367296232104506 3.7937853513222448 -3.9077097375537493 139.18455346270184  1.0367296232092433 3.805529724105797 -3.8676621091071328 139.18724021263654  1.0367296232096896 3.8519826560748882 -3.6950298920100422 139.19667108115542  1.0367296232094163 3.8776137486707336 -3.5199390615372512 139.20000517689539  1.0367296232099663 3.8854242600913214 -3.3866096366431848 139.19879467880367  1.0367296232087275 3.8825709814114084 -3.2564069088501513 139.19400917832522  1.0367296232110323 3.8706138567314152 -3.1307684216777387 139.18603282099954  1.0367296232080034 3.851182175851517 -3.0103160463629273 139.17530078506712  1.0367296232109244 3.8257650660052267 -2.8950212654500791 139.16220253688044  1.0367296232088532 3.7955926596368292 -2.7844942205785648 139.14703034459953  1.0367296232098813 3.7616020680649065 -2.6782646285825935 139.12997466093799  1.0367296232095966 3.6934379486037017 -2.4903311334054297 139.09543941996762  1.03672962320955 3.6166064325116842 -2.3138872165591229 139.05556785435658  1.036729623209746 3.5803743781736408 -2.2355945395521482 139.0362115672464  1.0367296232089034 3.5433278204377703 -2.1590609749131815 139.01559127504405  1.0367296232111298 3.5057998992406456 -2.0840037007485357 138.99365389166272  1.0367296232075187 3.4680405524216402 -2.0101799613405156 138.97037077585705  1.0367296232116556 3.4301962471828507 -1.937404793259637 138.94576984665289  1.0367296232081749 3.3922600141037527 -1.8655705779767184 138.91998891735156  1.0367296232103005 3.35399178378862 -1.7946684209841928 138.89335024812578  1.036729623209437 3.2944399181231123 -1.6884962496550153 138.85247554058054  1.0367296232096732 3.2303176589818641 -1.5853387590955708 138.81332040871141  1.0367296232096421 3.20807664145382 -1.5503389375503729 138.79996687211246  1.0367296232092269 3.1857480534371612 -1.5155552106705148 138.78649298751029  1.0367296232105621 3.163504658862895 -1.4809331856633232 138.77277753317273  1.0367296232082137 3.141449490221019 -1.4464389058333502 138.75875519981429  1.0367296232110226 3.1196163816518725 -1.4120592438140109 138.74441648045007  1.0367296232085932 3.0979924478319281 -1.3777959099466879 138.72978974060678  1.0367296232101244 3.0765625086931796 -1.3436530757598786 138.71490546891329  1.0367296232094576 3.0423986410930084 -1.2887729031119308 138.69045569487409  1.0367296232097216 3.0093896894320697 -1.2340352063243207 138.66490793994038  1.0367296232095444 2.9968413483418481 -1.2133151476759167 138.65519113769633  1.0367296232098151 2.9841205085800397 -1.1927120673362894 138.6455967625094  1.0367296232092935 2.9711082202512533 -1.1722584451880547 138.63622503832855  1.0367296232099112 2.9577492949659447 -1.1519686516961529 138.62712416515066  1.0367296232094432 2.9440643438752403 -1.1318360951492257 138.61828054975217  1.0367296232096415 2.9301534349581866 -1.1118326599570083 138.60961635643142  1.0367296232096519 2.9161913695863069 -1.0919104359034524 138.60099437782759  1.0367296232095682 2.8860992626073316 -1.0484333827574448 138.58185118279198  1.0367296232097016 2.8582106353307459 -1.0046909621697468 138.56101795032509  1.0367296232094736 2.8435332329169065 -0.98095652616715823 138.54940364094918  1.0367296232101895 2.8288742142888941 -0.95731882679841385 138.53777376864844  1.0367296232084053 2.8160486545725498 -0.93332251983000436 138.52484740613073  1.0367296232112839 2.7975766148806649 -0.9108759244967376 138.51622233690787  1.036729623207933 2.7885988919793316 -0.88613399300514561 138.50038986641349  1.036729623210872 2.7672972098464226 -0.86462580144123524 138.49422490046589  1.036729623208904 2.7490632098142394 -0.84244406420478224 138.48567100968489  1.0367296232098926 2.7294915844557401 -0.82071333407532332 138.47817082722179  1.0367296232095466 2.7095987474090948 -0.79917517656258252 138.47092814270962  1.0367296232096115 2.7057313981519799 -0.78836936260867629 138.46399747054696  1.0367296232096248 2.7015114249137189 -0.77768442038592012 138.45734047320428  1.0367296232095584 2.6969775081407303 -0.76710654469206074 138.45093162781347  1.0367296232097243 2.692167280656053 -0.75662310964020285 138.44474507106864  1.0367296232094487 2.6871174620944833 -0.74622252794672428 138.43875469777925  1.036729623209786 2.6818639933374451 -0.73589411024844065 138.4329342593918  1.0367296232094685 2.676442170948397 -0.72562792437675872 138.42725746255707  1.0367296232097034 2.6708867816074946 -0.71541465468293763 138.42169806764409  1.0367296232095651 2.6652322365469896 -0.70524546131439736 138.41622998730443  1.0367296232096286 2.642485711878662 -0.66494413317506273 138.39474388362629  1.0367296232095535 2.6192501128100671 -0.62507398141090043 138.37389029372491  1.0367296232097263 2.6016690645968858 -0.59544760389046814 138.35857932439396  1.0367296232093051 2.5839762702457851 -0.56602042908307615 138.34351864291904  1.0367296232101297 2.5662417544801777 -0.53677603311021194 138.32866382138704  1.0367296232089869 2.5485330514919817 -0.50770021475145943 138.3139725405976  1.0367296232101411 2.5309188992225842 -0.4787802745249059 138.29940235300052  1.0367296232093066 2.5134729336487642 -0.45000429375246698 138.28490844563311  1.0367296232097156 2.4962773830632483 -0.42136041363919058 138.2704414030579  1.0367296232096044 2.4564546245757772 -0.35394946766170871 138.23618225315411  1.0367296232096004 2.419175463470538 -0.28712874936076033 138.20139407285919  1.0367296232096419 2.3984264553319585 -0.24881718393286273 138.18125299189231  1.0367296232094563 2.3783692964598306 -0.21077083796111395 138.16111948516991  1.0367296232099417 2.3589641085675965 -0.17301410334507422 138.1410547240778  1.0367296232091843 2.3401926089451788 -0.13556650029813655 138.12110279346604  1.0367296232099672 2.3220556023327505 -0.09844403048906214 138.10129319556214  1.0367296232094332 2.3045704727990128 -0.061660530105654608 138.08164335389486  1.0367296232096388 2.2877686756145934 -0.025229022994139871 138.06216111720641  1.0367296232096432 2.2487517482177748 0.06230711634863588 138.01528420878532  1.0367296232095149 2.2143204218107919 0.14759873507874555 137.96937690230644  1.0367296232097709 2.1956141011925885 0.19690963604168443 137.94283533665791  1.0367296232090464 2.1784292679198165 0.24532054104650389 137.91683733934715  1.0367296232106691 2.1627720978031775 0.29277319388792855 137.89145413600306  1.0367296232082956 2.1486668072276718 0.33921065870198203 137.86673897720331  1.0367296232107606 2.1361501228293314 0.3845764386932623 137.84273013139301  1.0367296232089191 2.1252657511735067 0.42881359491275955 137.81945387780578  1.0367296232098597 2.1160588484309355 0.47186386498874783 137.79692749938084  1.0367296232096004 2.091995276674226 0.60619604304035124 137.72698573164047  1.0367296232095469 2.086002912197455 0.72699134268435373 137.66498930556767  1.0367296232097709 2.0897357628100872 0.80315203273628621 137.62669492361536  1.0367296232090795 2.1005258085543712 0.87230051574410072 137.59293256779512  1.0367296232106025 2.1173091038626648 0.93426730832837224 137.56381712324313  1.0367296232083252 2.1387552246511072 0.99068156198623269 137.53839079438745  1.0367296232108709 2.1648612543698058 1.045095659586152 137.51482855020882  1.03672962320866 2.1983117432194224 1.1011246659084584 137.49168193899399  1.036729623210157 2.2434417190979845 1.1606640206222671 137.46868121003865  1.036729623209389 2.3032499077268955 1.2239735813504919 137.44619571637941  1.036729623209665 2.3804586006195878 1.2906925860153817 137.42486075654082  1.0367296232096115 

0 6
6.2831853071795862 6

0 12
0.9898525487191101 9
1.9797050974382202 9
2.0892582415776189 11
2.3886438005771895 9
2.6880293595767597 9
3.0663424152895202 9
3.0967303255581156 11
3.3974419917030465 9
4.3872945404221566 9
5.2151368258999469 9
5.6454896103545886 9
5.9090756430282356 9
6.2212302855517123 11
6.3592277726166602 9
6.7700451245101876 9
7.3301047791596927 9
8.1293732715494755 9
9.898525487191101 12

9 0 1 0 0 2 1 3 2 2 2 2.8635480798500805 -1.7091342893583161 138.15559699093086  1 3.0238539860960385 -1.5808021664523642 138.19323527520433  1 
2.5335044152409543 -1.6771686726076283 139.04166666666666  0.61199595784757954 2.7637019210511973 -1.5556057391312332 138.89166666666665  0.61199595784757954 
3.4399505483828019 -1.8045613687721389 139.04166666666666  1 3.4781947554100632 -1.6560211584609053 138.89166666666665  1 

4.4587564788113507 3
6.2831853071795862 3

0 2
0.2545584412271571 2

9 0 0 0 0 1 1 2 2 2 2 3.0545919954935359 -1.5783161770915322 137.77500000000001  4.1603913389216247 -1.7337261398302726 137.77500000000001  
2.9252950836960192 -1.5783161770915322 138.89166666666665  4.031094427124108 -1.7337261398302726 138.89166666666665  

-0.66999999999999993 2
0.66999999999999993 2

-0.66999999999999993 2
0.66999999999999993 2

9 0 0 0 0 1 1 2 2 2 2 1.3011363244344165 2.4782408247644945 137.42486075654082  1.2143189591629082 2.1735902961857811 135.27972890261924  
2.7913706102191242 0.83857754674694773 137.42486075654082  2.7045532449476157 0.53392701816823473 135.27972890261924  

-1.6809455656279795 2
0.97788560693691196 2

-1.2364750963365339 2
1.3944440067853634 2

Triangulations 0

TShapes 203
Ve
1e-07
16.6435247982704 -3.66020271490634 139.041666666667
0 0

0101101
*
Ve
4.1666675e-06
17.4052049552995 -3.75754482251609 138.445275803154
0 0

0101101
*
Ed
 8.33333333333333e-08 1 1 0
1  1 3 0 1.41209455341031
2  1 1 3 0 1.41209455341031
2  2 2 3 0 1.41209455341031
0

0101000
+203 3 -202 3 *
Ve
4.1666675e-06
17.2528904750657 -4.98603322801826 138.346232778921
0 0

0101101
*
Ed
 4.16666666666667e-06 1 1 0
1  2 3 0 0.999999608192282
2  3 1 3 0 0.999999608192282
2  4 3 3 0 0.999999608192282
0

0101000
+200 3 -202 3 *
Ve
4.1666675e-06
17.1993100670761 -3.71739825789844 137.756408478664
0 0

0101101
*
Ed
 4.16666666666667e-06 1 1 0
1  3 3 2.79132864095472e-07 1
2  5 1 3 2.79132864095472e-07 1
2  6 3 3 2.79132864095472e-07 1
0

0101000
+198 3 -200 3 *
Ed
 8.33333333333333e-08 1 1 0
1  4 3 2.52263240331517 6.28318530717959
2  7 1 3 2.52263240331517 6.28318530717959
2  8 4 3 2.52263240331517 6.28318530717959
0

0101000
+198 3 -203 3 *
Ve
1e-07
16.3396635278409 -5.82228799832544 139.041666666667
0 0

0101101
*
Ed
 8.33333333333333e-08 1 1 0
1  5 3 0 2.62
3  9 10CN 1 3 0 2.62
0

0101000
-203 3 +195 3 *
Ve
2.17560101499391e-05
16.947261171273 -5.88751033241507 137.80219214306
0 0

0101101
*
Ed
 8.33333333333333e-08 1 1 0
1  6 3 2.41862619421218 6.28318530717959
2  11 1 3 2.41862619421218 6.28318530717959
2  12 5 3 2.41862619421218 6.28318530717959
0

0101000
+193 3 -195 3 *
Ve
4.1666675e-06
17.1216533516631 -5.91614461245254 138.156794471761
0 0

0101101
*
Ed
 4.16666666666667e-06 1 1 0
1  7 3 4.23369168949593e-06 1
2  13 1 3 4.23369168949593e-06 1
2  14 6 3 4.23369168949593e-06 1
0

0101000
+193 3 -191 3 *
Ve
2.17560101499391e-05
17.1222063827979 -5.91796198426191 138.162587429208
0 0

0101101
*
Ed
 4.16666666666667e-06 1 1 0
1  8 3 0.000302285588015021 1
2  15 1 3 0.000302285588015021 1
2  16 6 3 0.000302285588015021 1
0

0101000
+189 3 -191 3 *
Ed
 8.33333333333333e-08 1 1 0
1  9 3 0 1.81424706862205
2  17 1 3 0 1.81424706862205
2  18 5 3 0 1.81424706862205
0

0101000
+195 3 -189 3 *
Wi

0101100
-201 0 +199 0 +197 0 -196 0 +194 0 +192 0 -190 0 +188 0 +187 0 -194 0 
*
Fa
0  8.33333333333333e-08 1 3

0101000
+186 0 *
Ve
1e-07
16.6817690052977 -3.51166250459511 138.891666666667
0 0

0101101
*
Ed
 8.33333333333333e-08 1 1 0
1  10 3 0 0.254558441227157
2  19 2 3 0 0.254558441227157
2  20 4 3 0 0.254558441227157
4 CN 2 3 4 3
0

0101000
+203 3 -184 3 *
Ve
4.1666675e-06
17.2978501125554 -3.58688149660366 138.193235275205
0 0

0101101
*
Ed
 8.33333333333333e-08 1 1 0
1  11 3 8.51211614063456e-16 1.82442882836767
2  21 2 3 8.51211614063456e-16 1.82442882836767
2  22 7 3 8.51211614063456e-16 1.82442882836767
0

0101000
+184 3 -182 3 *
Ed
 4.16666666666667e-06 1 1 0
1  12 3 0 1
2  23 2 3 0 1
2  24 3 3 0 1
0

0101000
+202 3 -182 3 *
Wi

0101100
-183 0 -181 0 +180 0 +201 0 *
Fa
0  8.33333333333333e-08 2 3

0101000
+179 0 *
Ve
4.1666675e-06
17.2519929561828 -3.57798158157162 138.042364827041
0 0

0101101
*
Ed
 4.16666666666667e-06 1 1 0
1  13 3 0.0643438216645559 0.427962055085777
2  25 3 3 0.0643438216645559 0.427962055085777
2  26 7 3 0.0643438216645559 0.427962055085777
0

0101000
+182 3 -177 3 *
Ed
 4.16666666666667e-06 1 1 0
1  14 3 0 1
2  27 3 3 0 1
2  28 4 3 0 1
0

0101000
+177 3 -198 3 *
Ve
4.15602277097627e-05
19.7586956518422 -0.866552449000587 136.236783741032
0 0

0101101
*
Ed
 8.33333333333333e-08 1 1 0
1  15 3 4.59799105598478 9.8985254871911
3  29 30G1 3 3 4.59799105598478 9.8985254871911
0

0101000
+200 3 -174 3 *
Ed
 8.33333333333333e-08 1 1 0
1  16 3 0 6.28318530717959
2  31 3 3 0 6.28318530717959
2  32 8 3 0 6.28318530717959
0

0101000
+174 3 -174 3 *
Wi

0101100
-199 0 -180 0 -176 0 -175 0 -197 0 -173 0 -172 0 +173 0 *
Fa
0  8.33333333333333e-08 3 3

0101000
+171 0 *
Ed
 8.33333333333333e-08 1 1 0
1  17 3 2.11897967045635 6.28318530717959
2  33 4 3 2.11897967045635 6.28318530717959
2  34 7 3 2.11897967045635 6.28318530717959
0

0101000
+177 3 -184 3 *
Wi

0101100
+196 0 +175 0 -169 0 +183 0 *
Fa
0  8.33333333333333e-08 4 3

0101000
+168 0 *
Ed
 2.17560093166057e-05 1 1 0
1  18 3 0.00221990372714111 0.949160955922144
2  35 5 3 0.00221990372714111 0.949160955922144
2  36 6 3 0.00221990372714111 0.949160955922144
0

0101000
+189 3 -193 3 *
Wi

0101100
+192 0 +166 0 +187 0 *
Fa
0  8.33333333333333e-08 5 3

0101000
+165 0 *
Ve
4.16666681025551e-06
15.9507388142784 -7.84775372972857 137.758946861147
0 0

0101101
*
Ve
4.1666675e-06
16.0746530732625 -7.82493110832234 137.8066136795
0 0

0101101
*
Ed
 4.16666666666667e-06 1 1 0
1  19 3 0 0.495943515755622
2  37 6 3 0 0.495943515755622
2  38 9 3 0 0.495943515755622
0

0101000
+163 3 -162 3 *
Ve
4.1666675e-06
16.1630502369717 -7.19287864627062 137.25
0 0

0101101
*
Ed
 4.16666666666667e-06 1 1 0
1  20 3 5.5034305022035e-07 1
2  39 6 3 5.5034305022035e-07 1
2  40 10 3 5.5034305022035e-07 1
0

0101000
+162 3 -160 3 *
Ve
4.1666675e-06
16.1829427533128 -7.39877940470825 136.879522714193
0 0

0101101
*
Ed
 4.16666666666667e-06 1 1 0
1  21 3 0 1
2  41 6 3 0 1
2  42 10 3 0 1
0

0101000
+160 3 -158 3 *
Ve
4.15602277097627e-05
16.5014435505962 -8.18985485371747 137.024296676223
0 0

0101101
*
Ed
 8.33333333333333e-08 1 1 0
1  22 3 0 1.86920072700067
2  43 6 3 0 1.86920072700067
2  44 11 3 0 1.86920072700067
0

0101000
+156 3 -158 3 *
Ed
 8.33333333333333e-08 1 1 0
1  23 3 0 2.45042007391126
3  45 46G1 6 3 0 2.45042007391126
0

0101000
+156 3 -191 3 *
Ed
 8.33333333333333e-08 1 1 0
1  24 3 4.20168803269776 6.28318530717959
2  47 6 3 4.20168803269776 6.28318530717959
2  48 11 3 4.20168803269776 6.28318530717959
0

0101000
+163 3 -156 3 *
Wi

0101100
-161 0 -159 0 -157 0 +155 0 -154 0 +190 0 +166 0 -188 0 +154 0 +153 0 
*
Fa
0  8.33333333333333e-08 6 3

0101000
+152 0 *
Wi

0101100
+169 0 +176 0 +181 0 *
Fa
0  8.33333333333333e-08 7 3

0101000
+150 0 *
Wi

0101100
+172 0 *
Fa
0  8.33333333333333e-08 8 3

0101000
+148 0 *
Ve
4.16666678747199e-06
9.8797405226286 -8.9277733889746 137.291735783951
0 0

0101101
*
Ve
4.1666675e-06
9.61528173185094 -8.9718067537858 137.418978105594
0 0

0101101
*
Ed
 4.16666666666667e-06 1 1 0
1  25 3 0 0.952159223627629
2  49 9 3 0 0.952159223627629
2  50 12 3 0 0.952159223627629
0

0101000
+146 3 -145 3 *
Ve
4.16666678571792e-06
10.2486227249617 -8.8472783460183 138.048529752592
0 0

0101101
*
Ed
 1.25e-07 1 1 0
1  26 3 -1.28974368048747 -0.224769532999517
2  51 9 3 -1.28974368048747 -0.224769532999517
2  52 13 3 -1.28974368048747 -0.224769532999517
0

0101000
+146 3 -143 3 *
Ve
4.1666675e-06
9.9198297765557 -8.90195423341494 138.210122811645
0 0

0101101
*
Ed
 4.16666666666667e-06 1 1 0
1  27 3 0.5589260821835 1
2  53 9 3 0.5589260821835 1
2  54 12 3 0.5589260821835 1
0

0101000
+141 3 -143 3 *
Ed
 1.5344517151544e-07 1 1 0
1  28 7 0.282030853107245 2.64086794323203
2  55 9 7 0.282030853107245 2.64086794323203
2  56 10 7 0.282030853107245 2.64086794323203
0

0101000
+162 7 -141 7 *
Ve
4.16666669039764e-06
16.2781809449332 -7.80378511362164 137.084580526155
0 0

0101101
*
Ed
 1.25e-07 1 1 0
1  29 3 -0.86243555910742 0.00196668991233794
2  57 9 3 -0.86243555910742 0.00196668991233794
2  58 11 3 -0.86243555910742 0.00196668991233794
0

0101000
+138 3 -163 3 *
Ed
 1.59843962183564e-07 1 1 0
1  30 7 3.05700275707456 6.20038097725652
2  59 9 7 3.05700275707456 6.20038097725652
2  60 10 7 3.05700275707456 6.20038097725652
0

0101000
+145 7 -138 7 *
Wi

0101100
+144 0 -142 0 +140 0 +139 6 +161 0 +137 0 +136 6 *
Ve
1e-07
15.5810500314547 -7.92333079990847 137.25
0 0

0101101
*
Ed
 8.33333333333333e-08 1 1 0
1  31 10 0 6.28318530717959
2  61 9 10 0 6.28318530717959
2  62 14 10 0 6.28318530717959
0

0101000
+134 10 -134 10 *
Wi

0101100
-133 9 *
Fa
0  8.33333333333333e-08 9 3

0101000
+135 0 +132 0 *
Ve
4.1666675e-06
9.58681558955671 -8.77817706476959 137.504235352336
0 0

0101101
*
Ed
 4.16666666666667e-06 1 1 0
1  32 3 0 0.999999485156093
2  63 10 3 0 0.999999485156093
2  64 12 3 0 0.999999485156093
0

0101000
+130 3 -141 3 *
Ed
 4.16666666666667e-06 1 1 0
1  33 3 2.3930159979234e-06 1
2  65 10 3 2.3930159979234e-06 1
2  66 12 3 2.3930159979234e-06 1
0

0101000
+145 3 -130 3 *
Ed
 4.16666666666667e-06 1 1 0
1  34 3 0.51504399986495 0.99999941007949
2  67 10 3 0.51504399986495 0.99999941007949
2  68 11 3 0.51504399986495 0.99999941007949
0

0101000
+158 3 -138 3 *
Ve
1.86374046358826e-07
16.1184733031046 -6.94007029165593 137.25
0 0

0101101
*
Ed
 8.33333333333334e-08 1 1 0
1  35 11 0.741950002820643 1.05
3  69 70CN 10 11 0.741950002820643 1.05
0

0101000
+160 11 -126 11 *
Ve
4.16666668739083e-06
9.52065775188175 -8.1082019517578 137.016916860548
0 0

0101101
*
Ed
 1.86374046358826e-07 1 1 0
1  36 14 3.25839965889797 6.28318530717959
2  71 10 14 3.25839965889797 6.28318530717959
2  72 15 14 3.25839965889797 6.28318530717959
0

0101000
+124 14 -126 14 *
Ve
4.1666675e-06
9.48331181996898 -8.18190036334052 137.25
0 0

0101101
*
Ed
 4.16666666666667e-06 1 1 0
1  37 3 4.25582161279783e-06 1
2  73 10 3 4.25582161279783e-06 1
2  74 16 3 4.25582161279783e-06 1
0

0101000
+124 3 -122 3 *
Ve
4.16666671412861e-06
9.46668116061637 -8.1082019517578 137.483083139452
0 0

0101101
*
Ed
 4.16666666666667e-06 1 1 0
1  38 3 0 0.999995744178977
2  75 10 3 0 0.999995744178977
2  76 16 3 0 0.999995744178977
0

0101000
+122 3 -120 3 *
Ed
 1.20664661189392e-07 1 1 0
1  39 14 0 3.02478564828162
2  77 10 14 0 3.02478564828162
2  78 15 14 0 3.02478564828162
0

0101000
+126 14 -120 14 *
Wi

0101100
+159 0 -139 6 +129 0 +128 0 -136 6 +127 0 +157 0 -125 5 +123 13 -121 0 
-119 0 +118 13 +125 5 *
Fa
0  8.33333333333333e-08 10 3

0101000
+117 0 *
Wi

0101100
+153 0 +137 0 +127 0 +155 0 *
Fa
0  8.33333333333333e-08 11 3

0101000
+115 0 *
Ve
4.1666675e-06
9.16172688745043 -8.71843474375302 137.504235352336
0 0

0101101
*
Ve
4.1666675e-06
9.10035306312833 -8.89943824887134 137.418978105594
0 0

0101101
*
Ed
 4.16666666666667e-06 1 1 0
1  40 3 0 0.999997606983998
2  79 12 3 0 0.999997606983998
2  80 16 3 0 0.999997606983998
0

0101000
+113 3 -112 3 *
Ve
4.16666681097858e-06
8.88717179857965 -8.78827695199725 137.291735783951
0 0

0101101
*
Ed
 4.16666666666667e-06 1 1 0
1  41 3 0.0518684563749617 1
2  81 12 3 0.0518684563749617 1
2  82 17 3 0.0518684563749617 1
0

0101000
+112 3 -110 3 *
Ve
4.16666671422086e-06
8.38290572037659 -8.58506892087546 138.048529752592
0 0

0101101
*
Ed
 8.33333333333333e-08 1 1 0
1  42 3 2.32194557608442 5.79435608665222
2  83 12 3 2.32194557608442 5.79435608665222
2  84 18 3 2.32194557608442 5.79435608665222
0

0101000
+108 3 -110 3 *
Ve
4.1666675e-06
8.64719472228515 -8.72309704061624 138.210122811645
0 0

0101101
*
Ed
 4.16666666666667e-06 1 1 0
1  43 3 0 0.44157035729076
2  85 12 3 0 0.44157035729076
2  86 17 3 0 0.44157035729076
0

0101000
+108 3 -106 3 *
Ed
 4.16666666666667e-06 1 1 0
1  44 3 5.14844037500797e-07 1
2  87 12 3 5.14844037500797e-07 1
2  88 16 3 5.14844037500797e-07 1
0

0101000
+106 3 -113 3 *
Ed
 8.33333333333333e-08 1 1 0
1  45 3 0.470149962533696 1.46892198043285
3  89 90G1 12 3 0.470149962533696 1.46892198043285
0

0101000
+113 3 -130 3 *
Ed
 8.33333333333333e-08 1 1 0
1  46 3 2.32194557608447 5.79435608665215
2  91 12 3 2.32194557608447 5.79435608665215
2  92 13 3 2.32194557608447 5.79435608665215
0

0101000
+143 3 -146 3 *
Wi

0101100
-111 0 -109 0 +107 0 -105 0 -104 0 -103 0 -129 0 -140 0 -102 0 -144 0 
-128 0 +103 0 *
Fa
0  8.33333333333333e-08 12 3

0101000
+101 0 *
Wi

0101100
+142 0 +102 0 *
Fa
0  8.33333333333333e-08 13 3

0101000
+99 0 *
Ve
1e-07
15.4291078759961 -7.06162401602278 137.25
0 0

0101101
*
Ed
 8.33333333333334e-08 1 1 0
1  47 11 5.96642899949961e-15 1.05
3  93 94CN 14 11 5.96642899949961e-15 1.05
0

0101000
+134 11 -97 11 *
Ed
 8.33333333333333e-08 1 1 0
1  48 16 0 6.28318530717959
2  95 14 16 0 6.28318530717959
2  96 15 16 0 6.28318530717959
0

0101000
+97 16 -97 16 *
Wi

0101100
+96 0 -96 0 -133 8 +95 15 *
Fa
0  8.33333333333333e-08 14 11

0101000
+94 0 *
Ed
 1.25e-07 1 1 0
1  49 3 -0.279699767342009 0.279699767341981
2  97 15 3 -0.279699767342009 0.279699767341981
2  98 19 3 -0.279699767342009 0.279699767341981
0

0101000
+124 3 -120 3 *
Wi

0101100
+123 13 -92 0 +118 13 *
Wi

0101100
-95 17 *
Fa
0  8.33333333333333e-08 15 3

0101000
+91 0 +90 0 *
Ve
1.50285998781301e-07
9.1307650562775 -8.90472834727352 137.25
0 0

0101101
*
Ed
 8.33333333333333e-08 1 1 0
1  50 21 0 0.0845898965151693
2  99 16 21 0 0.0845898965151693
2  100 17 21 0 0.0845898965151693
0

0101000
+88 21 -112 21 *
Ve
4.1666675e-06
3.11929998773485 -6.00417497181809 137.8066136795
0 0

0101101
*
Ed
 1.90709835835033e-07 1 1 0
1  51 21 0.500724710357749 2.85956180048253
2  101 16 21 0.500724710357749 2.85956180048253
2  102 17 21 0.500724710357749 2.85956180048253
0

0101000
+106 21 -86 21 *
Ve
4.1666675e-06
3.29623220622143 -5.53806979452442 137.664380118618
0 0

0101101
*
Ed
 4.16666666666667e-06 1 1 0
1  52 3 0 0.999999033011318
2  103 16 3 0 0.999999033011318
2  104 20 3 0 0.999999033011318
0

0101000
+84 3 -86 3 *
Ve
4.1666675e-06
3.34320271775541 -5.59427162274929 136.879522714193
0 0

0101101
*
Ed
 4.16666666666667e-06 1 1 0
1  53 3 0 1
2  105 16 3 0 1
2  106 20 3 0 1
0

0101000
+82 3 -84 3 *
Ve
4.16666673926163e-06
3.0934523819221 -5.9507923560516 137.084580526155
0 0

0101101
*
Ed
 4.16666666666667e-06 1 1 0
1  54 3 0.515043999865048 0.999999410079496
2  107 16 3 0.515043999865048 0.999999410079496
2  108 21 3 0.515043999865048 0.999999410079496
0

0101000
+82 3 -80 3 *
Ed
 1.50285998781301e-07 1 1 0
1  55 21 3.22439698351279 6.28318530717959
2  109 16 21 3.22439698351279 6.28318530717959
2  110 17 21 3.22439698351279 6.28318530717959
0

0101000
+80 21 -88 21 *
Ed
 8.33333333333334e-08 1 1 0
1  56 22 0 0.965063781064348
3  111 112CN 16 22 0 0.965063781064348
0

0101000
+88 22 -122 22 *
Ed
 8.51693907643111e-08 1 1 0
1  57 25 0.116807005308169 6.16637830187139
2  113 16 25 0.116807005308169 6.16637830187139
2  114 19 25 0.116807005308169 6.16637830187139
0

0101000
+120 25 -124 25 *
Wi

0101100
-87 20 +111 0 +104 0 -85 20 +83 0 +81 0 -79 0 -78 20 -77 19 +121 0 
+76 24 +119 0 +77 19 *
Fa
0  8.33333333333333e-08 16 3

0101000
+75 0 *
Ed
 1.25e-07 1 1 0
1  58 3 -1.14888081990714 -0.0839066724192546
2  115 17 3 -1.14888081990714 -0.0839066724192546
2  116 18 3 -1.14888081990714 -0.0839066724192546
0

0101000
+110 3 -108 3 *
Ve
4.16666680924474e-06
3.24294796247734 -6.06179019619304 137.758946861147
0 0

0101101
*
Ed
 1.25e-07 1 1 0
1  59 3 0.0928846036974392 0.957286852717015
2  117 17 3 0.0928846036974392 0.957286852717015
2  118 21 3 0.0928846036974392 0.957286852717015
0

0101000
+72 3 -80 3 *
Ed
 4.16666666666667e-06 1 1 0
1  60 3 0.504068998429402 1
2  119 17 3 0.504068998429402 1
2  120 20 3 0.504068998429402 1
0

0101000
+86 3 -72 3 *
Wi

0101100
+105 0 +73 0 +109 0 +87 20 +78 20 +71 0 +70 0 +85 20 *
Ve
1e-07
8.50160922386808 -8.59786854452117 137.25
0 0

0101101
*
Ed
 8.33333333333333e-08 1 1 0
1  61 28 0 6.28318530717959
2  121 17 28 0 6.28318530717959
2  122 22 28 0 6.28318530717959
0

0101000
+68 28 -68 28 *
Wi

0101100
-67 27 *
Fa
0  8.33333333333333e-08 17 3

0101000
+69 0 +66 0 *
Wi

0101100
+73 0 +107 0 *
Fa
0  8.33333333333333e-08 18 3

0101000
+64 0 *
Wi

0101100
+76 24 +92 0 *
Ve
1e-07
8.88518397730852 -7.8114237540094 137.25
0 0

0101101
*
Ed
 8.33333333333333e-08 1 1 0
1  62 30 0 6.28318530717959
2  123 19 30 0 6.28318530717959
2  124 22 30 0 6.28318530717959
0

0101000
+61 30 -61 30 *
Wi

0101100
-60 29 *
Fa
0  8.33333333333333e-08 19 3

0101000
+62 0 +59 0 *
Ve
2.17336310722683e-05
3.73174116270111 -4.03748222497842 138.250303365596
0 0

0101101
*
Ed
 8.33333333333333e-08 1 1 0
1  63 3 0.293581566062405 3.07731294308767
3  125 126G1 20 3 0.293581566062405 3.07731294308767
0

0101000
+84 3 -57 3 *
Ve
2.17336310722683e-05
2.81552487897628 -3.90142431810161 137.80219214306
0 0

0101101
*
Ed
 2.17336302389349e-05 1 1 0
1  64 3 0.563731873922822 1
2  127 20 3 0.563731873922822 1
2  128 23 3 0.563731873922822 1
0

0101000
+55 3 -57 3 *
Ve
2.17336310722683e-05
2.55712056740605 -3.87097266625477 138.162587429208
0 0

0101101
*
Ed
 4.16666666666667e-06 1 1 0
1  65 3 4.47613630920791e-06 0.99999581732206
2  129 20 3 4.47613630920791e-06 0.99999581732206
2  130 24 3 4.47613630920791e-06 0.99999581732206
0

0101000
+53 3 -55 3 *
Ed
 2.17336302389349e-05 1 1 0
1  66 3 0 0.421937297220618
2  131 20 3 0 0.421937297220618
2  132 23 3 0 0.421937297220618
0

0101000
+57 3 -53 3 *
Ed
 8.33333333333333e-08 1 1 0
1  67 3 1.27409677795323 5.22092669221392
2  133 20 3 1.27409677795323 5.22092669221392
2  134 21 3 1.27409677795323 5.22092669221392
0

0101000
+82 3 -72 3 *
Wi

0101100
-56 0 +54 0 +52 0 +51 0 +56 0 -83 0 -70 0 +50 0 -81 0 *
Fa
0  8.33333333333333e-08 20 3

0101000
+49 0 *
Wi

0101100
-79 0 +71 0 +50 0 *
Fa
0  8.33333333333333e-08 21 3

0101000
+47 0 *
Ed
 8.33333333333334e-08 1 1 0
1  68 22 0 1.05
3  135 136CN 22 22 0 1.05
0

0101000
+68 22 -61 22 *
Wi

0101100
+45 0 -45 0 -67 26 +60 31 *
Fa
0  8.33333333333333e-08 22 22

0101000
+44 0 *
Ve
1e-07
3.13608927795332 -3.96664665219123 139.041666666667
0 0

0101101
*
Ed
 8.33333333333333e-08 1 1 0
1  69 3 4.46893823855743 6.28318530717958
2  137 23 3 4.46893823855743 6.28318530717958
2  138 24 3 4.46893823855743 6.28318530717958
0

0101000
+53 3 -42 3 *
Ed
 8.33333333333333e-08 1 1 0
1  70 3 0 3.86455911296733
2  139 23 3 0 3.86455911296733
2  140 24 3 0 3.86455911296733
0

0101000
+42 3 -55 3 *
Wi

0101100
+41 0 +51 0 +54 0 +40 0 *
Fa
0  8.33333333333333e-08 23 3

0101000
+39 0 *
Ve
1e-07
3.4399505483828 -1.80456136877214 139.041666666667
0 0

0101101
*
Ve
4.1666675e-06
3.18180094746596 -1.74736582578005 137.756408478664
0 0

0101101
*
Ed
 8.33333333333333e-08 1 1 0
1  71 3 0 3.76055290386437
2  141 24 3 0 3.76055290386437
2  142 25 3 0 3.76055290386437
0

0101000
+37 3 -36 3 *
Ve
4.1666675e-06
2.81638053501294 -1.70721926116239 138.445275803154
0 0

0101101
*
Ed
 4.16666666666667e-06 1 1 0
1  72 3 1.64464622189657e-07 0.999999838470512
2  143 24 3 1.64464622189657e-07 0.999999838470512
2  144 26 3 1.64464622189657e-07 0.999999838470512
0

0101000
+34 3 -36 3 *
Ed
 8.33333333333333e-08 1 1 0
1  73 3 4.87109075376914 6.28318530717959
2  145 24 3 4.87109075376914 6.28318530717959
2  146 27 3 4.87109075376914 6.28318530717959
0

0101000
+34 3 -37 3 *
Ed
 8.33333333333333e-08 1 1 0
1  74 3 0 2.62
3  147 148CN 24 3 0 2.62
0

0101000
-37 3 +42 3 *
Wi

0101100
-35 0 +33 0 -32 0 +31 0 +41 0 -52 0 +40 0 -31 0 *
Fa
0  8.33333333333333e-08 24 3

0101000
+30 0 *
Ve
1e-07
3.47819475541006 -1.65602115846091 138.891666666667
0 0

0101101
*
Ed
 8.33333333333333e-08 1 1 0
1  75 3 0 0.254558441227157
2  149 25 3 0 0.254558441227157
2  150 27 3 0 0.254558441227157
4 CN 25 3 27 3
0

0101000
+37 3 -28 3 *
Ve
4.1666675e-06
3.10464920162484 -1.58970208148438 138.042364827042
0 0

0101101
*
Ed
 8.33333333333333e-08 1 1 0
1  76 3 8.90295751607762e-16 4.16420563672348
2  151 25 3 8.90295751607762e-16 4.16420563672348
2  152 28 3 8.90295751607762e-16 4.16420563672348
0

0101000
+28 3 -26 3 *
Ve
4.1666675e-06
3.16764719261735 -1.6639094093531 137.872428000209
0 0

0101101
*
Ed
 4.16666666666667e-06 1 1 0
1  77 3 0 1
2  153 25 3 0 1
2  154 26 3 0 1
0

0101000
+24 3 -26 3 *
Ed
 4.16666666666667e-06 1 1 0
1  78 3 0 1
2  155 25 3 0 1
2  156 26 3 0 1
0

0101000
+36 3 -24 3 *
Wi

0101100
-27 0 -25 0 +23 0 +22 0 +35 0 *
Fa
0  8.33333333333333e-08 25 3

0101000
+21 0 *
Ve
4.1666675e-06
3.02385398609601 -1.58080216645236 138.193235275204
0 0

0101101
*
Ed
 4.16666666666667e-06 1 1 0
1  79 3 0.507038280410737 0.925974690066202
2  157 26 3 0.507038280410737 0.925974690066202
2  158 28 3 0.507038280410737 0.925974690066202
0

0101000
+26 3 -19 3 *
Ed
 4.16666666666667e-06 1 1 0
1  80 3 0 1
2  159 26 3 0 1
2  160 27 3 0 1
0

0101000
+19 3 -34 3 *
Ve
4.15602277146369e-05
2.55239135472838 0.946998738548102 136.596549592302
0 0

0101101
*
Ed
 8.33333333333333e-08 1 1 0
1  81 3 5.60090972554598 9.8985254871911
3  161 162G1 26 3 5.60090972554598 9.8985254871911
0

0101000
+24 3 -16 3 *
Ed
 8.33333333333333e-08 1 1 0
1  82 3 0 6.28318530717959
2  163 26 3 0 6.28318530717959
2  164 29 3 0 6.28318530717959
0

0101000
+16 3 -16 3 *
Wi

0101100
-23 0 -18 0 -17 0 -33 0 -22 0 -15 0 -14 0 +15 0 *
Fa
0  8.33333333333333e-08 26 3

0101000
+13 0 *
Ed
 8.33333333333333e-08 1 1 0
1  83 3 4.45875647881148 6.28318530717959
2  165 27 3 4.45875647881148 6.28318530717959
2  166 28 3 4.45875647881148 6.28318530717959
0

0101000
+19 3 -28 3 *
Wi

0101100
+32 0 +17 0 -11 0 +27 0 *
Fa
0  8.33333333333333e-08 27 3

0101000
+10 0 *
Wi

0101100
+11 0 +18 0 +25 0 *
Fa
0  8.33333333333333e-08 28 3

0101000
+8 0 *
Wi

0101100
+14 0 *
Fa
0  8.33333333333333e-08 29 3

0101000
+6 0 *
Sh

0101100
+185 0 +178 0 +170 0 +167 0 -164 0 +151 0 +149 0 +147 0 +131 0 +116 0 
-114 0 +100 0 +98 0 -93 5 -89 0 +74 0 +65 0 -63 0 -58 0 +48 0 
-46 0 -43 19 -38 0 +29 0 +20 0 +12 0 +9 0 +7 0 +5 0 *
So

0100000
+4 0 *
CS

0101000
+3 0 *
Co

1100000
+2 0 *

+1 1 