DBRep_DrawableShape

CASCADE Topology V1, (c) Matra-Datavision
Locations 15
1
              1               0               0               0 
              0               1               0               0 
              0               0               1               0 
1
              1               0               0            53.2 
              0               1               0            -2.2 
              0               0               1            81.4 
2  2 -1 0
1
              0              -0              -1            51.6 
              0               1               0               0 
              1               0               0             136 
2  4 -1 0
1
              1               0               0            54.8 
              0               1               0            -2.7 
              0               0               1            78.5 
2  6 -1 0
1
              1               0               0            53.6 
              0               1               0            -2.7 
              0               0               1            77.7 
2  8 -1 0
1
              1               0               0            52.2 
              0               1               0            -2.7 
              0               0               1            77.4 
2  10 -1 0
1
              1               0               0            50.8 
              0               1               0            -2.7 
              0               0               1            78.1 
2  12 -1 0
1
              1               0               0            50.4 
              0               1               0            -3.4 
              0               0               1              82 
2  14 -1 0
Curve2ds 103
8 0 1
7 0 0  8 313 40  1.0000000000000007 0.00032864209547444999  0.98874615842266467 0.00034562072625648002  0.97749773581701382 0.00036494951890678998  0.9662551487383364 0.00038660892018190001  0.95501962361024251 0.00041102764588523999  0.94379319672466411 0.0004390826808672  0.9325787142418549 0.00047209927902506002  0.92137983219039044 0.00051185096330306004  0.91020101646716778 0.00056055952569235995  0.89937215205784304 0.00060800324584900996  0.88856186830821571 0.00066368025947249995  0.87778591334915745 0.00073331134053611  0.86703807076946759 0.00081536812415983  0.85635023085330886 0.00092341920482574998  0.84574651430241943 0.0010682690971329199  0.83525404563098227 0.0012633639745359699  0.82513297342103264 0.00161693810151166  0.82268174855580778 0.0017025568240763599  0.82025301998636047 0.00179765842807983  0.81784997286936123 0.00190364223437986  0.81547757421860245 0.0020225036852585302  0.81314257290499603 0.0021568343444221898  0.81085349965657649 0.00230982189700154  0.80862066705849778 0.0024852501495515301  0.80645616955303534 0.0026874990300514399  0.80538248840012594 0.0027877985623181302  0.80432577185059206 0.0028947452217800199  0.80328773313223201 0.0030088377338294602  0.80227008547284406 0.00313057482385877  0.80127454210022597 0.0032604552172602998  0.80030281624217614 0.00339897763942638  0.79935662112649264 0.0035466408157493398  0.79843766998097354 0.00370394347162152  0.79797991223697384 0.00378223810847827  0.79752891505318857 0.0038629124452554198  0.79708481619983762 0.0039459915080108801  0.79664775344714012 0.0040315003228026001  0.7962178645653154 0.0041194639156884802  0.79579528732458316 0.0042099073127264703  0.79538015949516305 0.00430285553997449  0.79497261884727444 0.0043983336234904597  0.7947691788186384 0.0044459873108205102  0.79456803077237348 0.0044941438847356397  0.79436757795384527 0.00454325272296796  0.79417000558808182 0.0045927269485406298  0.79397565860361186 0.0046424590881180899  0.79378171686203969 0.0046931944938865197  0.7935851678933481 0.0047457625289643599  0.79339007713693632 0.00479916551634309  0.79260951219416087 0.0050128198432273499  0.79182959493111682 0.0052455164456176604  0.79105034445387901 0.0054998312710177397  0.79027185838375325 0.0057788371926825403  0.78949431285727478 0.0060861040096182603  0.78871796252620974 0.0064256984465823098  0.78794314055755454 0.0068021841540833704  0.78717025863353574 0.0072206217083813397  0.7867852561642743 0.0074290522448353397  0.78640077974434841 0.0076478187576540799  0.78601679092603871 0.0078775937362484394  0.78563325126162498 0.0081190496700292696  0.78525012230338798 0.0083728590484074793  0.78486736560360815 0.0086396943607939206  0.78448494271456592 0.0089202280965994894  0.78410281518854175 0.0092151327452350603  0.78105505432313294 0.011566977449945171  0.77889632071310189 0.014161244083538801  0.77701325364614604 0.016839388011590021  0.77530665539234178 0.01955672770236561  0.77369153479958186 0.022331135211288711  0.77214077390453895 0.025114844717506909  0.77062614039277832 0.02792332559660338  0.76913514073210021 0.030743763314112792  0.7661998735572495 0.036296798364750332  0.7633528701215937 0.041902285836998843  0.76049288587705632 0.047522258497803449  0.75760748580523796 0.05314628990760184  0.75468664947140951 0.058763590938511363  0.75171810221797841 0.064363810601538063  0.74870425102881488 0.069943764297533295  0.74564060359582585 0.075497312606623235  0.73970515407795578 0.086257162153264122  0.73358358750331831 0.096921660867316461  0.7272712823898928 0.10744646593464324  0.72076159035123055 0.11783789224477914  0.71406034043508271 0.12809009062512189  0.7071749060224306 0.13819868898826115  0.7001053505546434 0.14818164227092293  0.69286516835648826 0.15803803704300742  0.67928977518130951 0.17651937225839934  0.66510987435950752 0.19456139826344535  0.65039290485919965 0.21220921372008505  0.63523875465026391 0.22950633859501782  0.61982112900679143 0.24648454536428335  0.60440073076117873 0.26316167164729798  0.58931025250985336 0.27954741427034524  0.57491118077063774 0.29565710475952084  0.56231155765809759 0.30975302865803134  0.550241524068115 0.32363772683818959  0.53894029855737513 0.3373160780484003  0.52867031367113015 0.350794452089145  0.5196735864019979 0.36408087863512245  0.51213724576665831 0.37718517779519573  0.50616821750045071 0.39011905241014799  0.50177706586986837 0.4028961420882467  0.49793506597676346 0.41407643214362944  0.49530091265907406 0.42513775938500542  0.49388773102467959 0.43608939422904752  0.49365148273679232 0.44694441654609063  0.49450459960776511 0.45771894754901959  0.49632961719289537 0.46843138168215676  0.49899280838423221 0.47910161851014876  0.50235781700438153 0.48975029460685432  0.5053020671898022 0.49906795241507784  0.50878421951402242 0.50836882869123456  0.51271063900060954 0.51766808578829637  0.51698871555901083 0.52698138542942707  0.52152686398455328 0.53632488870798323  0.52623452395844461 0.54571525608751348  0.53102216004777247 0.55516964740175834  0.53580126170550446 0.56470572185465062  0.53998266039170817 0.57304982081262246  0.54415660328491811 0.58145650478033417  0.54826230931183773 0.58993966776034767  0.55223397599411328 0.59850476830933985  0.55600588116840299 0.60717035732409386  0.55950280083158077 0.61595364459458324  0.56262653009232433 0.62485807757487544  0.56524929421033765 0.63390090582258096  0.56639667469800803 0.6378569949156373  0.56744816299690826 0.64183952029305102  0.56839262127984669 0.64584944447006909  0.5692177931213287 0.64988761357582081  0.56990969137490999 0.65395476364029337  0.57045198605055258 0.65805152688130308  0.57082539219198014 0.66217843799146958  0.57100705775403249 0.6663359404251894  0.57117731528541127 0.67023368196858735  0.57117906043597966 0.67415734761860513  0.57099295995527755 0.67810922426710074  0.57059703238889725 0.68208773078608986  0.56996550024470083 0.68609142727723527  0.56906740534859468 0.69012033343076806  0.56786498738985991 0.69417455599384381  0.5663118256560401 0.69825022534833348  0.56558382436419929 0.70016070969953748  0.56477865431039198 0.70207597268769173  0.5638916904429534 0.70399573619693268  0.56291774715651843 0.70591966950630436  0.56185107829202252 0.70784738928975688  0.56068537713670119 0.70977845961614883  0.55941377642408974 0.71171239194924507  0.55802884833402355 0.71364864514771764  0.55735795231634322 0.71458648019293036  0.55666053217171207 0.71552491572749566  0.55593563460272499 0.71646385804279689  0.55518230631197618 0.71740321343021818  0.55439959400205996 0.71834288818114278  0.55358654437557053 0.71928278858695383  0.55274220413510244 0.72022282093903511  0.55186561998324979 0.72116289152877033  0.55143414031083537 0.72162557046342823  0.55099482864920646 0.72208825421939338  0.55054755172170977 0.72255092903210916  0.55009217625169238 0.72301358113701875  0.54962856896250123 0.72347619676956554  0.5491565965774835 0.72393876216519326  0.54867612581998626 0.72440126355934509  0.54818702341335623 0.72486368718746474  0.54770151356206043 0.72532271935847348  0.54720627309689007 0.72578272039208969  0.54673069792261231 0.726216177441529  0.54622942800779128 0.72666677574306959  0.54575250478592352 0.7270868377017905  0.54526030797205749 0.7275145612347842  0.54477452566243301 0.72792947118705342  0.54428724668254025 0.72833945969834946  0.54332062741798848 0.72915270661591647  0.54235417274942621 0.72994070557593227  0.54138817336733103 0.73070586042371855  0.54042277693204144 0.73145033926167513  0.53945798807375589 0.73217607444927868  0.53849366839253376 0.732884762603083  0.5375295364582946 0.73357786459671948  0.53656516781081853 0.734256605560897  0.53609037910655388 0.73459080453835668  0.53561620263826626 0.73492107649326499  0.53514638706838014 0.73524501517385943  0.53464961813006084 0.73558438290638151  0.53417325003829319 0.73590613347187173  0.53367513808916556 0.73623974849215301  0.53317982506655426 0.73656805765995159  0.5326781173061893 0.73689750968263568  0.5247168215230037 0.74212526040496496  0.51560546429149612 0.74731750747427184  0.50540572399421024 0.75246910698576386  0.4941669184276114 0.75758385866394706  0.48194484667707682 0.76266803909020497  0.46882924735147163 0.76772760738201351  0.45497987317731109 0.77276908332379179  0.44067118195250782 0.77780409794938943  0.43441128114486405 0.78000685770110767  0.42806349453570292 0.78220834187215882  0.42165090163084878 0.7844094996221187  0.41520254179944305 0.7866107872824436  0.40875179637871428 0.78881314922797485  0.40233712206791761 0.79101810687713281  0.39600513561144046 0.79322695582080338  0.38981604977107581 0.79543907107991463  0.38401332981179465 0.79751309818618377  0.37833649926222451 0.7995897907803764  0.37282979346003181 0.80167060143193369  0.36754732954794833 0.80375524196137693  0.36255183706867911 0.80584251427280518  0.3579114177120386 0.80793053639493539  0.35369433421431618 0.81001636373068786  0.34996182840986945 0.81209500551531189  0.34646259562102222 0.81404371374640638  0.34339016681133305 0.81598576476047258  0.34079237211384639 0.8179175865493401  0.33871420728200563 0.81983439094607646  0.3371846894514659 0.82173021466854235  0.33621071641216516 0.82359879829103078  0.3357779293906521 0.82543530314399383  0.3358585793426711 0.82723886614185371  0.33593418697367727 0.82892963591998525  0.33646179147112593 0.83059101779376532  0.3374185731343029 0.83222119485142976  0.3387729848636522 0.83381927015113577  0.34048804903769264 0.83538511825609685  0.34252465438993268 0.83691923676971802  0.34484485288578631 0.8384225978707327  0.34741515659948907 0.83989649984833858  0.35223397162519632 0.84265992116434063  0.35793268566067127 0.84532099381067383  0.36429458526072267 0.84789489990362199  0.37114682580067893 0.85039438744570361  0.37832886687829159 0.85282605017710011  0.38577656866982579 0.85520967870979803  0.39338569947267388 0.85754690008889156  0.40110288899169205 0.85984770769867402  0.41460797970194224 0.86387403595717716  0.42843726052084286 0.86778747934128564  0.44226280110342786 0.87162762253317427  0.4558942705072338 0.87542202209060938  0.46921532481425848 0.87919109218347546  0.48214368052935702 0.88295144604771048  0.49461487375507285 0.88671769315665261  0.50658970514290314 0.89050269210979682  0.51557082064612736 0.89334150177714966  0.52427071426365035 0.89619052470114691  0.53267230984857905 0.89905559393370638  0.54076249699572698 0.90194201926393325  0.5485308112925289 0.90485485869319948  0.55596811456995388 0.90779918991022268  0.56306527515341909 0.91078038176614551  0.56981184811370367 0.91380436574961432  0.57234191665095779 0.91493841031075274  0.57482246675986559 0.91607837293865013  0.57725319279011356 0.91722467799108665  0.5796336286488788 0.91837771391318024  0.58196314780083025 0.91953783323738769  0.58424096326812791 0.92070535258350439  0.58646612763042272 0.92188055265866498  0.58863753302485733 0.92306367825734192  0.59243738366988319 0.9251339563135802  0.5960716181640614 0.92722833898551349  0.59953785238781865 0.92934953990121094  0.60283111105615195 0.93150019639473458  0.60594382771862831 0.9336828695061411  0.60886584475938477 0.93590004398148163  0.61158441339712832 0.93815412827280209  0.61408419368513678 0.94044745453814282  0.61595876260710902 0.94216735047361722  0.61771033116353458 0.94391005228984015  0.61933065973661072 0.94567491593488939  0.62081249168128194 0.94746423026629145  0.6221466132499418 0.94928013632463348  0.62332042255672826 0.95112324234082801  0.62431800758141298 0.95299293447702882  0.62512173321288456 0.95488938330119943  0.62572453898332114 0.95631179313422765  0.62621832525598686 0.95774931684433606  0.62659538572465512 0.95920193561368716  0.62684697367278908 0.96066925133642855  0.626963301973541 0.96215048661869151  0.62693354308975291 0.96364448477859088  0.62674582907395626 0.96514970984622606  0.62638725156837138 0.96666424656368  0.62584954658996139 0.96893597976850288  0.62492592103444622 0.97122975907404907  0.62358310974377673 0.97352903246792266  0.62174377193150576 0.97586250790482154  0.61939852339128265 0.97814782759087393  0.61648360390972812 0.98042433490627445  0.61297561327592121 0.98264769887055081  0.60884651185941052 0.9848150047730525  0.60678178565088792 0.98589861669047663  0.60456319392404967 0.98696730607295102  0.60218396243214789 0.98802064761657538  0.59964537996736622 0.98905570129131448  0.59694774337486423 0.99007039719755385  0.59408714097203896 0.99106463719064386  0.59105807437299562 0.9920391132734302  0.58786191871823446 0.99299184275677443  0.58466564129770526 0.99394465424472023  0.58130125555412371 0.99487612668377112  0.57776685846980025 0.99578579419502145  0.57406048898556439 0.99667332301281553  0.57018012800076523 0.99753851148474559  0.56612369837327148 0.99838129007165222  0.56188906491947155 0.99920172134762442  0.55747403441427335 1.0000000000000002 
 0 9 0.03125 8 0.0615234375 8 0.06885528564453125 8 0.0724925696849823 8 0.074304107634816319 8 0.075208107529704193 8 0.078820575859666286 8 0.080619754422440376 8 0.094985070759589757 8 0.12326678729835257 8 0.17806261309220553 8 0.28080478645567986 8 0.37070418814871986 8 0.44936616463012991 8 0.51819539405136372 8 0.57842096979494328 8 0.60476965918275938 8 0.62947155548383693 8 0.64105056937496707 8 0.64665915422848319 8 0.64941962958607313 8 0.65215853872993201 8 0.65759356156227677 8 0.66026861186257146 8 0.70273503537975013 8 0.72131409566851579 8 0.73873196468923352 8 0.75506121689615635 8 0.77036989084014662 8 0.79907365448512824 8 0.84930524086384618 8 0.88697893064788458 8 0.90110656431689895 8 0.92582992323767421 8 0.94437244242825558 8 0.95827933182119174 8 0.97913966591059587 8 0.98956983295529799 8 1 9
8 0 1
7 0 0  8 296 43  75.986255069560286 -57.206499127474096  75.878138746992306 -57.206784615376606  75.770016137261166 -57.205257610714895  75.661924020201695 -57.201924790759392  75.553897689553594 -57.196796545424355  75.445971054995368 -57.189886204175494  75.338176534379386 -57.181211516636886  75.230544736168156 -57.170798386896585  75.012911652264535 -57.146265169349519  74.902902966090323 -57.132055429976631  74.793123751102314 -57.116099890279507  74.683603774901542 -57.098468524894486  74.574363165647213 -57.079230452689998  74.465390831028003 -57.058555957075207  74.35666428148545 -57.036614832229397  74.215881037311675 -57.007379165202316  74.183716920929754 -57.000643936407791  74.151559558692242 -56.993871908542161  74.119404289061094 -56.987084110208116  74.087245500809189 -56.980306541352306  74.055076165875931 -56.973572308893736  74.022887085689206 -56.966925078160145  73.967349605459276 -56.955719350588865  73.944017709230593 -56.951091635344163  73.920664601755618 -56.94656268908539  73.897285021497225 -56.942159291216583  73.873873822149562 -56.937913901282819  73.85042578889437 -56.933865554394387  73.826935454657644 -56.930060756651336  73.773175778871519 -56.922052543095219  73.742869822115608 -56.918041304245975  73.712473302042554 -56.914638691466664  73.681990128965538 -56.911977140228146  73.651433666351124 -56.910215544400771  73.620828417132174 -56.909498367937999  73.590213255467717 -56.909904173420017  73.536031180315092 -56.912601542771306  73.511011235539797 -56.914515012739464  73.484279062711721 -56.917321356208348  73.455430819531102 -56.921218531397749  73.423965621237699 -56.926461116492391  73.389282219500501 -56.93334792005362  73.350672525187036 -56.942183516804313  73.251534617714498 -56.967402526888471  73.19617091149405 -56.983120244773794  73.141029912372346 -56.999644314791922  73.086000285087721 -57.016540249953984  73.031016695542775 -57.033558991069448  72.976032615267286 -57.050545736653604  72.921004461918642 -57.067384982774072  72.770752756412435 -57.112699857539923  72.675410053640235 -57.140727244056635  72.579757334540005 -57.16768708743485  72.483768303567444 -57.193443684603089  72.387438871446875 -57.217920147263023  72.290777247021197 -57.241061556958236  72.193809420832451 -57.262854319047378  71.836156392148155 -57.338007494345469  71.573712215460205 -57.38299518644898  71.309696536918921 -57.418149349346805  71.044597557262307 -57.444110903317494  70.778815400037843 -57.461430868214997  70.512707751852588 -57.470838630631242  70.246544559717307 -57.472988817357567  69.701397203583895 -57.463863308647923  69.422414207846174 -57.45191925582828  69.143749050504141 -57.433451429341474  68.865528432680321 -57.409162903885566  68.587835925959098 -57.379700744626938  68.310712283161081 -57.345650598827014  68.034155337373363 -57.307537192956993  67.448123464150683 -57.218993209735082  67.13882509903415 -57.167630094077595  66.8301797789792 -57.112411422565813  66.522137461561016 -57.053928608846967  66.21464024221703 -56.992707125151902  65.907620263056955 -56.929217359997253  65.600997965102806 -56.863883654415019  65.148785936950006 -56.765279331657034  65.002963293412975 -56.73313694792234  64.857204308481727 -56.700706377302481  64.711500685811927 -56.668027869509274  64.565844241714004 -56.635140072071884  64.420226869286452 -56.602080190238723  64.274640502548962 -56.568884146879604  63.973936309848327 -56.500098534388158  63.81882182572069 -56.464495240660121  63.663723923421458 -56.428818963813193  63.508633216801726 -56.39311043321667  63.353540607383991 -56.357409139945403  63.198437253411399 -56.321753471725991  63.043314538896766 -56.28618084788274  62.705011336505549 -56.208876156240017  62.521820164706895 -56.167191330018845  62.338576729404338 -56.12573328555029  62.155267986754552 -56.084560622624991  61.971881646942421 -56.04373063089411  61.788406174180892 -56.003299289869325  61.604830786711034 -55.96332126892284  60.730716660554549 -55.775486686166637  60.038652065771231 -55.63426481663884  59.344494721506877 -55.503047615355925  58.647969699967604 -55.384446857340251  57.948980341663699 -55.280833019991505  57.247654029890498 -55.194034442206046  56.544395034137949 -55.125010016810847  55.100783049222713 -55.020032057150132  54.360140330688054 -54.985858655636505  53.618787747003296 -54.971302536702261  52.877340297400124 -54.975228914277409  52.136223866790104 -54.995369532109592  51.395682669627121 -55.02874132693519  50.655782550963366 -55.072053591340264  49.709246504050853 -55.135632624213692  49.502118870487337 -55.150046824122718  49.295021219896739 -55.164881552526822  49.08794871932713 -55.180056451180299  48.880895967343037 -55.195489366240913  48.673856994025499 -55.211096348269919  48.466825260972115 -55.226791652232052  48.132232587470256 -55.252158770778536  48.004671709472291 -55.261830009534712  47.87710941889614 -55.271480973569361  47.749544123610775 -55.281090804549699  47.621974247760704 -55.290638266004947  47.494398231766127 -55.30010174332628  47.366814532322834 -55.309459243766874  47.016033927078084 -55.334832187790518  46.792819113314323 -55.350583134339935  46.569567942692757 -55.36582099806985  46.34627289335387 -55.380421447457927  46.122928093081612 -55.394254973203765  45.899529252388362 -55.407185803952501  45.676073597599924 -55.419070822018703  45.034469549192437 -55.449750110064315  44.616264450235292 -55.465548057325378  44.197839516815378 -55.476165483848987  43.779204858821544 -55.480503922202672  43.360486661758472 -55.477308646253078  42.941927042922487 -55.465143725371099  42.523884450599198 -55.442330268343269  41.891275139586782 -55.388422248483714  41.67601877407381 -55.366656557085143  41.461134215334354 -55.341210021826321  41.246726428376178 -55.31177112240379  41.032938233506741 -55.278000996443645  40.819950941728194 -55.239529418743309  40.607985691964686 -55.195946849679473  40.180258748185665 -55.096152863335362  39.964657388471835 -55.039618541254647  39.750728868217763 -54.976678744719131  39.538847391898258 -54.906779759804699  39.329535310733675 -54.829323240792277  39.123461747846477 -54.743670827190634  38.921447638791477 -54.6491320356904  38.689102305059862 -54.526189264088686  38.653883500002095 -54.507154922630733  38.618836282492481 -54.48780506151703  38.583967293169735 -54.468135458283747  38.549283492831918 -54.448141907378535  38.514792162436379 -54.427820220160648  38.480500903099795 -54.407166224900841  38.39036397091121 -54.351654659650372  38.338007994586178 -54.318143608276856  38.288784345490058 -54.285590283948707  38.242396541885626 -54.253628471180612  38.198185620263828 -54.222554307993597  38.156011484425747 -54.192014290397388  38.115525368281851 -54.162056731862393  37.976529572113265 -54.056985701901532  37.8785551410175 -53.978706201796065  37.782456103887725 -53.898125262627545  37.688056874945403 -53.815577442790484  37.595176236563447 -53.731363898320964  37.503624720256624 -53.645755210134801  37.41320059120207 -53.558995769116549  37.280728098090208 -53.429231597792949  37.237982875590461 -53.386942085599912  37.195425532308974 -53.344467028520064  37.153032546403693 -53.301831864187221  37.110779931617131 -53.25906179730994  37.068643058220573 -53.216181975152317  37.026596473958506 -53.173217663014711  36.946773951773437 -53.091416831067804  36.908986242184994 -53.052591579542032  36.871231209662739 -53.013737387410799  36.833489043722551 -52.974873414318246  36.79573937774046 -52.936019384289438  36.757961156731966 -52.897195712740888  36.720132505131247 -52.858423633490922  36.643649662488144 -52.780333728887655  36.604993154958095 -52.741018910136802  36.566236852481012 -52.701804137886711  36.527355936619145 -52.662714137788527  36.48832482633577 -52.623775254339776  36.449117014334746 -52.585015612448665  36.409704903399927 -52.546465278998383  36.291149892467672 -52.431906650850948  36.211335691971328 -52.356631830343751  36.130367297971816 -52.282563967513937  36.048002523967213 -52.209993486768369  35.964000195065339 -52.139276902768664  35.878119581105011 -52.070837251440082  35.790125808061248 -52.005157281517157  35.668069532973675 -51.920846659717235  35.636053571796012 -51.899336059035839  35.603745680451468 -51.878257363401708  35.571139238931408 -51.857635440456704  35.538228889690814 -51.837495945193105  35.505010736370906 -51.817864998482506  35.471482542521557 -51.798768865604494  35.376421798083328 -51.74669897483458  35.314174753229224 -51.714995434652906  35.250911809713443 -51.685284426829988  35.186657472609681 -51.657719819738844  35.121455492615752 -51.632439176861268  35.055372620556184 -51.609554996123229  34.988502361884585 -51.589145949230065  34.787962252576051 -51.53599861519595  34.652348600866375 -51.510480565447985  34.515144606360394 -51.495008415475866  34.377194469479093 -51.489060415649227  34.239183078208882 -51.491563094064517  34.101625053741458 -51.501259156835353  33.964849794930814 -51.516990794106448  33.711829026172367 -51.555619125248583  33.595273126736032 -51.577245745009485  33.479326246989615 -51.601976796065529  33.363965949094364 -51.62926850798015  33.249155449665466 -51.658665758960439  33.134841936082339 -51.689796415013802  33.020953953710332 -51.72236102070007  32.822524911631177 -51.781348025534285  32.737852692080111 -51.807239655160352  32.653354125832251 -51.833688619565983  32.569005240112261 -51.860605532221115  32.484784531255215 -51.887913761788276  32.400672327043509 -51.915547463054388  32.316650149043653 -51.943449607862782  32.182705316878256 -51.988316552826966  32.13273651166638 -52.005140316604191  32.082790211228527 -52.022030862822398  32.032863166572184 -52.038978439753862  31.982952327791381 -52.055973988497477  31.933054844066788 -52.073009142978904  31.883168063665622 -52.090076229950363  31.76469791277421 -52.130672784326833  31.696121913525673 -52.15422430054678  31.627555052250841 -52.17780428861677  31.558991490157837 -52.201396052209212  31.490425949182395 -52.224984486194877  31.421853627561887 -52.248555835134816  31.353270115409615 -52.272097451772495  31.168035903863853 -52.335553705599658  31.051356467606013 -52.375389707945651  30.934613009081517 -52.41504813844103  30.817788437800459 -52.454478507448719  30.700867952495358 -52.493635471665591  30.583838428399474 -52.5324770459709  30.46668780452535 -52.570962815274619  30.081258549306682 -52.696136120516364  29.812462319626547 -52.781134412603166  29.542830408952838 -52.863580191775583  29.272227681005205 -52.943003575660583  29.000542246600943 -53.018837334649376  28.727670689701682 -53.090366885012394  28.453494327362534 -53.156646779959438  27.954109464594708 -53.2647215535345  27.72966243217509 -53.308722774376434  27.504157316895729 -53.347638584944733  27.27747183343925 -53.380554573202048  27.049682716144005 -53.406222780489237  26.821060389619575 -53.423032375826772  26.592053681865664 -53.428879383047914  26.224911043240226 -53.415872637291741  26.08679011844967 -53.405875150484675  25.94903658747657 -53.390138584527726  25.812011845986575 -53.367911948231551  25.676284618140841 -53.338368733806504  25.542620662091764 -53.300650481360847  25.411960379402814 -53.253966342752349  25.167509527817657 -53.145492198537738  25.053021220041018 -53.084896307462515  24.943231162928797 -53.015741398327556  24.839260844177034 -52.938035616457036  24.742003157161761 -52.852100150578991  24.652108138654711 -52.758590391071564  24.569981912468705 -52.658498156640675  24.447629959360739 -52.484720114065034  24.402756800261187 -52.414007416409973  24.361184335294581 -52.341269883037022  24.322861608858801 -52.266774781456434  24.287700272202741 -52.190774196392645  24.255588495423723 -52.11349796646364  24.226400255448766 -52.035149021263074  24.199999999999989 -51.955901118845247 
 0 9 0.026432541219356689 7 0.053541999330306247 7 0.061573051600495317 7 0.067384560310385408 7 0.074845958363116305 7 0.080610222770114467 7 0.0880251525643444 7 0.10082535752998978 7 0.13510383960735695 7 0.17107206580702275 7 0.21146539597228609 7 0.23070418871454051 7 0.25120879827536519 7 0.27541416545961434 7 0.3663962952575508 7 0.46185019753636436 7 0.48859499179227583 7 0.50507360993514183 7 0.53389828998769007 7 0.58781584750784743 7 0.61568440100954436 7 0.64439511367767777 7 0.64955299050874771 7 0.65803568381832467 7 0.67980481662356185 7 0.69025122411309781 7 0.69966675073062379 7 0.70925095869213961 7 0.72832732353523366 7 0.7350289976500114 7 0.74715392690209315 7 0.77103379425913288 7 0.79163118642750308 7 0.80702588247700435 7 0.81619388039395768 7 0.82880146613205674 7 0.85023756671737549 7 0.89924711284961334 7 0.93902021903489252 7 0.96306899104737731 7 0.98546058905296541 7 1 9
8 0.55747403441427412 1
7 0 0  2 3 2  0.55747403441427357 0.99999999999999989  0.77873701720713617 1.0000000000000002  1.0000000000000013 1.0000000000000002 
 0.55747403441427412 3 1 3
8 0.55747403441427412 1
7 0 0  12 13 2  0 0  6.9920958e-10 -0.58904862254807655  0.078508316276511891 -1.1780973629952323  0.23552448405794024 -1.7539327460930703  0.46889693631104024 -2.3033428977297028  0.77432062336320939 -2.8135671038701231  1.1454329011559707 -3.2727504658521718  1.5740040398893456 -3.670370762393329  2.0502132996805358 -3.9976104258766423  2.5629961084307453 -4.2476523376972501  3.1004424663632975 -4.4158839446640572  3.6502212909666483 -4.4999999956642123  4.2000000053452169 -4.4999999950111862 
 0 13 1 13
8 0.00032864209547483998 1
7 0 0  2 3 2  0.99999999999999867 0.00032864209547446002  0.99999999999999811 0.500164321047739  1.0000000000000013 1.0000000000000002 
 0.00032864209547483998 3 1 3
8 0.00032864209547483998 1
7 0 0  2 3 2  0.99999999999999956 0.00032864209547446999  1.0000000000000002 0.50016432104773856  1 1 
 0.00032864209547483998 3 1 3
8 0 1
7 0 0  8 345 50  24.200000000000003 -45.044098894143353  24.258800410183738 -44.907334446643361  24.331911022471715 -44.775327298530648  24.42008333533883 -44.652385654754475  24.522964143168807 -44.541563379172864  24.639179663988656 -44.444759651455961  24.766366241905956 -44.362738919651626  24.901240531498132 -44.295204843150088  25.197189439173911 -44.1795628060909  25.360479640719063 -44.13489382670106  25.527350041479508 -44.104553205585027  25.695985495185226 -44.086145888770915  25.865110276949935 -44.077600536978153  26.03399794910591 -44.077230670871494  26.202472828112434 -44.083726953963939  26.603306949874934 -44.113331080438115  26.834699319572962 -44.141738864495615  27.064991301241534 -44.178728299703565  27.294055696935146 -44.222642923932057  27.521848004859237 -44.272207036708245  27.748412033201461 -44.326511555745192  27.973901575419944 -44.38487024190318  28.526905219853887 -44.537302559785751  28.853110197359712 -44.635323862711708  29.177541093003128 -44.739196245988168  29.50038007498398 -44.84789128571628  29.821766591193892 -44.960674521523444  30.141840637501318 -45.076978341074522  30.460774230767413 -45.1963135658117  30.964197819911448 -45.3889664446883  31.149234539002791 -45.460699215491346  31.334008000167103 -45.533106250605108  31.518575026077926 -45.60603541849423  31.703005826847289 -45.679304341029834  31.887392763562701 -45.752678392937945  32.07186497147427 -45.825833985276098  32.426884870454799 -45.965104692188007  32.597321677138893 -46.031294307564018  32.768139327835428 -46.096542425842543  32.93954388425189 -46.16038293664144  33.111740387967927 -46.222181402946859  33.284957608321662 -46.281066589220579  33.459484555066453 -46.335829287087464  33.805359470091403 -46.431915871302344  33.976753188061267 -46.473712611780186  34.15012848347223 -46.50862896001135  34.325337088100596 -46.534564131370395  34.501876280514409 -46.549020138397452  34.678902090150729 -46.549108279154488  34.85515327476574 -46.533044730209994  35.123318570526919 -46.483629494275348  35.216977406503716 -46.461509640360944  35.309460902475735 -46.434739125928175  35.400545551421473 -46.40353050277669  35.490100479647651 -46.368222610592099  35.578068509079117 -46.329229086715713  35.664448167887329 -46.286988039542763  35.88393558231482 -46.170423095089291  36.014641606481376 -46.091854296655178  36.141944448779228 -46.007783089499526  36.266485931947216 -45.919681230040332  36.388915093950914 -45.828801355211851  36.509871609995969 -45.736151171282039  36.630009047199039 -45.64252429457386  36.859144287048053 -45.46307573636215  36.968066106479995 -45.377393446312666  37.077236109940586 -45.292010396894504  37.187033732475783 -45.207402100359303  37.297786469193937 -45.124018778359286  37.409782910984205 -45.042302277946249  37.523282249672889 -44.96269835528657  37.718022347372994 -44.832518954451672  37.798344308512625 -44.780601856832085  37.879559838241292 -44.73006512275186  37.961730078769364 -44.681067660422279  38.044903802038689 -44.633775461732895  38.129116785573061 -44.588360458801304  38.214390374453416 -44.54499797308754  38.33937627227661 -44.48544979043168  38.378301206931113 -44.467461742803529  38.41749722307469 -44.449888039183989  38.456957720585876 -44.432718259661328  38.49667630952861 -44.415942139416622  38.536646810152135 -44.399549568723756  38.576863252891116 -44.383530592949455  38.74175331664685 -44.319724389061513  38.867630380016763 -44.275341998036481  38.994699241965321 -44.234403004368843  39.122751085988057 -44.1966336140772  39.251615468098564 -44.161796413216976  39.381157194363993 -44.129680109530661  39.51127471346301 -44.10009407684003  40.02685388047081 -43.992631354022784  40.415787387067269 -43.932975741934641  40.807086205477731 -43.889420362073537  41.199632885075104 -43.859345982584031  41.59265003895689 -43.840507988376864  41.985729083550225 -43.831232016388427  42.3787846365001 -43.830088569539853  43.134989349693285 -43.841316875036604  43.497803729951556 -43.852646402506323  43.860446036017123 -43.868990071223294  44.222871755626329 -43.889575887109132  44.585059395267365 -43.913738553403199  44.947012289092129 -43.940885691701936  45.308759758956626 -43.970478236809392  45.845014460693392 -44.01726253655724  46.019631576089694 -44.032955466398775  46.194212694791247 -44.049048022415491  46.368761707858582 -44.06548658069552  46.543282698982097 -44.08221940409409  46.71777996906313 -44.099196380403974  46.8922580607952 -44.116368760526164  47.229737696260912 -44.149872535064489  47.392740845011616 -44.166185066407181  47.555735060378126 -44.182587846443901  47.718724123835869 -44.1990428775783  47.881711767454888 -44.215512808842483  48.044701673899766 -44.2319609358969  48.20769747642953 -44.24835120103041  48.520669301417598 -44.279641594148131  48.670643767012365 -44.294555952085254  48.820628931562325 -44.309363593283479  48.970627419048839 -44.324037150845371  49.120641701554433 -44.338549564664206  49.270674099262749 -44.352874081423963  49.420726780458622 -44.366984254599316  50.18870413717616 -44.437959494299065  50.806993731339844 -44.49098936925057  51.425811984167154 -44.538116872149942  52.045215599591998 -44.577606094172182  52.665176883214485 -44.607814348762574  53.28557803738606 -44.627315633918428  53.90620285934844 -44.635059708410338  54.670957275337969 -44.629417230929981  54.815180289690559 -44.627687419618276  54.959394581285096 -44.625284737311588  55.10359636484273 -44.622203459838907  55.247781819852463 -44.618439335148089  55.391947090571307 -44.613989583305738  55.536088286024153 -44.608852896497318  56.438470045560877 -44.572388630780374  57.19602851646917 -44.522733242736166  57.952142933927689 -44.454094048870438  58.706389945107787 -44.367672012134385  59.458641484886158 -44.265796570011062  60.20900158352255 -44.151428301433988  60.95775045763628 -44.027682972437489  61.858717044246276 -43.871220274927992  62.012038149226072 -43.844329957708652  62.165318819397413 -43.817211261913513  62.318563714394827 -43.789892763709524  62.471777690863689 -43.762403359767355  62.624965802460025 -43.734772267261384  62.778133299850722 -43.707029023869708  63.0919863879205 -43.650006513134208  63.252670342942622 -43.620719102436993  63.413343788718194 -43.591375604059266  63.574013132488517 -43.562011082827361  63.734684895797614 -43.532661320017127  63.895365714492272 -43.503362813353959  64.056062338722185 -43.474152777012847  64.38424857848662 -43.414764456616886  64.551739926720856 -43.384597179535163  64.71926357384497 -43.354610523478492  64.886827290981145 -43.324848882479984  65.054438767263235 -43.295358076379891  65.222105652928718 -43.266185595705046  65.389835602410486 -43.237380846548234  65.909683849494243 -43.149442442973942  66.262025094479284 -43.091738137234763  66.614751264975467 -43.036355154226968  66.967932832518912 -42.983813038873791  67.321621169547555 -42.934689706388887  67.675850472566125 -42.889634911201732  68.030639966518834 -42.849385683444247  68.619745262669369 -42.792023016283864  68.853725454965172 -42.771707084611634  69.087938530953494 -42.754075284642077  69.322370243957778 -42.739387039795488  69.556990615511438 -42.727923898746688  69.791753944703373 -42.719989481005484  70.02659874828629 -42.715907319583366  70.491803350978188 -42.716123791125852  70.722167824224442 -42.720263150089366  70.952451548298313 -42.728757297243511  71.182541539826815 -42.741928546840001  71.412295161924305 -42.760134131068767  71.641554793611846 -42.783657171259115  71.870132793730278 -42.812830945338497  72.160355612769081 -42.857185610188395  72.222792871861145 -42.867161668565736  72.285161904413599 -42.877561309314167  72.347459598851003 -42.888381503054994  72.409683581591992 -42.899616736701702  72.471832489507449 -42.911257506503965  72.533906559240506 -42.923287135294764  72.659637345754447 -42.948411764555331  72.723290844191979 -42.961527363062487  72.786872183045432 -42.974991271759038  72.850387937450108 -42.988760188025026  72.913852000142697 -43.002762805639328  72.977286288309557 -43.016896888348214  73.040728718085973 -43.030993459416806  73.175859016404161 -43.060149764948342  73.247863944606195 -43.075155643314929  73.320252126883304 -43.089287298742107  73.39310802843363 -43.101194425348886  73.466016345788489 -43.110888135497568  73.539469408059489 -43.112692796303243  73.613137618275772 -43.108851323323414  73.748372674010938 -43.093965811954334  73.809912733721063 -43.084156116094412  73.871129572324264 -43.072342286515685  73.932170954515584 -43.059643053526571  73.993069348830375 -43.046410059869302  74.053894003439837 -43.033020227780526  74.114711922084695 -43.019636627753073  74.268987397595168 -42.986084113989271  74.362430552545447 -42.96612862734915  74.456049961749102 -42.947012088762406  74.549875461253862 -42.928907830592919  74.643916852694161 -42.91192549007576  74.738172350530419 -42.896154059587474  74.832623421743222 -42.881636576245832  75.033069858266856 -42.853630889649978  75.139121259872724 -42.840465467648599  75.245375764999949 -42.82897293270468  75.351805988803108 -42.819185971452704  75.458381982326898 -42.811126335644694  75.565071838792448 -42.804810507474265  75.67184188322932 -42.800251777838533  75.855278937409452 -42.795455174506991  75.931925193141012 -42.794360350935143  76.008582663613367 -42.794177424029165  76.085238702795891 -42.794908979738189  76.161880567661001 -42.796557032753356  76.238495418183902 -42.799123026507829  76.315070317342958 -42.802607833176822  76.484985969923542 -42.812386666309322  76.578300922067854 -42.819130885407837  76.671513484017623 -42.827245106035761  76.764600038573178 -42.83672927816891  76.857536954869801 -42.847582606696534  76.950300588377758 -42.859803551421102  77.042867280902215 -42.873389827058439  77.248444363087884 -42.906667738631583  77.361343846191659 -42.927045415803725  77.473868222380418 -42.949465948659217  77.585974107631728 -42.973922561339464  77.697618321415064 -43.000407188221892  77.80875788669195 -43.028910473920156  77.91935002991562 -43.059421773284029  78.163720013998642 -43.131636974460271  78.297207821074664 -43.174323265926986  78.42973800973823 -43.219966327075156  78.561233853537885 -43.268541962801088  78.691619492092002 -43.320023481621959  78.82081993108855 -43.374381695675716  78.948761042285298 -43.431584920721122  79.213436743170575 -43.557044581940879  79.349919607663907 -43.625833072546136  79.484723141260588 -43.697920134919514  79.617754106697987 -43.773258301357799  79.748921045179998 -43.851796949488637  79.878134276377011 -43.933482302270384  80.005305898425831 -44.018257427992168  80.258838314881075 -44.196285849232893  80.385080691384928 -44.289708682831808  80.508983488218291 -44.38626554001204  80.63045582789232 -44.485888143446232  80.749409384652381 -44.588505139538221  80.865758384477971 -44.694042098423061  80.979419605082882 -44.802421513967026  81.195196933976263 -45.018682415944397  81.297605216277049 -45.126273044656259  81.39746900860473 -45.236266524257587  81.494722523113666 -45.348592622420149  81.589302398325515 -45.463179040133106  81.68114769912907 -45.579951411703107  81.770199916780427 -45.698833304754231  81.92782294518895 -45.919923619324955  81.997287304782361 -46.021495339797106  82.064764190154392 -46.124416776159705  82.130223019681978 -46.228642535012341  82.193634487647387 -46.334126435039025  82.254970564238249 -46.440821507008209  82.314204495547585 -46.548679993772716  82.57450281002258 -47.045395365492617  82.750778725394696 -47.4472908868552  82.898954826398381 -47.861105515237227  83.018109107217242 -48.284537173709175  83.107548816524456 -48.715225841413705  83.166799903455967 -49.150757932060898  83.195618372543095 -49.588665317036963  83.192425567802047 -50.465038628395014  83.160293533875006 -50.903590386197628  83.097626775907628 -51.339529873837868  83.004689686404788 -51.77037621504325  82.881978081185622 -52.193705403062275  82.730207703809242 -52.607149228661356  82.550324873532418 -53.008399783022313  82.269534794511856 -53.533654687579073  82.19208190982107 -53.670246696458079  82.111234458006777 -53.804895066776787  82.027049598013093 -53.937501486115764  81.939587812448224 -54.067969825036158  81.848912907584179 -54.196206137079663  81.755092013356858 -54.322118658768552  81.550811794464067 -54.582483602744844  81.43965021913192 -54.716385944965801  81.324806862413737 -54.847202833456009  81.20638205679748 -54.97481644018383  81.084480462214657 -55.099113111898347  80.959211066040382 -55.219983370129341  80.830687183093431 -55.337321911187402  80.570552189178301 -55.561981388938058  80.439090458361989 -55.669476599177422  80.304750587819171 -55.773419303716018  80.167645032610039 -55.873720079485459  80.027889378222994 -55.97029401351471  79.885602340574735 -56.063060702930244  79.740905766010172 -56.151944254955914  79.461600082294126 -56.313333411362194  79.327423380008753 -56.386588699350717  79.191485689072067 -56.456587083573055  79.053879657697451 -56.523279872053848  78.914699417685654 -56.586621748147948  78.774040584425023 -56.646570770540407  78.632000256891502 -56.703088373246494  78.36918219372842 -56.800370287442185  78.248795300422671 -56.842191648147043  78.12757345710952 -56.881583028690123  78.005574215087563 -56.918525868921051  77.882855557575965 -56.953003467575115  77.759475899714232 -56.985000982273363  77.635494088562211 -57.014505429522536  77.323274465677258 -57.082202926309975  77.134342984888605 -57.117211780279362  76.944380877882338 -57.146493064280968  76.753593137605549 -57.170020617827156  76.562183776854738 -57.187779032096465  76.370355945434682 -57.199764957438468  76.17831222042588 -57.205991988571604  75.986255069560229 -57.206499127474096 
 0 9 0.015869873200984021 7 0.033895925536297562 7 0.05876520611138885 7 0.095105400096154466 7 0.116281138366533 7 0.13579854139679726 7 0.15458573580886892 7 0.16480961289214846 7 0.18103714917211561 7 0.19579192206505969 7 0.2059711626163524 7 0.21052759953013717 7 0.22454194464286115 7 0.26584233397873402 7 0.30395428311061023 7 0.32236288844046501 7 0.33956357384975372 7 0.35538838198320766 7 0.42054372280121655 7 0.4356876767322504 7 0.51536937628413748 7 0.53171562317582954 7 0.54886752832928831 7 0.56673954040066499 7 0.60423519554183269 7 0.62889935388287121 7 0.65309163387107338 7 0.65973157702670959 7 0.66655645151348319 7 0.67424825610569949 7 0.68075444637069782 7 0.69072814339533684 7 0.70188265518929205 7 0.70988424666178418 7 0.71965005761867518 7 0.73162449734297963 7 0.74625129782310029 7 0.76220189159216434 7 0.77859188318244654 7 0.79409385875463989 7 0.80693737995831794 7 0.85263637422764715 7 0.89842576971053933 7 0.91481289028596791 7 0.93297363260380595 7 0.95069484752246203 7 0.96664894786774547 7 0.9799505758635253 7 1 9
8 0 1
7 0 0  8 353 45  1.8141753227370532 1.0000000000000002  1.8096766305600531 0.99755982207186378  1.805703580514205 0.99489266895184869  1.8023364703564084 0.99203471287557932  1.7995547639275173 0.98902982119307126  1.7973056174446356 0.9859259688084876  1.7955302773731887 0.98277523618253326  1.794167736045355 0.9796344141903286  1.7931550311914373 0.9765632371276034  1.7926566726891906 0.97505186326588955  1.7922427176345082 0.97355655098908755  1.7919016343075782 0.97207012720173225  1.7916306967526907 0.97060785469511757  1.7914181409287266 0.96915434753464069  1.79126276178431 0.96772333780972986  1.7911572646080458 0.9663078236817455  1.7910982995927949 0.96491065605384996  1.7910398046587186 0.96352434110245977  1.7910268567154934 0.96215556499805088  1.7910554357081478 0.96080443757085598  1.7911219677109644 0.95947086508948576  1.7912233249274798 0.95815455026092833  1.7913568256904826 0.95685499223054782  1.7915202344620156 0.95557148658208568  1.7917117618333744 0.9543031253376596  1.7918067600042298 0.95367391789726963  1.7919086818901535 0.95304836308452479  1.7920172529184095 0.95242652265045646  1.7921322791519851 0.95180821505615798  1.7922536061585153 0.95119317925345392  1.7923810778792044 0.95058123846556741  1.7925144954977521 0.94997246396778756  1.792653576309277 0.94936733886813862  1.7932078055787066 0.9469560773513046  1.7938527135362725 0.94459816367774174  1.7945785290260072 0.94228817435101064  1.795377878823347 0.94002172163876141  1.7962452817521812 0.93779519480666063  1.7971766428019027 0.93560550135231679  1.7981687472444525 0.93344980823920853  1.7992187547513727 0.93132528313060936  1.8002524261755752 0.92923390172836662  1.8013418994705717 0.92717339692353562  1.8024869068322005 0.9251378135959385  1.8036794733779971 0.92313424581516301  1.8049291863280814 0.92114328088791808  1.8062240334184025 0.91918065222489531  1.8075685952326239 0.9172352740711176  1.8089602959440791 0.91530841584510025  1.8117002367496067 0.91151485874418958  1.8146238876034722 0.90779125496310764  1.8177242609239461 0.9041256663784204  1.8209955675172353 0.90050788651395364  1.8244318103907922 0.89692861135587787  1.8280253785666254 0.89337861016779807  1.8317656408946144 0.88984789630583905  1.83563753986582 0.88632489803373293  1.8375130612357857 0.88461843979703314  1.8394192232973263 0.8829138097109227  1.8413544169347018 0.88120982646422985  1.8433165637217301 0.87950516152959268  1.8453031159217894 0.8777983391634584  1.8473110564878175 0.87608773640608262  1.8493368990623111 0.87437158308153096  1.8513766879773275 0.87264796179767734  1.8533845501951873 0.87095124976667648  1.8554056005159509 0.86924738452398742  1.8574367139517562 0.86753365882759681  1.8594698795641307 0.86581076737638796  1.8615065756312106 0.86407012864219723  1.8635302170587238 0.86231747296551475  1.8655397973943764 0.86054340327564205  1.8675223358890138 0.85874641556341225  1.8694739366890059 0.85697745560690797  1.8713998705563495 0.85518590386482107  1.8732901876500148 0.85336809232361432  1.8751330025764965 0.85152007983635314  1.8769138059462687 0.84963739947110561  1.8786147759302438 0.84771480585933701  1.8802140898162236 0.84574602254430509  1.8816852355653551 0.84372348932945573  1.8831333277157178 0.84173260891244595  1.8844583095592022 0.83968818371069709  1.8856337833816417 0.83758339582150887  1.8866278957883162 0.83541240847392839  1.8874029432008355 0.83317002564801812  1.8879181519068844 0.83085197640611497  1.8881356326628291 0.82845582393606809  1.8880295098491848 0.82598249930646428  1.8879772830270041 0.82476517689791273  1.8878466657958535 0.82352910675389945  1.8876345555884075 0.82227448955733184  1.887338657483139 0.82100173250924091  1.8869575058457837 0.81971127745024264  1.886490737395679 0.81840380785308653  1.8859396156969785 0.81708083468628701  1.8853078070747318 0.81574566114883862  1.8846808815799383 0.81442079167351111  1.8839742141413462 0.81308320171354564  1.8831905128285022 0.81173436255381415  1.8823336212903183 0.81037562704031019  1.8814082714292544 0.80900823811674916  1.8804198360754982 0.8076333373611706  1.8793740816611495 0.80625197352253897  1.8782769208943988 0.80486511105734426  1.8771883504948352 0.80348910763649195  1.8760491282262286 0.80210761553334942  1.8748649916677353 0.80072158691865025  1.8736422850763574 0.79933226892822118  1.8723867643706011 0.79794024943545594  1.8711032440920399 0.79654530006967117  1.8697960863447871 0.79514701648034392  1.86847053171287 0.79374625584723091  1.8658400027215976 0.79096647241658502  1.8631365089422616 0.78817634189363162  1.8603938260494033 0.78537456552294316  1.8576493838481838 0.78256875154329464  1.8549175828520674 0.77974676943267696  1.8522341355856042 0.77692583295356599  1.8495995699886407 0.77408831564434877  1.8470361197930385 0.77124405191782419  1.8445126601635569 0.76844416835960105  1.8420568759652691 0.76563641531915549  1.8396813932551863 0.76282093352388392  1.8373962206132231 0.75999832842198389  1.8352091455662807 0.75716956909284139  1.833126131012339 0.7543358871574154  1.8311517116445424 0.75149867568862405  1.8292893903752889 0.74865938812173038  1.8283727680442976 0.7472619166093345  1.8274833150229779 0.74586395192674171  1.8266214594950609 0.74446571307277498  1.8257875894752686 0.74306744164534333  1.8249820528093146 0.74166940184144015  1.8242051571739031 0.74027188045714587  1.8234571700767306 0.73887518688762643  1.8227383188564834 0.73747965312713315  1.8223817037133365 0.73678734675851443  1.8220322685639976 0.73609532518445242  1.8216900411839776 0.735403637656867  1.821355049348786 0.73471233342767883  1.821027320833932 0.73402146174880745  1.8207068834149263 0.7333310718721735  1.8203937648672783 0.73264121304969709  1.820087992966499 0.73195193453329854  1.8197834248758227 0.73126537227972221  1.8194860223375144 0.73057915514618799  1.8191964887228096 0.7298948209718219  1.8189127959340112 0.72920744225848466  1.8186388557078317 0.72852759336819872  1.8183703095273813 0.72784181588394858  1.8181092651402651 0.72715863150779114  1.817854781029048 0.72647492526144053  1.8176013129637547 0.72579394814364684  1.8173544677273472 0.72511303014783979  1.8171140788669189 0.72443216888110751  1.8168799799295634 0.72375136195053746  1.8166520044623742 0.72307060696321757  1.8164299860124442 0.72238990152623606  1.816213758126868 0.72170924324668029  1.8160031543527386 0.72102862973163784  1.8155834755366369 0.71967229228715457  1.8151872621872607 0.71831950483035201  1.8148134678609642 0.71697136574602838  1.8144607357211111 0.7156275911707034  1.814127811274493 0.71428787379803438  1.8138136971571237 0.71295241633740369  1.8135175499694161 0.71162163962567793  1.8132383191607349 0.71029506539213882  1.8126842370302256 0.70766265860424937  1.8121970579813933 0.70504807022916793  1.8117694622051204 0.70244864892811165  1.81139643608185 0.69987150874658255  1.8110714842041489 0.69730466717010131  1.8107917624292895 0.69475872079601686  1.8105527367206378 0.69222842084582226  1.810351273177256 0.68971408675731205  1.8099547199120212 0.68476403027030286  1.8097033276924663 0.67987564994739302  1.8095726773425014 0.67504513918862552  1.8095439892669274 0.67026944561382873  1.8096028964555699 0.66554597959628503  1.8097382174873955 0.6608723227964034  1.8099407295346404 0.65624593669538733  1.8102019413669321 0.65166387112890634  1.8103285012781096 0.64944444162370873  1.8104688806300178 0.64723542210209772  1.8106221988630631 0.64503649749007919  1.8107876397261284 0.64284733629461133  1.8109644512765724 0.64066759060360456  1.8111519458802281 0.63849689608592175  1.8113495002114055 0.63633487199137839  1.8115565552528905 0.63418112115074277  1.8119641946644991 0.62994083315285954  1.8124086384958105 0.62573248816659088  1.8128849373490539 0.62155821605472283  1.8133895706559997 0.61741232817894343  1.8139190142244388 0.61329398093090504  1.8144699914637954 0.60920337854062723  1.8150399119028759 0.60513648037525714  1.815626000612756 0.60109317794120443  1.8167616046411486 0.59325915063250978  1.8179578267647416 0.58551248966894598  1.8191960240985832 0.57784153859855392  1.8204595175492282 0.57023590103223865  1.8217329614422695 0.56268608677326282  1.8230017131498708 0.55518315794674078  1.8242512027183027 0.54771837512913124  1.8254663024954765 0.54028284347773148  1.827744646563876 0.52634136174842427  1.8299026030173309 0.51250307720599153  1.8318415867129261 0.49871356106098119  1.8334631022189569 0.48491740769168246  1.834660232438182 0.4710661738402564  1.8353275674797942 0.45711529504060877  1.835380501941962 0.44302153730374882  1.8347748287667933 0.42875254208637775  1.8342448717339721 0.41626722529542803  1.8332104506007454 0.40364687119745213  1.8316425682714907 0.39087383617152227  1.8295319871540414 0.37791622158692917  1.826905330104637 0.36478032783816161  1.8238169711912633 0.35143736285590421  1.8203405788526652 0.33788566993985114  1.8165565956961942 0.32411612282419461  1.8132455775303242 0.31206769824621006  1.8096993639410357 0.29985381713413517  1.8059702572791139 0.28746464377582015  1.8021204241522355 0.27491117211866367  1.7982001302298158 0.26217073385851108  1.7942620233516209 0.24925362804333417  1.7903448035194742 0.23614863208285897  1.786480577948736 0.22284943819112588  1.7830993568577469 0.21121254010211032  1.7797589038054866 0.19942774490664306  1.7764791273511946 0.18748429545485124  1.7732802308310056 0.17539118828062783  1.7701669401285471 0.16311340141874098  1.7671532345848391 0.15066764465655069  1.7642390084902217 0.13802488251394607  1.7614275868976659 0.12518615214306952  1.7601975762015616 0.11956919094649418  1.7589871955206173 0.11391439488659032  1.7577965213077089 0.10822134512874453  1.7566256129816595 0.10248975503035358  1.7554744303808323 0.096719639509843303  1.7543427512167236 0.090911484415687832  1.7532300885275529 0.085066415895428724  1.7521356081318549 0.079186369764693801  1.7511096161125512 0.073673826072286064  1.7500991620262021 0.068131189033885292  1.7491049036096387 0.062559417503901177  1.7481242324845263 0.0569628075626376  1.7471553325234317 0.051345539041655543  1.7461966081188403 0.045712293230791838  1.7452414823551263 0.040072941766834368  1.7442685650834731 0.034451306703853088  1.7438124117871823 0.031816219389784947  1.7433524147978687 0.029185060844596929  1.7428849271714171 0.026560929471976639  1.7424083939449702 0.023946464878932261  1.7419144481877993 0.02134862288812656  1.741393927740603 0.018775148257248912  1.7408321859052496 0.016239718527008749  1.7401680693469783 0.01379273241933335  1.7398461374352687 0.012607324801412389  1.7395000744267504 0.0114390181305064  1.7391204671856288 0.010296828866103711  1.73870022829187 0.00918852387370718  1.7382253322065944 0.00812895744815848  1.7376735998296744 0.0071409611924044903  1.7370215314495281 0.0062487867517058496  1.7362591880851144 0.0054641014032875803  1.7358839756606592 0.0050779128581818298  1.7354822381521877 0.0047175260808594499  1.7350525557888705 0.00438470685822009  1.7345947927835135 0.0040798979714126498  1.7341099204024195 0.0038024898934167  1.7335998400352437 0.00355109148662395  1.7330672062648504 0.00332380070041975  1.7325152499371708 0.0031184752687645101  1.7314200858477673 0.0027110365139037698  1.7302486669362231 0.0023906250487613001  1.7290200885729596 0.00213667306278648  1.7277507925584648 0.00193118145063239  1.7264527908454768 0.00176083592084182  1.7251334700560008 0.0016172586000446801  1.7237969767931476 0.00149539513266703  1.7224471837477962 0.0013900372761515101  1.7211183719257379 0.0012863691230941699  1.7197771053467363 0.00119900959027144  1.7184232774075099 0.00112362550224354  1.7170635307384146 0.0010578961119955799  1.7156982758751838 0.00099991778240927009  1.7143264002645537 0.00094816545230308003  1.7129513662413278 0.00090176436468735995  1.7115723966144332 0.00085982553488035001  1.7061428754795998 0.00069471599431981002  1.7006579972876352 0.00059891211155083004  1.6951535982370842 0.00052403421718238996  1.6896385555010056 0.00047032338089537002  1.6841090807283763 0.00042476830046211998  1.6785762867839367 0.00038887097764473002  1.6730371340563579 0.00035830558097349003  1.667494359206223 0.00033245893557204003  1.646708729720558 0.00023557826581793999  1.6258685990651429 0.00020190482915128001  1.6050279641276575 0.00016614067050469  1.5841686756757554 0.0001520144209497  1.5633119145495584 0.00013333695548301  1.542447549643839 0.00012338344920382  1.5215822515392574 0.00011395179280188001  1.5007147798402263 0.00010685882146822  1.49288948661162 0.00010418894739833001  1.4850639504074001 0.00010177067188979  1.4772381948642652 9.9584557869460006e-05  1.469412243618913 9.7611168264210004e-05  1.4615861203080425 9.5831066000910003e-05  1.4537598485683512 9.4224814006429994e-05  1.4459334520365379 9.2772975207639996e-05  1.4381069543493012 9.1456112531409999e-05  1.4244107782386857 8.9163134887360003e-05  1.4107124991672593 8.731533589681e-05  1.397014949658147 8.585213000338e-05  1.383317919548144 8.4732978072029998e-05  1.3696204413211381 8.3931484581050003e-05  1.3559221531403611 8.3431635955969995e-05  1.3422237395794663 8.3226180045489997e-05  1.3285264500524345 8.331714673941e-05  1.318253210689492 8.3385430062069997e-05  1.3079794507809615 8.3620233254479997e-05  1.2977059333282968 8.4022848647319996e-05  1.2874328152492072 8.4596847866650005e-05  1.2771599094957926 8.5348728003010004e-05  1.2668869471726818 8.6288557780659996e-05  1.256613839655168 8.743062372668e-05  1.2463409407073447 8.8794076340180004e-05  1.2309314193663998 9.0839362499029995e-05  1.2155234193795934 9.3381867859940006e-05  1.2001162468683333 9.6490081955860006e-05  1.1847087937476317 0.00010025092512805  1.1693022105345108 0.00010480216821447  1.1538973874049248 0.00011033127205169  1.1384931455570859 0.00011712080722996  1.1230910409390802 0.00012572061454119  1.1076888907310201 0.00013435648072068  1.0922885536090519 0.00014453544341362  1.0768907879472636 0.00015791447560442999  1.0614957557045273 0.00017314564977722  1.0461057646213021 0.00019382563002743  1.0307222037183692 0.00022216467284168  1.0153471344669924 0.00025873296105248002  0.99999999999999922 0.00032864209547442001 
 0 9 0.015625 8 0.0233154296875 8 0.03094577789306641 8 0.034731145948171623 8 0.049813471792731427 8 0.064660136295970005 8 0.093889507036720943 8 0.10804748348927218 8 0.12198424155975229 8 0.13570323778538118 8 0.14920787469498459 8 0.15585468817393 8 0.16244957342257116 8 0.16899293613020733 8 0.18197742150317284 8 0.19475902429218578 8 0.20104996941490308 8 0.20417086797187611 8 0.20727957551886098 8 0.21037613967699043 8 0.21654507608576395 8 0.22878655927192387 8 0.2528869792946763 8 0.26456062024319699 8 0.28754310086059709 8 0.33207165705680974 8 0.41556269992470851 8 0.48861736243411996 8 0.55254019212985495 8 0.60847266811362311 8 0.63294312635652172 8 0.65588418095923906 8 0.66663780030426278 8 0.67184658467450875 8 0.67441028323173913 8 0.67949762255624324 8 0.68450547220380198 8 0.7042238801910643 8 0.77816791014329822 8 0.80589692137538593 8 0.85442269103153945 8 0.89081701827365456 8 0.94540850913682728 8 1 9
8 -27.705901118845137 -24.412631894310998
7 0 0  1 2 2  24.199999999999903 -51.955901118845247  24.199999999999932 -48.662631894311112 
 -27.705901118845137 2 -24.412631894310998 2
8 -27.705901118845137 -24.412631894310998
7 0 0  1 2 2  1.5100000041050166 -3.455901117051654  1.510000000193223 -0.16263189251751475 
 -27.705901118845137 2 -24.412631894310998 2
8 -22.687368105688776 -20.794098894143232
7 0 0  1 2 2  24.199999999999946 -46.93736810568889  24.19999999999996 -45.044098894143346 
 -22.687368105688776 2 -20.794098894143232 2
8 -22.687368105688776 -20.794098894143232
7 0 0  1 2 2  1.5099999981439325 1.5626318961047068  1.509999995895086 3.4559011076502504 
 -22.687368105688776 2 -20.794098894143232 2
8 0 1
7 0 0  7 32 6  24.199999999999903 -48.662631894311133  24.237819150107015 -48.625818880301338  24.274260801305701 -48.587933699245134  24.309203612643699 -48.548978665218179  24.342513664233209 -48.508967000199732  24.374049217762547 -48.467924506464364  24.403665477007792 -48.42589123897379  24.456051122953397 -48.34420000895539  24.479208579551724 -48.304716510220111  24.500584731329837 -48.264517689812045  24.520076352199226 -48.223656853661545  24.537587303405132 -48.182196544197907  24.553031860138987 -48.140209479167254  24.57953028824349 -48.055712788646744  24.590621927252158 -48.01320625334067  24.599542002215557 -47.970344441490717  24.606236153808283 -47.927212625687261  24.610667487238047 -47.88389851406361  24.612817443142603 -47.84049397020727  24.612560901700562 -47.755361344777036  24.610325742143999 -47.713627664524786  24.605981923569999 -47.671982307398473  24.599546568403909 -47.630506928862296  24.591052470796598 -47.58927964859523  24.580547379677697 -47.548376474325494  24.540284892372341 -47.417433094610352  24.502758267223584 -47.328980137523807  24.456207597480272 -47.243346933503716  24.401611928595344 -47.161076331962747  24.340033762913407 -47.08255048753805  24.272525799330083 -47.007964437421641  24.199999999999903 -46.937368105688847 
 0 8 0.17944845884154675 6 0.34116888024499564 6 0.50150464625443703 6 0.65570053275466489 6 1 8
8 0 1
7 0 0  7 22 4  2.6519980652620379 0.73260557775251101  2.6771521095044974 0.74857455804747042  2.7040073155896929 0.76400390034500354  2.7326469408808811 0.77877558435807259  2.7631367139309191 0.7927373232729289  2.7954944925015481 0.80571269101961296  2.8296599215826825 0.81751124954245413  2.8654640914116958 0.82793867607057203  2.9191706367669212 0.84358055543782484  2.9765662664394767 0.8561416577476848  3.0371093745307007 0.86499647402706614  3.0997655860337545 0.8695409493157058  3.162907662543148 0.86946783291205065  3.2249623021220941 0.8649664980698617  3.2847764203379617 0.85646049884663644  3.3445884701551307 0.84795488287818743  3.4021723010761695 0.8354438393598278  3.4562708493052532 0.8193654189498959  3.5062341194818925 0.80041949005491075  3.5519109006774152 0.77929572054152429  3.5934751783013281 0.75654661074189866  3.6311872419175555 0.73260557775250656 
 0 8 0.25 7 0.625 7 1 8
8 -29.081922188747697 -24.918077811252303
7 0 0  1 2 2  78.159999999999968 -52.081922188747697  78.159999999999968 -47.918077811252303 
 -29.081922188747697 2 -24.918077811252303 2
8 -29.081922188747697 -24.918077811252303
7 0 0  1 2 2  1.5900000000000034 -6.0819221887476971  1.5900000000000034 -1.9180778112523029 
 -29.081922188747697 2 -24.918077811252303 2
8 0.76699400786186722 5.5161912993177191
7 1 0  2 5 3  78.159999999999997 -52.081922188747697  1 73 -57.435436388384623  0.37416573867739444 73 -50  1 73 -42.564563611615377  0.37416573867739444 78.159999999999997 -47.918077811252303  1
 0.76699400786186722 3 3.1415926535897931 2 5.5161912993177191 3
8 0.76699400786186722 5.5161912993177191
7 0 0  2 5 3  0.76699400786186722 0.59000000000000341  1.9542933307258459 0.58999999999999564  3.1415926535897931 0.59000000000001762  4.3288919764537361 0.58999999999999331  5.5161912993177022 0.59000000000001762 
 0.76699400786186722 3 3.1415926535897931 2 5.5161912993177191 3
8 0 1
7 0 0  6 47 10  1.5099999958950789 -0.16263188752410374  1.6312879705728491 -0.30353941287386976  1.7709938610437348 -0.42886051670030212  1.9238262326026785 -0.53856458529116735  2.0856215468950055 -0.63327114295094655  2.2533717517867231 -0.71397831929613298  2.4385748688758966 -0.78689174375433479  2.4519279309934277 -0.79206156385886639  2.4653894220510892 -0.79718550333066585  2.4789764903156737 -0.8022689836300565  2.4926854096485442 -0.80730924159160522  2.5536620797507865 -0.82933092001601205  2.6013575695396014 -0.84551777372881798  2.6495368457940955 -0.86085063459318967  2.6981610223305594 -0.87532552791438756  2.7471935298594516 -0.8889397602722815  2.9443198983549621 -0.93981935022892049  3.095363046366792 -0.97023426984234074  3.2488521279761358 -0.99290470326024294  3.4040130051023567 -1.0078261507324575  3.5601587116110807 -1.0149782892465724  3.9118914053601586 -1.0134127972321347  4.1075885815158628 -1.0003331703870202  4.3026388555922637 -0.97490946427445946  4.4957334390393058 -0.93681847086883463  4.6853504963960688 -0.88566472519972572  4.9356042367721784 -0.79758957435569755  5.0008825890667907 -0.77261839421412737  5.0653766242444362 -0.74586784262646522  5.128982846335866 -0.71731089900266265  5.1915847759757625 -0.68692108098379356  5.3319963345754928 -0.61325759228477472  5.4090640184035692 -0.5687801225832021  5.4839867005915366 -0.52118657391754497  5.556434428564252 -0.47043641359269461  5.6260242892471553 -0.41651734590603762  5.7452232640091765 -0.31394108803113663  5.7960236662701661 -0.26642781901902679  5.8445102933028394 -0.21693907598394646  5.8904358388201956 -0.1655200784831703  5.9335393675601509 -0.11225293742681908  6.0565274030377623 0.056720290916185689  6.1264482658146378 0.17836676736145329  6.1805267878952037 0.30606745479066566  6.2167334100209644 0.43759855851042628  6.2342103738227195 0.570036902153231  6.234210373668347 0.70000000740507695 
 0 7 0.19882764022985691 5 0.2141891574078198 5 0.2666736956478758 5 0.4235961866457712 5 0.61932299179360184 5 0.68939216430257277 5 0.77938238512481628 5 0.8511732833606338 5 1 7
8 0 1
7 0 0  8 97 13  2.6519980685415443 0.73260557775251922  2.6083642380735266 0.73260557068148735  2.5649877095730451 0.73260557299422313  2.5217936943963513 0.73260557814890526  2.4787088166838518 0.73260558185944957  2.4356611133601094 0.73260558209551052  2.3925800341338417 0.73260557908247981  2.3493964414979205 0.73260557530148696  2.3060426107293739 0.73260557548939975  2.2870742163123872 0.7326055757131188  2.2680731748283702 0.73260557649824065  2.2490327465398749 0.73260557760681499  2.2299461917094519 0.73260557880089061  2.2108067705996546 0.73260557984251728  2.1916077434730332 0.73260558049374414  2.1723423705921392 0.7326055805166205  2.1530039122195253 0.73260557967319595  2.1484716904761618 0.73260557949400251  2.1439351079842979 0.73260557931135717  2.1393941647439334 0.73260557912525981  2.1348488607550693 0.73260557893571043  2.1302991960177047 0.73260557874270882  2.1257451705318395 0.73260557854625541  2.1211867842974748 0.73260557834634987  2.1166240373146099 0.73260557814299188  2.1143781802878556 0.73260557805252291  2.1121311556407858 0.73260557797395676  2.1098829633733995 0.73260557790729408  2.1076336034856986 0.73260557785253466  2.105383075977683 0.7326055778096785  2.1031313808493519 0.73260557777872548  2.1008785181007053 0.7326055777596755  2.0986244877317435 0.73260557775252899  2.0941526603809577 0.7326055778586047  2.0896547211713794 0.73260556415015721  2.0851768814966891 0.73260555946482442  2.08070648239342 0.73260556780538932  2.0762270035035368 0.73260558214007732  2.0717415109438124 0.73260559212267229  2.0672645440820028 0.73260559173244733  2.0627824412198188 0.7326055868339123  2.0539637586133894 0.73260557191267672  2.0451108706029117 0.73260557371264667  2.0363775220419029 0.73260558641999296  2.0276656083933631 0.73260558111132923  2.0189831365678401 0.73260557587241237  2.0103760028093802 0.73260558549421262  2.0017957059711788 0.73260557978595242  1.9932651145227498 0.73260557954471317  1.9271474789627145 0.73260557001359405  1.8636777759532501 0.73260557603126497  1.8024775339439694 0.73260557934337012  1.7431821983281812 0.73260557997249565  1.6854666771707958 0.73260557996867703  1.6290488598207502 0.73260557759064515  1.573671108407938 0.73260557191781861  1.5190597222246607 0.73260557789303682  1.4781029200289393 0.73260558223110606  1.4375882837416989 0.73260558026197597  1.3974010352503807 0.73260557602218168  1.357435287893104 0.73260557333527221  1.3175902511210273 0.73260557457109898  1.2777664351607134 0.73260557940510296  1.2378618556764884 0.73260558357760541  1.197768238432805 0.73260557765309464  1.1376266024755943 0.73260556872740845  1.0770713111579369 0.73260558100383832  1.0156815444995004 0.73260558229344497  0.95314369260995591 0.73260557597950537  0.88902164253840965 0.73260557530619508  0.82280954462746081 0.73260558030230527  0.75403021631084688 0.73260557703023066  0.68214234129364215 0.73260557885046396  0.66417113450151 0.73260557954468608  0.64600552603755945 0.73260557918742841  0.62763816836643516 0.73260557823250649  0.60906171395278086 0.73260557713373609  0.59026881526124153 0.73260557634493284  0.57125212475646137 0.73260557631991241  0.55200429490308478 0.73260557751249056  0.53251797816575575 0.7326055803764836  0.50328719620063112 0.73260558186120761  0.47353685737562046 0.73260555620436207  0.44321119870255643 0.73260561441566097  0.4122209412016673 0.73260557383036939  0.38075195267811068 0.73260558087349636  0.34860860570643126 0.73260557143294136  0.31590759906521271 0.73260557261482973  0.28260339019232544 0.73260557501786128  0.24929866781242443 0.73260557957091743  0.21540467094669236 0.73260558223488004  0.18091630532459216 0.73260558230761519  0.14583732458416165 0.73260557992305175  0.11018033027201306 0.73260557605117882  0.073966771843333237 0.73260557249804836  0.037226946661883531 0.7326055719057738  0 0.73260557775252966 
 0 9 0.125 8 0.1796875 8 0.1925048828125 8 0.19881343841552734 8 0.21133197844028473 8 0.23597785411402583 8 0.42698339058551937 8 0.57023754293913953 8 0.78511877146956977 8 0.83883907860217732 8 0.91941953930108866 8 1 9
8 0 1
7 0 0  6 52 11  6.2342103736683825 0.70000000740507562  6.234210373628656 0.73344795415729958  6.233052807476021 0.76704659317699719  6.2307178549104378 0.80074703337731834  6.2271932674541119 0.83449937911769845  6.2224743684514934 0.8682527302038594  6.1995037959412898 0.99923806010843141  6.172510971279479 1.0961340376813726  6.13566304742222 1.1913126124648812  6.0895977875012974 1.2837159605086639  6.0352186607991243 1.372555796366264  5.9335393656306792 1.5122529515224892  5.8904358367642686 1.5655200924763697  5.8445102911247417 1.6169390898680926  5.7960236639744807 1.6664278327880353  5.7452232616006924 1.713941101679388  5.6260242865949976 1.8165173592711461  5.5564344257840474 1.870436426792476  5.4839866976907601 1.92118658694523  5.409064015389724 1.9687801354329053  5.3319963314560539 2.0132576049513764  5.1915847726813098 2.0869210933168629  5.1289828429693074 2.1173109111870225  5.0653766208100208 2.1458678546597154  5.0008825855687817 2.1726184060941582  4.935604233214903 2.1975895860806558  4.685350492629567 2.2856647363302143  4.4957334351513936 2.3368184815489101  4.3026388516136578 2.3749094744958121  4.1075885774771876 2.4003331801450454  3.9118914012902053 2.4134128065252716  3.5601587075374823 2.4149782977041774  3.4040130010457545 2.4078261588191481  3.2488521239549755 2.3929047109783621  3.0953630423994696 2.370234277195852  2.9443198944598947 2.3398193572236208  2.7369504476466844 2.2862959620153092  2.6778462013978057 2.2696433020693441  2.6193473307584654 2.2517369169424555  2.5615191467576324 2.2325814573714062  2.5044319876550958 2.2121845759238496  2.4270715204835156 2.182453098847227  2.4061210763879259 2.1741848780334729  2.3851431041891828 2.1656877139616695  2.3642912215062353 2.1570160205523381  2.3434825734296183 2.1481357741856604  2.1700444806247248 2.0721772427139618  2.0214261808119076 1.9944602978646049  1.8783727005830144 1.9051790343849622  1.7432235491365162 1.8036370735329486  1.619135886021823 1.689421612444131  1.5099999958950789 1.5626318934920695 
 0 7 0.038491301158368067 5 0.14959730015980571 5 0.22171481392955616 5 0.31211444882435702 5 0.38250240380786998 5 0.5791196758050261 5 0.73675609188871427 5 0.80041012111014531 5 0.82426648104137679 5 1 7
8 0 1
7 0 0  8 97 13  6.2831853071795871 0.73260557775252688  6.2544540725849131 0.73260557429904094  6.2260233021398381 0.73260556841477764  6.1979034613449207 0.73260558289608368  6.1701062177564507 0.73260559073963805  6.1426404058161577 0.73260557912377477  6.1155115629270478 0.73260556775490626  6.088725036775446 0.73260558157905187  6.062292663899215 0.73260557785846803  6.0375115923216729 0.73260557777900626  6.0130400579683521 0.73260557769469581  5.9888809218315036 0.73260557764254219  5.9650356389234647 0.73260557764025735  5.9415042582766544 0.73260557768625922  5.9182854229435797 0.73260557775967183  5.8953763699968276 0.73260557782032543  5.8727729305290701 0.73260557780875668  5.8515819611953752 0.73260557763196155  5.830663430648201 0.73260557817107497  5.8100016462676649 0.73260557901772927  5.7896149052430701 0.73260557423327555  5.7694889793019684 0.7326055767570665  5.7496034171199426 0.7326055868495871  5.7299647104647828 0.73260557844115848  5.7105603701287331 0.73260557725694053  5.6741774814456125 0.73260557355353828  5.6386210373568026 0.73260557856006325  5.6038431267096191 0.73260558227775463  5.5697905209904546 0.73260558177803292  5.5364069108496965 0.73260557854395292  5.5036351426266625 0.73260557581165886  5.4714194548745212 0.73260557591183972  5.4397077148852295 0.73260557761118406  5.4119601383245861 0.732605579942603  5.3845983596915952 0.73260557937698623  5.3575866088470008 0.73260557793175196  5.3308904311862468 0.73260557690281458  5.304476687639478 0.73260557686458538  5.2783135546715414 0.7326055776699707  5.2523705242819831 0.73260557845037422  5.2266184040050474 0.73260557761569522  5.1815519723806567 0.73260558101100171  5.1370663779694041 0.73260556580351022  5.0930287293153924 0.73260557023604633  5.0492534352524672 0.73260559119671598  5.0056092066110978 0.73260558939824705  4.9619805784859636 0.73260556487687722  4.9182151151473317 0.732605576323624  4.8741874596793071 0.73260557776077273  4.8411670374680398 0.73260557921889813  4.8079916366696125 0.73260558821129962  4.7746322778111789 0.732605564800906  4.7409590182942338 0.73260559693881078  4.7070031048788223 0.73260555600427324  4.672644442805904 0.73260557796311332  4.6378385449224879 0.73260557785761193  4.6025149041478004 0.73260557964421469  4.5760222932399612 0.73260558142444232  4.5492379979680599 0.73260557996959197  4.5221342601214127 0.73260557743796173  4.4946816692575204 0.73260557532369475  4.4668491627020721 0.73260557445677976  4.4386040255489432 0.73260557500305135  4.4099118906602 0.73260557646418922  4.3807367386660916 0.7326055776777195  4.3588550731669313 0.73260557792815795  4.3367021531236292 0.73260557785679103  4.3142630161415161 0.73260557770606138  4.2915222139805858 0.73260557762562739  4.2684638125554999 0.73260557767236134  4.2450713919355891 0.73260557781035118  4.2213280463448477 0.73260557791089909  4.1972163841619405 0.73260557775252244  4.1949560183401777 0.73260557777305202  4.1926914416277441 0.73260557659676806  4.1904303782002899 0.73260557565203044  4.1881516546745843 0.73260557541289018  4.1858745329668636 0.73260557577879126  4.1836141731560019 0.73260557647088831  4.1813428936155423 0.732605577276769  4.1790768956786293 0.73260557797537007  4.143944951121739 0.73260558272136223  4.10907941590267 0.73260555658271187  4.0744605119398329 0.73260562003270024  4.0400703298801091 0.73260553046566201  4.0058036918344442 0.7326056084712036  3.9716827364318306 0.73260556693458057  3.937636473296152 0.73260557916273683  3.9036429301565074 0.73260557763998158  3.869649550154719 0.73260557783179359  3.8357051895613052 0.73260557806734694  3.8017768534789949 0.73260557812699467  3.7678310687372605 0.73260557792899728  3.7338338838923204 0.73260557752952249  3.6997508692271404 0.73260557712264573  3.6655471167514304 0.73260557704034923  3.6311872402016476 0.73260557775252277 
 0 9 0.0625 8 0.12109375 8 0.176025390625 8 0.279022216796875 8 0.36914443969726562 8 0.52685832977294922 8 0.64514374732971191 8 0.73385781049728394 8 0.80039335787296295 8 0.80663106543943286 8 0.90331553271971643 8 1 9
8 1 1.8141753227370534
7 0 0  12 13 2  4.2000000053452169 -4.4999999950111862  5.849336148483836 -4.4999999930519907  7.4986715521203564 -3.7429554782150039  8.8150485194748569 -2.2288768335352627  9.4654650420796287 -0.14450265320445199  9.2197699951915482 2.1363901416300273  8.0528038130235089 4.1280041002639374  6.1939641156217249 5.3783250048560705  4.0651308397891128 5.6415696926449019  2.1197149397323543 4.9446948419391328  0.70657487448458767 3.5342909447922271  -2.0982327000000001e-09 1.7671458676444056  4.9739999999999998e-14 -2.0000000000000002e-15 
 1 13 2 13
8 1 1.8141753227370534
7 0 0  2 3 2  1 1  1.4070876613685268 0.99999999999999944  1.8141753227370532 1.0000000000000004 
 1 3 1.8141753227370534 3
8 5.5732381119526861 7.0157908849321133
7 0 0  2 5 3  6.2831853071795862 -0.70994719522690897  6.2831853071795871 -0.3549735976134441  6.2831853071795862 -2.7e-16  6.2831853071795845 0.36630278887625517  6.2831853071795862 0.73260557775252966 
 5.5732381119526861 3 6.2831853071795862 2 7.0157908849321133 3
8 5.5732381119526861 7.0157908849321133
7 0 0  2 5 3  0 -0.70994719522690897  8.9000000000000007e-16 -0.3549735976134441  0 -2.7e-16  -1.7800000000000001e-15 0.36630278887625517  0 0.73260557775252966 
 5.5732381119526861 3 6.2831853071795862 2 7.0157908849321133 3
8 0 1
7 0 0  6 7 2  5.9751917905267273 -0.64156987856731207  6.0195813422008086 -0.6553771827363164  6.0666996795835075 -0.66843188625409766  6.1166497651738609 -0.6805316121742635  6.1694914515101118 -0.69151347378476657  6.2250712890427167 -0.70129884427845468  6.2831853071795871 -0.70994719522689742 
 0 7 1 7
8 0 1
7 0 0  5 6 2  0 0.16527450589703882  0.078522883127710941 0.14214873759145163  0.15519849606658909 0.12082015645628985  0.23059959741685532 0.10178563390615736  0.304899219871551 0.085357413371614399  0.37830637889540325 0.071321247610901653 
 0 6 1 6
8 0.34675355867894669 1
7 0 0  8 87 12  5.0922834618641888 -0.69517363670876164  5.0936285815908811 -0.6877196837603563  5.0950609718336404 -0.68031623757852833  5.0965799590640657 -0.6729644953733388  5.0981848697537568 -0.66566565435484815  5.0998750303743163 -0.65842091173311768  5.1016497673973449 -0.65123146471820803  5.1035084072944397 -0.64409851052017975  5.1063606760297064 -0.63370688425443844  5.1072894511681612 -0.63040329071374035  5.1082365884524963 -0.62711265955764339  5.1092020743826438 -0.62383518461679111  5.1101858954585335 -0.62057105972182691  5.1111880381800949 -0.61732047870339424  5.1122084890472586 -0.61408363539213684  5.1137503795135091 -0.60929954358384408  5.1142578227526396 -0.60774171536361721  5.1147695642773465 -0.60618723895801729  5.1152856040876307 -0.6046361143670439  5.1158059421834938 -0.60308834159069757  5.1163305785649351 -0.60154392062897832  5.1168595132319545 -0.60000285148188581  5.1173927461845539 -0.59846513414942015  5.1179173906225683 -0.5969522984008615  5.1184468563075347 -0.59544084664029817  5.1189815412861828 -0.59392979691077896  5.1195217121199725 -0.59241854282568662  5.1200675038850987 -0.59090685356873651  5.1206189201724817 -0.58939487389397749  5.1211758330877748 -0.58788312412579147  5.1217379832513634 -0.58637250015889375  5.1261633971553788 -0.57448023699580764  5.1308760431315559 -0.56275470468946132  5.135886877721874 -0.5512006362180305  5.1412085740759164 -0.53982903035732366  5.1468555219508598 -0.52865715168078409  5.1528438277114814 -0.51770853055948896  5.1591913143301564 -0.50701296316214939  5.1659175213868576 -0.4966065114551107  5.1718026640501193 -0.48750120083786896  5.1779807545390213 -0.47861437521805783  5.1844512325187679 -0.46998436801368371  5.1912634783657268 -0.46160296818561619  5.1983793760300614 -0.45356026020817808  5.2058671400300227 -0.44583365168000455  5.2137328919161519 -0.43849009531663796  5.2219737615793127 -0.43158936969992862  5.2363961127153553 -0.41951216454521317  5.2519869479740464 -0.40877647692083485  5.2687952665833109 -0.39966158435680654  5.2868767003892572 -0.39246228843012432  5.3061611274347342 -0.38756669301426427  5.3264144601587304 -0.38520153219461406  5.3473149842226935 -0.38523788637984796  5.3686646239698543 -0.38745012513925431  5.376670431822725 -0.38827920908732477  5.384738627713074 -0.38941527034818102  5.3928576306592566 -0.39084400932246738  5.4010176395272245 -0.392550309259734  5.4092106330305318 -0.39451823625843746  5.417430369730325 -0.39673103926594039  5.4256723880353519 -0.39917115007851139  5.4339340062019508 -0.40182018334132513  5.4375486355900868 -0.40297937663778965  5.441166585383117 -0.40417859355461416  5.4447882158384564 -0.4054166558348139  5.4484135801434723 -0.40669226819208953  5.4520424244154846 -0.40800401831082644  5.4556741877017512 -0.40935037684609621  5.4593080019794789 -0.410729697423655  5.4629426921558215 -0.41214021663994455  5.4902055388119493 -0.42272026438484339  5.5175818835332713 -0.43507823420740427  5.5452056472509188 -0.44871930842770791  5.573197019712234 -0.46324568778687586  5.6016806950802431 -0.4783451722617631  5.6308041075331259 -0.49377974187965051  5.6607556668637011 -0.50937413753293836  5.6917829940788973 -0.52500444179383798  5.7228146490282716 -0.54063753510646284  5.754855170877617 -0.55626767249617481  5.7880602326410102 -0.57173482522826735  5.8225723879266091 -0.58688394834014601  5.8585051415309257 -0.60156848423435949  5.8959270200331169 -0.61565386627163221  5.9348456423892779 -0.6290210223638959  5.9751917905267291 -0.64156987856732062 
 0.34675355867894669 9 0.38758146126151249 7 0.40671954059709026 7 0.4159895477752607 8 0.4251147110912723 8 0.49697537220486326 8 0.5598534506792554 8 0.66989008800944161 8 0.71115382700826135 8 0.72920671282024507 8 0.86460335641012254 8 1 9
8 0.34675355867894669 1
7 0 0  8 111 15  4.0004340502056754 0.091371153749566628  4.0129890979384477 0.10152236113483155  4.0256603994547291 0.11164394383218952  4.0384589122572541 0.12173391987084244  4.0513961948488761 0.13179011836000243  4.0644844067325812 0.14181017948889185  4.0777363084114731 0.15179155452674328  4.0911652613887775 0.16173150582279958  4.1111696785323764 0.17626564245471252  4.1175960035504424 0.18089446294140255  4.1240657574148392 0.18551323178071241  4.1305804943183482 0.19012161248697043  4.1371417684537555 0.19471926857450519  4.143751134013848 0.19930586355764515  4.1504101451914108 0.20388106095071881  4.1603706554208548 0.21065493946453126  4.163632989096838 0.21286259493284126  4.1669075526106107 0.21506744677905862  4.1701945413656087 0.21726945110925769  4.173494150765265 0.21946856402951259  4.1768065762130133 0.22166474164589747  4.1801320131122894 0.22385794006448656  4.1834706568665263 0.22604811539135408  4.1867562631099355 0.22820404513120576  4.1900565163372221 0.2303559391712966  4.1933851443909589 0.23251273073745438  4.1967075518987258 0.23467360285985706  4.2000327081386786 0.23683322128968598  4.2033798066825057 0.23899263273821703  4.2067321923808985 0.24115977613958212  4.2100910512566614 0.24332355463843355  4.2365355865170606 0.26036357743899802  4.2632093565321663 0.27727797633536078  4.2901942526022161 0.29406012414642979  4.31757090896172 0.3106932452562578  4.3454187027794555 0.32715041561404279  4.3738157541584712 0.34339456273412788  4.4028389261360852 0.35937846569600135  4.432563824683883 0.37504475514429636  4.445568692256721 0.38189857943296168  4.4587081613843544 0.38869134530458427  4.4719887101028775 0.39541813331434472  4.4854168503332641 0.40207354320665684  4.4989991278813672 0.40865169391516754  4.5127421224379241 0.41514622356275638  4.5266524475785506 0.42155028946153611  4.5407367507637453 0.42785656811285255  4.5539407203526041 0.43376870368248849  4.5672983199891943 0.43959500153718001  4.5808127773958205 0.44532878058436787  4.5944911973430589 0.45096411367068512  4.6083414009253092 0.45649478852131437  4.6223687648363443 0.46191326867934296  4.6365730606448654 0.46720965444511936  4.6509452940700502 0.47237064381560961  4.7048461798258359 0.49172622717355807  4.7611938503832789 0.50921346337236173  4.8200572689820547 0.5243291013284761  4.8812966694240458 0.53651705866650445  4.9444899889058433 0.54503598647352192  5.0082273905572947 0.54935895279413671  5.0713145633599197 0.54967589449302068  5.1329667938962933 0.54637076927509642  5.1560865455096421 0.54513234734896532  5.1790026001117617 0.54338259386601218  5.2016736242708399 0.54114657662447818  5.2240663660395237 0.53845114916218662  5.2461556549549044 0.53532495075654318  5.267924402038541 0.5317984064245368  5.2893635997964443 0.52790372692273824  5.3104723222190815 0.52367490874730105  5.3289417977866833 0.51997412224864092  5.3471643315861002 0.51601380197098479  5.3650928062561434 0.51182738487841561  5.3828860642388463 0.50739254046129645  5.4002402762707788 0.50280872031726176  5.4174710771185346 0.49801703382036067  5.4344162340967159 0.49307564710329643  5.4511499059794213 0.48798423598826229  5.4804315232768452 0.47907439103401717  5.5090295848156758 0.46971481730856679  5.5370060423450003 0.4599826776849924  5.5644219843616414 0.44994729980899129  5.5913376361101568 0.43967017609887687  5.6178123595828415 0.42920496374557793  5.643904653519729 0.41859748471263952  5.6696721534085919 0.40788572573622256  5.6889978011828823 0.39985210213938116  5.7081412655530084 0.39176067394918707  5.7271267862048045 0.38362776218148575  5.7459788843414801 0.37546801788738249  5.7647223626836093 0.36729442215324271  5.7833823054691305 0.35911828610069207  5.8019840784533585 0.35094925088661616  5.8205533289089724 0.34279528770316098  5.8344806520962855 0.33667975267994249  5.8483857285459635 0.3305746250557462  5.8623023921250024 0.32447349389244096  5.876193850828713 0.3184005272153172  5.890082404640907 0.31235360726384442  5.9039987426567677 0.30632670117003613  5.9179209179273542 0.30033669822381226  5.9318730984846813 0.29437994488474944  5.9737275349588765 0.27651025939360618  6.0158158119542389 0.25895728538566992  6.0583379477771508 0.24181842757338232  6.101477049087058 0.22518580942893068  6.1453977389757037 0.20914447222590327  6.1902445850463454 0.19377057408094442  6.236140527492986 0.17912958899541015  6.2831853071795862 0.16527450589702367 
 0.34675355867894669 9 0.38758146126151249 7 0.40671954059709026 7 0.4159895477752607 8 0.4251147110912723 8 0.49697537220486326 8 0.52841441144205936 8 0.55788851072693069 8 0.66841638304519801 8 0.70986433516454817 8 0.74613129326897965 8 0.80959846995173468 8 0.85719885246380101 8 0.8928991393478507 8 1 9
8 0.64796767133130184 0.82998860596412649
7 0 0  6 42 8  4.6090579138822081 -0.82899713076460035  4.6182380029096857 -0.81937765997250567  4.6273162910763164 -0.80993323855735799  4.6363110200517186 -0.80067391990741765  4.645237961163228 -0.79161145930756271  4.6541104153958983 -0.78275931393929132  4.6706644348222168 -0.76658431056835641  4.6783562900932623 -0.75920849948445002  4.6860221706051339 -0.75201541622707857  4.6936681534471765 -0.74501592815371398  4.7012990013985902 -0.73822156338122402  4.7089181629284225 -0.73164451078587078  4.7105844885019739 -0.73020608149979338  4.7122524164469537 -0.7287762347863781  4.7139153359158854 -0.72736068565464507  4.7155791865321435 -0.7259545540123753  4.7172502511258267 -0.72455273143973076  4.7189229484696318 -0.72316024796287559  4.731888892451761 -0.71236662600150247  4.7450464078027368 -0.70205207851853368  4.7584518789652348 -0.69228272998494722  4.772153950850476 -0.68314813782087713  4.7861935288382318 -0.67476129239561244  4.8006037787768223 -0.66725861702759737  4.8114113935897107 -0.66163122311449241  4.822429285932496 -0.65649979030313921  4.8336643668574197 -0.65192180821171064  4.8451241056419194 -0.64796082556397983  4.8568055504927399 -0.64467883006735394  4.8686843492500484 -0.64212862829090711  4.8865028498280481 -0.6383032424964199  4.9047600742396753 -0.63612341734517486  4.9234103849739768 -0.63575668336125091  4.9422660979735156 -0.63731006567707027  4.9611897976453747 -0.64065360731893861  4.9800826087979759 -0.64560125313914585  4.9989753305244218 -0.65054812726826305  5.0178415762196851 -0.65710266489128821  5.0365893768419028 -0.66506302547777807  5.055210524397201 -0.67419459445770735  5.0737513433844184 -0.68428075116399645  5.092283462239819 -0.6951736367750404 
 0.64796767133130184 7 0.67072028816040485 5 0.6906288278858701 6 0.69498382095081568 6 0.72873501720414335 6 0.75404841439413917 6 0.79201851017913283 6 0.82998860596412649 7
8 0.64796767133130184 0.82998860596412649
7 0 0  7 50 8  3.8927419178758282 0.23756752124534922  3.9117533340364865 0.24716430953214483  3.9310794393180553 0.25671793517288477  3.9507475459222934 0.26621645048989312  3.9707859455837053 0.27564677409292704  3.9912239095695408 0.28499469087917645  4.0120916886798019 0.294244852033264  4.0334205132472354 0.30338077502724531  4.0520833150069473 0.31137408361999075  4.0710987492890762 0.31928115614599378  4.0904880416843561 0.3270896754559926  4.1102724177835173 0.33478732440072534  4.1304731031772928 0.3423617858309303  4.1511113234564192 0.34980074259734556  4.1722083042116287 0.35709187755070937  4.1745157713950443 0.35788934400317568  4.176828760564443 0.35868497383690806  4.179147271719823 0.35947876705190634  4.1814713048611871 0.36027072364817064  4.1838008599885343 0.36106084362570101  4.1861359371018638 0.36184912698449739  4.1884765362011755 0.36263557372455979  4.2253481342203925 0.37501985629942108  4.262615388366287 0.38711331599725846  4.300340311563299 0.39884331377529797  4.3386204399848793 0.4101368762876843  4.3775168720456223 0.42089473798356331  4.4170440716196575 0.43099065564864175  4.4572214354853017 0.44029599539022468  4.4873530302171067 0.44727471878607872  4.5178526580388558 0.45380837378880207  4.5487125938660551 0.45983961641252741  4.5799162909826565 0.46530498336148041  4.6114316174196786 0.47013928868295218  4.6432040923338489 0.47428002042027323  4.6751501223862286 0.47767173726578532  4.6991090556264004 0.48021520449615274  4.7231640484539588 0.48233857482044246  4.7472798840064039 0.48401713778627725  4.7714165159324216 0.48523205668890718  4.7955290683918728 0.48597036857120984  4.8195678360558052 0.48622498422369026  4.8434782841064443 0.48599468818448138  4.915208195082414 0.48530411846860488  4.985817681907065 0.48026530868492046  5.0540205376091762 0.47085605483607651  5.1185084813623689 0.45777349609397788  5.1794996357457421 0.44206343892938094  5.2372793251615803 0.42435179677232782  5.2923341160858159 0.40520305861940698 
 0.64796767133130184 8 0.67072028816040485 7 0.6906288278858701 7 0.69280632441834289 7 0.72710189480478882 7 0.75282357259462329 7 0.77211483093699906 7 0.82998860596412649 8
8 0.70205708094079899 0.870792340797654
7 0 0  8 55 8  4.0363853033130255 -0.67619280405860249  4.0481069186716496 -0.67218557541719226  4.0597439361237893 -0.66832469290687735  4.0712945340796054 -0.66462025211981668  4.0827560465123254 -0.6610816183478565  4.0941249629582463 -0.6577174265825293  4.1053969285167318 -0.65453558151505387  4.1165667438502123 -0.6515432575363358  4.1300480912748361 -0.64813516439031227  4.1324626460513887 -0.64753280025796112  4.1348719610733262 -0.64693986146156124  4.1372759679001279 -0.64635640312276099  4.1396745980912719 -0.64578248036320862  4.1420677832062367 -0.64521814830455249  4.1444554548045005 -0.64466346206844072  4.1479911527674069 -0.64385454341468207  4.1491446854507918 -0.64359261601268758  4.1502943983671878 -0.64333351106030323  4.1514440117345792 -0.64307642262100118  4.1525946505343869 -0.64282111053426805  4.1537424081550576 -0.64256842892814936  4.1548835332623133 -0.64231919504202639  4.1560272398960745 -0.64207139835962823  4.1605280353742273 -0.64109627039147199  4.1650403857638594 -0.64014952864454244  4.1695430917316116 -0.63923786850136821  4.1740650912397541 -0.63835089711210458  4.178617900586687 -0.63749910396290943  4.1831344786769478 -0.6366781279193674  4.1877135063332389 -0.63589130021455276  4.1922625581457185 -0.6351382359474711  4.2263935941955424 -0.62949038653823663  4.2599349391384749 -0.62575406378709886  4.2928599996375851 -0.62435781543172197  4.3251378872955684 -0.62572250491211889  4.356435382127529 -0.63037393353079096  4.3863035640097223 -0.63842913725784456  4.4144690122429893 -0.64952426052332157  4.4409092928240179 -0.66331029758909377  4.4541297433381146 -0.67020315983853385  4.4669149972287574 -0.67776719533449947  4.4792602626982978 -0.68595357467115903  4.4911715000482593 -0.69471154902873722  4.5026628305334517 -0.70399112154128907  4.5137539452160889 -0.71374571866447512  4.5244675138198991 -0.72393486154333642  4.5348265935842429 -0.73452683738007007  4.5451857201317356 -0.74511861992389106  4.5551896104869911 -0.75611176137127245  4.564866432292547 -0.76747820411759449  4.5742274308977358 -0.77917449202186617  4.5833042326544273 -0.79118813693145285  4.592126858260599 -0.80351142453022817  4.6007028496448044 -0.81611544459755336  4.6090579138846088 -0.82899713076548642 
 0.70205708094079899 9 0.72314898842290587 7 0.72776284318461681 7 0.72999767908482049 8 0.73879734544187259 8 0.80479484311976335 8 0.83779359195870873 8 0.870792340797654 9
8 0.70205708094079899 0.870792340797654
7 0 0  8 63 9  3.9179176191283074 0.55264511195501509  3.9415251351369096 0.55841055497239689  3.9655942424181552 0.56400494548543323  3.9901391571351272 0.56940915110283785  4.0151699204064091 0.57460489288943339  4.0406923983061001 0.57957474536615039  4.0667082818638072 0.58430213651002816  4.0932150870646513 0.58877134775421469  4.1261103347265395 0.59388548816547115  4.1320376738959146 0.59479041642716735  4.1379880486625797 0.59568216556976517  4.1439613353317384 0.59656060238997533  4.1499574102085939 0.5974255936845082  4.1559761495983487 0.59827700625007463  4.1620174298062054 0.5991147068833852  4.1739548232399102 0.60073707605397431  4.1798563789925538 0.60151913317895378  4.1857367000193335 0.60230064877032419  4.1917796257475857 0.60304734179953812  4.1975865791609976 0.60379306514369091  4.2035742255247897 0.60453143253835151  4.2094815703167114 0.605253492446991  4.2154058836628954 0.60596543143895587  4.2268826793163541 0.60734465669360449  4.2383666194229637 0.60868145267992335  4.2498652781424653 0.60997504551458703  4.2613709869417233 0.61122314574041481  4.2728801523198046 0.61242387126577069  4.2843991100759373 0.61357631470177199  4.2959365161203502 0.61467975509730532  4.307482273827989 0.61573151407185012  4.3507803989599001 0.61967593281515698  4.3942309391386107 0.62289642580522486  4.4377922696390337 0.62530546391867781  4.4813918030599611 0.62680947478643645  4.5249284293202683 0.62731865402303322  4.5682749556550837 0.62675677645592454  4.6112805466119777 0.62507100735480536  4.6537731640471476 0.62224171366092296  4.6856442797870841 0.62011969179548032  4.7172224876267137 0.61735563965521578  4.7484810012101661 0.61393580725780339  4.7792518950300291 0.60987515399756376  4.8096161689609289 0.60516849517443916  4.8393943974224385 0.59985504658288846  4.8686031921424728 0.59396184483057368  4.8972001499894899 0.58752766648773802  4.9400953577333908 0.57787646584145502  4.9816203291809416 0.5670079658955558  5.0216873368294728 0.55504575802262934  5.0602409631792398 0.54215575245734726  5.0973495423349959 0.52848565103198553  5.1331216275268616 0.5141673877291737  5.1676281209365369 0.49932932979584987  5.2010107022149104 0.48406503216239993  5.2343932643107109 0.46880053560357737  5.2666388810175704 0.45311500123352744  5.297890772257233 0.43709508668689523  5.3282371127861552 0.42084194936614949  5.3577947399171535 0.40442805444035912  5.3867427205987042 0.38787171336298343  5.4151336194008763 0.37125016180834791  5.4430930808086782 0.35459141910421715 
 0.70205708094079899 9 0.72314898842290587 7 0.72776284318461681 7 0.73223251498502417 8 0.74089250409831353 8 0.77336746327314865 8 0.79772368265427496 8 0.83425801172596448 8 0.870792340797654 9
8 0.71231863139051022 0.8461107777201804
7 0 0  7 29 5  3.9031685624026902 -0.35809043868348051  3.9131532824605553 -0.36632092326186821  3.9227815555595034 -0.37500243292551827  3.9320192562301322 -0.38409723768929133  3.9408432072411297 -0.39356604741316559  3.9492388697339904 -0.40337070726525898  3.9571980333577392 -0.4134768931848517  3.9647165064036538 -0.42385680734540859  3.97599451692804 -0.43942707456466223  3.9862789576145587 -0.45560771727696192  3.99556473345001 -0.47232475950477237  4.0038283875765046 -0.48944601513449015  4.0111028059727687 -0.50698437384289718  4.0173604092206006 -0.52486104394915856  4.0225885398774004 -0.54305626721674594  4.0252025718193858 -0.55215376280347594  4.0275588234036857 -0.56133029140332646  4.0296550334575407 -0.5705818169413357  4.0314880574837328 -0.57990488312364186  4.0330538676605938 -0.58929661343748296  4.0343475528419921 -0.59875471115119694  4.0353633185573443 -0.60827745931422239  4.0363790267418143 -0.61779951138186495  4.0371168980116083 -0.62738978054610495  4.0375703619673526 -0.63703867880367482  4.0377325234353529 -0.64674343470043383  4.0375955879079415 -0.6565045420291622  4.0371502869838132 -0.66632220852735469  4.0363853038083652 -0.67619280457501385 
 0.71231863139051022 8 0.74576666797292779 7 0.79593872284655409 7 0.82102475028336719 7 0.8461107777201804 8
8 0.71231863139051022 0.8461107777201804
7 0 0  7 29 5  4.9503471915014883 0.77645734841244085  4.9825436426276761 0.76037534744691371  5.0132303582399924 0.74374292900542349  5.0424776100406836 0.72666830127212534  5.0703821391098893 0.70924783356227905  5.0970559790640033 0.69156412330384254  5.1226152792140374 0.67368406301906625  5.1471691277239842 0.65565690730608561  5.1840011010062881 0.62861556566667787  5.218564042748767 0.60125234976567299  5.2512739532685373 0.57370369948239386  5.2823777793601039 0.54616643354256666  5.3122975570586277 0.5185946201245315  5.341212709863612 0.49109205514287169  5.3693714956599479 0.46366775945247379  5.3834505409077043 0.44995578578398732  5.3973395512859463 0.43626445686832993  5.4110657557232473 0.42259738064978486  5.4246551406884302 0.40895754816299096  5.4381324501905715 0.39534733353294194  5.4515211857789918 0.38176849397498736  5.4648436065432673 0.36822216979483186  5.4781651730055092 0.35467683349483231  5.4914256090074147 0.3411590917189225  5.5046368697963191 0.32768126481389359  5.5178190210146862 0.31424627832879942  5.5309956338165858 0.30085275453503874  5.5441891799841567 0.28750010394643744  5.5574164270440809 0.27419361683933124 
 0.71231863139051022 8 0.74576666797292779 7 0.79593872284655409 7 0.82102475028336719 7 0.8461107777201804 8
8 0 0.84885459442810152
7 0 0  8 96 13  3.8117762915886035 0.64680365139483087  3.8328876829165326 0.63886788893473978  3.8544027925921371 0.62990265321221561  3.8759932528259595 0.61991317436753246  3.8973369393917374 0.60895726454594967  3.9181623348950758 0.59712786271363427  3.938270402788127 0.58453543200174052  3.9575339721302574 0.57129020957865584  3.9919225446592463 0.54540438285744131  4.0072652262024349 0.53289540745117847  4.0218550833233166 0.5200144914961129  4.0356353441893589 0.50685382586380001  4.0486896314541809 0.49338219525452587  4.0609476136014564 0.4797028382163262  4.0724693069478235 0.46580945934738338  4.0832547245135009 0.45174313549304618  4.0926926552397829 0.43943479312081352  4.1015684950152043 0.42699199891820622  4.1098955231762844 0.4144325794584009  4.1176875200460312 0.40177151342856027  4.1249587669339469 0.38902093162983253  4.1317240461360152 0.37619011697735155  4.137998640934712 0.36328550450023689  4.1437983355990022 0.35031068134159377  4.1539471878164278 0.3276048407578836  4.1626305983585254 0.304702921847949  4.1699235817309734 0.28163885722809989  4.1758915129727701 0.25844038447318035  4.1805908422668514 0.23513022176403819  4.1840698095507332 0.21172724353499267  4.186369159127139 0.18824765612130387  4.1875228542746354 0.16470617340664104  4.1877391597047566 0.16029256883271595  4.1879152667876269 0.15587285976189236  4.1880509484808499 0.15146471725967103  4.1881474078036263 0.14703752603486464  4.1882042991082926 0.14259847407839743  4.1882210739227048 0.13816242950299085  4.1881984946912469 0.13371238215175971  4.1881361597422524 0.12925722754374366  4.1880191403161788 0.1209033204694252  4.1877629947948893 0.11252405450642709  4.1873675503940273 0.10411999771358879  4.1868326343292308 0.095691718149749735  4.1861580738161397 0.087239783873749394  4.1853436960703938 0.078764762944427177  4.184389328307633 0.07026722342062254  4.1832947977434962 0.061747733361174943  4.1823370526655754 0.054293713429633753  4.181271165563718 0.046820292792165111  4.1800985444822665 0.039335180083984553  4.1788173734115448 0.031832402238630868  4.1774267475207285 0.02431022830978824  4.1759276327630461 0.01677532297653515  4.1743206498532768 0.0092331297320202392  4.1726006826175643 0.0016644837555651101  4.1718481484737913 -0.00164788854297541  4.1710739215091408 -0.0049629804396988698  4.1702786409712758 -0.0082662824212873798  4.1694620864566652 -0.011561758734753369  4.168623980480195 -0.01485405080193138  4.1677643235297301 -0.018141272846632129  4.1668832616056397 -0.021418399734458759  4.165980486245271 -0.024691247025285159  4.1625951388788769 -0.036962865077072388  4.1589056307414838 -0.049144118816535118  4.154908214662238 -0.061233051773684218  4.150598708007025 -0.0732272701279158  4.1459724926784505 -0.08512394270801131  4.1410245151158511 -0.096919800992137539  4.1357492862952947 -0.10861113910784663  4.1301408817295728 -0.12019381383207607  4.1217284480840641 -0.13756745544697441  4.1125694997816602 -0.15468992005520538  4.1026426154584419 -0.17155231838623813  4.0919245764969991 -0.18813892062613746  4.080391729134786 -0.20442709490682018  4.0680213465724799 -0.22038724579531174  4.0547929910823317 -0.23598275278300282  4.0406898761165193 -0.25116990877490597  4.0336380723779772 -0.25876365635433191  4.0263681770983082 -0.26625492618355878  4.0188774867840529 -0.27363863509863295  4.011163913676401 -0.28090905546955286  4.0032259857512003 -0.28805981520026863  3.9950628467189437 -0.29508389772868254  3.9866742560247821 -0.30197364202664856  3.9780605888485181 -0.30872074259997279  3.9694476353388946 -0.31546694672616965  3.9606132743920228 -0.32206892612280169  3.9515572455021775 -0.32851793284906916  3.9422825108602377 -0.33480419389160254  3.9327952553536911 -0.34091691116446216  3.923104886566628 -0.34684426150913822  3.9132240347797436 -0.35257339669455084  3.9031685529703393 -0.35809044341705004 
 0 9 0.10610682430351269 7 0.19895029556908631 8 0.28018833292646322 8 0.42235489830187278 8 0.44901112930976206 8 0.4989915624495545 8 0.54272444144687293 8 0.56185757600819963 8 0.63360683061317513 8 0.74123071252063832 8 0.79504265347436998 8 0.84885459442810152 9
8 0 0.84885459442810152
7 0 0  8 81 11  6.2831853071795871 0.96771254437531329  6.231092902208279 0.94684615963211161  6.1828899481585937 0.92395873314835475  6.1389975576515221 0.89927402528268918  6.0993752836054353 0.87311049515934835  6.0637318155200512 0.84579946890949043  6.0316762509222288 0.81763242502181199  6.0028099419736325 0.78883739680242781  5.9767589172402396 0.75958449194402367  5.9539647869732528 0.73398959993701107  5.9333196581185526 0.70803441970896486  5.9145881277267129 0.68186096755963943  5.8975195335927193 0.65552853308408232  5.8818942917168249 0.62906860378352403  5.8675415585860868 0.60251215077399667  5.8543282182765504 0.57588927559268543  5.8421191943761022 0.54920121810200895  5.8314377611731807 0.52584933791536581  5.8215252629361061 0.50245006202348763  5.8123028073361214 0.4790090690260112  5.803699972854405 0.45552743163927434  5.795654808782059 0.43200161669631726  5.788113835220118 0.40842348514688093  5.7810320430795441 0.38478029205740838  5.7743728940812327 0.36105468661104423  5.762718478078984 0.31953511730484574  5.7523583898380775 0.27779838185756589  5.7430887543350853 0.2357782214965925  5.7347540394412349 0.19340341703907046  5.7272372255193291 0.15059627981450666  5.7204499750206654 0.10727114258737479  5.714322802081961 0.06333285047972026  5.7087952421222674 0.018675251893765382  5.7082770789165806 0.01448862804344841  5.7077641731593758 0.01029646713416099  5.7072567753784824 0.0060887591798177701  5.7067534999223426 0.0019142494292339099  5.7062577501055785 -0.00235814049614191  5.7057643552980153 -0.00652880018846247  5.705276856177079 -0.010738239530079239  5.7047938246614871 -0.014931020245403871  5.7010505366498689 -0.047434127062442558  5.6975922003273407 -0.079599504229632176  5.6944050789854286 -0.11146529017771904  5.6914785025271568 -0.14306955015797906  5.6888048674670397 -0.17445027624221762  5.6863796369310871 -0.20564538732276966  5.6842013406567986 -0.23669272911249961  5.682271574993166 -0.26763007414480133  5.6808243455307093 -0.29083201846515294  5.6795116169087123 -0.31406214844446367  5.678347488574218 -0.33713231962792634  5.6773161261808127 -0.36034173124062363  5.6764395753270946 -0.38341881346423179  5.6757090767787304 -0.406592239964084  5.6751385382885928 -0.42976809595415943  5.6747343737286675 -0.45300235257908078  5.6741281041473899 -0.4878517507862814  5.6738977721818449 -0.52282463446521388  5.6740721712438038 -0.55794652388569577  5.6746938104434523 -0.59329631393464011  5.6758187967520017 -0.62895394428641638  5.6775238958314382 -0.6649783870058168  5.6799207715314033 -0.70141595158362369  5.6831774040532101 -0.73833890740478203  5.6848047931635426 -0.75679998794527359  5.6866499415076888 -0.77538108496166003  5.6887303966881531 -0.79408961913318066  5.6910706383458551 -0.81293275382631747  5.6937020781601362 -0.83191739509479667  5.6966630598487429 -0.85105019167958751  5.6999988591678452 -0.8703375350089031  5.7037616839120293 -0.88978555919820046  5.7075258654850511 -0.90923330329468521  5.711717824167807 -0.92883342759108645  5.7163966351472775 -0.94859043069383153  5.7216296951473602 -0.96850488126591894  5.7274993914049173 -0.98857186273816178  5.7341097706458246 -1.0087794180204339  5.7415932080610146 -1.0291069942129123  5.7501170762825362 -1.0495238873173227 
 0 9 0.10610682430351269 8 0.19895029556908631 8 0.28018833292646322 8 0.42235489830187278 8 0.43568301380581742 8 0.53897590896138847 8 0.61644558032806673 8 0.73265008737808412 8 0.79075234090309277 8 0.84885459442810152 9
8 0.27304556520891143 1
7 0 0  8 110 15  3.356416383359178 -0.3448726540194208  3.350480803809988 -0.3409670636453363  3.3446264663523144 -0.33697791252136772  3.3388559397583286 -0.33290931888257974  3.3331710568047304 -0.32876500265938713  3.3275729142727393 -0.32454828547755521  3.3220618729481015 -0.32026209065819977  3.3166375576210871 -0.31590894321778712  3.2906119317321414 -0.29437171437896331  3.2712456109444474 -0.276303227923826  3.2531743530082622 -0.25744267289915967  3.2363289045479178 -0.23789047820116593  3.2206539168123527 -0.21776353491324585  3.2060850151900695 -0.19714002307644307  3.1925338482825643 -0.17602550633350897  3.1744726904516689 -0.14506797190111573  3.1691639084046317 -0.13556450602875886  3.1640389731076461 -0.12598273314965999  3.1590938811990577 -0.1163255134084019  3.1543249495716625 -0.10659536756462383  3.1497288153727165 -0.096794476993021447  3.1453024360039277 -0.086924683683346882  3.1370499599691724 -0.067671390574112117  3.1332036443713847 -0.058296110212961612  3.1295019294318891 -0.048862972932570151  3.1259428370435502 -0.039373161002292233  3.1225246238883071 -0.029827715185224091  3.1192457814371695 -0.020227534738203549  3.116105035950222 -0.01057337741181019  3.1131013484766221 -0.00086585945036522002  3.1074696136883673 0.01734566102696955  3.1023150666256991 0.035479518064000279  3.0976320075159958 0.0535237337186973  3.0934174008280344 0.071474308747651441  3.0896707243084212 0.089328190382693309  3.0863938075371506 0.10708023755085232  3.083590660002312 0.12472418353765549  3.0812672886939256 0.14225759609376584  3.080759113966292 0.14609242843849357  3.0802735406478536 0.14992509796139619  3.0798116630428636 0.15374661176101945  3.0793727628645882 0.15756329375721886  3.078956225142544 0.16138129634786275  3.0785623099796404 0.16520012660392483  3.0781917801592376 0.16901518700296633  3.0778443846021162 0.17282933070100784  3.0764982323228547 0.18760896036532454  3.0755012073429291 0.20236471558714278  3.0748632485327794 0.21709363233874643  3.0745957985197561 0.23179221428263169  3.0747118036881158 0.24645643277150681  3.0752257141790182 0.26108172684829217  3.0761534838905322 0.27566300324612025  3.0775125704776305 0.29019463638833581  3.0787017324491854 0.30290938835825371  3.0802218294195427 0.31558870202471212  3.0820825168277679 0.32821836397286575  3.0843000872373523 0.34081065604050309  3.0868870604360836 0.35335200502564135  3.0898561890369365 0.3658255127695611  3.0932256939857563 0.37823717954198943  3.0970125443815162 0.39057463365513956  3.1003261172201997 0.40136992676068323  3.1039589315137484 0.41210871862123671  3.1079229488218658 0.42278551993767632  3.1122303170803587 0.43339350403403049  3.1168933706011366 0.44392450685748019  3.1219246300722063 0.4543690269783589  3.12733680255768 0.46471622559015296  3.1331427814977704 0.4749539265095013  3.1382226973095824 0.48391167456224932  3.1436047229126447 0.49278637402157366  3.1492955538729035 0.50156818838436967  3.1553036470441942 0.51024837680663726  3.1616378220847179 0.51881807037555761  3.1683058629735181 0.52726704838156901  3.1753131195269568 0.53558251459044359  3.182661108915195 0.54374787351536358  3.1955202544377244 0.55803745804041682  3.2094220355720608 0.57186878629181592  3.2243976095924154 0.58517559099709615  3.2404026217118371 0.59784544861759059  3.2574847917421721 0.60983776672219392  3.2754793933345354 0.62099104087974411  3.2943011754559848 0.63125997217866825  3.3137734902259441 0.64057740271189267  3.3283780766241846 0.64756569878233561  3.3433499993797042 0.65402012180669211  3.3586182602082237 0.65991608023961545  3.3741071673797318 0.66524124229302328  3.3897415234256818 0.66999545908318825  3.4054527818316438 0.67418940908459435  3.4211861727154109 0.67784196389055784  3.4369087974905708 0.68097627528061522  3.4604925458788784 0.68567756500374344  3.4840507459812216 0.68921373956436582  3.5074801557639148 0.69165674353280338  3.5306715345650446 0.69310778409271734  3.5538434305344708 0.69363676556531573  3.5768721992062638 0.69328533588486607  3.5999801269881573 0.6920630113995685  3.623165914104391 0.68995708825032243  3.6463526395538404 0.68785142608293903  3.6696218586272171 0.68486190603162167  3.6930432124313235 0.68097761481894215  3.7166442185766226 0.67616247751398983  3.7404076907340515 0.67036976361296852  3.7642691581918339 0.66355659311979687  3.7881142854122807 0.65569844262670363  3.8117762915886035 0.64680365139482687 
 0.27304556520891143 9 0.29576289129613298 7 0.38379252988411638 7 0.42230549676635909 7 0.45841140321846163 8 0.52610997781615398 8 0.54091904100939914 8 0.59830416088322425 8 0.64851614077282127 8 0.69245162317621856 8 0.73089517027919126 8 0.7981713777093935 8 0.84862853328204513 8 0.92431426664102256 8 1 9
8 0.27304556520891143 1
7 0 0  8 102 14  2.0681833605235949 -1.006062595954974  2.0725511158790995 -0.99371830391050209  2.0765506789144035 -0.98141867682637218  2.0802110777387131 -0.96916916933279529  2.0835588570427404 -0.95697377749043933  2.0866180780987 -0.94483503879042718  2.0894103187603115 -0.93275403215433894  2.0919546734627983 -0.92073037793420998  2.1032323217568356 -0.86238697752991622  2.108628677245008 -0.81691972609567642  2.1115786585810383 -0.77234825069962199  2.1126326881167188 -0.72855214581431937  2.11216048822007 -0.68547479420402624  2.1104349120701045 -0.64302313989335858  2.1076163535501098 -0.60099771259094792  2.1021954174086868 -0.54113652448161953  2.1003615832887621 -0.52298896016330998  2.0983601221825796 -0.50490378538891689  2.0961927919665868 -0.48687235200114687  2.0938661451113774 -0.46888612634448223  2.0913965364992095 -0.45093665610147499  2.088800678900268 -0.43301560592576854  2.0835140776309773 -0.39833292792833169  2.080843511745313 -0.38156873275851799  2.0780648957304373 -0.36481565694294049  2.0751825767365735 -0.34806713958521796  2.0722004017844196 -0.33131667831205391  2.0691217177651384 -0.3145578292732355  2.0659493714403627 -0.29778420714163423  2.0626857094421953 -0.28098948511320576  2.056566444917435 -0.24950058858569274  2.0501219712769636 -0.21791189423358481  2.043366652699131 -0.18618167438715116  2.036310986174017 -0.15426817394437564  2.0289616015034424 -0.12212961037095628  2.0213212613009635 -0.089724173700305471  2.0133888609918711 -0.057010026533549842  2.0051594288131933 -0.023945304039530359  2.0042593167966758 -0.02032954505838552  2.0033557757075875 -0.016706884066479129  2.0024485529910776 -0.013082596651633969  2.0015377032617399 -0.0094555322804847405  2.000623385321461 -0.0058222061021466799  1.9997056591772706 -0.00218089075188416  1.9987842830591951 0.0014642918452206599  1.9978585104381084 0.0050992786705992103  1.9905685102537882 0.033731020000955181  1.9830237803242579 0.062064103554908899  1.97521731488482 0.090126921782515398  1.9671387747724582 0.11794639900697762  1.9587744874258388 0.14554799142464639  1.9501074468853097 0.17295568710502066  1.9411173137929012 0.20019200599074718  1.931780415392325 0.22727799989762065  1.9236106707517846 0.25097758693532701  1.9151732900707077 0.27456559029956895  1.9064558034621895 0.29804631543954085  1.897434979933353 0.32144194125819631  1.8880862453021945 0.34476930129264155  1.8783861790997105 0.36803263805354663  1.8683080904572904 0.39123233052357637  1.8578106729793824 0.41438959481484045  1.8394399054768655 0.45491475991252628  1.8197925450222101 0.49529691767384065  1.7986481104162522 0.53561220976553159  1.7758323476155056 0.57581242786545772  1.7509099949529627 0.61602453041996341  1.7236882890647394 0.65599886047857581  1.6934853155999008 0.69583079414314852  1.6598301082522282 0.73515210675290177  1.6345885186235924 0.76464389243768127  1.6073925859820903 0.7938624144340114  1.5780199185905455 0.82269082972984875  1.5462000815675112 0.85099509511161386  1.5116649731618077 0.87857710010515944  1.4741944782322223 0.90516708677564917  1.433657398932364 0.93045535638635057  1.3900476626006752 0.95416326291634068  1.357341401098727 0.97194334946204664  1.3229049450689558 0.98883364631879545  1.2867658860385518 1.0046992391281719  1.2489410051257437 1.019434958070633  1.2095346243313543 1.0329327292820381  1.1686981205816096 1.0451085327952114  1.1265736796977688 1.0559261617887559  1.0833453674681399 1.0653549779253364  1.0185019003301932 1.0794983315372519  0.95116249585953483 1.0905258131606388  0.88186556559230667 1.0983423775687697  0.81143153012089897 1.1030142007148243  0.73994082729041111 1.1046324396811542  0.66846437387539481 1.1033202547914698  0.59702020796476063 1.099177449828403  0.52622370573173827 1.092310244498891  0.4554262514825218 1.0854429416016085  0.38524902344983453 1.0758537749625203  0.31610588612031015 1.063643872262239  0.24842366463623883 1.0489188549592012  0.18261903652863412 1.0317991095979417  0.11907542345029914 1.0124300591173627  0.058119882908893583 0.99099243415900473  0 0.96771254437531884 
 0.27304556520891143 9 0.29576289129613298 7 0.38379252988411638 7 0.42230549676635909 7 0.45841140321846163 8 0.52610997781615398 8 0.53351450941277656 8 0.59182519573617953 8 0.64284704626915712 8 0.73213528470186784 8 0.79910146352640088 8 0.84932609764480071 8 0.92466304882240036 8 1 9
8 0.14778027045674441 0.50771008208085366
7 0 0  7 70 11  2.6960017051542526 -0.96709159879725459  2.6912113542030909 -0.96276663289301567  2.6865963899971201 -0.95841992534644327  2.6821538665775946 -0.95405384311079633  2.6778808379857693 -0.94967075313933391  2.673774358262897 -0.94527302238531519  2.669831481450232 -0.94086301780199932  2.6623853011595409 -0.93216141808989583  2.6588709117960598 -0.92786856190519174  2.6555071875961533 -0.92357235296172546  2.6522852418899157 -0.91926563100936876  2.6492042219219587 -0.91495280257416722  2.6462692590442072 -0.91064718163036729  2.6434693544194943 -0.90633912874497813  2.6326218116842028 -0.88964826502331107  2.6238205773279333 -0.87294531895850014  2.6168725250208809 -0.85626036728626786  2.6116737481715973 -0.83971637637478125  2.6080605470961018 -0.82330250769427948  2.6059524117536057 -0.80709668555311964  2.6052507002319563 -0.79111615948432568  2.6040230147851489 -0.76315117731854898  2.6071105923822091 -0.73588380971405543  2.6140387665341871 -0.70950431763172417  2.6244989789672348 -0.68415180861200042  2.638275500725253 -0.65998531066020405  2.655153589393346 -0.63718355354139156  2.6748090824420774 -0.61587345748477185  2.6821797953840529 -0.60788227270592432  2.6899428070090408 -0.60009948116777445  2.6980789607813938 -0.59253385845182494  2.7065707458673387 -0.58519008581462273  2.7153999878441866 -0.5780703328819633  2.7245455394095424 -0.57117584034309499  2.7339809710905145 -0.56450850264492314  2.7422370048553537 -0.55867446138578924  2.7507156227137108 -0.55301397638169858  2.7594006551731836 -0.54752655704458941  2.7682756855734314 -0.5422103790455195  2.7773240500861798 -0.53706228431466585  2.786528837715216 -0.5320777810413253  2.7958728902963892 -0.52725104367391407  2.7999609298452302 -0.5251393377863286  2.8040756405805456 -0.52305792266634232  2.8082156045373581 -0.52100627227374219  2.8123794037506924 -0.51898386056831447  2.8165656202555702 -0.51699016150984567  2.8207728360870155 -0.51502464905812262  2.8249996332800502 -0.5130867971729316  2.82896226906416 -0.51127002144959166  2.8329421048391872 -0.50947753484286362  2.8369379977168756 -0.50770883259760224  2.8409488048089693 -0.5059634099586614  2.8449733832272139 -0.50424076217089575  2.849010590083354 -0.50254038447915927  2.8530592824891339 -0.50086177212830618  2.8834156657996197 -0.48827606233496007  2.9156432419557277 -0.47640294955599521  2.949517217420992 -0.46514092115917144  2.9847452878658323 -0.45429592220746223  3.0210005011030403 -0.44364395331317041  3.0579541200232643 -0.43299366849204357  3.0953084855304867 -0.42224897301738951  3.1326629551267615 -0.41150418945403544  3.1704224510067434 -0.40066304039510214  3.2082777245414036 -0.38962998009765215  3.2460127623708104 -0.37837394518101064  3.2833372388849966 -0.36702749225855769  3.3201973096347501 -0.35576646078550311  3.3564163836150382 -0.34487265434061071 
 0.14778027045674441 8 0.15902807706999783 6 0.16992438972658708 7 0.2121476012708704 7 0.28603822147336622 7 0.31374720404930212 7 0.33799256380324605 7 0.34859990869559654 7 0.35854429453217512 7 0.43312718830651442 7 0.50771008208085366 8
8 0.14778027045674441 0.50771008208085366
7 0 0  8 78 11  0.84250311931823763 -0.073035966095590418  0.84991140975626156 -0.069300409508360125  0.85730007091336202 -0.065517420365572038  0.86466945296744968 -0.061688002864675219  0.87201990609643598 -0.057813161203118843  0.8793517804782327 -0.053893899578352021  0.88666542629075062 -0.04993122218782392  0.89396119371190086 -0.045926133228983632  0.908289954739537 -0.037959800649974527  0.9153264223702452 -0.03399972902278247  0.92234249417390191 -0.03000437641419031  0.92934556762676435 -0.025970514214069599  0.93633842505474263 -0.021897645613319871  0.94331435253564611 -0.017790933516273349  0.95026573196809416 -0.013656141557861431  0.96056758008910725 -0.0074664927431264501  0.96392575315476114 -0.0054409359887041603  0.96728069031606478 -0.00340591403389893  0.97063271818947061 -0.00136141280505418  0.97398225390169857 0.00069030714565886  0.9773296337955576 0.00274642586913443  0.98067494213577022 0.0048052792482252901  1.0103433662874177 0.02311387427926323  1.0365350830502624 0.039603411503006267  1.0626410733729224 0.056283614105296302  1.0887124199726905 0.073105508112578085  1.1148032050145564 0.090024217370309925  1.1409705101112089 0.10699896354296377  1.1672744163230342 0.12399306611402507  1.1937780041581163 0.14097394238599284  1.2401611858854635 0.17069110397015427  1.2871491276009124 0.20036151651793688  1.3350863537237956 0.22980499418667932  1.38428388160537 0.25883661653142553  1.4350967528271212 0.28728910263674834  1.4878494807072684 0.31497744716457987  1.5427519881468679 0.34168692416193236  1.5999486099469167 0.36726556447239289  1.6428448467886483 0.38644906341914975  1.68704512725526 0.40500067982247856  1.7325186348316493 0.42282024884116254  1.7795262551371707 0.43994347029365599  1.8277089078183053 0.45619311608243152  1.8772989628487267 0.47168349632011086  1.9281080996324818 0.48637860189433013  1.9801232840472844 0.5003448070300095  1.9898759477724075 0.50296342831401508  1.9996707341403908 0.5055562206924108  2.0095072208870355 0.50812353387254794  2.0193849857481427 0.51066571756177825  2.0293036064595102 0.51318312146745315  2.0392626607569393 0.51567609529692426  2.0492617263762289 0.51814498875754289  2.05930038105318 0.52059015155666089  2.0640054158341523 0.52173650014403605  2.0687211120521924 0.52287707702378416  2.0734439678298848 0.52401295303593709  2.0781741975066632 0.52514405790016183  2.0829136213163157 0.5262698496311351  2.0876635550644922 0.52738998395392034  2.0924226998062125 0.52850498371934373  2.0971850315233733 0.5296169083193708  2.1709578716902262 0.54685578388253975  2.2433616113323565 0.5635025914993953  2.3142668686487298 0.57962967695021195  2.3836067559222278 0.59539436286162228  2.4513848388895005 0.61100271145426377  2.5176830961108094 0.62667328729042859  2.582669878339872 0.64260092002171243  2.6466078678937133 0.65892046713666375  2.7105450592944846 0.67523970304500613  2.773436274910182 0.69195158547560709  2.8355205168002158 0.70918530382692779  2.8971849783993093 0.72703017723733865  2.958811590968935 0.74546312972660189  3.0208895464827492 0.76436717544908106  3.0840888202366181 0.78354906253639134  3.148989716473825 0.80266422400720461 
 0.14778027045674441 9 0.15902807706999783 7 0.16992438972658708 7 0.17520229116962249 7 0.2167657650335264 8 0.28950184429535819 8 0.34405390374173206 8 0.35428241488792717 8 0.35907702948770615 8 0.4333935557842799 8 0.50771008208085366 9
8 0.30485808539153664 0.47919536187288159
7 0 0  8 78 11  1.8557957086988159 -1.2721636025842249  1.8694448885341106 -1.2497724894639104  1.8839321391532053 -1.2281377680711545  1.8992472081328062 -1.2072845438272892  1.9154289066969212 -1.1872344560413077  1.9325427087789897 -1.1680165336042103  1.9506676712556326 -1.1496711852071257  1.9698926753520187 -1.1322473240832105  1.9979828795368673 -1.1096220819854443  2.0058133195785466 -1.1035877488871186  2.0138183550962609 -1.097692516172859  2.0220030318423734 -1.0919392720371754  2.0303723955692456 -1.0863309046745777  2.0389314920292412 -1.0808703022795765  2.0476853669747226 -1.0755603530466822  2.0605562239758761 -1.0681479545923516  2.0645116119313025 -1.0659213357819466  2.0685055838354054 -1.0637242966991658  2.0725384934992559 -1.061557045303984  2.0766106947339282 -1.0594197895563759  2.0807225413504953 -1.0573127374163171  2.0848743871600304 -1.0552360968437831  2.091031831646271 -1.0522310093463318  2.0930044238512076 -1.0512785366906967  2.0949902901053781 -1.0503331870522115  2.0969825101247217 -1.049394459730739  2.0989761166220098 -1.0484619961677535  2.1009733534791861 -1.0475359977488023  2.102979391294209 -1.0466168893463164  2.1049885003023827 -1.0457042286027673  2.1205622796689703 -1.0386312411102865  2.1364373892200037 -1.0319555550172164  2.1526146183227906 -1.0256836369888829  2.1690810799048323 -1.0198226018660856  2.1858230076116949 -1.0143755482482553  2.2028296000632852 -1.0093398126209838  2.2200879122085335 -1.0047081420279271  2.2375687937784776 -1.0004727852870761  2.2637906734180433 -0.99411959800499972  2.2905178346554749 -0.98865640435542446  2.3176893126510549 -0.98404816878610291  2.3452081861323677 -0.98023624248162378  2.3730797052558046 -0.97713882259267848  2.4011198017833522 -0.97467472737844218  2.4293739837121393 -0.97274309011254445  2.4577583294685041 -0.97125749295072439  2.4648546501837436 -0.97088610041551282  2.4719594901834374 -0.970542496453356  2.4790722055324199 -0.97022530252681305  2.4861921522955228 -0.96993314009844289  2.4933186865375814 -0.96966463063080388  2.5004511643234277 -0.96941839558645471  2.5075889417178949 -0.96919305642795373  2.5147313747858164 -0.96898723461785963  2.5174098401034279 -0.96891006077104536  2.5200890282855828 -0.96883564465608885  2.5227680323533059 -0.96876391703996889  2.5254491125712906 -0.96869477306332952  2.5281313136245518 -0.96862817064588791  2.5308109374512391 -0.96856410844473606  2.5334888717316013 -0.96850248336553924  2.5361847740331114 -0.96844282762662715  2.5385425836275832 -0.96839065273532154  2.5409109350868433 -0.96834006709215292  2.543285412571481 -0.96829112199727208  2.5456716580687431 -0.96824369263853383  2.548070880621006 -0.96819773804972453  2.5504761939525529 -0.96815336151195375  2.5528797824946894 -0.96811067139820528  2.555290895809168 -0.96806944246104887  2.5721653197632737 -0.96778079092992408  2.5892611443489288 -0.96756719195075636  2.6065702020653561 -0.96741530604765025  2.6240839479961866 -0.96731146387596334  2.6417934598094606 -0.96724166622230856  2.6596894377576255 -0.96719158400455074  2.6777622046775362 -0.96714655827180884  2.6960017059904575 -0.96709160020445506 
 0.30485808539153664 9 0.34844240451187292 7 0.36478652418199897 7 0.37193707653767916 7 0.37528889795440423 8 0.40126551393402354 8 0.44023043790345256 8 0.44997166889580986 8 0.45362463051794383 8 0.45682097193731108 8 0.47919536187288159 9
8 0.30485808539153664 0.47919536187288159
7 0 0  8 73 10  0.85255386591317794 -0.013601603602084421  0.8625369586952617 -0.01094434601120645  0.87251837724873371 -0.0082419651296505893  0.88250036730927572 -0.0055041406958088804  0.89248349739215527 -0.0027237369559684  0.90246906656018056 9.9998507152959995e-05  0.91245969784901659 0.0029551628549060998  0.92245811734986527 0.0058278529822455597  0.93246411894950942 0.0087297474162996193  0.96998742766493584 0.01960930593511442  1.0076221811374559 0.030836142067572021  1.0454733586054732 0.042305522309268921  1.0836269162668293 0.053904609133912873  1.1221717821756556 0.065517682358649409  1.1612030453756699 0.077028615823696411  1.2008063392699193 0.088320609386287094  1.2410234192269722 0.099273176228921081  1.2561046612532942 0.10338031384901418  1.2712719324989687 0.10743980382919668  1.2865279215927909 0.11144529041821145  1.3018745862123353 0.11539058540483425  1.3173131530839526 0.11926966811787401  1.332844117982771 0.12307668542617237  1.3484672457326967 0.12680595173860401  1.3641815702064142 0.13045194900407656  1.3916798997142905 0.13683208311317685  1.4194502299505984 0.14295639029660379  1.4476722588005941 0.14883650396950543  1.4760487815074157 0.15438071667085751  1.5049334519571858 0.15964542562051065  1.5339843219808245 0.16454572473548978  1.5633933965009419 0.16911374556502778  1.5930508674370563 0.17332860636822867  1.6375400873403123 0.17965140998819606  1.6826170736057975 0.18518636261114807  1.7282283254171489 0.18992101844742137  1.7741946310998173 0.19387407379144861  1.8206344561331207 0.197110417575459  1.8672364957237733 0.19969515500042689  1.9141291761934554 0.20172654659893396  1.9612463725192131 0.20329130077615765  1.9730259547147728 0.20368249461948806  1.9848198346871548 0.20404456288434628  1.9966279727798586 0.20437891607887759  2.0084503293363838 0.20468696471122746  2.0202868647002288 0.20497011928954156  2.0321375392148933 0.20522979032196517  2.044002313223876 0.20546738831664368  2.0558811470706764 0.20568432378172274  2.0603357202904391 0.20576541745912416  2.0647923364102008 0.20584381918030598  2.0692509954299614 0.20591952894526827  2.0737116973497201 0.20599254675401077  2.0781744421694777 0.20606287260653369  2.0826392298892333 0.20613050650283696  2.0871060605089875 0.20619544844292059  2.0915749340287402 0.20625769842678457  2.0954861983499895 0.20631236866381153  2.0994021255584219 0.20636525033093012  2.1033148640683876 0.20641645425951877  2.107224884411163 0.20646605162317325  2.1111362192570517 0.20651407891978527  2.1150517034374885 0.20656054295362186  2.1189682139671406 0.20660542581740443  2.1228719100660136 0.20664868987438775  2.1502028196549841 0.20695166161948081  2.1771391276958587 0.20717545228639853  2.2036844952775474 0.20733394835642974  2.2298441320570626 0.20744144315297394  2.2556247962595211 0.20751263684154142  2.2810347946781411 0.20756263642975331  2.3060839826742439 0.2076069557673412  2.3307837641772529 0.2076615155461474 
 0.30485808539153664 9 0.31575416517162069 8 0.35661446434693589 8 0.3719370765376791 8 0.39875164787147976 8 0.43897350487218068 8 0.4490289691223559 8 0.45279976821617163 8 0.45609921742326037 8 0.47919536187288159 9
8 0.097803937110274089 0.29184799947982171
7 0 0  7 64 10  0.78570856593461447 -1.1155262215215347  0.80912748343302121 -1.1128812396096817  0.83212984393587852 -1.1101940923321911  0.85472137111974911 -1.1074933915482326  0.87691090392781512 -1.1048093526419709  0.89871039656987872 -1.1021737945225663  0.92013491852236062 -1.0996201396241754  0.94120265452830165 -1.0971834139059495  0.9780720196446282 -1.0929188930732607  1.0138383991761657 -1.0890123790413782  1.0485740233798424 -1.0856522214598954  1.0823631324383314 -1.0830299179451686  1.1153188067692099 -1.0813429024392462  1.1474587011789481 -1.0807526745093128  1.1788823281434171 -1.0813532340643688  1.2024488772467521 -1.0818036398343338  1.2256142062979052 -1.0829246021376093  1.2483871794356673 -1.0847548988422204  1.270830679915889 -1.0873171547500533  1.2929551869438001 -1.0906039680794493  1.3148300628411107 -1.0945900861415794  1.3365129532437503 -1.0992358406366154  1.352775090348491 -1.102719829855308  1.3689289283719202 -1.1065756588037294  1.3850025301325739 -1.110785090795158  1.4010270648030996 -1.1153278016371808  1.4170368079102584 -1.1201813796316933  1.4330691413349221 -1.1253213255748997  1.4491645533120743 -1.1307210527573142  1.4612365454681053 -1.1347711769860966  1.473345103612985 -1.1389683154893793  1.485507926281274 -1.1433020288802211  1.4977434847915119 -1.1477617849940775  1.5100710232462149 -1.1523369588888037  1.5225105585318772 -1.1570168328446546  1.5350828803189718 -1.1617905963642823  1.544512487548664 -1.1653709506157435  1.5540161522657125 -1.1690041171107606  1.5636033609058178 -1.1726856050922865  1.5732835999046801 -1.1764109238032732  1.5830663556980002 -1.1801755824866729  1.5929611147214777 -1.183975090385438  1.6029773634108135 -1.1878049567425204  1.6067332517736101 -1.1892410348590665  1.6105078214484163 -1.1906819567308911  1.6142982811982083 -1.1921262187305888  1.6181062897882601 -1.1935740132114623  1.6219349962145571 -1.1950260960608925  1.6257860799322097 -1.1964826542537084  1.6296567910838751 -1.1979421734055591  1.6364322706208441 -1.2004969911420176  1.6432576056786274 -1.203057078949314  1.6502077788500173 -1.2056482130210497  1.6572304984638322 -1.2082479350065114  1.6643590900148411 -1.2108660531075657  1.671586901686851 -1.2134971834316275  1.6789191391726068 -1.2161403305529672  1.7009158238082065 -1.2240698699393966  1.7238528230944496 -1.2321072169357155  1.7478224364594763 -1.2402088446193358  1.7729213444382188 -1.2483231917419622  1.7992396254632159 -1.2563933855559835  1.8268497726554302 -1.2643599646408656  1.855795710615064 -1.2721636017295419 
 0.097803937110274089 8 0.12205944490646753 7 0.16450658354980607 7 0.19634193753231 7 0.22021845301918791 7 0.23812583963434636 7 0.2515563795957152 7 0.25659283208122852 7 0.26540662393087683 7 0.29184799947982171 8
8 0.097803937110274089 0.29184799947982171
7 0 0  8 70 10  0.91563631558982983 -0.040356775532686739  0.9343388030106845 -0.038635177562107083  0.95323347517498669 -0.036878288733320892  0.97232633903007193 -0.03509875360854748  0.99162355062876839 -0.03331039069597895  1.0111314151293975 -0.03152819244978023  1.0308563867957736 -0.02976832527008906  1.0508050689972042 -0.028048129503016009  1.106297918597241 -0.023477374549853301  1.1423137263086256 -0.0207471364013917  1.1790374766615039 -0.018293731172480579  1.2164954030255331 -0.01622413135816712  1.2546880012530335 -0.01464866353921512  1.2935705494569538 -0.01367109201230335  1.3330602791349331 -0.01337407828253202  1.4030773296841299 -0.0141195348713017  1.4333783856474329 -0.01484632216871328  1.4639242905608358 -0.015998873106079069  1.4946699876148353 -0.01758505541154395  1.5255675107474684 -0.01959956517475105  1.5565660817588862 -0.02202398456728661  1.5876192319519944 -0.024829441854609061  1.6420082588042157 -0.030345813274670029  1.6653299482924702 -0.032905639115771927  1.6886508321795446 -0.035645378921206929  1.7119597816912673 -0.03854840919358106  1.7352477238636757 -0.041597455239667701  1.7585076415430148 -0.044774591170407517  1.7817345733857355 -0.048061239900908458  1.804925613858497 -0.051438173150445798  1.8223196216078841 -0.053971552367790901  1.839694285349438 -0.056555809715786977  1.8570492049892942 -0.059183872053991719  1.8743839804335889 -0.061848666241962849  1.8916982115884589 -0.064543119139258059  1.9089914983600411 -0.067260157605435009  1.9262634406544727 -0.06999270850005139  1.9435136383778902 -0.072733698682664896  1.9564512938677152 -0.074789938815449111  1.9693768547416908 -0.076851011941413208  1.9822901089079301 -0.078914465067810066  1.9951908442745505 -0.080977845201892551  2.0080788487496686 -0.083038699350913556  2.0209539102413996 -0.085094574522125946  2.0338158166578597 -0.087143017722782615  2.0466643559071653 -0.089181575960136414  2.0514821082941102 -0.089946041053225803  2.0562995725315671 -0.090709416120135347  2.0611137433383657 -0.091471114885686544  2.0659248098647329 -0.092231057806446928  2.0707345535027439 -0.092989418896622045  2.0755447456967651 -0.093746372553947369  2.0803555457539056 -0.094501840385580349  2.0851638986544634 -0.095255238033992273  2.089373003665969 -0.095914434297128537  2.0935667607409414 -0.096572689032882408  2.0978118045459269 -0.097227884136373177  2.1019849074218655 -0.09788469149498269  2.1061636572412681 -0.09854017414363625  2.1103328461467754 -0.099194597626819814  2.1144809348497802 -0.099848469620837932  2.1186175075205926 -0.10050127650622541  2.1475710992229411 -0.10507103332009235  2.175831473900034 -0.10959400436706186  2.2033871278841728 -0.11404013913106435  2.2302162957131775 -0.11837919258397481  2.2562894836205833 -0.12258217130032169  2.2815720030258562 -0.12662277957199627  2.3060265040245893 -0.13047886552296181  2.3296155088787098 -0.1341338672239627 
 0.097803937110274089 9 0.12205944490646753 7 0.16450658354980607 7 0.19634193753231 7 0.22021845301918791 8 0.23812583963434636 8 0.2515563795957152 8 0.25659283208122852 8 0.26099972800605264 8 0.29184799947982171 9
8 0 0.82485995143781887
7 0 0  7 57 9  0 -0.7099471952268992  0.054439584063096402 -0.71804837081723194  0.10845299063702843 -0.72528636037350214  0.16178346918617642 -0.73166331315310829  0.21417268506238535 -0.73725825545081747  0.26536482464004635 -0.74224371203475648  0.31511070045117889 -0.74690232758240449  0.36317185632051169 -0.75164348811658566  0.39921630701041455 -0.75519887076190173  0.43431232992344349 -0.75879947515156643  0.46834308862782692 -0.76261386226771521  0.50120262381420033 -0.7668449106786609  0.5327433708564675 -0.77172715076635867  0.5627747454913945 -0.77749431932639756  0.59111279761693469 -0.78431713454051433  0.61236623835782211 -0.78943413910792515  0.63266641749032715 -0.79514538039256877  0.65192315873173357 -0.80151712276801845  0.67008397107747442 -0.80861369128160732  0.6870459579213275 -0.81643803397673764  0.70280373927369055 -0.82498860358089132  0.71732931840947367 -0.8342295149155482  0.72822363459128314 -0.84116013764182362  0.73842744066892541 -0.84848057038783431  0.74793315206192035 -0.85617630814184664  0.7567417867232048 -0.86422909015648286  0.76485922036148246 -0.8726180919637514  0.77229244166357269 -0.88132111739007635  0.77904580751676034 -0.8903157905713277  0.78917552702099958 -0.90380729509291147  0.79777429617854845 -0.91795270325198053  0.80486663589828467 -0.9326838119253742  0.81046171498122999 -0.94793175483024217  0.81454649786251454 -0.96362865301435652  0.81707889235334463 -0.97970926534642189  0.81798089738296664 -0.99611263900638725  0.81843188010579948 -1.004314051501767  0.81847517190698427 -1.0125969817359537  0.81810095025220553 -1.0209526399968225  0.81729702468215726 -1.0293719702354729  0.81604883681254192 -1.0378456500662296  0.81433946033407167 -1.0463640907666423  0.81214960101246814 -1.0549174372774857  0.81105449021851606 -1.0591940486873328  0.80983959717405796 -1.0634793570703811  0.80850217058666729 -1.0677719757713251  0.80703945916391717 -1.0720705181348591  0.80544871161338016 -1.0763735975056778  0.80372717664262916 -1.0806798272284759  0.80187210295923694 -1.084987820647948  0.80001612622122764 -1.0892965910513712  0.79801894665080564 -1.0936258677467769  0.79587466600138712 -1.097974118616404  0.79357738602638872 -1.1023398115424927  0.79112120847922618 -1.1067214144072806  0.78850023511331602 -1.1111173950930071  0.7857085676820742 -1.1155262214819117 
 0 8 0.20621498785945472 7 0.36087622875404574 7 0.47687215942498906 7 0.56386910742819651 7 0.69436452943300764 7 0.75961224043541331 7 0.79223609593661615 7 0.82485995143781887 8
8 0 0.82485995143781887
7 0 0  8 73 10  0.37830637889540547 0.071321247610902402  0.42844883473903494 0.061734031486892119  0.47877730399663798 0.053058746691476907  0.52937347687030467 0.045281858418876428  0.58032755191866059 0.038339862152237121  0.63173733610400951 0.03211176273763873  0.68370734483947682 0.026411553458101159  0.73634790203615341 0.020980695107591051  0.78977424015023867 0.01548059506502855  0.80980860288203338 0.013418726825628641  0.82995264488118314 0.01134597749960946  0.85021185058391235 0.0092476672973055597  0.87059111106135445 0.0071045870559864098  0.89109445940188803 0.0048950893317387797  0.91172480609347273 0.0025971794913492198  0.93248367440598512 0.00019060680418637999  0.95337093577355392 -0.0023410444659164998  0.98992418435454965 -0.0067706203258381904  1.0268645389078301 -0.01158137352001631  1.0642197969500558 -0.01689049279434585  1.1018827419902664 -0.022794590846615389  1.1399512396092177 -0.029416847866514221  1.1781934921746142 -0.036805199413834089  1.2165967468581584 -0.044997414435982819  1.2550400328970983 -0.053976543173329117  1.2838728475579475 -0.06071106313436541  1.3127289148562042 -0.067887494222896042  1.3415677400487267 -0.075500917575391041  1.3703530365744947 -0.083532343328128977  1.3990549791446545 -0.091952001454084359  1.4276524568325637 -0.10072263259981494  1.4561353261638346 -0.10980277892234915  1.484506664206376 -0.11915007492607341  1.5270646343669796 -0.13317160002998207  1.5693588993126468 -0.14778998966539802  1.6114688570232829 -0.16289107666125346  1.6532562201755354 -0.1782547299626458  1.6950904703844571 -0.19384638526753406  1.7368932351091644 -0.20947863151695856  1.7788744108020182 -0.2250738451732559  1.8211321572593333 -0.24052468780806294  1.8422619975109071 -0.2482504458461241  1.8634594897452261 -0.25593957227748781  1.884745258808417 -0.2635815721762142  1.906136011085936 -0.27116508112959964  1.9276457226233283 -0.2786783263955312  1.9492868272469952 -0.2861095880598406  1.9710714046849545 -0.29344766019365853  1.9930123686876071 -0.30068231201076906  2.0039827209814014 -0.30429969162229886  2.0149924443482283 -0.30789117285920958  2.0260427443520252 -0.31145547530502332  2.0371348265567288 -0.31499131854326218  2.048269896526278 -0.31849742215744836  2.0594491598246081 -0.32197250573110386  2.0706738220156553 -0.32541528884775095  2.0819450886633581 -0.32882449109091155  2.0847621347314202 -0.3296768561841768  2.0875871748107784 -0.33052668691610165  2.0904010405965892 -0.33137573552451727  2.0932340654762811 -0.33222089349965245  2.0960717597438361 -0.33306385827270901  2.0988929121663205 -0.33390701626430541  2.1017170124017071 -0.33474840315869797  2.1045378887670263 -0.33558860226968928  2.1130003803265591 -0.33810919998673128  2.1214385906290976 -0.34061797316799941  2.1298528103402008 -0.34311424780233041  2.1382433301254262 -0.34559734987856044  2.1466104406503326 -0.34806660538552625  2.1549544325804786 -0.35052134031206428  2.1632755965814221 -0.35296088064701109  2.1715742233187214 -0.35538455237920324 
 0 9 0.20621498785945472 8 0.28354560830675024 8 0.41887419408951743 8 0.52037063342659273 8 0.67261529243220575 8 0.74873762193501237 8 0.78679878668641567 8 0.79631407787426645 8 0.82485995143781887 9
8 0.59000000000000341 6.3599999999999994
7 0 0  1 2 2  1.5900000000000034 -1.9180778112523034  7.3599999999999994 -1.9180778112523034 
 0.59000000000000341 2 6.3599999999999994 2
8 0.59000000000000341 6.3599999999999994
7 0 0  2 3 2  5.5161912993177031 0.59000000000001762  5.516191299317704 3.4750000000000156  5.5161912993177031 6.3600000000000065 
 0.59000000000000341 3 6.3599999999999994 3
8 4.4e-16 4.1638443774953933
7 0 0  1 2 2  7.3599999999999994 -1.9180778112523034  7.3599999999999994 -6.0819221887476971 
 -4.4e-16 2 4.1638443774953933 2
8 4.4e-16 4.1638443774953933
7 0 0  1 2 2  -4.4e-16 0.16970562748477391  4.1638443774953933 0.16970562748477391 
 -4.4e-16 2 4.1638443774953933 2
8 0.59000000000000341 6.3599999999999994
7 0 0  1 2 2  1.5900000000000034 -6.0819221887476971  7.3599999999999994 -6.0819221887476971 
 0.59000000000000341 2 6.3599999999999994 2
8 0.59000000000000341 6.3599999999999994
7 0 0  2 3 2  0.76699400786187488 0.59000000000000341  0.76699400786187488 3.4750000000000019  0.76699400786187488 6.3599999999999994 
 0.59000000000000341 3 6.3599999999999994 3
8 0 4.7491972914558538
7 0 0  2 5 3  0.76699400786187488 6.3599999999999994  1.9542933307258283 6.3599999999999914  3.1415926535897936 6.3600000000000065  4.3288919764537388 6.3599999999999959  5.5161912993177031 6.3600000000000065 
 0 3 2.3745986457279269 2 4.7491972914558538 3
8 0 4.7491972914558538
7 0 0  2 5 3  0 0  1.1872993228639634 1.35e-15  2.3745986457279269 0  3.561897968591885 1.43e-15  4.7491972914558618 -9.4500000000000001e-15 
 0 3 2.3745986457279269 2 4.7491972914558538 3
8 0.34335238790913436 1
7 0 0  7 42 7  2.1715742267672655 -0.35538455292928878  2.1684205638616731 -0.39082456356231887  2.1664756807876984 -0.42634490631280642  2.1658434231721913 -0.46200997089545126  2.1666554553376045 -0.4978239366928392  2.1691081257340556 -0.53390753321446027  2.1734442722658969 -0.57021246442934626  2.1849744967353857 -0.63424366692597978  2.1911800304313016 -0.66183472977179136  2.1988106578537554 -0.68959172921579792  2.2080408475042401 -0.71748418681150794  2.2191006645203482 -0.74548930034307304  2.2322786841110891 -0.77357583633600946  2.2478854239439499 -0.8016171266246187  2.2595896513456903 -0.82264780923672487  2.2726622619963583 -0.84365420567034388  2.2872282095557881 -0.86458899990521687  2.3034353608412386 -0.88539003527158189  2.3214329711964061 -0.90597549929445886  2.3413501598604372 -0.92623910853793368  2.3632743853369402 -0.94604529344944299  2.3797174550321993 -0.96090044919031692  2.3972920019951807 -0.97550140373123539  2.4160296698913561 -0.98979256757037803  2.4359676405695478 -1.0037217852541613  2.4571077198906033 -1.0172258381171722  2.479418199127005 -1.0302377953752333  2.5028784919334197 -1.042716213571601  2.5380690367194352 -1.0614334849995675  2.5758265051906295 -1.0789402941789572  2.6160436059710395 -1.0950657784361673  2.658463497592233 -1.1096622263693396  2.702778174928036 -1.1226454412353633  2.7486734047620138 -1.1339908657634039  2.7958202104877055 -1.1436854683949609  2.8429670864117367 -1.1533800844753419  2.8913674982186097 -1.1614262415647221  2.9407190388261761 -1.1678176644408853  2.9906936424387953 -1.1725736000293441  3.0410054185676927 -1.1757207737589559  3.0914038926961878 -1.1772837444903312  3.1415926535897931 -1.1772836580170354 
 0.34335238790913436 8 0.50751429093185085 6 0.6306357181988882 7 0.72297678864916615 7 0.79223259148687464 7 0.89611629574343732 7 1 8
8 0.34335238790913436 1
7 0 0  8 39 6  0.91563631225968067 -0.04035677521787101  0.90602175937878315 -0.072483067760547221  0.89559867240134849 -0.10414383320055265  0.88430722267287365 -0.13537458443794037  0.87209022038086914 -0.16617577785473259  0.85885822112481947 -0.19657423467668877  0.84451050582120502 -0.22657653271467382  0.82894898138478335 -0.25613497621418552  0.79932676971409855 -0.30708021196051971  0.78586827678838378 -0.32865535109754646  0.77158269559422732 -0.34996367441679965  0.75641494244475138 -0.37097537408871117  0.7403012352647218 -0.39165551603749754  0.72316618562844226 -0.4119673772124296  0.70493447279297783 -0.43186293308289914  0.67102451444421185 -0.4658085438353915  0.65584653388220282 -0.48007717413215079  0.64000207567878953 -0.49403581618050041  0.6234713846756742 -0.50764923944455476  0.60624100387710067 -0.520878210263092  0.58830874540879885 -0.53368014919304096  0.56968866147693187 -0.54600978835296909  0.55041601532704199 -0.55781982876656999  0.52150547947758241 -0.5755360895159356  0.4911273891093515 -0.59208481013411074  0.45935220301544177 -0.60733992381210555  0.42641037674547988 -0.62113563624006929  0.39254655764671043 -0.63340924781368813  0.35804678286967828 -0.64415417642339889  0.32314099911172889 -0.65342942628103629  0.287952006823677 -0.66132095852300499  0.25276263909947894 -0.66921265523886186  0.21728865346546369 -0.6757207546362417  0.18166501464950841 -0.68093006296889247  0.14592565548874906 -0.68495181595221777  0.11001899438734038 -0.68788846216805832  0.073829790859965619 -0.68981369547435989  0.037207339161096087 -0.69076773641971811  0 -0.69076786266280521 
 0.34335238790913436 9 0.50751429093185085 7 0.6306357181988882 7 0.72297678864916615 8 0.86148839432458302 8 1 9
8 0 0.94654257787193041
7 0 0  8 81 11  3.1415926535897927 -1.1772836580170376  3.1916112277219466 -1.1772838606997849  3.2418109174674594 -1.1757630502742835  3.2919653721212656 -1.1727035742691314  3.3418200910994567 -1.1680808866808789  3.3911012067442168 -1.1618701296290965  3.4395242671287511 -1.1540527150114419  3.4868030188622066 -1.1446229061587305  3.5326581898946046 -1.1335943994900035  3.5727789658858611 -1.1239445769737595  3.6117986383774632 -1.1130772334561982  3.6495218794562501 -1.1010005050162122  3.6857516571346887 -1.0877489481085629  3.7203059061719879 -1.0733819289326152  3.7530341988952114 -1.0579820128010751  3.7838344160203889 -1.0416533535087225  3.8126694174736291 -1.024520082701148  3.8631307713621936 -0.99453577987833341  3.9075921007824945 -0.96205537014247966  3.9457093923119828 -0.92780660092103062  3.9779966000642162 -0.89228999736951664  4.0049152899009641 -0.85641990721342154  4.0274791455012746 -0.82020867536084552  4.0461644313763827 -0.78403282891213166  4.0615643660631982 -0.74797409762385658  4.0731139033243684 -0.72092963632546558  4.0828123553006641 -0.69395111952616129  4.0908897034293137 -0.66708220727462031  4.0975387761967887 -0.64034937990046303  4.1029200372649388 -0.61376427070148631  4.1071663735971073 -0.58732599863089796  4.1103878835842638 -0.56102350098454945  4.1126766651711302 -0.53483786608817008  4.1143928017130493 -0.5151984646305181  4.1155848343321182 -0.49562961630069258  4.1162896018169111 -0.47612524027942554  4.1165397701807089 -0.45667904993304509  4.1163638326615137 -0.43728455281347706  4.1157861097220323 -0.41793505065824332  4.1148267490496844 -0.39862363939046319  4.1135017255566053 -0.37934320911885283  4.1130048825191743 -0.37211303804484702  4.1124569177885411 -0.36488723795881428  4.11185861155976 -0.35766542043044897  4.1112107440278738 -0.35044719702944516  4.1105140953879342 -0.34323217932549699  4.1097694458349903 -0.33601997888829854  4.1089775755640892 -0.32881020728754412  4.1081392647702799 -0.32160247609292786  4.1052058696088327 -0.29638438047614174  4.1016948856585138 -0.27112717633955541  4.0976277339334128 -0.24580738240931588  4.0930204810684803 -0.22040679290695414  4.0878840896803252 -0.19491020798765901  4.0822246687280126 -0.16930316417855101  4.0760437238738616 -0.14356966481695582  4.0693384078442412 -0.11768991048867818  4.0659853346057568 -0.10475049159066228  4.0625019739943777 -0.091774942226171677  4.0588873715432729 -0.078761428603500577  4.0551405727856178 -0.065708116930943333  4.0512606232545858 -0.052613173416794272  4.0472465684833496 -0.039474764269347692  4.0430974540050819 -0.026291055696897939  4.0388123253529571 -0.01306021390773931  4.0366696792079892 -0.0064417483276741896  4.0344914154848084 0.00015753988469669001  4.0322846173949074 0.0068954577496924702  4.0300323022238445 0.013408774674871889  4.0277501133095939 0.02004946466126967  4.0254281728557544 0.026600938451167622  4.0230698830819165 0.033152687203937603  4.0206739385929628 0.039681333409479193  4.0182779707156042 0.04621018560941037  4.0158445269829404 0.052719324915305461  4.0133731996480773 0.059208947040927828  4.0108635809641298 0.065679247700040841  4.0083152631842056 0.07213042260640784  4.0057278385614126 0.078562667473792147  4.0031008993488637 0.084976178015957124  4.0004340377996677 0.091371149946666161 
 0 9 0.1183178222339913 8 0.22184591668873369 8 0.40302008198453287 8 0.53890070595638229 8 0.64081117393526932 8 0.67902759942735202 8 0.81278508864964127 8 0.87966383326078579 8 0.91310320556635816 8 0.94654257787193041 9
8 0 0.94654257787193041
7 0 0  8 65 9  6.2831853071795871 -0.69076786266280743  6.2196186239143572 -0.69076765556792452  6.1578114789590472 -0.68798341515685024  6.0967674727144185 -0.68233348740250221  6.0363138857646845 -0.67350903605256462  5.9753032240550965 -0.66097784921657876  5.9152590227895416 -0.64374025319739303  5.857662085298216 -0.6219936206721286  5.8035504489824863 -0.59619155277660429  5.7629653085830199 -0.57683883208866349  5.7243639976911709 -0.555226489007282  5.6881385485207829 -0.5315167087495638  5.6546322925605637 -0.50612230095521227  5.6237951005318791 -0.47936920866010269  5.5954070783059251 -0.45149682754654918  5.5693462482960499 -0.42273702286682929  5.5453757458409996 -0.39321273143652963  5.5273972162395788 -0.37106842857440436  5.5105980115577307 -0.34849405053649285  5.4948888962194715 -0.32554443375834086  5.4801865941428076 -0.30226232044915841  5.466413788739743 -0.27867835859181977  5.4534991229162868 -0.25481110194286322  5.4413771990724449 -0.23066701003249127  5.4299885791022211 -0.20624044816457052  5.4214482889421527 -0.18792242712186175  5.4133227129576307 -0.1694508798679131  5.4055886392880925 -0.15082641310911216  5.3982249729636491 -0.13204842724631899  5.3912127359051034 -0.11311511637486567  5.3845350669239398 -0.094023468284556405  5.3781772217223276 -0.074769264459667584  5.3721265728931158 -0.055347080078947737  5.3698574895509426 -0.048064959801510432  5.3676318370157787 -0.040750882684327028  5.365447843417769 -0.033436562958982563  5.3633067047412624 -0.026066104838719181  5.3612063917148589 -0.018681768663734388  5.3591456013584775 -0.011303702012884999  5.3571265895588915 -0.0038453134480611402  5.3551456210451764 0.0035940334425055001  5.3482119864008375 0.02962596494216584  5.341743075889168 0.055463595274252563  5.3357206581095253 0.081119995996346686  5.3301302699251005 0.10660887374416821  5.3249612164629117 0.13194457023157632  5.3202065711138093 0.15714206225056923  5.3158631755324723 0.18221696167128429  5.3119316396374119 0.2071855154419979  5.3099663434879574 0.21966972084008227  5.3081032279385507 0.2321272282915921  5.3063430243480925 0.24456001394439386  5.3046864640754841 0.25697005394635392  5.3031342784796278 0.26935932444533889  5.3016871989194252 0.28172980158921518  5.3003459567537776 0.29408346152584935  5.2991112833415883 0.30642228040310809  5.2978773214004207 0.31875911463549533  5.296750337870086 0.33108337552711259  5.2957307081941298 0.34341243103490127  5.2948203065628592 0.35575196255199715  5.2940220272844929 0.36810102940327644  5.2933393061563025 0.38045713334090064  5.2927756418357585 0.39282128303986252  5.2923341172116736 0.40520305859353156 
 0 9 0.2366356444679826 8 0.41411237781896953 8 0.54721992783220974 8 0.64705059034213996 8 0.68448708878336384 8 0.81551483332764718 8 0.88102870559978874 8 0.94654257787193041 9
8 4.7123889803846897 6.4484598130766209
7 0 0  2 5 3  6.2831853071795862 -1.5707963267948892  6.2831853071795862 -0.78539816339744029  6.2831853071795862 -2.7e-16  6.2831853071795871 0.08263725294851014  6.2831853071795853 0.1652745058970396 
 4.7123889803846897 3 6.2831853071795862 2 6.4484598130766209 3
8 4.7123889803846897 6.4484598130766209
7 0 0  2 5 3  0 -1.5707963267948892  0 -0.78539816339744029  0 -2.7e-16  8.9000000000000007e-16 0.08263725294851014  -8.9000000000000007e-16 0.1652745058970396 
 4.7123889803846897 3 6.2831853071795862 2 6.4484598130766209 3
7 0 0  1 2 2  0 -1.5707963267948966  6.2831853071795862 -1.5707963267948966 
 0 2 6.2831853071795862 2
8 0 6.2831853071795862
7 0 0  1 2 2  0 -1.5707963267948966  6.2831853071795862 -1.5707963267948966 
 0 2 6.2831853071795862 2
8 0 6.2831853071795862
7 0 0  1 2 2  0 -1.5707963267948966  6.2831853071795862 -1.5707963267948966 
 0 2 6.2831853071795862 2
8 4.7123889803846897 5.592417444516772
7 0 0  2 3 2  6.2831853071795862 -1.5707963267948968  6.2831853071795862 -1.1307820947288514  6.2831853071795853 -0.69076786266281931 
 4.7123889803846897 3 5.592417444516772 3
8 4.7123889803846897 5.592417444516772
7 0 0  2 3 2  0 -1.5707963267948968  0 -1.1307820947288514  -8.9000000000000007e-16 -0.69076786266281931 
 4.7123889803846897 3 5.592417444516772 3
7 0 0  1 2 2  0 -1.5707963267948966  6.2831853071795862 -1.5707963267948966 
 0 2 6.2831853071795862 2
8 0 6.2831853071795862
7 0 0  1 2 2  0 -1.5707963267948966  6.2831853071795862 -1.5707963267948966 
 0 2 6.2831853071795862 2
8 0 6.2831853071795862
7 0 0  1 2 2  0 -1.5707963267948966  6.2831853071795862 -1.5707963267948966 
 0 2 6.2831853071795862 2
8 0.39113822420318128 1
7 0 0  8 32 5  2.3296155116652817 -0.13413386655597684  2.3295932712020293 -0.16596910691724695  2.3305878045383777 -0.19759941545065499  2.3326359335063227 -0.22905886265952902  2.3357843026768541 -0.26036308628092442  2.3400959063295086 -0.29152871950820419  2.3456542282806025 -0.32257751735623452  2.3525649945701623 -0.35352518116919446  2.367248278732478 -0.40747752664743125  2.3743742028170765 -0.43053474032772898  2.3823888048640058 -0.45353135904911357  2.3913564652719823 -0.47646352603612685  2.4013504512357726 -0.4993186910006317  2.4124529167461968 -0.5220756101418127  2.4247549025901276 -0.54470434614617569  2.4383563363504877 -0.56716626818754823  2.4587585262679568 -0.60085824800171395  2.4820823960835696 -0.63416736510225746  2.508691410170286 -0.66699510307807941  2.5388828254945111 -0.69899858348799171  2.573080626592855 -0.73000031968695112  2.6115258784193429 -0.75940377239749068  2.6541774718189117 -0.78668811381521664  2.7006351635115582 -0.81131461039207997  2.7470940770044763 -0.83594206649149783  2.7973634485533694 -0.85791743764457351  2.8510655684222002 -0.87672672570624854  2.9074853676720522 -0.89190689208771801  2.9656638824089896 -0.90321095257240813  3.0245930847886484 -0.91062957811300294  3.0834828967672365 -0.91425445110553483  3.1415926535897931 -0.91425442291629611 
 0.39113822420318128 9 0.54335366815238595 7 0.65751525111428943 8 0.82875762555714472 8 1 9
8 0.39113822420318128 1
7 0 0  8 31 5  0.85255386399358091 -0.013601603536245951  0.84917028337866607 -0.046544191345891411  0.84492020199659235 -0.079079637896271079  0.83977252268179425 -0.11124711511039007  0.83368795812730578 -0.14306500800787042  0.82661159433468501 -0.17455032588984204  0.81846878656675792 -0.20572291923279212  0.80916438780317712 -0.23659450229137258  0.79065137515629025 -0.29005362033303295  0.78199890873190958 -0.31278429284031906  0.77257837670690077 -0.33533604119117932  0.76233177295919796 -0.35770182498000858  0.75119261896342915 -0.37986602113644058  0.73908596379091518 -0.40180442392534821  0.72592838410966953 -0.42348424494684372  0.69017697686854262 -0.47693340016417096  0.66615511694544693 -0.50832225116937479  0.63922100488343858 -0.53892447986072511  0.60910019088623812 -0.56840703393390868  0.57536570726006175 -0.59660662623718963  0.53775519802547933 -0.6229869798225991  0.49617772470378441 -0.64714719095127293  0.45080159789730917 -0.66869751891619689  0.40542437713002127 -0.69024875661504215  0.35624289588001545 -0.7091954166709229  0.30340761905657132 -0.72517209958874673  0.24728582565956003 -0.73789028929786582  0.18841021404831793 -0.74727707546662714  0.12729886888804032 -0.75341126953836124  0.064348142082263193 -0.75640872679474613  4.8999999999999997e-16 -0.75640868675248296 
 0.39113822420318128 9 0.54335366815238595 7 0.65751525111428943 7 0.82875762555714472 8 1 9
8 0 0.82941125399464422
7 0 0  8 65 9  3.1415926535897856 -0.91425442291629  3.2119548528107917 -0.91425517647394061  3.2834600093650579 -0.90893579961348792  3.3547983238545385 -0.89801974550385921  3.4245286458044575 -0.88132400085441986  3.4907360761239943 -0.85900488750189652  3.5517535828306563 -0.83175884573083181  3.6068784757950012 -0.80071390206491744  3.6560145862623687 -0.76674752426655257  3.6928651427342216 -0.74127466155039601  3.7263452841167464 -0.71416400172677186  3.7564047185665004 -0.68581076033694899  3.7832036415056791 -0.65657352807511415  3.807007844616237 -0.62671067616145137  3.8280959908242949 -0.59640788329920724  3.8467152498167394 -0.56580840483746042  3.8631214886319181 -0.53495770476131355  3.8754252123983535 -0.5118199420711157  3.8864800664660208 -0.48854940190421131  3.8963839407940277 -0.46517646981776417  3.9052251546706871 -0.44172329563149471  3.9130824567135045 -0.41820379342767944  3.9200250248691879 -0.39462364155115187  3.9261124664136413 -0.37098028260930171  3.9313948179519689 -0.34726292347207494  3.9353562029730611 -0.32947716893180357  3.938864541147427 -0.31165518883051263  3.9419406622749436 -0.2937951292399173  3.9446032195750673 -0.27589470438309144  3.9468686896868239 -0.25795119663446753  3.9487513726688168 -0.23996145651983655  3.9502633919992225 -0.22192190271634782  3.9514146945757882 -0.20382852205250904  3.9522782397871197 -0.19025835555510184  3.9529392925178399 -0.17666000761710166  3.9534010524803307 -0.16301712628956011  3.9536709012172651 -0.1493836479012316  3.9537453558295965 -0.13562166447718482  3.9536360895435791 -0.12195025084520239  3.9533386858547601 -0.10813856495053642  3.9528559171925539 -0.094283430483669939  3.9524935973137452 -0.083890610013250086  3.9520272462183645 -0.073462467540534024  3.9514569573161027 -0.062998052398169718  3.9507828240166467 -0.052496413918805183  3.9500049397296912 -0.041956601435088378  3.9491233978649265 -0.031377664279667317  3.9481382918320436 -0.020758651785189989  3.9470497150407344 -0.01009861328430438  3.9466414185764593 -0.0061010467264352997  3.9462184551450141 -0.0021002944027236499  3.945781093957895 0.00191778495157895  3.9453289525669919 0.0059320503231229203  3.9448617512026813 0.0099286826443747596  3.9443795770908592 0.01391555698913733  3.9438826587489273 0.0179083827396764  3.9433706502607397 0.021888611725453418  3.9397871802485054 0.049759074734569912  3.9354679839964652 0.07733932033368697  3.9303982995287488 0.10464843437556391  3.9245557360995202 0.13170225243883621  3.9179102741929941 0.15851335982801529  3.91042426552342 0.18509109157348863  3.9020524330350934 0.21144153243151978  3.8927418709023516 0.23756751688424818 
 0 9 0.20735281349866105 8 0.36286742362265684 8 0.47950338121565372 8 0.56698034941040132 8 0.63258807555646202 8 0.68179387016600757 8 0.70024604314458716 8 0.82941125399464422 9
8 0 0.82941125399464422
7 0 0  8 73 10  6.2831853071795942 -0.7564086867524682  6.2052695279201409 -0.75640911911041409  6.1294017105039984 -0.75201199064167668  6.0563701394116833 -0.74298105615417853  5.9868545757381071 -0.72909949185532241  5.9218845904538284 -0.71027282861280128  5.8623947390037756 -0.68683578695598158  5.8086889466138727 -0.65961572606458918  5.7606264736760036 -0.629305418991427  5.7245812146331918 -0.60657429978072019  5.691712866638909 -0.58210936783896727  5.6619739511206717 -0.55622358032593411  5.6351694412114739 -0.52922558718591972  5.6110336103715781 -0.50135404841404352  5.5893026410899438 -0.47279162979586431  5.5697472575018692 -0.44368318820351049  5.552129645759428 -0.41408265753150081  5.5389175600732559 -0.39188267098184182  5.5267991199903319 -0.36941337201635099  5.515685128121512 -0.34670887518984328  5.5054952472074419 -0.32379483338449416  5.4961580001185437 -0.30068843780983939  5.4876107698550207 -0.2773984180027752  5.4797997995468641 -0.25392504182755793  5.4726801924538426 -0.23026011547580419  5.4673409043027963 -0.21251353950106389  5.4623908745862488 -0.19466432019643326  5.4578113994922877 -0.17671145709893521  5.4535858013804637 -0.15865327961578932  5.4496994287817584 -0.14048744702441154  5.4461396563986115 -0.12221094847241447  5.4428958851049067 -0.10382010297760719  5.4399595419459734 -0.085310559427995383  5.4388584249704417 -0.078369461516505895  5.4378004041333785 -0.071411714565706136  5.4367850812100276 -0.064437058618564219  5.4358120579756237 -0.057445233718048362  5.4348809362054116 -0.050435979907126678  5.433991317674626 -0.043409037228767357  5.4331428041585079 -0.03636414572593856  5.4323349974323012 -0.029301045441608411  5.4316282208819757 -0.023119589504940311  5.4309525782446144 -0.016937214976636032  5.430308505136054 -0.010678426494507679  5.4296935224556364 -0.00457685337173075  5.4291124218725599 0.00182850424261005  5.4285583734890679 0.0079783198120395599  5.4280357004863617 0.01421030781957278  5.4275427024432394 0.020407454896905819  5.4266802696955914 0.031255932199828543  5.4259092268167368 0.042061904348401041  5.4252295998068076 0.052826382743311973  5.4246414146659392 0.06355037878524987  5.4241446973942571 0.074234903874903363  5.4237394739918923 0.084880969412960999  5.4234257704589774 0.095489586800111395  5.4232036127956444 0.10606176743704313  5.4228707581286955 0.12192267322775441  5.422745058464443 0.13767709854023025  5.4228265438232484 0.15342205859725766  5.4231201513357519 0.16910422350372301  5.4236299591470924 0.18473063467712336  5.4243603416180122 0.20033124318436535  5.4253181743097212 0.21588215766625701  5.4265102172393913 0.23139848953109834  5.4277021931579208 0.24691446520883556  5.4291287060894664 0.26239291128375103  5.430796608639465 0.27783621935210751  5.4327141293686436 0.29324652415626029  5.4348908727930185 0.30862570358465746  5.437337819383905 0.3239753786718394  5.4400673255679042 0.33929691359843922  5.4430931237269116 0.35459141569118297 
 0 9 0.20735281349866105 8 0.36286742362265684 8 0.47950338121565372 8 0.56698034941040132 8 0.59978421248343161 8 0.62848759267233323 8 0.678718508002911 8 0.75406488099877755 8 0.82941125399464422 9
8 0.46766376684304611 1
7 0 0  8 48 7  2.330783760836932 0.20766151829935972  2.3323704676869581 0.18993280706710575  2.3342863955672293 0.17214571929897116  2.3365264707816329 0.15429556990097679  2.3390869441600226 0.13637776120055475  2.3419653910582245 0.11838778294654835  2.3451607113580351 0.10032121230921194  2.3486731294672207 0.082173713880211094  2.354180354799456 0.055964282920412722  2.3559173534030564 0.047971201956421079  2.3577154242620693 0.039961482052448462  2.3595748015082463 0.031934808480295757  2.3614957192733392 0.023890866511763829  2.3634784116891003 0.01582934141865355  2.36552311288728 0.0077499184727658097  2.3676300569996314 -0.00034771705409851001  2.3755314010651749 -0.030707993795706039  2.3843359107304778 -0.060632710705897958  2.3940705319324338 -0.090146976937022741  2.404772493195797 -0.11926779699741863  2.4164893056331809 -0.148004070751414  2.4292787629450574 -0.176356593419327  2.4432089414197602 -0.20431805557746582  2.4583581999334818 -0.23187304315812862  2.4697204127304366 -0.2525375614639559  2.4817648164300339 -0.2729677394261763  2.4945290067880621 -0.29315948861330043  2.508050604511264 -0.31310044590949832  2.5223672552573433 -0.33276997351459997  2.5375166296349589 -0.35213915894409498  2.5535364232037292 -0.37117081502913279  2.5704643564742282 -0.3898194799165226  2.5958563187305117 -0.41779299464610631  2.6232736736274092 -0.44489584207440203  2.6529169134009862 -0.47103405653615482  2.6846388012054376 -0.49581199918975472  2.7187611047993414 -0.5192004021955654  2.7548469370303792 -0.54058560578050674  2.7925491165060521 -0.55973496822866764  2.8312689296879254 -0.57641218093079727  2.86998998762434 -0.59308977201156776  2.9097112031539609 -0.60729456876157428  2.9499247074400046 -0.6188372013858725  2.9898976411423064 -0.62764662129757198  3.0291651886666386 -0.63391028045549547  3.0675539149469842 -0.6379058047130286  3.1050207108873606 -0.6398156178618567  3.1415926535897931 -0.63981597305428595 
 0.46766376684304611 9 0.53420579598766538 7 0.56331793373843631 8 0.67248845030382731 8 0.75436633772787043 8 0.87718316886393521 8 1 9
8 0.46766376684304611 1
7 0 0  8 47 7  0.84250311958487067 -0.073035966082925161  0.84564643683023377 -0.091241913729525281  0.84851144612864471 -0.10936105552829949  0.85110133017083689 -0.12739776873597397  0.85341789731485518 -0.1453564929422235  0.85546158158605623 -0.16324173006967113  0.85723144267710782 -0.18105804437388837  0.85872516594798887 -0.19881006244339514  0.86047002830368924 -0.22424289493749039  0.86094759407986488 -0.23197188999892329  0.86137129729933071 -0.23968983652288614  0.86174067550690137 -0.24739711264830655  0.86205526624739071 -0.25509409651411213  0.86231460706561303 -0.26278116625923065  0.86251823550638229 -0.2704587000225897  0.86321804721685991 -0.30688473011008421  0.86298043595321317 -0.33560421341354224  0.8619096341468393 -0.36430414014236479  0.85995160855892006 -0.39300157785677264  0.8570359942574608 -0.42171058003739448  0.85307057498619754 -0.45044071873432884  0.84793576353350431 -0.47919561721620507  0.84147908210130062 -0.50797148261924496  0.83663776302022563 -0.52955258946570782  0.83105026108808633 -0.55113875484694386  0.82465540685130911 -0.57273390269659552  0.81737664429370704 -0.59433251451819169  0.80912203083647893 -0.61591962938514488  0.79978423733820925 -0.63747084394075315  0.78924054809486821 -0.65895231239819996  0.77735286083981192 -0.68032074654055419  0.75951841405208143 -0.7123731252700054  0.73866517707938328 -0.74415515346663597  0.71423447423512698 -0.77558560254692566  0.68584847416059347 -0.80619685075362213  0.65260685599787394 -0.83594347331381869  0.61403516182872409 -0.86399147995507519  0.56973971430988968 -0.8898197980815894  0.51992906506328396 -0.91287191232299403  0.47011671976018521 -0.93592470551008888  0.41481585547990818 -0.95619648740486696  0.35413322847723805 -0.97319748915629134  0.28878616451925154 -0.98650282552625868  0.21981189259815892 -0.99611102889161884  0.14820472550923114 -1.0022738764454289  0.074709538850385199 -1.005223644437186  6.8000000000000001e-16 -1.0052239232917859 
 0.46766376684304611 9 0.53420579598766538 7 0.56331793373843631 7 0.67248845030382731 8 0.75436633772787043 8 0.87718316886393521 8 1 9
8 0 0.69575782738398995
7 0 0  8 81 11  3.1415926535897927 -0.63981597305428795  3.1674909169637044 -0.63981662167452225  3.1938346317446205 -0.6388555999009673  3.2206399481223378 -0.636881328701558  3.2478978550683895 -0.63381986104546428  3.2755651187568957 -0.62958959701086747  3.3035552209854138 -0.6241159988927385  3.3317292975957851 -0.6173463063106146  3.3598870768949856 -0.60926425131637807  3.3845251593613002 -0.60219332502255118  3.4091607620464401 -0.59411630425415751  3.4336483926285837 -0.58503467576980483  3.4578790494015266 -0.5749457439537764  3.4816850479628556 -0.56390039091235167  3.5049136490036972 -0.55197496663433299  3.5274981997995827 -0.53923389864680915  3.5493555020019723 -0.5257596105971869  3.5684813632527637 -0.51396940491016618  3.587051296817481 -0.5016173236005792  3.6050176397155052 -0.48875802710654143  3.6223531819717851 -0.47544294345594557  3.6390467434485534 -0.46171968995892809  3.6550987506770216 -0.44763149490033716  3.6705168136890913 -0.43321661923219917  3.6853113028490552 -0.41850777826618574  3.7112011307473671 -0.39276839342042136  3.7351792275247817 -0.36613156881711717  3.7573290299715154 -0.33876552935416271  3.7777685346154612 -0.31076739545460441  3.7966032856015772 -0.2822445792851056  3.8139436791311709 -0.25325428945711792  3.8299131794076904 -0.22377075768387811  3.8445740410356315 -0.19384980086634404  3.8555699647879771 -0.1714081867425781  3.8658337040053943 -0.14871438490042213  3.8754006883927934 -0.12577231591040547  3.8843022026262393 -0.10258276599054281  3.8925653863529468 -0.07914338700633379  3.9002132341912867 -0.055448696470763337  3.9072645957307799 -0.03149007754430156  3.9137341755321002 -0.0072557790349037201  3.9149472391909512 -0.0027113361980113399  3.9161401696983376 0.0018346738810919301  3.917311004770454 0.0064390696750251698  3.9184662488696631 0.01092401619143857  3.919597855739994 0.015513829711721879  3.9207123492378742 0.020028915533032429  3.9218062981890398 0.024566168661536381  3.922880974439245 0.029091389759526461  3.9269109304054943 0.046063595016507267  3.9306665445341844 0.062958354609189082  3.9341501483445285 0.079778767343976556  3.9373631502072364 0.096528045999987711  3.9403060353445176 0.11320951732905388  3.942978365830077 0.1298266220557196  3.945378780589115 0.14638291487724275  3.947504995398329 0.16288206446359446  3.9490990387708251 0.17525638537542398  3.9505398388584911 0.18759858763352971  3.951825572288941 0.19991015151168448  3.9529544156897995 0.21219255728366115  3.9539245456886833 0.22444728522323257  3.954734138913214 0.23667581560417159  3.9553813719910127 0.24887962870025107  3.9558644215496979 0.26106020478524389  3.9562262615282604 0.27019559794203013  3.9564950498976259 0.27932019120260065  3.9566697860864224 0.28841629123232337  3.9567496757445042 0.29753497093724945  3.956732410415043 0.30665425832094684  3.9566157071280941 0.31574716703880767  3.956398471481239 0.32485407310439024  3.9560779477729047 0.33395394220235591  3.9551163396463966 0.36125567175213635  3.9532269130766351 0.38854343760209226  3.9503495116655665 0.41583928433731188  3.9464102583216678 0.4431580763314058  3.941318709850866 0.4705063626446031  3.9349650115474661 0.49788124192184674  3.9272170517850666 0.52526922729088976  3.9179176166074865 0.55264511126039151 
 0 9 0.086969728422998743 8 0.16306824079312265 8 0.22965443911698108 8 0.34618028618373331 8 0.43357467148379747 8 0.44996111872755951 8 0.51141029589166709 8 0.5574971787647478 8 0.59206234091955834 8 0.69575782738398995 9
8 0 0.69575782738398995
7 0 0  8 81 11  6.2831853071795871 -1.0052239232917752  6.2302812132258003 -1.0052240457481172  6.1779888872676461 -1.0037433025023546  6.1265396313158762 -1.0006942416664577  6.0761982097225999 -0.99598281064329175  6.0272711407568185 -0.98952599640837902  5.9800934128901115 -0.98127170235781513  5.9349936257924822 -0.97122086172235156  5.8922375560383538 -0.95945178754763749  5.8735322505755718 -0.95430297066400183  5.8552741967169455 -0.9488244080388889  5.837486932769016 -0.94302293118342206  5.8201900858737714 -0.93690723185655178  5.8033993720086476 -0.93048786206505796  5.7871265959865221 -0.92377723406354795  5.7713796514557174 -0.91678962035445732  5.7561625209000047 -0.90954115368804977  5.7276303385157421 -0.89595009153441707  5.7009685953374909 -0.88144397446028133  5.6762014449118343 -0.86612651845955468  5.6533002828694601 -0.85011248358856861  5.6321959878308103 -0.83351867598194984  5.6127911623117477 -0.81645494986849954  5.5949723736292025 -0.79901520958706884  5.5786223948068256 -0.78126841160243665  5.5500094503513537 -0.75021122466387169  5.5259009026485728 -0.71822922356295749  5.5056544147955719 -0.68567401809923467  5.4887304192525335 -0.65297897605341859  5.4744702026655432 -0.62002050823139143  5.4626320975949056 -0.58710596342280041  5.4528193534606544 -0.55417192553977657  5.4448129142429886 -0.52126075913904402  5.4388075961794824 -0.49657620616472875  5.4338147500185112 -0.4719000264297567  5.4297320435706258 -0.44724273354952448  5.4264756831557657 -0.42260519174996508  5.4239778198195649 -0.39798178689311225  5.4221839555496656 -0.37336359750266734  5.4210503494920239 -0.34874156578956367  5.4205414241672241 -0.32410966867753271  5.4203505478217266 -0.31487313160869235  5.4202476923819631 -0.30562852233742888  5.4202300884644501 -0.29640846747315663  5.4202983520226553 -0.28712083797472587  5.4204473375284579 -0.27792383647647512  5.4206786764407298 -0.26864941833810008  5.4209905995012377 -0.25938094311504756  5.4213823160720755 -0.25009437283988861  5.4220678617787543 -0.23384320568402342  5.4229977709094435 -0.21754669864161189  5.4241677076654859 -0.20120124564089267  5.4255743806557239 -0.18480324190566261  5.4272155428965165 -0.16834908395527692  5.4290899918117246 -0.15183516960464924  5.4311975692327179 -0.13525789796425131  5.4335391613983779 -0.1186136694401133  5.4352958841279175 -0.10613060693866856  5.437183287346409 -0.093609732846609756  5.4392024743491119 -0.081049684774255309  5.4413545484312991 -0.06844910033192371  5.443640612888232 -0.055806617129933317  5.4460617710151773 -0.043120872778602673  5.4486191261074017 -0.03039050488825025  5.4513137814601729 -0.017614151069194471  5.4518191443021866 -0.01521882928818718  5.452329352273793 -0.012821635502972261  5.4528444245819792 -0.01042267377703728  5.4533643804337348 -0.0080220481738698304  5.4538892390360489 -0.0056198627569574904  5.4544190195959068 -0.0032162215897878301  5.4549537413202991 -0.00081122873584843003  5.455493423416212 0.0015950117413731299  5.4635891586767684 0.037662089689490592  5.47283366631018 0.073152415995082265  5.483251751458738 0.10794444388193369  5.4949907159316353 0.14235609325078258  5.5081051850283984 0.17611795376069495  5.5227751908969367 0.20942655067074156  5.5391436247009551 0.24212994975573565  5.5574164320076296 0.27419361593831459 
 0 9 0.086969728422998743 8 0.12501898460806071 8 0.19636133995505187 8 0.32121046181228641 8 0.41484730320521229 8 0.44996111872755951 8 0.51141029589166709 8 0.5574971787647478 8 0.56613846930345046 8 0.69575782738398995 9
8 4.7123889803846897 5.5267766204271265
7 0 0  2 3 2  6.2831853071795862 -1.5707963267948968  6.2831853071795871 -1.1636025067736886  6.2831853071795862 -0.75640868675245998 
 4.7123889803846897 3 5.5267766204271265 3
8 4.7123889803846897 5.5267766204271265
7 0 0  2 3 2  0 -1.5707963267948968  8.9000000000000007e-16 -1.1636025067736886  0 -0.75640868675245998 
 4.7123889803846897 3 5.5267766204271265 3
7 0 0  1 2 2  0 -1.5707963267948966  6.2831853071795862 -1.5707963267948966 
 0 2 6.2831853071795862 2
8 0 6.2831853071795862
7 0 0  1 2 2  0 -1.5707963267948966  6.2831853071795862 -1.5707963267948966 
 0 2 6.2831853071795862 2
8 0 6.2831853071795862
7 0 0  1 2 2  0 -1.5707963267948966  6.2831853071795862 -1.5707963267948966 
 0 2 6.2831853071795862 2
8 0.42345257598954578 0.90804033390236727
7 0 0  8 96 13  3.1489897175596697 0.80266422534914372  3.1529492008901161 0.80107684068832008  3.1568956267061088 0.7995026256070924  3.1608366424084449 0.79793868141285995  3.164763155849446 0.79638858322378581  3.1686731980079066 0.79485311653958501  3.1725779734751924 0.79332795014329172  3.1764900987524904 0.79180824533401128  3.2418853220588062 0.76654709038621149  3.3026255327713443 0.74517623373139941  3.3628938072943129 0.72643336532200919  3.4224734502786305 0.71048245634301566  3.4812895990908146 0.69739002674759831  3.5379163310281001 0.68709894286257622  3.591410487297253 0.67915805967140841  3.6414321884129568 0.67313505010466013  3.6789466022575201 0.66861743103969151  3.714521242310667 0.66517808565357017  3.7479807512093548 0.66262498756830002  3.7794406726604524 0.66075767425005383  3.8091845759424974 0.65941111940639785  3.8375626664097111 0.65847340598335313  3.8649118819982662 0.65787719976229164  3.8914974757348051 0.6575650235566658  3.9014673593657792 0.65744810756426109  3.9113309914438803 0.65737128111762133  3.9211032721368211 0.65733197151458278  3.9307982127955534 0.65732792960936315  3.9404289359542615 0.65735722981256184  3.9500076753303714 0.65741827009115927  3.9595457758245431 0.65750977196851779  3.9690536935206739 0.65763078052438051  3.9732133388574744 0.65768371811730253  3.9773672937687863 0.65774226596107543  3.9815163394507929 0.65780635041156577  3.9856612570996748 0.65787589782463962  3.9898028279116184 0.6579508345561631  3.993941833082804 0.6580310869620023  3.9980790538094162 0.65811658139802354  4.0022152712876382 0.65820724422009291  4.0041538546102231 0.65824976757558429  4.0060924042195367 0.65829341280653697  4.0080309201155799 0.65833817991295096  4.0099694022983483 0.65838406889482637  4.0119078507678445 0.65843107975216342  4.0138462655240685 0.65847921248496188  4.0157846465670186 0.65852846709322199  4.0177229938966992 0.65857884357694341  4.0214789909168758 0.65867641240629382  4.0252162079195841 0.65877759284921922  4.0291474636178464 0.65888802976041916  4.0329660649294965 0.6590000331561896  4.0370046795287635 0.65912228689921903  4.0410085340263322 0.65924852000716783  4.0451190282492462 0.6593825071468018  4.0492877770420526 0.65952324760272585  4.0571067269276817 0.65978743214740765  4.06516409295405 0.66007582104615092  4.0734743514412637 0.66039055475635544  4.0820519787094351 0.66073377373542097  4.0909114510786777 0.66110761844074761  4.1000672448691011 0.66151422932973536  4.1095338364008169 0.6619557468597842  4.1193257019939358 0.6624343114882939  4.1236097500333937 0.66264378815778935  4.127956195807041 0.6628604231181765  4.1323662184960934 0.66308442562585856  4.1368409972817579 0.66331600493723919  4.1413817113452467 0.6635553703087208  4.145989539867772 0.66380273099670728  4.1506656620305442 0.66405829625760238  4.1554112570147765 0.66432227534780852  4.1598597453055426 0.66456976517312971  4.1643727129887793 0.66482459938464444  4.1689367730459708 0.6650871651415855  4.173580229482468 0.66535724343248148  4.178278928175132 0.6656353406953599  4.1830268608646293 0.66592174808371851  4.1878763745444214 0.66621595108262943  4.1927528384984916 0.6665190121793404  4.2293373762275248 0.66879175924982326  4.2683867544277518 0.6715533571328649  4.3099302644563977 0.67488722180064542  4.3538874613295775 0.6788851867008816  4.3999224682083877 0.68361655163869273  4.4475733699609918 0.6891123688648122  4.4964279346487421 0.69536659936556056  4.5461169017843792 0.70235577234999513  4.5958052722405034 0.70934481305986163  4.6463285304442934 0.71706875470081854  4.6973022398960893 0.72549989789632718  4.7484304586650978 0.73459599635998529  4.7994418825669527 0.74429358031596848  4.8501481426490045 0.75453159461267205  4.9004787498188378 0.76526867005356014  4.950347179451513 0.77645734646923015 
 0.42345257598954578 9 0.43102425970693359 7 0.55027827825579201 8 0.63971879216743588 8 0.67325898488430225 8 0.68793281919793126 8 0.69481117903244494 8 0.70813800121181503 8 0.73312579279813406 8 0.74405795161714861 8 0.75430685050997481 8 0.83117359220617104 8 0.90804033390236727 9
8 0.42345257598954578 0.90804033390236727
7 0 0  8 105 14  2.0681833600781001 -1.0060625960625806  2.0707928132288909 -1.0073090671060358  2.0734087957124019 -1.008555070799662  2.0760313075286323 -1.0098006071434589  2.0786603486775821 -1.0110456761374262  2.0812959191592517 -1.0122902777815637  2.0839380189736407 -1.0135344120758716  2.0865866481207496 -1.0147780790203502  2.0892418066005773 -1.0160212786149991  2.0918749256741789 -1.0172546877512116  2.0945203642483992 -1.0184873263989482  2.0971690326380701 -1.0197199496175335  2.099817698392398 -1.0209530719925197  2.102466737574705 -1.0221869705477611  2.1051178860421809 -1.0234216876574898  2.1077719907256274 -1.0246570339583896  2.1104267609092062 -1.0258925912616712  2.1525676749872571 -1.045505911587377  2.1951442794250138 -1.0652502371829999  2.2383021910679251 -1.0850509929890744  2.2822027492004158 -1.1048201441626195  2.3270153635210562 -1.1244562073330056  2.372909862117742 -1.1438442618578146  2.4200488394428676 -1.1628559610787037  2.4685800042884996 -1.1813495435772661  2.5535080369500065 -1.2137135601110458  2.6426785446456051 -1.2444914652587613  2.7368093353434233 -1.2729200255125761  2.8364303266862407 -1.2982363592454931  2.941312608338194 -1.3195183803036343  3.0501973158025066 -1.3368548546022794  3.1621225117451104 -1.3505112310476761  3.2763164642907592 -1.3608882790276249  3.361962515849882 -1.3686710327629044  3.4488765978967422 -1.3746071952373313  3.5367114730470348 -1.3788632024952676  3.6252833134494722 -1.3816340632038191  3.7142177766945679 -1.3830939835534082  3.8035927546879975 -1.3833964585210197  3.89315052935126 -1.3826698933644366  3.9828737364075226 -1.3810303485830886  3.9996966396723863 -1.3807228962090068  4.0165248158615423 -1.3803833918154227  4.0333578218557182 -1.380012547536408  4.0501952145356439 -1.3796110755060358  4.0670365507820527 -1.379179687858378  4.0838813874756736 -1.3787190967275065  4.1007292814972365 -1.3782300142474941  4.1175797897274728 -1.3777131525524131  4.1254786151548748 -1.3774706229000817  4.1333779278257845 -1.3772221817568684  4.1412777277402029 -1.3769678291227734  4.1491780148981299 -1.3767075649977967  4.1570787892995655 -1.3764413893819381  4.1649800509445098 -1.3761693022751971  4.1728817998329628 -1.3758913036775742  4.1807840359649262 -1.3756073935890691  4.1846127454227826 -1.3754700061067524  4.1884325871797046 -1.3753310526699352  4.1922781229659449 -1.3751919143178384  4.1961011523671914 -1.375048841786338  4.1999230804503895 -1.3749054424843052  4.2037549930828391 -1.3747593058251368  4.2075763750744954 -1.3746115947951694  4.2113990601554745 -1.3744618954115977  4.2716000080713865 -1.3721042828615386  4.3314415839453204 -1.3692700670633258  4.3907781623770461 -1.3659101564675211  4.4495883760428114 -1.3619668380106305  4.5077395477424034 -1.3573838390635729  4.5650525916034894 -1.3521111735886393  4.6214054581436965 -1.3461121542869681  4.6766131978908865 -1.3393799525185643  4.6869654824494065 -1.3381175784034927  4.6972757606305073 -1.3368296402587372  4.7075421688425241 -1.3355162888495957  4.7177748336306253 -1.3341759998828755  4.7279784570005825 -1.3328079360078635  4.7381474944001312 -1.3314126289386032  4.7482739253579371 -1.3299909816974722  4.7583676167801707 -1.3285415909800598  4.7962150247992348 -1.3231069980687806  4.8335471731040114 -1.3172891720922784  4.8703268033624854 -1.31108667410396  4.9065261997008056 -1.3045039635352362  4.9421271887032834 -1.2975513981955187  4.9771211394123975 -1.2902452342722193  5.0115089633287893 -1.282607626330752  5.0453011144112638 -1.274666627314532  5.0959896880364903 -1.2627551155059999  5.1453354076525821 -1.25015755821359  5.1933768958249793 -1.2369666204129162  5.2402038144091829 -1.2232876219001798  5.285938930582569 -1.2092303693974187  5.3307201828762096 -1.194900988657754  5.3746827472066903 -1.1803937565706373  5.4179411029079256 -1.1657829332670999  5.4612007127121602 -1.1511722936655375  5.5037533111180892 -1.1364616291492382  5.5457382307126863 -1.1217228206998016  5.5872343960581929 -1.1070315377701263  5.6283437264810345 -1.0924349172094026  5.6691600241686047 -1.0779647853174197  5.7097304982914094 -1.0636552996364017  5.7501170758680678 -1.0495238870885826 
 0.42345257598954578 9 0.42723841784823968 8 0.43099468281741254 8 0.49062538920303189 8 0.59497912537786579 8 0.67324442750899116 8 0.68791917165857708 8 0.69479795797869559 8 0.69812987010250294 8 0.75060748605246896 8 0.76044703904308764 8 0.79734536275790746 8 0.85269284833013737 8 0.90804033390236727 9
8 4.7123889803846897 5.2779613838878046
7 0 0  2 3 2  6.2831853071795862 -1.5707963267948892  6.2831853071795871 -1.2880101250433202  6.2831853071795862 -1.0052239232917886 
 4.7123889803846897 3 5.2779613838878046 3
8 4.7123889803846897 5.2779613838878046
7 0 0  2 3 2  0 -1.5707963267948892  8.9000000000000007e-16 -1.2880101250433202  0 -1.0052239232917886 
 4.7123889803846897 3 5.2779613838878046 3
7 0 0  1 2 2  0 -1.5707963267948966  6.2831853071795862 -1.5707963267948966 
 0 2 6.2831853071795862 2
8 0 6.2831853071795862
7 0 0  1 2 2  0 -1.5707963267948966  6.2831853071795862 -1.5707963267948966 
 0 2 6.2831853071795862 2
8 0 6.2831853071795862
7 0 0  1 2 2  0 -1.5707963267948966  6.2831853071795862 -1.5707963267948966 
 0 2 6.2831853071795862 2
8 7.2508978515549156 7.8539816339744828
7 0 0  2 3 2  6.2831853071795862 0.96771254437532905  6.2831853071795942 1.2692544355851072  6.2831853071795862 1.5707963267948963 
 7.2508978515549156 3 7.8539816339744828 3
8 7.2508978515549156 7.8539816339744828
7 0 0  2 3 2  4.2000000000000002e-16 0.96771254437532905  8.1300000000000008e-15 1.2692544355851072  0 1.5707963267948963 
 7.2508978515549156 3 7.8539816339744828 3
7 0 0  1 2 2  0 1.5707963267948966  6.2831853071795862 1.5707963267948966 
 0 2 6.2831853071795862 2
8 0 6.2831853071795862
7 0 0  1 2 2  0 1.5707963267948966  6.2831853071795862 1.5707963267948966 
 0 2 6.2831853071795862 2
8 0 6.2831853071795862
7 0 0  1 2 2  0 1.5707963267948966  6.2831853071795862 1.5707963267948966 
 0 2 6.2831853071795862 2
8 -2.081922188747694 -1.9827253970229968
7 0 0  2 3 2  -4.4e-16 0.16970562748477391  0.049598395862349598 -0.0041416269009459904  0.099196791724699418 -0.16970562748477391 
 -2.0819221887476966 3 -1.9827253970229968 3
8 -2.081922188747694 -1.9827253970229968
7 0 0  3 4 2  4.7491972914558369 3.5140000000000002e-14  4.7350859399874281 0.11589816959041621  4.7205542820284734 0.22903525458037355  4.7055623314610644 0.33941125496951557 
 -2.081922188747694 4 -1.9827253970229968 4
8 0.099196791724700306 4.0646475857706932
7 0 0  1 2 2  0.099196791724700306 -0.16970562748477391  4.0646475857706932 -0.16970562748477391 
 0.099196791724700306 2 4.0646475857706932 2
8 0.099196791724700306 4.0646475857706932
7 0 0  1 2 2  1.9200000000000159 -1.9827253970229959  1.9200000000000159 1.982725397022997 
 0.099196791724700306 2 4.0646475857706932 2
8 -2.0819221887476962 -1.9827253970229965
7 0 0  2 3 2  4.1638443774953924 0.16970562748477391  4.1142459816330428 -0.0041416269009459904  4.0646475857706932 -0.16970562748477391 
 -2.0819221887476962 3 -1.9827253970229965 3
8 -2.0819221887476962 -1.9827253970229965
7 0 0  3 4 2  -5.4999999999999996e-16 4.0100000000000001e-15  0.014111351468442781 0.11589816959043664  0.02864300942736905 0.22903525458035934  0.043634959994795303 0.33941125496953328 
 -2.0819221887476962 4 -1.9827253970229965 4
8 0.034474975409883868 4.7147223160459699
7 0 0  4 9 3  0.043634959994820033 0.3394112549695783  0.61975985982942206 0.33941125496946256  1.2002453692810491 0.33941125496954783  1.7851657280296394 0.33941125496961533  2.3745986457279269 0.33941125496954017  2.9640315634261469 0.33941125496961  3.5489519221748367 0.33941125496948388  4.1294374316263287 0.3394112549695425  4.70556233146106 0.33941125496953556 
 0.034474975409883868 5 2.3745986457279269 4 4.7147223160459699 5
8 0.034474975409883868 4.7147223160459699
7 1 0  2 5 3  1.9199999999999875 1.9827253970229965  1 -2.7599999999999909 6.5146691616469887  0.39009474880274692 -2.7599999999999909 -6.7000000000000004e-16  1 -2.7599999999999909 -6.5146691616469905  0.39009474880274692 1.9200000000000159 -1.9827253970229959  1
 0.034474975409883868 3 2.3745986457279269 2 4.7147223160459699 3
Curves 44
8 0 1
7 0 0  8 296 43  30.062419568541337 6.0054159395617468 113.32187922463358  30.072851737662933 6.0056538461471716 113.23178228916026  30.083284513434375 6.0043813422624126 113.14168011438431  30.093714346960823 6.0016039922994935 113.05160335016808  30.104137832741138 5.9973304545202968 112.96158140796133  30.114551698822538 5.9915718368129118 112.87164254582947  30.12495281719891 5.9843429305307385 112.78181377864949  30.13533823445259 5.9756653224138212 112.69212061347346  30.156337701358343 5.9552209744579327 112.51075971022046  30.166952465084634 5.9433795249805268 112.41908580507527  30.17754508708277 5.9300832418995899 112.3276031259186  30.188112695070007 5.9153904374120714 112.23633647908463  30.198653346875577 5.8993587105749992 112.14530263803935  30.209168112799176 5.882129964229339 112.05449235919001  30.219659162863547 5.8638456935244978 111.96388690123788  30.233243370851984 5.8394826376685973 111.84656753109307  30.236346893925777 5.8338699470064928 111.8197641007748  30.239449765290601 5.8282265904518011 111.7929662989102  30.242552434739345 5.8225700918400971 111.76617024088425  30.245655443700628 5.8169221177935881 111.73937125067432  30.248759470313651 5.8113102574114475 111.71256347156329  30.251865402150777 5.805770898466788 111.68573923807435  30.257224226540892 5.7964327921573879 111.6394580045494  30.259475526636965 5.7925763627868028 111.62001475769216  30.26172887341114 5.7888022409044915 111.60055383479636  30.263984774550341 5.7851327426804868 111.58107085124769  30.266243726622829 5.7815949177356831 111.56156151845798  30.268506232807617 5.778221295328656 111.54202149074531  30.270772820623964 5.7750506305427809 111.5224462122147  30.27596010424962 5.7683771192460167 111.47764648239294  30.278884333068735 5.7650344202049792 111.45239151842968  30.281817300363386 5.7621989095555533 111.42706108503546  30.284758628826559 5.7599809501901218 111.40165844080462  30.287707029014246 5.7585129536673092 111.37619472195928  30.290660136632752 5.7579153066149997 111.35069034761015  30.293614200705434 5.7582534778500145 111.32517771288977  30.298842241744254 5.7605012856427553 111.28002598359592  30.30125642203738 5.7620958439495542 111.2591760296165  30.303835815613734 5.7644344635069569 111.23689921892644  30.306619389310772 5.7676821094981241 111.21285901627593  30.309655473615571 5.7720509304103258 111.18663801769809  30.313002083119496 5.7777899333780169 111.15773518291709  30.316727541507689 5.7851529306702609 111.12556043765586  30.326293381267586 5.8061687724070588 111.04294551476208  30.33163543816309 5.8192668706448281 110.99680909291172  30.336956005998807 5.8330369289932689 110.9508582603103  30.342265827540054 5.8471168749616531 110.90500023757311  30.347571206889086 5.86129915922454 110.85918057961898  30.352876633588824 5.8754547805446702 110.81336051272274  30.358186312909648 5.889487485645061 110.76750371826554  30.372684134935213 5.9272498812832692 110.64229396367703  30.381883774510495 5.9506060367138627 110.56284171136687  30.391113327633402 5.9730725728623746 110.48313111211668  30.400375331567123 5.9945364038359079 110.40314025297288  30.409670180886824 6.0149334560525194 110.32286572620573  30.41899708351934 6.0342179641318641 110.24231437251767  30.42835353163122 6.0523785992061487 110.16150785069371  30.462863555589362 6.1150062452878906 109.86346366012347  30.488186855264736 6.1524959887074839 109.64476017955018  30.513661789519595 6.1817911244556711 109.42474711409911  30.53924125175114 6.2034257527645789 109.20383129771859  30.564886633945179 6.217859056845831 108.98234616669821  30.590563422837754 6.2256988588593689 108.7605897932105  30.616245571178993 6.2274906811313064 108.53878713309776  30.668846966419768 6.2198860905399362 108.08449766965325  30.695766100593573 6.2099327131902333 107.85201183987182  30.722654566466634 6.1945428577845618 107.61979087542012  30.749500138618139 6.1743024199046381 107.38794036056694  30.776294753206475 6.1497506205224486 107.15652993829926  30.803034477982489 6.1213754990225118 106.9255935693009  30.829719522032118 6.0896143274641608 106.69512944781114  30.886265873840038 6.015827674779235 106.20676955345891  30.916110145059132 5.9730250783979955 105.94902091586179  30.945891403808286 5.9270095188048444 105.69181648248266  30.975614478692702 5.8782738407058055 105.43511455130086  31.005284956937107 5.8272559376265853 105.17886686851419  31.034909386165122 5.7743477999977113 104.9230168858808  31.064495443041036 5.7199030453458501 104.66749830425235  31.108129486860328 5.6377327763808616 104.29065494745834  31.122199947665919 5.6109474566019504 104.16913607784414  31.136264266037823 5.5839219810854015 104.04767025706811  31.150323242492238 5.5566898912577285 103.92625057150994  31.164377666675271 5.5292833933932375 103.80487020142834  31.178428320823741 5.5017334918656031 103.68352239107205  31.192475983225965 5.4740701223996702 103.56220041879081  31.221491000748923 5.4167487786567987 103.31161359154028  31.236458033415165 5.3870793672167672 103.18235152143392  31.251423466096931 5.3573491365109938 103.05310326951789  31.266388204465905 5.3275920276805584 102.92386101400145  31.281353126436304 5.2978409499545034 102.79461717282  31.296319085151296 5.2681278931049924 102.66536437784283  31.311286911969503 5.2384840399022838 102.53609544908065  31.343929866686214 5.1740634635333471 102.25417611375462  31.361606025478853 5.1393261083490378 102.10151680392242  31.379287227189142 5.1047777379585746 101.94881394117029  31.396974730420567 5.0704671855208261 101.7960566556288  31.414669721020232 5.0364421924117586 101.64323470578536  31.43237331207893 5.0027494082244379 101.49033847848408  31.450086543931082 4.9694343907690337 101.33735898892587  31.534430019356918 4.8129055718055316 100.60893055046213  31.601207493140418 4.6952206805323673 100.03221005480937  31.66818689680829 4.5858730127966041 99.453745601255733  31.735394758207338 4.4870390477835427 98.873308083306341  31.802840404034228 4.4006941833262543 98.290816951386418  31.870511543045133 4.3283620351717058 97.706378358242091  31.938369167182916 4.2708416806757068 97.120329195114962  32.077663623513835 4.1833600476251105 95.917319207685594  32.149128411761488 4.1548822130304215 95.300116942240052  32.220661695062645 4.1427521139185508 94.682323122502751  32.292204131998339 4.1460240952311747 94.064450247833435  32.363714628834366 4.1628079434246601 93.446853222325089  32.435169621261245 4.1906177724459921 92.829735558022605  32.506562755874555 4.2267113261168872 92.213152125802807  32.597894239285623 4.27969385351141 91.424372086709042  32.617880032843594 4.2917056867689318 91.251765725406116  32.637862933337544 4.3040679604390188 91.079184349913959  32.65784340710011 4.3167137093169163 90.906623932772618  32.677821975317066 4.3295744718674278 90.734079972785864  32.697799214027278 4.3425802902249329 90.561547495021259  32.717775754122719 4.3556597101933772 90.389021050810101  32.750060679043514 4.3767989756487804 90.110193822891887  32.76236905784301 4.3848583412789273 90.003893091226914  32.774677572942494 4.3929008113078005 89.89759118241345  32.786986377967075 4.4009090037914156 89.791286769675651  32.799295624971407 4.4088652216707898 89.684978539800596  32.811605464439708 4.4167514527719005 89.578665193138448  32.82391604528577 4.4245493698057281 89.472345443602364  32.857762947507126 4.4456934898254321 89.180028272565067  32.879300996825862 4.4588192786166125 88.994015927761936  32.900842554226273 4.4715174983915418 88.807973285577305  32.922388345494326 4.483684539548273 88.621894077794892  32.943938937241519 4.4952124776698046 88.435773410901348  32.965494743361511 4.5059881699604176 88.249607710323644  32.987056031486759 4.5158923516822531 88.063394664666603  33.04896455540905 4.5414584250535963 87.52872462432704  33.089317262717366 4.5546233811044825 87.180220375196086  33.129691181904136 4.5634712365408232 86.831532930679487  33.170085337463846 4.5670866018355607 86.48267071568462  33.210487553727788 4.5644238718775654 86.133738884798731  33.250874468741699 4.5542864378092496 85.78493920243541  33.291211495747099 4.5352752236193918 85.436570375499329  33.352252115365204 4.4903518737364285 84.909395949655661  33.373022252160418 4.4722137975709533 84.730015645061513  33.393756513233541 4.4510083515219341 84.550945179445293  33.414444770486547 4.4264759353364926 84.372272023646815  33.43507324315474 4.3983341637030371 84.19411519458896  33.455624436497345 4.3662745156194251 84.016625784773495  33.476077012768101 4.3299557080662279 83.839988076637241  33.517348485098857 4.2467940527794692 83.483548956821394  33.538151910464784 4.1996821177122063 83.303881157059863  33.558793923162 4.1472322872659424 83.125607390181472  33.579238416113647 4.0889831331705828 82.949039493248549  33.599434987528937 4.024436033993565 82.774612758944727  33.619319073562096 3.953059022658862 82.602884789872064  33.638811461950404 3.8742766964086668 82.434539698992907  33.661230517265381 3.7718243867405716 82.240918587549885  33.664628787960282 3.7559624355256105 82.211569583335077  33.668010502132738 3.7398375512641913 82.182363568743739  33.671375019025966 3.7234462152364562 82.153306077641446  33.674721666990955 3.7067849228154457 82.124402910693263  33.678049743486426 3.6898501834672066 82.095660135363659  33.681358515078863 3.6726385207507013 82.067084085916505  33.690055848639233 3.6263788830419763 81.991969975759346  33.695107688977266 3.5984530068973797 81.948339995488482  33.69985729033214 3.571325236623923 81.907320287908391  33.704333260295662 3.54469039265051 81.868663784904697  33.708599182410161 3.5187952566613312 81.831821350219855  33.712668574590452 3.4933452419978237 81.796676237021458  33.716575089357683 3.4683806098853274 81.762937806901547  33.729986826072178 3.3808214182512764 81.647107976761063  33.739440401725766 3.315588501496721 81.565462617514584  33.748713020179189 3.2484377188562874 81.485380086573102  33.757821623745095 3.1796478689920704 81.406714062454512  33.766783698154477 3.1094699152674705 81.329313530469548  33.775617525265559 3.0381293417790012 81.253020600213858  33.784342570518348 2.9658298075971246 81.177667159335058  33.797124872203035 2.857692998160791 81.067273415075178  33.801249368668195 2.822451737999927 81.031652396325384  33.805355736623866 2.7870558571000537 80.996187943590812  33.809446245698069 2.7515265534893514 80.960860455336416  33.813523210330359 2.7158848310916168 80.925649943014278  33.817589007049001 2.6801516459602643 80.890535881850482  33.821646091748043 2.6443480525122594 80.855497061632093  33.829348185487163 2.5761806925565032 80.788978293144538  33.832994330377979 2.5438263162850268 80.757488535154167  33.836637322251072 2.5114478228423329 80.726026008052287  33.840279072624668 2.4790611785985384 80.694574203102135  33.843921546679042 2.4466828202411981 80.663116148117055  33.847566776014567 2.4143297606174072 80.631634297276648  33.851216871409669 2.3820196945757686 80.600110420942713  33.858596718692688 2.316944774073046 80.53637471874012  33.862326694099046 2.2841824251140017 80.504160962465079  33.866066298743057 2.251503448238926 80.471864043734186  33.869817927361566 2.2189284481571057 80.439463280515952  33.873584048274751 2.1864793786164802 80.406937355279808  33.877367219177785 2.1541796770405539 80.374264178612293  33.881170102932487 2.1220543991653193 80.341420752833272  33.892609503523275 2.0265888757091233 80.242624910389736  33.900310794300715 1.9638598586197928 80.176113076642778  33.908123453477835 1.9021366395949477 80.108639414976523  33.916070849686562 1.8416612389736406 80.040002103306009  33.92417625394836 1.78273075230722 79.970000162554456  33.932462894372499 1.7256977095334018 79.898432984254185  33.9409534340083 1.6709644012642975 79.82510484005104  33.952730672392128 1.6007055497643623 79.723391277478072  33.95581989993579 1.5827800491965327 79.696711309830008  33.958937295889172 1.5652144695014236 79.669788067042887  33.962083499018469 1.5480295337139203 79.642616032442845  33.965259026274424 1.5312466209942541 79.615190741409009  33.968464253617618 1.5148874987354215 79.58750894697576  33.97169939684364 1.4989740546704116 79.559568785434635  33.980871830193664 1.4555824790288163 79.480351498402783  33.986878062035572 1.4291628622107548 79.428478961024354  33.992982318175741 1.4044036890249898 79.375759841427879  33.999182234113881 1.3814331831157034 79.322214560508073  34.005473588334993 1.3603659807177237 79.267879577179798  34.011849940036498 1.3412958301026912 79.212810517130151  34.018302266855407 1.3242882910250546 79.15708530157049  34.037652428665211 1.2799988459966254 78.989968543813376  34.050737821473895 1.2587338045399874 78.876957167388653  34.063976666829056 1.2458403462298882 78.762620505300333  34.077287507635617 1.2408836797076894 78.647662057899254  34.090604258892427 1.2429692450537644 78.532652565174075  34.103877264680939 1.251049297362794 78.418020878117886  34.117074741229089 1.2641589950887067 78.304041495775678  34.141488774080656 1.296349271040486 78.093190855143646  34.152735279938042 1.3143714541745708 77.996060938946698  34.163923021343841 1.3349806633879406 77.899438539158012  34.17505416333033 1.3577237566501252 77.803304957578646  34.186132255134872 1.3822214658003655 77.707629541387888  34.197162392659514 1.4081636791781686 77.612368280068623  34.208151470578585 1.435300850583392 77.517461628091951  34.227297935020211 1.4844566879452379 77.352104093025986  34.235467977186623 1.50603304596696 77.281543910066759  34.243621263505403 1.5280738496383193 77.211128438193541  34.251760107115224 1.5505046101842623 77.140837700093556  34.259886582909715 1.5732614681568968 77.070653776046015  34.268002589065723 1.5962895525453233 77.000560272536262  34.276109908571605 1.6195413398856515 76.930541790869711  34.289034276594158 1.6569304606891382 76.818921097398544  34.293855778236029 1.6709502638368257 76.777280426388657  34.298675108387016 1.6850257190186646 76.735658509357108  34.303492580543171 1.699148699794885 76.694052638810163  34.308308488990619 1.7133116570812312 76.652460273159491  34.313123108805584 1.7275076191490868 76.610879036722324  34.317936695854385 1.7417301916253023 76.569306719721354  34.329367908280091 1.7755606536056945 76.470581593978508  34.335984822404171 1.7951869171223165 76.41343492793807  34.342600854803038 1.8148369071806414 76.356295876875706  34.349216568863092 1.8344967101743435 76.29915957513154  34.355832473865959 1.8541537384957312 76.242021624318667  34.362449033134858 1.8737965292790135 76.184878022968249  34.369066672180764 1.8934145431437464 76.127725096174686  34.386939964353985 1.9462947546663816 75.973363253219887  34.398198390308025 1.9794914232880423 75.876130389671687  34.409462993785468 2.0125401153675249 75.778844174234607  34.420735423851667 2.0453987562072662 75.681490364833721  34.43201710868437 2.0780295597213261 75.584056627079462  34.443309314695362 2.1103975383090834 75.486532023666228  34.454613205652144 2.1424690127288493 75.388906503771125  34.49180336417168 2.2467801004303034 75.067715457755568  34.517739574918295 2.3176120105026383 74.843718599688799  34.543756420718424 2.3863168264796526 74.619025340794039  34.569866940903211 2.4525029797171527 74.393523067504347  34.59608193168593 2.5156977788744803 74.167118538834117  34.622411371704175 2.5753057375103281 73.939725574751407  34.648866712702926 2.6305389832995316 73.711245272802117  34.697052474310624 2.7206012946120834 73.295091220495593  34.718709420694182 2.757268978647029 73.108052026812572  34.740468461739084 2.7896988207872773 72.920131097413105  34.762341396784052 2.8171288110017065 72.731226527866042  34.784320821714907 2.8385189837410314 72.541402263453335  34.806380643198175 2.852526979855643 72.350883658016315  34.828477553715715 2.8573994858732616 72.160044734888061  34.863903232345159 2.8465605310764515 71.854092536033519  34.877230552516828 2.838229292070563 71.738991765374735  34.890522422773564 2.8251154871064386 71.62419715623048  34.9037439719635 2.8065932901929598 71.510009871655484  34.916840323759985 2.7819739448387537 71.396903848450705  34.929737589980718 2.7505420678007062 71.285517218409808  34.942345031060029 2.7116386189602912 71.176633649502349  34.965932150609454 2.6212434987814488 70.972924606514724  34.976979154066498 2.5707469228854292 70.877517683367515  34.987572822223733 2.5131178319396303 70.786025969107328  34.997604942472393 2.4483630137141965 70.699384036814195  35.006989359322873 2.3767501254824928 70.618335964301465  35.015663350575814 2.2988253258929703 70.543423448878926  35.023587729250025 2.2154151305338963 70.474984927057264  35.035393497674839 2.0706000950541954 70.373024966133954  35.039723319237652 2.0116728470083109 70.335630666884327  35.043734656055555 1.9510582358641848 70.300986946078822  35.047432424846463 1.8889789845470282 70.269051340715677  35.050825150401906 1.825645163660538 70.239750226835625  35.053923623215233 1.761248305386367 70.212990412853102  35.056740003282073 1.6959575177192281 70.188666879540648  35.059287370073264 1.6299175990377062 70.166666666666657 
 0 9 0.026432541219356689 7 0.053541999330306247 7 0.061573051600495317 7 0.067384560310385408 7 0.074845958363116305 7 0.080610222770114467 7 0.0880251525643444 7 0.10082535752998978 7 0.13510383960735695 7 0.17107206580702275 7 0.21146539597228609 7 0.23070418871454051 7 0.25120879827536519 7 0.27541416545961434 7 0.3663962952575508 7 0.46185019753636436 7 0.48859499179227583 7 0.50507360993514183 7 0.53389828998769007 7 0.58781584750784743 7 0.61568440100954436 7 0.64439511367767777 7 0.64955299050874771 7 0.65803568381832467 7 0.67980481662356185 7 0.69025122411309781 7 0.69966675073062379 7 0.70925095869213961 7 0.72832732353523366 7 0.7350289976500114 7 0.74715392690209315 7 0.77103379425913288 7 0.79163118642750308 7 0.80702588247700435 7 0.81619388039395768 7 0.82880146613205674 7 0.85023756671737549 7 0.89924711284961334 7 0.93902021903489252 7 0.96306899104737731 7 0.98546058905296541 7 1 9
8 0.55747403441427412 1
7 0 0  12 13 2  33.800954036739896 -1.2500000000000013 70.166666666666615  33.800954036739576 -0.75912614787660426 70.166666666665989  33.866377632470723 -0.26825219742626349 70.166666666667766  33.997224438385381 0.21161062197735653 70.166666666666643  34.191701481385891 0.66945241523888621 70.166666666665918  34.446221220090905 1.0946392539915581 70.1666666666666  34.755481451130287 1.4772920560106091 70.166666666667226  35.112624066347898 1.8086423035524588 70.166666666666785  35.509465115850062 2.0813420235932596 70.166666666666075  35.936784122894345 2.2897102839513419 70.166666666666544  36.384656087671488 2.4299032902890021 70.166666666667567  36.842805108091191 2.4999999999999938 70.166666666666103  37.300954036739931 2.5000000000000009 70.166666666666671 
 0 13 1 13
8 0.00032864209547483998 1
7 1 0  4 7 3  30.052759983671642 5.9999999999999973 113.33333333333334  1 35.408039855544558 9.0068017896564072 106.98919955058606  1.0000000000000033 35.347019098873957 2.7645526660238087 98.153460552385027  0.99999999999999445 38.975975427159831 10.352080564729876 86.107707920087108  1.0000000000000082 35.855126464287601 1.1606879654555688 76.058529535613658  0.99999999999999512 37.9928324052783 5.7664605540822498 72.003644881212438  1.0000000000000018 37.300954036739931 2.5000000000000009 70.166666666666671  1
 0 5 0.72829883356193692 2 1 5
8 0 1
7 0 0  8 345 50  35.059287370073264 -4.129917588213873 70.166666666666671  35.053613704812676 -4.2438879611305325 70.215667008486449  35.046559244821289 -4.3538939178911269 70.276592518726432  35.03805147783639 -4.4563452877046039 70.350069446115697  35.02812448475008 -4.5486971840226138 70.43580345264067  35.016910822104599 -4.6293669571200331 70.532649719990545  35.004638559606988 -4.6977175669569782 70.63863853492164  34.991624508021054 -4.753995964041593 70.751033776248448  34.963068329056625 -4.8503643282575837 70.997657865978269  34.947312419514404 -4.8875884777491176 71.133733033932558  34.931211055716837 -4.9128723286791445 71.272791701232933  34.914939381549878 -4.9282117593575716 71.413321245987689  34.898620492004646 -4.9353328858515395 71.55425856412495  34.882324481220742 -4.935641107607089 71.694998290921589  34.866068300943873 -4.9302275383633845 71.835394023427028  34.827391723267034 -4.9055574329682372 72.169422458229121  34.805064619673402 -4.8818842795869877 72.362249432977478  34.782843692776773 -4.8510597502470301 72.554159417701285  34.760741215936513 -4.8144642300566201 72.745046414112622  34.738761483141133 -4.7731608027431296 72.934873337382697  34.716900267328406 -4.7279070368790066 73.123676694334549  34.695142728931778 -4.6792747984140171 73.311584646183292  34.641783278604848 -4.5522478668452084 73.772421016544911  34.610307684422395 -4.4705634477402434 74.04425849779976  34.579003271811651 -4.3840031283431937 74.314617577502617  34.547852463320623 -4.2934239285697675 74.583650062486655  34.516841803589806 -4.1994378987304639 74.851472159328253  34.485957784385263 -4.1025180491045656 75.118200531251105  34.455183807760037 -4.0030720284902506 75.38397852563952  34.406608348504555 -3.8425279627597497 75.803498183259549  34.388754112424216 -3.782750653757212 75.957695449168995  34.37092527816251 -3.7224114578290766 76.111673333472595  34.353116362886446 -3.6616371512548085 76.265479188398274  34.335320592005985 -3.6005797158084718 76.41917152237275  34.317529053578291 -3.539434672551713 76.572827302968918  34.299729287313042 -3.478471678936585 76.726554142895225  34.265473334652711 -3.3624127565099946 77.02240405871234  34.249027847517716 -3.3072547436966522 77.164434730949083  34.232545612655358 -3.2528813117978812 77.30678277319619  34.216006747123508 -3.1996808861321333 77.449619903543251  34.199391466412457 -3.1481821642109509 77.593116989973282  34.182677696515526 -3.0991111756495178 77.737464673601394  34.165837550814366 -3.0534755940937806 77.882903795888708  34.132463999783802 -2.9734034405813801 78.171132891742843  34.115926180056192 -2.9385728235165116 78.313960990051058  34.099197157460203 -2.9094758666572083 78.45844040289353  34.082291238431246 -2.8878632238580044 78.604447573417161  34.065256930677272 -2.8758165513354568 78.751563567095346  34.048175669114258 -2.875743100704593 78.899085075125612  34.031169151299807 -2.8891293914916716 79.045961062304784  34.005293819513838 -2.9303087547705431 79.269432142105771  33.996256656637456 -2.9487419663658798 79.347481172086432  33.987332902591618 -2.9710507283931875 79.424550752063112  33.978544123620843 -2.9970579143527587 79.500454626184563  33.969902947758236 -3.0264811578399176 79.575083733039719  33.961414892129575 -3.0589757610702391 79.648390424232602  33.953080098751947 -3.0941766337143646 79.720373473239448  33.931901707062472 -3.1913140874255914 79.903279651929026  33.919289852377347 -3.256788086120685 80.012201338734485  33.907006371502597 -3.3268474254170619 80.118287040649363  33.89498933481282 -3.4002656416330566 80.222071609956018  33.883176116483689 -3.4759988706567908 80.324095911625761  33.87150499410577 -3.5532073572649678 80.424893008329974  33.859912904835902 -3.6312297545217831 80.525007539332535  33.837803592226599 -3.7807702196982085 80.715953572540045  33.827293700525175 -3.8521721280727781 80.806721755400005  33.816759861489068 -3.9233246692545798 80.897696758283828  33.806165463342417 -3.9938315830339142 80.989194777063162  33.795478906006011 -4.0633176847005954 81.081488724328281  33.784672343277812 -4.1314147683781268 81.174819092486842  33.773720765678178 -4.197751370594526 81.269401874727407  33.754930248338049 -4.3062342046236068 81.4316852894775  33.747179963617995 -4.3494984526399296 81.498620257093862  33.739343458256862 -4.3916123977067834 81.566299865201074  33.731414832628552 -4.4324436163147674 81.634775065641136  33.723389380717038 -4.4718537818892541 81.70408650169891  33.715263650340731 -4.5096996176655804 81.774263987977548  33.70703558190781 -4.5458350224270507 81.845325312044523  33.69497566354454 -4.5954585079735999 81.94948022689718  33.691219787542487 -4.6104485476637258 81.981917672442592  33.687437754824479 -4.6250933006800095 82.014581019228913  33.683630202237772 -4.6394014502822269 82.047464767154906  33.679797746348783 -4.6533815504861487 82.080563591273844  33.675940983443091 -4.6670420260635366 82.113872341793453  33.672060489525457 -4.6803911725421212 82.14738604407593  33.656150208906261 -4.7335630091154064 82.284794430539051  33.644004301772036 -4.7705483349695994 82.389691983347305  33.631743397715638 -4.8046641630259641 82.495582701637773  33.619387645490178 -4.8361386549356666 82.602292571656719  33.606953491275561 -4.8651696556525206 82.70967955674881  33.594453979965834 -4.8919332420577835 82.817630995303332  33.581898910271605 -4.9165882692999752 82.926062261219172  33.532150556479635 -5.0061405383143471 83.355711567059018  33.494622271929259 -5.0558535483878 83.679822822556062  33.456865757891578 -5.0921496982720527 84.005905171231447  33.418988837437617 -5.1172116811799739 84.333027404229256  33.381066520810478 -5.132910009685947 84.660541699130746  33.343138232334184 -5.1406399863429781 84.988107569625186  33.30521221057203 -5.1415928587167894 85.315653863750086  33.23224584183874 -5.1322359374694972 85.945824458077738  33.197237797866258 -5.1227946645780644 86.248169774959635  33.162246357372666 -5.1091749406472555 86.550371696680941  33.127275815356647 -5.0920200940757239 86.852393129688608  33.092328245732155 -5.0718845388306679 87.154216162722804  33.057403326786101 -5.04926192358172 87.455843574243445  33.022498229245763 -5.024601469325507 87.757299799130521  32.970754888296909 -4.9856145528689666 88.204178717244503  32.953906042201588 -4.9725371113343542 88.349692980074749  32.937060669435724 -4.959126647987091 88.495177245659377  32.920218394549963 -4.9454278494204003 88.64063475654882  32.903378823508085 -4.931483829921592 88.786068915818419  32.886541541315125 -4.9173363496633549 88.931483307552611  32.869706109645513 -4.9030260328948634 89.076881717329343  32.837142621093072 -4.8751062207795925 89.358114746884098  32.821414409341777 -4.8615124446606828 89.493950704176356  32.805687059574794 -4.8478434612967494 89.629779216981774  32.789960206916696 -4.8341309353514168 89.765603436529901  32.77423349125916 -4.8204059926312643 89.901426472879081  32.758506557261036 -4.8066992200859167 90.037251394916481  32.742779054348304 -4.7930406658079923 90.173081230357951  32.712580330131452 -4.7669653382098911 90.43389108451467  32.698109259049446 -4.7545367065956219 90.558869805843642  32.683637155622762 -4.7421970055971014 90.683857442968602  32.669163766662834 -4.7299690409621915 90.808856182540708  32.654688853637836 -4.7178753627798287 90.933868084628699  32.64021219267272 -4.7059382654800315 91.058895082718962  32.625733574549159 -4.6941797878339031 91.183938983715521  32.551631260702891 -4.6350337547507792 91.823920114313466  32.491972353895498 -4.5908421922911913 92.339161442783208  32.432262436690642 -4.5515692732083819 92.854843320139295  32.372496037712544 -4.5186615881898486 93.371012999659996  32.312675829200295 -4.4934880426978552 93.887647402678738  32.252813177476419 -4.4772369717346434 94.404648364488381  32.192928943995355 -4.4707835763247186 94.921835716123709  32.119137612449862 -4.4754856408916828 95.559131062781645  32.105221500236489 -4.4769271503181036 95.679316908075464  32.091306229684072 -4.4789293855736769 95.799495484404247  32.077392166035047 -4.4814971168009112 95.919663637368942  32.063479677931404 -4.4846338873765923 96.039818183210386  32.049569137414686 -4.4883420139118853 96.159955908809422  32.035660919925988 -4.4926225862522351 96.280073571686799  31.948589893977847 -4.5230094743496885 97.032058371300735  31.875492900847629 -4.564388964386529 97.663357097057641  31.802535244770787 -4.621588292607969 98.293452444939746  31.729757775160266 -4.6936066565546799 98.921991620923166  31.657172849049616 -4.7785028583241154 99.548867904071798  31.584770428534863 -4.8738097488050105 100.1741679862688  31.512523475449211 -4.9769308563020926 100.79812538136358  31.425588999866061 -5.1073164375600069 101.54893087020524  31.410795010771082 -5.1297250352427906 101.6766984576884  31.396004923240177 -5.1523239484054058 101.80443234949784  31.381218287664133 -5.1750893635753972 101.93213642866236  31.366434635424099 -5.1979972001938712 102.05981474238641  31.351653478891635 -5.2210231106155138 102.18747150205003  31.336874311428673 -5.244142480108577 102.31511108320893  31.306590553932004 -5.291661239054827 102.57665532326709  31.291086121723218 -5.3160674146358389 102.71055861911886  31.275582703554079 -5.3405203299506123 102.84445315726516  31.26007968118838 -5.3649907643105328 102.97834427707377  31.244576425360822 -5.3894488999857284 103.11223741316468  31.229072295777005 -5.4138643222050344 103.24613809541023  31.213566641113413 -5.4382060191559614 103.38005194893516  31.181899874474617 -5.4876962861525946 103.65354048207219  31.165738595310824 -5.5128356837206978 103.79311660560072  31.149574199619622 -5.5378245637679235 103.93271964487082  31.133405937563637 -5.5626259312666804 104.07235607581762  31.117233067216553 -5.5872016030167577 104.21203230605271  31.101054850405166 -5.6115120035791284 104.35175471077393  31.084870548551478 -5.6355159612098049 104.49152966867541  31.03471027022962 -5.7087979641883813 104.92473654124521  31.000712781516594 -5.7568848856376977 105.21835424539941  30.966678151251426 -5.8030373714775276 105.51229272081289  30.932599579619207 -5.8468224676051745 105.80661069376576  30.898472109681446 -5.8877585780092607 106.10135097462296  30.864292441809436 -5.9253042406652234 106.39654206047177  30.830058720983846 -5.9588452637964613 106.69219997209903  30.773215813882487 -6.006647486430114 107.18312105222448  30.75063901068425 -6.0235774294903051 107.37810454580432  30.72803973648433 -6.0382705961316026 107.57328210912792  30.705419365947868 -6.0505108001704269 107.76864186996482  30.682780791704083 -6.0600634177110937 107.96415884625954  30.660128423444515 -6.0666754324954297 108.15979495391949  30.637468193702002 -6.0700772336805286 108.35549895690525  30.592580493342261 -6.0698968407284566 108.74316945914849  30.570352571716437 -6.066447374925529 108.93513985352037  30.548132441597048 -6.0593689189637407 109.12704295691526  30.525931004776037 -6.0483928776333329 109.31878461652235  30.503762024319695 -6.0332215574426939 109.51024596827025  30.481640709112952 -6.0136190239507377 109.70129566134321  30.459585164694914 -5.9893075455512523 109.89177732810857  30.431581497355449 -5.9523453248430043 110.13362967730757  30.425556911697456 -5.9440319428618871 110.18566072655096  30.419538909234152 -5.9353655755715273 110.23763492034468  30.413527790202167 -5.9263487474541723 110.28954966570917  30.407523783628921 -5.916986052748582 110.34140298465999  30.401527021043059 -5.9072854112466961 110.39319374125621  30.395537479610827 -5.8972607205876972 110.44492213270043  30.383405686764462 -5.876323529537224 110.54969778812871  30.377263745889028 -5.8653938641145942 110.60274237015999  30.371128767708651 -5.854173940200802 110.65572681920453  30.365000117786998 -5.842699843312479 110.70865661454177  30.358876455610673 -5.8310309953005603 110.76154333345225  30.352755666385264 -5.8192525930431556 110.81440524025797  30.346634091574057 -5.807505450485996 110.86727393173831  30.333595337646578 -5.7832085292097153 110.97988251367013  30.326647565369917 -5.7707036305708925 111.03988662050517  30.319662812818375 -5.7589272510482443 111.1002101057361  30.312632929925332 -5.7490046455425947 111.16092335702803  30.305597989419109 -5.7409265537520273 111.22168028815707  30.298510486349173 -5.7394226697472979 111.28289117338291  30.291402223603939 -5.742623897230489 111.34428134856314  30.278353361608922 -5.7550284900380557 111.45697722834245  30.272415346928057 -5.7632032365879899 111.50826061143422  30.266508519927019 -5.7730480945702629 111.55927464360356  30.260618622755977 -5.7836307887278577 111.61014246209632  30.254742522518416 -5.7946582834422484 111.66089112402531  30.248873537442183 -5.8058164768495626 111.71157833619986  30.243005202320742 -5.8169694768724396 111.76225993507059  30.228119125791189 -5.8449299050089412 111.89082283132932  30.219102774027245 -5.8615594772090418 111.96869212712122  30.210069415449379 -5.8774899260313287 112.04670830145758  30.201016171170405 -5.8925768078392338 112.12489621771155  30.191942095428335 -5.9067287582702006 112.2032640439118  30.182847360510301 -5.9198716170104388 112.28181029210869  30.173733754671659 -5.9319695197951408 112.36051951811936  30.154392631370673 -5.955307591958352 112.52755821522238  30.144159706953175 -5.9662787769595012 112.61593438322727  30.133907185029649 -5.9758558894127667 112.70447980416662  30.123637707970197 -5.9840116904560805 112.79317165733593  30.113354165556483 -5.9907280536294216 112.88198498527242  30.103059636481024 -5.9959912437714458 112.97089319899371  30.092757370049554 -5.9997901851345565 113.05986823602444  30.075057486008717 -6.0037873545775078 113.21273244784122  30.067661870958762 -6.0046997075540478 113.27660432761752  30.060265173795862 -6.0048521466423628 113.34048555301115  30.052868614738451 -6.004242516884843 113.40436558566324  30.045473423364228 -6.002869139372204 113.46823380638418  30.038080838610171 -6.0007308112434767 113.53207951515326  30.030692108772506 -5.9978268056859818 113.59589193111914  30.014296907918226 -5.9896777780755652 113.73748830826962  30.005292926472862 -5.9840575954934696 113.81525076838989  29.996298824681187 -5.9772957449701991 113.89292790334802  29.987316881372301 -5.9693922681925748 113.97050003214432  29.978349376693846 -5.960347827752889 114.04794746239151  29.969398592111983 -5.9501637071490823 114.1252504903148  29.96046681041144 -5.9388418107846341 114.20238940075185  29.940630629916701 -5.9111102178070141 114.37370363590658  29.929736932522033 -5.8941288201635622 114.46778653849306  29.918879429280878 -5.8754450427839862 114.56155685198368  29.908062306327651 -5.8550645322171135 114.65497842302645  29.897289730161798 -5.8329940098150903 114.74801526784589  29.886565847647748 -5.8092412717332031 114.8406315722433  29.875894786014996 -5.7838151889299763 114.93279169159635  29.852315469389666 -5.7236358546164414 115.13643334499888  29.839435199824329 -5.6880639450608452 115.24767318422889  29.82664733108243 -5.6500280607707039 115.35811500811519  29.813959266517134 -5.6095483643324275 115.46769487794825  29.801378325914303 -5.5666470986483674 115.57634957674334  29.788911745492555 -5.5213485869369041 115.68401660924046  29.77656667790324 -5.4736792327323993 115.79063420190442  29.751028057938829 -5.3691295150492682 116.01119728597548  29.737858794586387 -5.3118057728782198 116.1249330063866  29.724851570262928 -5.2517332209004053 116.23726928438383  29.712015381453597 -5.1889514155351675 116.34812842224832  29.699359053038926 -5.1235025420928029 116.45743420431667  29.686891238294784 -5.0554314147746799 116.56511189698085  29.674620418892399 -4.9847854766731938 116.67108824868819  29.650157017035514 -4.8364284589725894 116.8823652624009  29.637975860751986 -4.7585760976401605 116.98756724282077  29.626020451055247 -4.6781120499899664 117.09081957351525  29.61429955673534 -4.5950932137948071 117.1920465232436  29.602821700364892 -4.5095790503848168 117.29117448721033  29.591595158299089 -4.4216315846474492 117.38813198706498  29.580627960675692 -4.3313154050274782 117.48284967090241  29.559807556002678 -4.1510979867130029 117.66266411164689  29.549926157014639 -4.0614391294531185 117.74800434689755  29.540290276456158 -3.969777896452011 117.83122417383728  29.530906262211783 -3.876172814649876 117.91226876926139  29.521780228045305 -3.7806841332224117 117.99108533193794  29.512918053599769 -3.6833738235807445 118.06762308260757  29.504325384397504 -3.584305579371474 118.1418332639837  29.489116301709895 -3.4000636505625379 118.27318578765747  29.482413669489432 -3.3154205501690788 118.33107275398531  29.475902809119042 -3.2296526865335791 118.38730349179534  29.469586671426658 -3.1427978874897162 118.44185251640165  29.463468084127793 -3.0548946374674797 118.49469540637283  29.457549751825574 -2.9659820774931589 118.54580880353188  29.451834256010706 -2.8761000051894037 118.59517041295632  29.426718011079576 -2.4621705287561531 118.81208567501882  29.409709106988611 -2.1272575942873337 118.95898227116226  29.395411560524447 -1.7824120706356439 119.08246235533198  29.38391433624286 -1.4295523552423539 119.18175758934771  29.375284277880549 -1.0706451321552457 119.25629068043705  29.369567126715708 -0.70770172328258485 119.30566658621331  29.366786425927874 -0.34277890246919779 119.32968197711925  29.367094500400253 0.38753219032917841 119.32702130650171  29.370194927830507 0.7529919884980234 119.3002446115625  29.376241657888379 1.1162748948648904 119.24802231325636  29.385209179279542 1.4753135125360415 119.17057473867067  29.397049650620257 1.8280878358852291 119.06831506765469  29.411694009647949 2.172624357217797 118.94183975317438  29.429050945797346 2.5069998191852605 118.79193739461036  29.4561444458576 2.9447122396492276 118.55794566209322  29.463617892723519 3.0585389137150663 118.49340159151757  29.471418882161043 3.1707458889806559 118.42602871500566  29.479541898890368 3.2812512384298032 118.35587466501092  29.487981106930537 3.3899748541967987 118.28298984370686  29.496730349599538 3.4968384475663861 118.20742742298683  29.505783149514215 3.6017655489737939 118.12924334446406  29.525494195368072 3.8187363356207036 117.95900982872006  29.53622020163747 3.9303216208048339 117.86637518260994  29.5473014638495 4.0393356945466747 117.77067238534478  29.558728300899055 4.1456803668198585 117.67198504733123  29.570490614124992 4.2492609265819565 117.57040038517889  29.582577887310123 4.3499861417744512 117.46600922170032  29.594979186681215 4.4477682593228351 117.35890598591119  29.620079672773521 4.634984490781715 117.14212682431526  29.632764445769123 4.7245638326478518 117.03257538196833  29.645726931136629 4.8111827530966824 116.92062548984931  29.658956278061126 4.8947667329045492 116.80637086050837  29.672441333671944 4.9752450112622588 116.68990781518583  29.68617064304264 5.0525505857752036 116.57133528381229  29.700132449191052 5.126620212463262 116.45075480500849  29.727082719602983 5.2611111761351621 116.21800006857845  29.740029460827362 5.3221572494589315 116.1061861500073  29.753146120256467 5.3804892363108792 115.99290474089339  29.766423758242624 5.4360665600448739 115.87823304808121  29.77985329198648 5.4888514567899573 115.76224951473804  29.793425495536958 5.5388089754503396 115.64503382035419  29.807130999791283 5.5859069777054122 115.52666688074292  29.832490375859635 5.6669752395351543 115.30765182810703  29.844106535206894 5.7018263734558694 115.2073294170189  29.855803259074648 5.7346525239084363 115.10631121425794  29.867574994324709 5.7654382241008761 115.00464517923965  29.879416146142759 5.7941695563125961 114.90237963131331  29.891321078038398 5.8208341518944691 114.79956324976186  29.903284111845128 5.8454211912687803 114.69624507380185  29.933410255906033 5.9018357719249792 114.43606205473105  29.951640298448794 5.9310098168994685 114.27861915407384  29.969969786355112 5.9554108869008067 114.12031739823529  29.988378939807809 5.9750171815226301 113.96132761467129  30.00684807356469 5.9898158600803875 113.80181981404561  30.025357585653811 5.999804131198724 113.64196328786224  30.04388792936555 6.0049933238096704 113.48192685035491  30.062419568541344 6.0054159395617468 113.32187922463353 
 0 9 0.015869873200984021 7 0.033895925536297562 7 0.05876520611138885 7 0.095105400096154466 7 0.116281138366533 7 0.13579854139679726 7 0.15458573580886892 7 0.16480961289214846 7 0.18103714917211561 7 0.19579192206505969 7 0.2059711626163524 7 0.21052759953013717 7 0.22454194464286115 7 0.26584233397873402 7 0.30395428311061023 7 0.32236288844046501 7 0.33956357384975372 7 0.35538838198320766 7 0.42054372280121655 7 0.4356876767322504 7 0.51536937628413748 7 0.53171562317582954 7 0.54886752832928831 7 0.56673954040066499 7 0.60423519554183269 7 0.62889935388287121 7 0.65309163387107338 7 0.65973157702670959 7 0.66655645151348319 7 0.67424825610569949 7 0.68075444637069782 7 0.69072814339533684 7 0.70188265518929205 7 0.70988424666178418 7 0.71965005761867518 7 0.73162449734297963 7 0.74625129782310029 7 0.76220189159216434 7 0.77859188318244654 7 0.79409385875463989 7 0.80693737995831794 7 0.85263637422764715 7 0.89842576971053933 7 0.91481289028596791 7 0.93297363260380595 7 0.95069484752246203 7 0.96664894786774547 7 0.9799505758635253 7 1 9
8 -27.705901118845137 -24.412631894310998
7 0 0  1 2 2  35.059287370073271 1.6299175990377091 70.166666666666586  35.059287370073264 -1.114473421407407 70.166666666666615 
 -27.705901118845137 2 -24.412631894310998 2
8 -22.687368105688776 -20.794098894143232
7 0 0  1 2 2  35.059287370073264 -2.5521932452592586 70.166666666666629  35.059287370073264 -4.1299175882138783 70.166666666666643 
 -22.687368105688776 2 -20.794098894143232 2
8 0 1
7 0 0  7 32 6  35.059287370073271 -1.1144734214073893 70.166666666666586  35.055638191479495 -1.1451509330822183 70.198182625089188  35.05212192807592 -1.1767219172957215 70.22855066775476  35.048750288079262 -1.2091844456515175 70.257669677203083  35.045536193450644 -1.2425274998335567 70.285428053527681  35.042493320552765 -1.2767295779463637 70.311707681468789  35.039635640806935 -1.3117573008551751 70.336387897506498  35.034580937640307 -1.3798333258705084 70.380042602461174  35.032346469264752 -1.4127362414832412 70.399340482959772  35.030283879405772 -1.4462352584899623 70.417153942774874  35.02840312837268 -1.4802859552820458 70.433396960166021  35.026713492616288 -1.5148362131684106 70.447989419504282  35.025223243743326 -1.5498254340272886 70.46085988344916  35.022666404249748 -1.62023934279438 70.482941906869584  35.021596169420945 -1.655661455549442 70.492184939376799  35.020735469312164 -1.6913796320910695 70.499618335179633  35.02008954906735 -1.7273228119272825 70.505196794840245  35.01966196867361 -1.763417904946992 70.508889572698379  35.019454518928121 -1.7995883581606087 70.510681202618841  35.01947927267156 -1.8705322126858035 70.510467418083806  35.019694943737257 -1.9053102795626784 70.508604785119999  35.020114079802198 -1.940014743834606 70.504984936308333  35.020735028719585 -1.9745775592814201 70.499622140336598  35.021554626174165 -2.0089336261706414 70.492543725663836  35.022568264860602 -2.0430196047287552 70.483789483064754  35.02645320162916 -2.1521390878247066 70.450237410310294  35.030074154421634 -2.2258498853968276 70.418965222686325  35.034565839376796 -2.2972108887469034 70.380172997900232  35.03983378817108 -2.365769723364378 70.334676607162791  35.04577547970603 -2.4312079270516249 70.283361469094515  35.052289338820259 -2.493362968815299 70.227104832775069  35.059287370073271 -2.5521932452592941 70.166666666666586 
 0 8 0.17944845884154675 6 0.34116888024499564 6 0.50150464625443703 6 0.65570053275466489 6 1 8
8 -29.081922188747697 -24.918077811252303
7 0 0  1 2 2  29.852674414405989 1.7349351572897476 115.13333333333331  29.852674414405989 -1.7349351572897476 115.13333333333331 
 -29.081922188747697 2 -24.918077811252303 2
8 0.76699400786186722 5.5161912993177191
7 1 0  2 5 3  29.852674414405989 1.7349351572897485 115.13333333333334  1 30.35056401505912 6.1961969903205212 110.83333333333334  0.37416573867739444 30.35056401505912 3.1000000000000001e-16 110.83333333333334  1 30.35056401505912 -6.1961969903205185 110.83333333333334  0.37416573867739444 29.852674414405989 -1.7349351572897487 115.13333333333334  1
 0.76699400786186722 3 3.1415926535897931 2 5.5161912993177191 3
8 0 1
7 0 0  6 47 10  35.059287366491482 -1.1144734255685829 70.166666666666615  35.160360678583473 -0.99705048765705506 70.166666666666615  35.276782253851835 -0.8926162343300742 70.166666666666615  35.404142563375693 -0.80119617701973966 70.166666666666615  35.538971991858894 -0.72227404547643814 70.166666666666615  35.678763829188767 -0.65501806502273618 70.166666666666615  35.83309976002424 -0.5942568777909123 70.166666666666615  35.844227311783733 -0.58994869435725183 70.166666666666615  35.855445220993374 -0.58567874478409432 70.166666666666615  35.866767777875502 -0.58144251118781953 70.166666666666615  35.87819187731457 -0.57724229620629264 70.166666666666615  35.929005769044643 -0.5588908974589295 70.166666666666615  35.968752010519296 -0.54540185265104679 70.166666666666615  36.008901407382865 -0.53262446854971379 70.166666666666615  36.049421554482258 -0.52056205740058514 70.166666666666615  36.090281977409525 -0.50921686372047226 70.166666666666615  36.254553951105414 -0.46681720522814857 70.166666666666615  36.380423241085175 -0.44147143873412253 70.166666666666615  36.508330809070515 -0.42257941073394034 70.166666666666615  36.637631539994267 -0.41014487102017644 70.166666666666615  36.767752962077786 -0.40418475543718729 70.166666666666615  37.06086354020357 -0.40548933176772478 70.166666666666615  37.223944520346272 -0.41638902061161037 70.166666666666615  37.386486415435101 -0.43757544217900818 70.166666666666615  37.547398568345344 -0.46931793649256198 70.166666666666615  37.705412782859945 -0.5119460576957946 70.166666666666629  37.913957566593886 -0.58534201648477246 70.166666666666629  37.968356193530781 -0.60615133320479886 70.166666666666629  38.02210122287196 -0.62844345946401159 70.166666666666629  38.075106407976421 -0.65224091242088678 70.166666666666629  38.127274682706414 -0.67756576070797814 70.166666666666629  38.244284314945773 -0.73895200115150816 70.166666666666629  38.308507384846529 -0.77601655915986711 70.166666666666629  38.370942953383611 -0.81567784964041956 70.166666666666629  38.431316060077776 -0.85796964983941615 70.166666666666629  38.489307610700237 -0.90290220617608041 70.166666666666629  38.588640089770117 -0.98838242095384277 70.166666666666629  38.630973758367972 -1.0279768117469832 70.166666666666629  38.671379280944187 -1.0692174308948892 70.166666666666629  38.709650568926214 -1.1120665954334104 70.166666666666629  38.745570176262241 -1.1564558796043705 70.166666666666629  38.848060205994173 -1.297266903101802 70.166666666666629  38.906327591761972 -1.398638966736981 70.166666666666643  38.951393026955522 -1.5050562062077952 70.166666666666643  38.981565212190517 -1.6146654592717569 70.166666666666643  38.996129348823075 -1.7250307456234615 70.166666666666643  38.996129348823075 -1.8333333333333333 70.166666666666643 
 0 7 0.19882764022985691 5 0.2141891574078198 5 0.2666736956478758 5 0.4235961866457712 5 0.61932299179360184 5 0.68939216430257277 5 0.77938238512481628 5 0.8511732833606338 5 1 7
8 0 1
7 0 0  6 52 11  38.996129348823096 -1.8333333333333321 70.166666666666643  38.996129348823096 -1.8612066222935186 70.166666666666643  38.995164710395827 -1.8892054881444125 70.166666666666643  38.993218916624542 -1.9172891883136578 70.166666666666643  38.990281760444347 -1.945416143100797 70.166666666666643  38.986349344642242 -1.9735439356772686 70.166666666666643  38.967207201013387 -2.0826983772871492 70.166666666666643  38.944713180557784 -2.1634450252913191 70.166666666666643  38.914006577437618 -2.2427605043140497 70.166666666666643  38.87561886092832 -2.3197632943961328 70.166666666666643  38.830302922097779 -2.3937964909979601 70.166666666666643  38.745570176262355 -2.5102107870621277 70.166666666666643  38.709650568926399 -2.5546000712330272 70.166666666666643  38.671379280944358 -2.597449235771589 70.166666666666643  38.630973758368121 -2.6386898549195354 70.166666666666643  38.58864008977033 -2.6782842457126139 70.166666666666643  38.489307610700457 -2.7637644604904006 70.166666666666643  38.431316060078032 -2.8086970168270584 70.166666666666643  38.37094295338386 -2.8509888170260655 70.166666666666643  38.308507384846777 -2.8906501075066235 70.166666666666643  38.244284314946078 -2.9277146655149675 70.166666666666643  38.127274682706705 -2.9891009059585256 70.166666666666643  38.075106407976783 -3.0144257542456243 70.166666666666643  38.022101222872308 -3.0382232072024959 70.166666666666643  37.968356193531093 -3.0605153334617037 70.166666666666643  37.913957566594249 -3.0813246501817337 70.166666666666643  37.705412782860314 -3.1547206089707447 70.166666666666643  37.547398568345805 -3.1973487301740162 70.166666666666643  37.386486415435392 -3.229091224487568 70.166666666666643  37.223944520346834 -3.2502776460549985 70.166666666666643  37.060863540203961 -3.2611773348988971 70.166666666666643  36.767752962078248 -3.2624819112294787 70.166666666666643  36.637631539994722 -3.2565217956465142 70.166666666666643  36.508330809070976 -3.244087255932778 70.166666666666643  36.380423241085609 -3.2251952279326166 70.166666666666643  36.254553951105862 -3.1998494614385997 70.166666666666643  36.081746078708541 -3.1552466323036032 70.166666666666643  36.032492540151324 -3.1413694157404701 70.166666666666643  35.983743481267481 -3.1264474281926344 70.166666666666643  35.935553327914491 -3.1104845452740011 70.166666666666643  35.887980695308848 -3.0934871441242113 70.166666666666643  35.823513639303108 -3.0687109133036006 70.166666666666643  35.806054935881939 -3.0618207293128763 70.166666666666643  35.788573292374572 -3.0547397592738053 70.166666666666643  35.771196723463525 -3.047513348120003 70.166666666666643  35.753856183390887 -3.0401131428350348 70.166666666666643  35.609324439311628 -2.976814366780296 70.166666666666643  35.485475856057356 -2.9120502462196081 70.166666666666643  35.366264622444895 -2.8376491934615062 70.166666666666643  35.253640329472304 -2.7530308928852718 70.166666666666643  35.150233943430337 -2.6578513421007512 70.166666666666643  35.059287368199222 -2.5521932430820611 70.166666666666629 
 0 7 0.038491301158368067 5 0.14959730015980571 5 0.22171481392955616 5 0.31211444882435702 5 0.38250240380786998 5 0.5791196758050261 5 0.73675609188871427 5 0.80041012111014531 5 0.82426648104137679 5 1 7
8 1 1.8141753227370534
7 0 0  12 13 2  37.300954036739931 2.5000000000000009 70.166666666666671  38.675400822688182 2.4999999999999241 70.16666666667183  40.049846993137585 1.8691295726016877 70.16666666664635  41.146827800757336 0.6073973700049119 70.16666666671297  41.68884157167173 -1.1295811129602857 70.166666666593073  41.48409570150406 -3.030325108898885 70.166666666754253  40.511623885021756 -4.690003408915592 70.166666666584405  38.962590805074392 -5.7319374979156654 70.166666666729768  37.188563075486336 -5.9513080731802388 70.166666666627165  35.567383158075742 -5.370579032851091 70.166666666686169  34.38976643564294 -4.1952424532941244 70.166666666659523  33.800954036740372 -2.7226215563703393 70.166666666668277  33.800954036739931 -1.2499999999999998 70.166666666666686 
 1 13 2 13
8 5.5732381119526861 7.0157908849321133
7 1 0  2 5 3  39.573673343506144 -1.8333333333333339 65.562935328980629  0.85490493149180435 40.137070462411273 -1.8333333333333339 66.544108651086304  0.86762209991802419 39.987793354923802 -1.8333333333333339 67.833333333333343  1 39.832998199850465 -1.8333333333333339 69.170214372708685  0.86339718133511723 38.996129348823089 -1.8333333333333339 70.166666666666643  0.85421506665775737
 5.5732381119526853 3 6.2831853071795862 2 7.0157908849321151 3
8 0 1
7 0 0  5 10 3  39.592598770606514 -2.2500000000000004 65.760087093417482  39.598756018312095 -2.1926760047338436 65.725072916179514  39.601948446486418 -2.1340419129399963 65.692120571836199  39.601992408445149 -2.0744066519170254 65.661620239886048  39.598748738529387 -2.0141607246737099 65.633817661143453  39.589537884448475 -1.9296807590893077 65.598710446694199  39.586376395633238 -1.9055485043664255 65.589123187150008  39.582678974848783 -1.8814258338067846 65.579969578754586  39.578444358217979 -1.8573435959495537 65.571244196732451  39.573673343506158 -1.8333333333333321 65.562935328980629 
 0 6 0.71458701578037886 4 1 6
8 0.34675355867894669 1
7 0 0  7 86 15  38.082942774333539 -2.2244561560316565 64.472376529151148  38.082171251634065 -2.2306502396291896 64.474655882826312  38.081408265728136 -2.2368882393544647 64.477002620161585  38.080654362594252 -2.2431686853710522 64.47941765562517  38.079910087953458 -2.2494899779553932 64.481901793651829  38.07917598726916 -2.2558503874967988 64.484455728642999  38.078452605747188 -2.2622480544974493 64.487080044966561  38.072881845075912 -2.3125716744620601 64.508163831414606  38.068542270891506 -2.3581506482730714 64.52986990888455  38.064907502381224 -2.4046848126002103 64.555005727559731  38.062115453338272 -2.4514036557929573 64.583470154024184  38.060223209608218 -2.4976914701931516 64.614948755958878  38.059243450191282 -2.5431430602953999 64.64910366162924  38.059010484592541 -2.6870052848102963 64.767576504493164  38.063414129322069 -2.7805732924724276 64.861095485264741  38.072242628205963 -2.8666255941990628 64.963560452573049  38.085219228124416 -2.9447477865371625 65.072211276744795  38.102185693184715 -3.0149729700466468 65.184888994420973  38.123091440398788 -3.0776426345346177 65.300093254261185  38.162852708759118 -3.1650949422636883 65.484504689149986  38.178863280390821 -3.1947287884484625 65.552659321130491  38.196369031756902 -3.221968479719806 65.621151400780803  38.215436945185914 -3.246797638572076 65.689693558092216  38.236143992300235 -3.269175424145097 65.757948404546653  38.258573307287712 -3.2890430582542356 65.825517282572122  38.284452295268814 -3.3075014678178278 65.896428073235981  38.2861046585463 -3.3086622808067707 65.900927696779007  38.287770770099456 -3.3098149599136142 65.90543651605752  38.28944878206525 -3.3109579975481958 65.909949010049829  38.29113817473084 -3.3120908489726557 65.914463317961619  38.29284072585363 -3.3132145981343735 65.918983854332524  38.32217786931767 -3.3322692605833564 65.9963769755702  38.352305303349212 -3.3471942117490681 66.068319023324989  38.385266983953315 -3.3589807164666725 66.138975168267237  38.421414838561134 -3.3673579173160118 66.207650932925134  38.461126467332669 -3.3719377811789806 66.273255342851655  38.504771807182735 -3.3722850024840096 66.334340489632865  38.565922750316687 -3.3665167057328755 66.403925568255204  38.579340065810307 -3.3649192409209081 66.418344571190772  38.593079777357268 -3.3629481968437003 66.432234809558224  38.607143814072536 -3.3605915134555775 66.445550032712887  38.621530968882475 -3.3578374460081304 66.458241001000403  38.636236166817532 -3.3546751786192353 66.470256914593691  38.659330698981769 -3.3491686560272989 66.487623554230723  38.667500896643233 -3.3471209868467198 66.493490007750879  38.675758788144698 -3.3449509558440611 66.499138091511242  38.684102349582275 -3.3426573075267325 66.504559887179056  38.69252907129286 -3.3402390053658189 66.50974766946824  38.701035957854032 -3.3376952317960771 66.514693906139513  38.726590987761057 -3.3297466003556258 66.528678961998153  38.743863928791129 -3.3239744639343427 66.536995007163128  38.76140843237259 -3.3177056853033244 66.5442822597348  38.779189278078313 -3.3109405354433363 66.550492035786405  38.797165204504402 -3.3036840845070841 66.555587127811734  38.815288169918531 -3.2959474363616255 66.559544831312621  38.851311188256737 -3.2797332018599974 66.565112396959123  38.869211435176567 -3.2712741016363838 66.566773293977931  38.887151540688222 -3.2623887545175467 66.567337050952077  38.905082088427541 -3.2530968842240151 66.566815640821261  38.922956149538521 -3.2434204902568626 66.56523602376771  38.940729373565496 -3.233383492015323 66.562637550028185  38.967038743016097 -3.2179057383220115 66.557312964031482  38.975683333054427 -3.2127186215605423 66.55532142265082  38.984289218023711 -3.2074528879453061 66.553100643486388  38.992852128011421 -3.2021113223941287 66.550656839246187  39.001368154629532 -3.1966966294273624 66.547996530424257  39.009833751014561 -3.1912114331678891 66.545126545300576  39.033223421772085 -3.1757707681358531 66.536583293087958  39.048030980683961 -3.1656678495910664 66.530470196340147  39.062650709481979 -3.155363526434964 66.523754264839837  39.077068341777547 -3.144870683767591 66.516476163376424  39.091272772444512 -3.1342008723076415 66.508676471011029  39.105255786189296 -3.1233640936392777 66.500394465701334  39.181478574193086 -3.0624372148725243 66.452034263126862  39.238985070444706 -3.0094567741416736 66.403394860834524  39.29159599216743 -2.9538357177779027 66.349011239886735  39.339286859153404 -2.8958571342459125 66.291290278865119  39.382201269107874 -2.8357441047719507 66.232054655137404  39.420522393645776 -2.773540284318698 66.172475776559509  39.486368070528151 -2.6481524469438016 66.057508474619652  39.514283334501698 -2.585394289834829 66.002234055921676  39.538176107158129 -2.520844443550085 65.948368198645412  39.558003530951424 -2.4546719853745436 65.896647200406662  39.573696452752529 -2.3871660406772905 65.847711790394754  39.585214106226559 -2.3187523748908996 65.802082093421461  39.592598770606507 -2.25 65.76008709341744 
 0 8 0.013033796433638511 6 0.10196087539798208 6 0.30132796805469664 6 0.41661912477837737 6 0.42442951120725481 6 0.55020744863277338 6 0.58449544829419864 6 0.60295073906226637 6 0.63944065936014638 6 0.67511747097470953 6 0.69267926391929568 6 0.72394838989794719 6 0.86594361495459671 6 1 8
8 0.64796767133130184 0.82998860596412649
7 0 0  8 233 34  38.681532053144913 -1.8333333333333333 64.638532671118952  38.672022065530946 -1.792800464518681 64.632917176817003  38.661051895552959 -1.7519872682883706 64.628605388340532  38.648538873509601 -1.710917866586305 64.625616839216136  38.634389026158672 -1.6696298198568735 64.623967688781207  38.618495815303781 -1.628183467380437 64.623667455599076  38.600743750524195 -1.5866720047287788 64.624710568705567  38.58101687604762 -1.5452322983405251 64.627062736686881  38.53326650219423 -1.4550608330698926 64.63490129751284  38.504382596480411 -1.4064452903797298 64.640897586325607  38.472383357717099 -1.3585210644832255 64.648493452632636  38.437111178448042 -1.3116988028824659 64.657460612671812  38.398456833146142 -1.2665030887240885 64.667441127273563  38.356390046692852 -1.2235611608124013 64.677908331650713  38.310986803044642 -1.1835749704179697 64.688167558961112  38.247626649444484 -1.1362043016697783 64.700267043216925  38.232515104318097 -1.1254695841883524 64.703004599428567  38.217120870286109 -1.1151032364333244 64.705626939329903  38.201452892513636 -1.1051276832138077 64.708110742209882  38.185522188112216 -1.0955657464808475 64.710432157230343  38.169341980314144 -1.0864402713941723 64.712567263120292  38.152927832646725 -1.0777737523889437 64.714492527870021  38.110860703714906 -1.0570670902901433 64.718774406835223  38.084915168025965 -1.0456692150948839 64.720820210907647  38.058530140779979 -1.0354749600473236 64.722240656250264  38.031786516030408 -1.0265581668269044 64.72296048042648  38.004775876652857 -1.0189819984403066 64.722916160299718  37.97759925385413 -1.0127950452598398 64.722060889378085  37.950365886681176 -1.0080274310618373 64.720369555158669  37.901525327850322 -1.0020234051144727 64.715829668925423  37.879890757306029 -1.0002664703304118 64.713284484979965  37.858345940463515 -0.99942062585305458 64.710207573863173  37.836944099730864 -0.99948081978774583 64.706608220226613  37.815733874184737 -1.0004336231128699 64.702504343478836  37.794759184397222 -1.0022584155877343 64.697921257118225  37.774059097262857 -1.004928571660457 64.69289042806588  37.742939836290788 -1.0102455696926069 64.684585137879793  37.732297030991361 -1.0123039229336801 64.681607936522312  37.721743928852959 -1.0145830744919648 64.678521942913449  37.711284738325581 -1.0170781943916152 64.675332631327663  37.700923222383459 -1.0197842542880418 64.672045639326313  37.690662698524982 -1.0226960274679118 64.66866676775777  37.680506038772727 -1.0258080888491485 64.66520198075726  37.638329894505318 -1.0396847807674803 64.650327139429777  37.60729851842833 -1.0522420726615924 64.638183409992521  37.577430685613692 -1.0666082594182189 64.625419159338222  37.548765784650975 -1.0825970450087052 64.612232727780651  37.521321222401696 -1.1000211298013145 64.598814876522269  37.49509842693309 -1.1186969893369114 64.585339979720445  37.470087079532036 -1.1384475706998085 64.571961386142149  37.444417862680048 -1.1607068989431144 64.557789748070135  37.442574416370817 -1.162317166838208 64.556769408398338  37.440737784145256 -1.1639331392518113 64.555750302063771  37.438908270202788 -1.1655544633520056 64.554732663425952  37.437085935668399 -1.1671810043921891 64.553716590532105  37.435270598592673 -1.16881284571108 64.552702045117215  37.433461833951704 -1.1704502887327146 64.551688852604073  37.403726758658742 -1.1975580877872658 64.534995153410577  37.376990425278798 -1.2246988932309562 64.519438412752137  37.351582802842096 -1.2532457018071912 64.504283238461724  37.32764317420655 -1.2828497900133193 64.48981414372598  37.305309118801574 -1.3130532520012113 64.47630440701721  37.284686657328209 -1.3433185188908656 64.46396285583576  37.265822727098332 -1.3730994295648398 64.452892590256567  37.246862269363056 -1.405037161438514 64.442055098476985  37.245040614839077 -1.4081286971001268 64.441017201654688  37.243239014400203 -1.4112089282835858 64.439994126737574  37.2414574182284 -1.4142773366362007 64.438985865343284  37.239695765715105 -1.4173334229314201 64.437992396276854  37.237953985461147 -1.420376707068836 64.437013685530673  37.236231995276789 -1.4234067280741818 64.436049686284477  37.232806102111162 -1.4294771124373649 64.434139108603233  37.231102567457036 -1.4325173710223578 64.433192830662335  37.22941932449325 -1.4355427641145166 64.432261618704473  37.227756017359532 -1.4385533200698564 64.431345264573707  37.226112427684598 -1.4415488147180306 64.430443628324326  37.224488655289129 -1.4445284367712106 64.42955673648521  37.222884759968366 -1.4474914552640326 64.428684588600561  37.207550071895888 -1.4760093516963388 64.420383824146882  37.194728746390808 -1.5013402872922168 64.413740571666324  37.182794469702998 -1.5263104958606029 64.407890833858076  37.171683886151783 -1.5508489884460153 64.402799730226803  37.161322175322617 -1.5749333494674498 64.398417806019012  37.151630920734583 -1.5985850984010528 64.394692258187419  37.142533374365271 -1.6218620507671175 64.391575161829422  37.128844981286413 -1.6585489937980518 64.387510790761098  37.123918045503963 -1.6721469564928075 64.386195616155121  37.119160761214523 -1.6856600576926293 64.385075053068164  37.114558354273754 -1.699109785269761 64.384142357311717  37.110096903728042 -1.7125203778246634 64.383392411889432  37.105763420678599 -1.7259185787289222 64.382821978163889  37.101545927145693 -1.7393333901681596 64.38242994702334  37.085672223263145 -1.7912978830288062 64.381610202151393  37.074793997911996 -1.830113744850784 64.382474015302634  37.064506326840011 -1.8700674971764542 64.384824875284238  37.054642739098377 -1.9120134926863457 64.388868241605891  37.045137494935624 -1.9567871326771367 64.394983912070515  37.036041510656418 -2.0053064789400317 64.403810901992017  37.02766150885649 -2.0580279621144082 64.41629607459673  37.018828545785226 -2.1269705057269692 64.436845015643982  37.017303147066826 -2.139477197171471 64.440725623257975  37.015835865783593 -2.1521613277472276 64.444820656117429  37.014431174317565 -2.1650174774174857 64.449136908529624  37.013093573998631 -2.1780388661104473 64.453680424908882  37.011827595104478 -2.1912173537192676 64.458456499776531  37.010637796860564 -2.2045434401020589 64.46346967776104  37.007265725613649 -2.2454779403864449 64.47944500955046  37.0053377481483 -2.2735245296153348 64.491169502317419  37.003783714636228 -2.302050111052131 64.503927053113841  37.002637801704999 -2.33094956342347 64.517730180370208  37.001929112026822 -2.3601134436787969 64.53257539885719  37.001681303327693 -2.3894328647700922 64.54844451881057  37.001912217396509 -2.4188043734316098 64.565305945055925  37.002699537086578 -2.4508193608459452 64.584746103486395  37.002769646731004 -2.4535025948774827 64.586383593923514  37.002843922561361 -2.4561871591805922 64.588030072391177  37.0029224006188 -2.4588736960632858 64.589685957721414  37.003005088608639 -2.4615617007007971 64.591350971533657  37.003091986057086 -2.4642503608211599 64.593024647136502  37.003183104468249 -2.4669393963907837 64.594706838429317  37.003947579539734 -2.4885026542036419 64.608262666296014  37.004825737701459 -2.5074142875690248 64.620559598909239  37.005918158602441 -2.5263263599534653 64.633273411471762  37.00722855366611 -2.5452044417719866 64.646386816999708  37.008759440512655 -2.564018084245105 64.659881480248288  37.010512434368536 -2.5827407903465862 64.673738641263228  37.012488539476095 -2.6013499857512099 64.687939738931888  37.015407526569327 -2.6258666000326589 64.707215597682961  37.016150519984294 -2.6318920294863544 64.711998973968775  37.01691744016199 -2.6379026022668719 64.71681652151311  37.017708302948648 -2.6438976742223472 64.721667601279051  37.01852312062281 -2.6498766329257912 64.726551577071845  37.019361901895209 -2.65583889767509 64.731467815538792  37.020224651908912 -2.6617839194930037 64.736415686169352  37.021881039964036 -2.6728560089308901 64.745716195038099  37.022668866531276 -2.6779880761927544 64.750061720583403  37.02347440185833 -2.6831041523222017 64.754428266723281  37.024298633282832 -2.6882102962773402 64.758820842773616  37.025140526963291 -2.6932993645898047 64.763233283296628  37.026000838428203 -2.6983760394914915 64.76766938689741  37.026879189471209 -2.7034374845955829 64.772126616124041  37.034450741942813 -2.746060233386618 64.809951295815679  37.042130944071111 -2.7828110564172146 64.844475149650762  37.050819581300473 -2.8186399247390721 64.880027648637466  37.060519065503364 -2.8534753505538828 64.916458645449879  37.07123343447789 -2.8872645944220405 64.953619846776974  37.082970585630378 -2.9199682745630229 64.991366118589838  37.095744277046549 -2.9515562535888131 65.029555370368385  37.130171031939078 -3.0273423411791316 65.125360680404526  37.153085315424079 -3.0700951978516051 65.183270936357019  37.178399400085205 -3.1102405863533051 65.241367804087233  37.206205402966184 -3.1476839718491743 65.299144505123351  37.236585929220077 -3.1822792837699905 65.355976577726111  37.269592164574526 -3.2138440056091762 65.41110331305137  37.305207231641283 -3.2421790181434069 65.463645934541063  37.345822506210126 -3.2687667978826505 65.515971187503141  37.348371468860819 -3.2704130838270262 65.519225437239683  37.350948575626688 -3.2720553116752913 65.522485946645446  37.353525443024715 -3.2736747419048675 65.525715756501555  37.356132008685719 -3.2752908113000752 65.528953038214354  37.358744796306546 -3.2768879887136881 65.532167144280635  37.361377644383388 -3.2784751680061293 65.535375494981835  37.382605127211441 -3.2910912057676183 65.560994735495584  37.401959450983242 -3.3014933199933414 65.582839126372946  37.422123303565868 -3.3112209806824136 65.604008797404376  37.443129517449286 -3.3202321144796594 65.624388741458077  37.465006474393157 -3.3284775718194481 65.643846222078665  37.487776184447334 -3.3359022348342058 65.662233191624878  37.511452364972328 -3.3424461252629398 65.67938870940776  37.546868434015899 -3.3505119124758926 65.702080128048451  37.557873687488346 -3.3527949706495495 65.708746526122638  37.569054164062173 -3.3548889747154886 65.715125270693264  37.580408730649538 -3.3567882366468682 65.721201075662051  37.5919352370897 -3.3584870925552246 65.726958652190305  37.603630516149067 -3.3599799026904797 65.732382708698964  37.615490383521198 -3.3612610514409389 65.73745795086856  37.648584970011207 -3.3641906371784187 65.750430240981004  37.67015390581323 -3.3653889370757626 65.75757445027611  37.692181837662424 -3.3658905699204067 65.763519879014027  37.714625290051657 -3.3656690959412949 65.768192149031407  37.737430769208117 -3.3647030590408975 65.771529333249148  37.76053361276437 -3.3629781331348729 65.773486954409435  37.783856839429326 -3.3604892684917185 65.774042983812947  37.824208510360251 -3.3549037754967377 65.772597531049016  37.841179053247856 -3.3521709162994227 65.771267327022031  37.858189383061884 -3.3490463539422777 65.769213632242227  37.875208453742417 -3.3455345982381552 65.766444874091817  37.892206483488962 -3.3416423335090126 65.762975721620677  37.909155020819256 -3.3373781767439601 65.758826304099202  37.926027010628147 -3.3327524357573077 65.754021429571026  37.951062475005727 -3.3253244923160463 65.745912653590665  37.959303580309005 -3.3227870269792499 65.743083092499418  37.967517297824884 -3.3201658452095701 65.740104551329978  37.975700925609914 -3.3174623455781118 65.736980571677222  37.983851938108629 -3.3146779513537377 65.733714805532955  37.991967986153512 -3.3118141105030698 65.730311015285849  38.000046896965003 -3.3088722956904904 65.726773073721489  38.022774093630822 -3.3003400450968519 65.7164038736273  38.037330810124331 -3.2945708197402985 65.709268200959727  38.051744803752882 -3.2885552594700198 65.701721816899507  38.066005941527791 -3.2823022638229551 65.693788948811388  38.080105857068212 -3.2758205443126207 65.685493773872324  38.094037830318477 -3.2691184681303054 65.676860012398706  38.10779666726539 -3.262203901846259 65.667910521173667  38.13772717021542 -3.246513996368682 65.647540506507752  38.15381850542326 -3.2376466886776778 65.63598809710922  38.169646690300638 -3.2284948814977783 65.624047855061221  38.185207321433943 -3.2190702900938435 65.611755691606433  38.200497486974299 -3.209383595535686 65.599145232747873  38.215515766637587 -3.1994444446980714 65.586247819248754  38.230262231704479 -3.1892614502607155 65.573092506632548  38.255446271510628 -3.1711351308638265 65.549804174405011  38.26600580848195 -3.1632988944770641 65.539775938826125  38.276417437351071 -3.1553365635886426 65.529632163157231  38.286681648442112 -3.1472510110023348 65.519383120429282  38.296799040986542 -3.1390449002850525 65.509038551993456  38.306770323123231 -3.130720685766835 65.498607667521028  38.316596311898394 -3.1222806125408571 65.48809914500346  38.35219853822715 -3.0908252428473704 65.449200466456645  38.377080695004395 -3.0671113648231705 65.420386213490772  38.400945670545703 -3.0426204383373645 65.391230411398354  38.423810653874568 -3.017384235894069 65.361869035922581  38.445689519034204 -2.9914312866496569 65.332423790420634  38.466593588031948 -2.9647872165074531 65.303003897277563  38.486532393783932 -2.9374750882124174 65.273707889320335  38.554478351305214 -2.8373946267715517 65.169607132027735  38.597048352692433 -2.7610056026927365 65.096049095349386  38.633373160086677 -2.6807084724621775 65.025479769226479  38.663336815112828 -2.5970355794292437 64.959300374781023  38.686784794984945 -2.5107916985151153 64.898846387372302  38.703620132895125 -2.423172990027171 64.845244209377213  38.714045869604263 -2.3357080869732503 64.799078412407638  38.718597444296236 -2.2500000000000009 64.760367905636684 
 0 9 0.056205692633426473 7 0.1230854162453197 7 0.14350807997289056 7 0.17474628698092884 7 0.1996535708366618 7 0.21275719861247713 7 0.25464272823553774 7 0.25789536169928079 7 0.30828935289861414 7 0.31371107185100161 7 0.31920065037967948 7 0.36682551000414204 7 0.395213814926412 7 0.47640330448502521 7 0.49407771215344243 7 0.53014337050363891 7 0.53344437259623789 7 0.5565995487047507 7 0.56416832180898502 7 0.57073797161371975 7 0.61965146599857346 7 0.69248313056693367 7 0.69734478280563039 7 0.73146641521719724 7 0.7464965241699969 7 0.77285148287487759 7 0.79184079775138527 7 0.80120034733934908 7 0.81829879758223778 7 0.83888010828391402 7 0.85410390657458313 7 0.89486273013479456 7 1 9
8 0.70205708094079899 0.870792340797654
7 0 0  8 380 55  37.591060457663637 -2.25 64.417414316459457  37.591717465407648 -2.2340907943542261 64.410941605709056  37.592178823550242 -2.2180725024433499 64.40471784522245  37.592440992386244 -2.2019495041684269 64.398749711372275  37.592500488593728 -2.1857266946107643 64.393043768253222  37.592353895174071 -2.1694093614001915 64.387606393493897  37.591997871391911 -2.1530030620833287 64.382443704068734  37.591429162715073 -2.1365135014918542 64.377561482109641  37.589887061780367 -2.1039495763061296 64.36852693569918  37.588928596665426 -2.0878874179084779 64.364357211927583  37.58776629414583 -2.0717575490664153 64.360458269458761  37.586397036963596 -2.0555627919707882 64.3568342971747  37.584818000939244 -2.0393111138730542 64.353490578476126  37.583027263151187 -2.0230158299406775 64.350432668671743  37.581024379519278 -2.0066954717564043 64.34766553287642  37.577864488592326 -1.9833948639200549 64.34413553985982  37.576880842587023 -1.9764251915096296 64.34313350643869  37.575859525937346 -1.9694608533934075 64.342185880727271  37.574801018245864 -1.9625059826901556 64.34129321533716  37.573707067983257 -1.9555722396771844 64.340456848310367  37.572581163616647 -1.9486793541865082 64.339678443699384  37.57142900473815 -1.9418556680010157 64.338959532147143  37.569409805499035 -1.9302637031063383 64.337823144150249  37.568551980999935 -1.925449296548617 64.337377502342747  37.567689433608564 -1.9207134566343931 64.336964725356296  37.566828226521594 -1.9160845412465815 64.33658598225216  37.565976679311383 -1.9115993454464386 64.33624220614935  37.565144831330841 -1.9072993278092099 64.335933569362325  37.564343241431594 -1.9032249847430853 64.335659239368439  37.563079071837286 -1.8968941235853136 64.335258105263605  37.562593648779831 -1.8944893124232307 64.335112775273586  37.562127498693883 -1.8922030644031944 64.334980883836025  37.561682260371889 -1.8900394771569893 64.33486157684284  37.561258730997416 -1.8879986328543263 64.334753803102544  37.560857029614397 -1.8860776102069714 64.33465642956611  37.560476760596408 -1.8842714964728717 64.334568356552978  37.559133454234434 -1.8779316069769196 64.334270533161728  37.558309358297194 -1.874126563394076 64.334115696807515  37.55761618507767 -1.8709716087105865 64.334000457572387  37.557026393610499 -1.8683145280781976 64.333911375078145  37.556517413324713 -1.8660405618153642 64.333840749692143  37.556072830782909 -1.8640683009561492 64.333783650824671  37.555680956026585 -1.8623394683341996 64.33373645874191  37.554987646037205 -1.8592967031446015 64.333658176212396  37.554685830801255 -1.857980362027146 64.333626796115979  37.554416956765905 -1.8568135208442909 64.333600745623215  37.554174876676463 -1.8557671330813712 64.333578653636224  37.553955146971909 -1.8548205361852388 64.333559638886499  37.553754512679589 -1.853958841035287 64.333543136879769  37.553570392309879 -1.8531703214144766 64.333528726840754  37.553156940457747 -1.8514037532034322 64.3334977010811  37.552942577739358 -1.8504917200075348 64.333482879168116  37.552751239393025 -1.8496803994314341 64.333470545045827  37.552578541983713 -1.8489501155856924 64.333460061207262  37.552421361945562 -1.8482869874733254 64.33345101909778  37.552277443683487 -1.8476810953104554 64.33344315770141  37.552145007674739 -1.8471246468469626 64.333436282126783  37.55189236880063 -1.8460648657716581 64.333423723297955  37.551773474230963 -1.8455671865053691 64.333418158844609  37.551663929447827 -1.8451094774046204 64.333413302349015  37.551562379452328 -1.8446858405588651 64.333409016942028  37.551467775856835 -1.8442917345905234 64.333405203880275  37.551379293081318 -1.8439236006148318 64.333401791056559  37.551296244549789 -1.8435784881996951 64.333398721510378  37.551045577553268 -1.8425379480838797 64.33338981944982  37.550887472056253 -1.8418834451527697 64.33338479009069  37.550741022008474 -1.8412786210850249 64.33338059448225  37.550604169472216 -1.84071459399723 64.333377049461347  37.550475325287834 -1.840184554865562 64.333374029736291  37.550353235402483 -1.8396831708216108 64.333371449542796  37.550236847198754 -1.8392059884482015 64.333369244299817  37.549994937581076 -1.8382156888690619 64.33336514914086  37.54987104390252 -1.8377094944369674 64.333363370628277  37.549752192643126 -1.8372247746488977 64.333361946563684  37.549637178053409 -1.8367564859284735 64.333360821657749  37.54952489077899 -1.8363000202529756 64.333359955495993  37.549414317860546 -1.8358512051533435 64.333359322538598  37.54930454273385 -1.8354063037141763 64.333358912120616  37.549081708751118 -1.8345046146719151 64.333358537916652  37.548968564848202 -1.834047502201273 64.333358580181979  37.548854228053713 -1.8335862981359983 64.333358857609298  37.548737639402205 -1.8331167479541999 64.333359378196675  37.548617647869698 -1.8326342629565082 64.333360162143194  37.548492891813346 -1.8321334615846789 64.333361248413382  37.54836168041107 -1.8316077107402038 64.333362701301454  37.54811566633785 -1.8306239722955908 64.333366074036121  37.548004525349825 -1.8301801641958293 64.333367794825079  37.54788739810985 -1.8297131551423638 64.333369834606401  37.54776316646133 -1.8292185991911007 64.333372248947896  37.547630460642637 -1.828691193299578 64.333375112603605  37.547487471811543 -1.8281239785114276 64.333378538375698  37.547331764569584 -1.8275076411408424 64.333382695976553  37.547027805647133 -1.8263075307309178 64.333391792354988  37.546886115113558 -1.8257489988026665 64.333396321643193  37.546733259637548 -1.8251475903362444 64.333401571938566  37.546567406509574 -1.8244963472529885 64.333407687200776  37.546386235286214 -1.8237864941224979 64.333414860686403  37.546186524517658 -1.8230059510535177 64.333423393469317  37.545963738475315 -1.8221378465848235 64.333433752961227  37.545637967742955 -1.8208731192883532 64.333450394207347  37.545561801029976 -1.8205777011894857 64.333454374920436  37.545482957347723 -1.8202721981701928 64.333458590840081  37.545401256426487 -1.819955946876604 64.333463062828329  37.545316494119483 -1.8196281987102911 64.333467815340285  37.545228442402781 -1.8192881198282693 64.333472876424381  37.54513684937541 -1.8189347911429974 64.333478277722108  37.544942068417569 -1.8181843666222524 64.333490071165457  37.544838493488271 -1.8177858232236341 64.333496500605051  37.544730530934089 -1.8173709351974281 64.333503374353398  37.544617710312224 -1.816937977165207 64.333510748640748  37.544499577207745 -1.8164852982082123 64.333518682765714  37.544375761171239 -1.8160115849884977 64.333527235413371  37.544245808660847 -1.8155152310822114 64.333536478887297  37.543912623761138 -1.8142449940752212 64.333560931384454  37.543699412754819 -1.8134339117345608 64.333577141952688  37.543466013800199 -1.8125484041672029 64.333595642713675  37.543209162972168 -1.8115767040303081 64.333616888339165  37.542924703367376 -1.8105039144641821 64.333641486337356  37.542606821881385 -1.8093094855824188 64.333670374971177  37.542247285985795 -1.8079646909620417 64.333705001176412  37.541521101904337 -1.8052639248101707 64.333779827598846  37.541177151431292 -1.80398898338313 64.333816617621608  37.54079703472722 -1.8025857428616769 64.333859098094322  37.540374267134275 -1.8010319205558498 64.333908517445039  37.539900635325033 -1.7992996413765865 64.333966566025467  37.539365158931801 -1.7973525911357358 64.334035799151991  37.538753052175721 -1.7951431698460667 64.334120060147114  37.537421526703326 -1.7903810083456155 64.334317176940402  37.536724457694561 -1.787903594165442 64.334425278561511  37.535940017647718 -1.7851364077190006 64.334553426435605  37.535053739698078 -1.7820354929705895 64.334706191848881  37.534049817255223 -1.7785571737347403 64.334889910041056  37.532914433011101 -1.7746703739260159 64.335112295102363  37.531642750639548 -1.7703780169344618 64.335380258908259  37.529005160093149 -1.7616114083157313 64.3359778826769  37.527661062847997 -1.7571960508372924 64.336298421706417  37.526225799912694 -1.7525424613621952 64.336659455313608  37.524711083196067 -1.7477005308252858 64.337061575350532  37.523129414651066 -1.7427194277108793 64.337504130909608  37.521492089652682 -1.7376407596957288 64.337985634273835  37.519807603157595 -1.7324944806495306 64.338504503295781  37.516942628314744 -1.7238737943992553 64.339426176231655  37.515786534565301 -1.7204288954978901 64.339808113865018  37.514613642923514 -1.7169680220621661 64.340205660416458  37.513425193722419 -1.7134955334064337 64.340618552860604  37.512222202101839 -1.7100149723860925 64.341046557835952  37.511005458008171 -1.7065290653975878 64.341489471645076  37.509775526194559 -1.7030397223784115 64.34194712025446  37.504623004374935 -1.6885634332623798 64.343905041944595  37.500591513025718 -1.6775717876404526 64.345533357363891  37.496445041340685 -1.6665990618913287 64.347302068462994  37.492189258465125 -1.6556642279187059 64.349208105514577  37.487828380569248 -1.6447798417941126 64.351248225526788  37.483364761529536 -1.6339524740659968 64.35341964851483  37.47879842724474 -1.6231829961637481 64.355720670669982  37.471575159719627 -1.6066143731062736 64.359478639375837  37.468993110561165 -1.6007797804581652 64.360844239505099  37.466380511399358 -1.5949633757569557 64.362247728207251  37.463737461687707 -1.5891655689121162 64.363688775144325  37.461064055044595 -1.5833867489379783 64.365167046247834  37.458360379253222 -1.5776272839537324 64.366682203718682  37.455626516261646 -1.5718875211834302 64.368233906027129  37.443080439193103 -1.54592483563293 64.37544162572668  37.432921947619874 -1.5259343421903333 64.381514419591497  37.422389599017322 -1.506209108619718 64.388025410046751  37.41148733068502 -1.4867643523945726 64.394958119308882  37.400219750647523 -1.46761568837916 64.402294752385771  37.388591619445847 -1.4487779775495071 64.410016534630429  37.37660754874026 -1.4302650425265704 64.418104005733198  37.357653240174585 -1.4023385686689174 64.431062130484975  37.35093349068574 -1.3926844277195274 64.435686447748566  37.34411344281289 -1.3831299934792716 64.440407067625614  37.337193883415019 -1.3736774071761557 64.445220776600351  37.330175611655086 -1.3643287848603189 64.450124301959391  37.32305943900009 -1.3550862174040368 64.455114311791647  37.315846189221084 -1.3459517705017185 64.460187414988368  37.304724628711938 -1.332221110250764 64.468027439268809  37.300886382501055 -1.3275446991081379 64.470736380734124  37.297022078061978 -1.3228985409921958 64.473466497114629  37.293131834607649 -1.3182829243993737 64.476217296184998  37.289215772262558 -1.3136981365723788 64.478988282019131  37.285274012062715 -1.3091444635001916 64.48177895499019  37.281306675955605 -1.3046221899180628 64.484588811770493  37.272993548038627 -1.2952726234110956 64.49047791852621  37.268643533681839 -1.29045087247932 64.493560270274529  37.264263533209025 -1.2856662148228037 64.496664088783504  37.259854486178483 -1.2809198380247575 64.4997881728073  37.255416069649492 -1.2762115806322161 64.502932211978177  37.25094792937427 -1.2715412575268552 64.506095914380268  37.246450953589616 -1.2669100168142011 64.509278104105647  37.213314968966102 -1.2332895082494078 64.53270801194607  37.183551367597431 -1.205828189689748 64.553655465115668  37.152667854974105 -1.180016396624358 64.575157894756927  37.120706396879399 -1.1559444104113248 64.597041730420031  37.087718865585096 -1.1337083781023991 64.619122279794652  37.05376949509683 -1.1134077260829109 64.641205469621994  37.018938080097492 -1.0951418167827465 64.663091755213131  36.964048265069259 -1.0702724676274447 64.696213606985395  36.944544943076991 -1.062163758985849 64.70772806029251  36.924831014521914 -1.0546950827893158 64.719093396646315  36.904925948677445 -1.0478815356060205 64.730277084483802  36.884851762653788 -1.0417373533453944 64.741246806237868  36.864633161871005 -1.0362753142869261 64.751971042047188  36.84429768053235 -1.0315061421089633 64.76241965346631  36.818861188033956 -1.0264389450661724 64.775055550197948  36.813843525999985 -1.0254826569245066 64.777527243930763  36.808813125292048 -1.0245671809915884 64.779984160017861  36.803783855029771 -1.0236953688547712 64.782419194334793  36.798742402819649 -1.0228646109452719 64.78483877461646  36.793699693046591 -1.022077151570963 64.787237283297387  36.788650212881244 -1.0213319239205947 64.789617293259042  36.767915393805268 -1.0184499200973707 64.799300403556657  36.752190311159296 -1.016681441552808 64.806433379034431  36.73643455480881 -1.0153277626351951 64.813364775874632  36.720661585154318 -1.0143914098263525 64.82008442281986  36.704885254049174 -1.0138737519384808 64.826583396329085  36.689119804799702 -1.0137750001141617 64.832854020577557  36.673379872165093 -1.0140942078263548 64.838889867456899  36.620959049747277 -1.0165484713951094 64.858242629557168  36.584444201135341 -1.0205427784014118 64.870493298950237  36.548344512299614 -1.0267849195394017 64.88136546236548  36.512844983388817 -1.0352027464519962 64.890846981248984  36.478104403197321 -1.0456894608984666 64.898978515496822  36.44425404556894 -1.0581131302359872 64.905843473944671  36.411397697929637 -1.0723254922672072 64.911555280731974  36.359267872223022 -1.098312026110899 64.919241927134877  36.339358779764048 -1.109124324460171 64.921822311668279  36.319903256765535 -1.1205676648408307 64.924017357929017  36.30091407198811 -1.1326025169635938 64.925863459773069  36.282399749867231 -1.1451897443439212 64.927398193591699  36.264365069620787 -1.1582912487352293 64.928659353778755  36.24681156435674 -1.1718706145620916 64.929683988198434  36.227599409417827 -1.1876502784952956 64.930610579867604  36.225468173559136 -1.1894138591157155 64.93071058600988  36.223335389414899 -1.1911918677656468 64.930807928104869  36.221201989952441 -1.192983625702551 64.930902598244842  36.21906989858482 -1.1947876608045214 64.930994537939554  36.216938370814525 -1.1966046893454285 64.931083819557273  36.214805543231755 -1.1984363216311014 64.931170575856271  36.176726782370352 -1.231381713802183 64.932673840359598  36.142029160235438 -1.265281073407835 64.933318823239361  36.108792490730828 -1.3018111776611176 64.933459252859137  36.077176601054916 -1.3407673943240999 64.933412481834026  36.047295492770175 -1.3819270191088029 64.933508893573403  36.019224360569318 -1.4250651153546174 64.934067283136855  35.993009115373439 -1.4699660258476257 64.935380314153392  35.941186840101558 -1.5689312978979295 64.940342550551506  35.916104681915002 -1.6234212728043895 64.944272466979612  35.893481603901186 -1.6795918794200742 64.949877853744084  35.873341929702008 -1.7371382653876093 64.957480432044861  35.855697345943199 -1.7957603853350832 64.967335882541349  35.84055429485079 -1.8551609849047228 64.979625452962892  35.827916053443673 -1.9150405115485551 64.994448882415711  35.80940458933145 -2.0247006926240023 65.026169396669417  35.802735616880533 -2.0744406603340111 65.042261717602429  35.797771157167155 -2.1241341383421881 65.060103658106343  35.794505294809042 -2.1736202728355809 65.079666732142314  35.792929014976608 -2.2227511035183265 65.100888635905662  35.793031594545553 -2.2713905940628014 65.123675969020439  35.794801993249436 -2.3194136625607715 65.147906955734143  35.801093662614655 -2.4062065901049805 65.194756328590259  35.805113667923109 -2.4452003556632764 65.21698443818687  35.810284476687748 -2.4836243828627915 65.240035217998155  35.81660130541907 -2.5214232287415506 65.263815073523489  35.824060718261038 -2.5585473830489982 65.288220882146135  35.832660974044011 -2.5949525181327529 65.313140782613885  35.84240237333762 -2.6305987388253658 65.338454964519784  35.867549622365075 -2.7111123161611301 65.397553657643343  35.883768743862319 -2.7553894228351123 65.43151482481781  35.901954365554253 -2.798222044153905 65.465647034820094  35.922118208057526 -2.8395302088023628 65.499638132393386  35.944265716143093 -2.8792167557141615 65.533129390873384  35.968385736733893 -2.9171719130843194 65.565718810109175  35.994438475803676 -2.953278783029381 65.596975052942014  36.041446092839578 -3.0107946498729095 65.646650668329499  36.06141367406898 -3.0332435277549323 65.666005830131013  36.082211206412673 -3.0547202943772569 65.684381481416338  36.103790071594347 -3.0751776387476788 65.701628693325617  36.126085467644842 -3.0945701927963016 65.717604744489407  36.149015572033029 -3.1128577141259646 65.732182233148365  36.172480704796712 -3.1300082687626758 65.745258189273585  36.198172749917646 -3.147213692028505 65.757635263206822  36.199978233005019 -3.1484145498849321 65.758494899581251  36.201791098250922 -3.1496121642078885 65.759347959646902  36.203610813605735 -3.1508061479174367 65.760194113028376  36.205435106269618 -3.151994929451662 65.761032167332687  36.207264683530795 -3.1531789449210534 65.761862380195524  36.209101725827566 -3.1543596430867513 65.762685751179305  36.214434583001562 -3.1577633797889151 65.765046007386971  36.217948635997189 -3.1599768911580366 65.76656429916018  36.221484342918131 -3.1621746356073825 65.76805465729467  36.225041729838935 -3.1643564080917308 65.769516566588123  36.228620817011418 -3.1665220001832841 65.770949508183421  36.232221618864529 -3.1686712000716648 65.772352959568735  36.235844144004432 -3.1708037925639214 65.773726394577494  36.2408281681722 -3.1736974000916542 65.775562983691842  36.2421708873377 -3.1744729717963538 65.776052558005887  36.243516526781271 -3.1752462493692453 65.776537971957083  36.244865084385168 -3.1760172210514424 65.777019198932848  36.246216581843697 -3.1767858881545536 65.77749622008119  36.247571064663113 -3.1775522650606853 65.777969024310806  36.248928602161612 -3.1783163792224403 65.778437608291114  36.259960584279796 -3.1844935097977367 65.782202480153515  36.269785910256374 -3.1897937176123401 65.785288400595817  36.279765530901443 -3.1949746071882061 65.788149571894991  36.289899232055348 -3.2000317365417326 65.790775829853473  36.300186319896383 -3.2049605091242301 65.793157011960446  36.310625620940897 -3.2097561738219276 65.795282957391692  36.321215482043243 -3.2144138249559671 65.797143507009665  36.341176768398611 -3.2228059271134128 65.800089848348776  36.35050914495433 -3.226577969277665 65.80124814478188  36.359949505862041 -3.2302412999506536 65.802196941618888  36.369496064966242 -3.2337926813055007 65.802930054493615  36.379146644156734 -3.2372288665129654 65.803441565717407  36.388898673368715 -3.2405465997414376 65.803725824279226  36.398749190582677 -3.2437426161569434 65.80377744584564  36.427912779754365 -3.2527478308361131 65.803231742357426  36.447487667004168 -3.2582159919836928 65.801984832196311  36.467392641808708 -3.2631942024803675 65.799814705709593  36.487596604215199 -3.2676599649544018 65.796691942916311  36.508063925527473 -3.2715929167586637 65.792595293717099  36.528754157750193 -3.2749755391814381 65.787513391189123  36.549621743033185 -3.2777938666572521 65.781446464880787  36.597167677504629 -3.2828767673710835 65.765506290785964  36.623932787852269 -3.2847983160855994 65.755046925097957  36.650804795427767 -3.2857823101182753 65.743056283538451  36.677684988477829 -3.2858221319316083 65.729588871483543  36.704482671246581 -3.2849229079820903 65.714721754501269  36.731115632995362 -3.2830993382487454 65.698548939663141  36.757510617022568 -3.2803735257616662 65.681175756855751  36.799002956132334 -3.2746478272994524 65.651817397210323  36.814298734971679 -3.2722179279069361 65.640540909959427  36.829479341739756 -3.2694884904720514 65.628905547960429  36.844534566140503 -3.2664653331329432 65.616933182772385  36.859455685948653 -3.2631545447962274 65.60464548866814  36.874235380914897 -3.2595623202863706 65.592063643409787  36.888867646670981 -3.2556947954950615 65.579208029024144  36.9204585471822 -3.2466694784103365 65.550606151044718  36.937356194509441 -3.2414048183574797 65.534759166321692  36.954033336793223 -3.2357739879284719 65.518589165289157  36.970484026004172 -3.229786534699044 65.502126519987243  36.98670367990686 -3.223451468264213 65.485399787616274  37.002689082059781 -3.2167772602382771 65.46843571053661  37.018438381815422 -3.2097718442548153 65.451259216268724  37.07585511578457 -3.1826440135527503 65.386983157794546  37.116008042879848 -3.1604920913059078 65.338716045192967  37.154422475026657 -3.1361185963154457 65.289515638038068  37.191108627344093 -3.109630112649973 65.239751972072412  37.226076988615233 -3.0811130771201607 65.189747387973071  37.259338747355187 -3.0506353295421742 65.139782456404504  37.290903985981743 -3.0182441975018155 65.090102000582263  37.355507503522638 -2.9441049635348011 64.983745638050166  37.387926280149728 -2.901721052841411 64.927287071077927  37.418038279482388 -2.8568590372487432 64.871896294779546  37.445805438726865 -2.8095719179672858 64.817932668313688  37.471157990037945 -2.7599278653410226 64.76576993870475  37.494004204443549 -2.7080223989251864 64.715794954960813  37.514239215438884 -2.6539909260092336 64.668399288254179  37.538248933990722 -2.577261792297838 64.607482128579406  37.544370242006494 -2.5562373965531799 64.591408868846941  37.550110752266669 -2.5349589366920191 64.575764564922508  37.555464627838582 -2.5134384559439411 64.56056922757773  37.560426288887946 -2.4916895554271306 64.545842292400081  37.564990412678988 -2.4697273941483715 64.531602619792793  37.569151933574325 -2.4475686890030453 64.517868494975033  37.57473522585083 -2.4143483605682068 64.498220745814749  37.576467635558807 -2.4034234307535738 64.491908404003397  37.578103364133106 -2.3924553529153454 64.48572041620308  37.579641082762031 -2.3814511614378322 64.479661601406193  37.581081113438472 -2.3704086541943816 64.473731124680128  37.582422459013287 -2.3593336128948335 64.46793278936984  37.583665063073376 -2.3482267991716412 64.462267238076478  37.585918450957379 -2.3262823133156725 64.451367685385449  37.586934987149434 -2.3154461317562487 64.446125808900746  37.587857821250601 -2.3045853557578364 64.441012319990477  37.58868672353443 -2.2937024348512591 64.436028579891769  37.589421522494355 -2.2827998673456342 64.431175835101854  37.590062104843724 -2.271880200328368 64.426455217378077  37.590608415515781 -2.2609460296651598 64.421867743738034  37.591060457663637 -2.25 64.417414316459457 
 0 9 0.01520513931851363 7 0.029886898499209329 7 0.036163245319186452 7 0.040718414201663819 7 0.043719198253855861 7 0.051928521428966909 7 0.0599722502980779 7 0.071487318384163931 7 0.083691172381540585 7 0.11058317771912293 7 0.14194573875974806 7 0.17423377881537935 7 0.19876240378063734 7 0.21766236719320803 7 0.22318303299535427 7 0.22893286979059627 7 0.23716352130435595 7 0.24341827990100884 7 0.24892035651627942 7 0.25383494976803589 7 0.25707268452132676 7 0.26725839165502652 7 0.27282098949442757 7 0.2925078163328238 7 0.30307077586212217 7 0.30857960500333609 7 0.3145403515941893 7 0.35221908071548857 7 0.37261216369735228 7 0.37761973212810845 7 0.39315858685966287 7 0.42950453592460491 7 0.45276932018774063 7 0.4556834407100302 7 0.50485734392711556 7 0.56041945913907443 7 0.60632462036814927 7 0.64466795773773444 7 0.69490598862452879 7 0.72930206026263134 7 0.73190929608488708 7 0.73685686006169293 7 0.73867578347033347 7 0.75160403776175877 7 0.76270797741615748 7 0.78416409897351869 7 0.81130054939556351 7 0.82731541028849798 7 0.8462397727081562 7 0.89735998613606305 7 0.9567902699803712 7 0.97883375556566443 7 0.98957415172769492 7 1 9
8 0.71231863139051022 0.8461107777201804
7 0 0  7 194 33  36.378522899895643 -2.25 64.718864721541806  36.379340231240121 -2.2134833101745328 64.70313309262869  36.379113998306892 -2.1767027955593687 64.689489858807519  36.377839861803082 -2.139764605038871 64.67798074294457  36.37552017161655 -2.1027413029729041 64.668618966017632  36.37215651356918 -2.0656765709248273 64.661402222505288  36.367742256170189 -2.0285899093894799 64.656329655776403  36.357395906652968 -1.9586187064116793 64.650840761443462  36.351695825226081 -1.925744078524944 64.64995877700045  36.345140750067998 -1.8928545521724749 64.650780770306767  36.337707254479405 -1.8599494796936016 64.653330173812094  36.329365961297789 -1.8270376399454547 64.657640544381877  36.320084916112904 -1.7941444087929415 64.663750145420153  36.300120112641785 -1.7302191031249723 64.6792249301417  36.289535861014677 -1.6991800280548717 64.688401535007003  36.278057921476133 -1.6682515690494235 64.699253816986328  36.265667236730685 -1.6375043348670537 64.711803028274318  36.252353813426225 -1.6070283618873458 64.726053719071587  36.238122559268056 -1.5769317976347792 64.741983256794455  36.209341910262339 -1.5206162379798642 64.775378163424108  36.194953654418065 -1.4942966530123432 64.792548953378628  36.179851977843711 -1.4684711048108432 64.811001587544865  36.164060983776494 -1.4432242553981953 64.830677588322956  36.147610271476537 -1.4186339244481707 64.851504969161823  36.130533954256165 -1.394769860324526 64.873401075604747  36.103018586467279 -1.3588226009540532 64.909032076772164  36.09298405617016 -1.3461967968331816 64.922093800891105  36.082772257518009 -1.3338250094426372 64.935445278026052  36.072389244695167 -1.321716118851799 64.94907119951904  36.061840955170368 -1.3098779745142173 64.962956268719537  36.051133209696602 -1.2983173952676166 64.977085200984476  36.035083644977803 -1.2816535457719411 64.998300700542089  36.029860484091806 -1.2763315881100938 65.005210865354087  36.024602841469921 -1.2710749360476377 65.012171576148347  36.01931131645479 -1.265884188504973 65.019181208185955  36.013986495914978 -1.2607599036236148 65.026238153954907  36.00862895424487 -1.2557025987661932 65.033340823170136  36.000424875567901 -1.2481071671384396 65.044219547744447  35.997602714751551 -1.2455208902754873 65.047962184144737  35.994772699328308 -1.242953815107799 65.05171552890063  35.991934758364259 -1.2404058444070161 65.055479558581311  35.989088821579038 -1.237876888536215 65.059254249398762  35.986234819345846 -1.2353668654499068 65.063039577207931  35.980510507628757 -1.2303845043224311 65.070631508684173  35.977640437148409 -1.227912363998733 65.074437795435131  35.974761621117125 -1.2254585562029103 65.078255388642759  35.971874966178014 -1.2230238241510316 65.082082970635483  35.968980241022116 -1.2206079710390727 65.085920732504903  35.966076309074317 -1.2182100532376674 65.08977006554278  35.932328038849725 -1.1906385996906506 65.134496703829058  35.900563748840632 -1.1675447177234346 65.176510326146982  35.867939945201719 -1.1466056000147338 65.219442501640557  35.834521928805501 -1.1278683378154482 65.263073585476462  35.800371827863302 -1.1113748247354103 65.307193987661606  35.765548451026369 -1.0971655403299938 65.351606400605974  35.696725720770758 -1.0740916826450224 65.438062089004902  35.662802568465224 -1.0649669549095147 65.480084500854062  35.628387918019399 -1.0579441800107279 65.522038934270284  35.593541964169951 -1.0530645868093678 65.563762941061981  35.558337850090972 -1.0503699399432405 65.605091261716098  35.522864655543877 -1.0498968762741732 65.64585913430507  35.453977016717793 -1.0533269294936007 65.72327636786143  35.420583088817367 -1.0569397188129579 65.760019923086944  35.387140923704088 -1.0625291510916886 65.796000268748173  35.353757962899742 -1.0701045321993958 65.831086991440245  35.320555824303383 -1.0796573309336626 65.865161387982496  35.287669359425053 -1.0911535778771073 65.898122588725315  35.208953800484061 -1.1236185751650085 65.975253632797802  35.163575644309425 -1.1465475166472723 66.018216653192113  35.119563607162782 -1.1731142719723615 66.058525098875123  35.077326457178067 -1.2030031522475242 66.096115996153088  35.037204568765738 -1.2358034313567838 66.13109824104184  34.999452472109333 -1.2710444217607895 66.163699914038617  34.958779317293065 -1.3139988833701195 66.198902163552603  34.953365090657584 -1.3198275792161176 66.203589902652908  34.94798626846778 -1.3257303988765847 66.208250284909667  34.942644713427853 -1.3317060531605864 66.212883273164053  34.937341786541459 -1.3377537283240446 66.217489305087611  34.932078135213835 -1.3438733082615724 66.22206947244085  34.91041236599105 -1.3695527389943349 66.240963434626266  34.894373564276677 -1.3897439120785293 66.255050257816563  34.878776773030914 -1.4106132113220118 66.268904283722406  34.863658145461891 -1.4321326460464212 66.282549988666872  34.849051855095453 -1.4542705129113396 66.296015142059716  34.834989706622849 -1.4769918319303981 66.309329427891612  34.779564747711312 -1.5725937952530245 66.363540746101023  34.743165249711041 -1.6502086764509736 66.40339702888879  34.713178321894063 -1.731971637432892 66.442989758396024  34.690227864179981 -1.8164909133439289 66.483285120965817  34.674584509222122 -1.9023517653159299 66.524782963895504  34.666326418699441 -1.9883262262651196 66.567250759564217  34.664845291703301 -2.1150824826550503 66.630858024608543  34.666111011156048 -2.1566076782516195 66.651857653536013  34.669116076696682 -2.1977774517912603 66.672813537722959  34.673837208944576 -2.2384761045385821 66.693599682422857  34.680240055115711 -2.2785936503965858 66.7140604861127  34.688277057420038 -2.3180259725504189 66.734018961943192  34.701535595517328 -2.3713581054608803 66.760604317324351  34.705412513873107 -2.3859277740923708 66.767823710387603  34.709512577604819 -2.4003783412356592 66.77493251484988  34.713831852506303 -2.4147041876000825 66.781920031172874  34.718365969086534 -2.428899719374265 66.788775483808791  34.723110122569665 -2.4429593682261226 66.795488021200356  34.741533073560468 -2.4947713281868622 66.819903517814922  34.756527062590266 -2.5316230916293501 66.836623518330825  34.772932707896047 -2.5673122086511455 66.851985553671639  34.79061392295268 -2.6017280795890647 66.865778287675923  34.809411730878274 -2.6347813198392576 66.877830453187329  34.829152284106286 -2.6664079703636268 66.888027545537355  34.870412424741737 -2.727091317526122 66.904702838659276  34.891960193323037 -2.7561261842207352 66.911138411968494  34.914118232781306 -2.7836270127481995 66.915560944577138  34.936724514716346 -2.8096107898743834 66.917984164070376  34.959648310940437 -2.8341276868562031 66.918466002668509  34.982789622151273 -2.8572416697494489 66.917086297182195  35.008670731406205 -2.8814550711447029 66.913579802480569  35.011289160627001 -2.8838864777420197 66.913203109962154  35.013925928080759 -2.8863165582997192 66.91280164037201  35.016579532756374 -2.8887437189394212 66.91237523745626  35.019249689908939 -2.8911675016385625 66.911923575807691  35.021937905622607 -2.8935891219503422 66.911446083290443  35.033210745161149 -2.9036662256958685 66.909347707757846  35.041952270005993 -2.9112947303272914 66.907491178106525  35.050870104160715 -2.9188888292894246 66.905360590027499  35.059966034180256 -2.9264438361550944 66.90294351714526  35.06924119106661 -2.9339544254706853 66.900227463813238  35.078696050268846 -2.9414146327561399 66.897199865113663  35.096389635353475 -2.9550106849027613 66.891044311164961  35.104574307314024 -2.9611636272590096 66.888013929097724  35.112884288739352 -2.9672727621527684 66.88474953576808  35.121318849077056 -2.9733338452540576 66.881244100591502  35.129876686047645 -2.9793423073238596 66.877490967286462  35.138555925644567 -2.9852932542141151 66.873483853874546  35.164856570179943 -3.0028950636247682 66.860728485198976  35.182831063801082 -3.0143614152878997 66.851211351495976  35.201255605284295 -3.0255382641560273 66.840621498864238  35.220099516384408 -3.0363803568115668 66.828924231162915  35.239322851981278 -3.0468412552524256 66.816098745411566  35.258875813736765 -3.0568751480239933 66.8021427683843  35.303291933931398 -3.0783041871589272 66.768385094318262  35.328309333346276 -3.0894501609880867 66.747978707670768  35.353633474309284 -3.0997916022727141 66.725896309545348  35.379149387436946 -3.1092639785088285 66.702214687614145  35.404747903592451 -3.1178216809016597 66.677039616298245  35.430329535828776 -3.125436500012956 66.650496332128355  35.471245676766578 -3.136131149159366 66.605890786200121  35.486646559071467 -3.1398155253823634 66.588606726345731  35.501993262358624 -3.1431471521855916 66.570896970447023  35.517270246598194 -3.14612530065317 66.552789824504558  35.532464177618259 -3.1487505908450362 66.534312759614863  35.54756392710491 -3.151024991796942 66.515492411970499  35.580802178865625 -3.1552955953962232 66.473075748431128  35.598890417964924 -3.1571241722287864 66.449326653062556  35.616809768855184 -3.1584434660977494 66.425152742992168  35.634547541564935 -3.1592599399936674 66.400596151577844  35.652093877196158 -3.159580605818046 66.375695699297793  35.669441747924338 -3.1594130243833471 66.350486893750357  35.73350701234822 -3.1569923639495228 66.255258437485949  35.778881523425198 -3.1516213600449912 66.183482460965891  35.822652381600157 -3.1428100848733229 66.110276931052169  35.864792338992913 -3.1306889212060303 66.036152230451293  35.905293111631522 -3.1153613223225767 65.961534804826215  35.944156726742307 -3.0968956913909191 65.886776813945787  36.033614731415739 -3.0450300117078308 65.707516617565304  36.082540532427721 -3.0086633844244854 65.603340950252374  36.128245544550097 -2.9662682889665488 65.500353027121221  36.170588000521661 -2.9178018810353987 65.399455616142333  36.209301216786145 -2.8632606252192336 65.30178014861842  36.244015428410385 -2.8027424944593 65.208665103423954  36.275425429273739 -2.7341076066203702 65.118355377439784  36.276536318258437 -2.7316593383332983 65.115152265076347  36.277641627925647 -2.7292023695119378 65.111956099859952  36.278741352670941 -2.7267366496171692 65.108766896134341  36.279835486483975 -2.7242621261344153 65.105584668127662  36.280924022948668 -2.7217787445736459 65.102409429952303  36.282971113014604 -2.7170675052763853 65.096420449400142  36.283930368006779 -2.7148425518523127 65.093606600601049  36.284884666840718 -2.7126116956565345 65.090799816472398  36.285833979048491 -2.7103749893087214 65.088000196239975  36.286778297073063 -2.7081324305888339 65.085207771090822  36.287717636268283 -2.7058839624371207 65.082422504173024  36.305221394042519 -2.6636514264051496 65.030379198803544  36.320241469493787 -2.621768663573925 64.983319029932332  36.333591367007649 -2.5781298650585756 64.938857832078995  36.345154570300082 -2.5329520474220795 64.897402260643204  36.354838465004484 -2.4865294963570399 64.859325417287337  36.362591966971152 -2.4392291839201237 64.824922057685498  36.37087287742964 -2.3713885153482406 64.781514167022095  36.37298450831657 -2.3512182644775597 64.769340745597674  36.374757133982008 -2.330990476568084 64.757855582088936  36.376193043329728 -2.3107315640660029 64.747065173319712  36.377295827756292 -2.2904657925197709 64.736971834637444  36.378070381150927 -2.2702152805801088 64.727573699913222  36.378522899895643 -2.25 64.718864721541806 
 0 8 0.040447309474676847 6 0.076266675212770391 6 0.11020290782696418 6 0.14084909824890218 6 0.15794000916212769 6 0.16610359406070818 6 0.1703664301439429 6 0.17462932267037765 6 0.21977375187183118 6 0.2622943949603862 6 0.30197401861284379 6 0.35862523189882023 6 0.36738970895194595 6 0.39498364407054426 6 0.48077077827864179 6 0.52291841218097335 6 0.53893070956012412 6 0.58252581521517799 6 0.62664955113142184 6 0.63158335810100485 6 0.64720934482061665 6 0.6602805544274809 6 0.68628340466916549 6 0.7185454266523762 6 0.73809253830581678 6 0.76186922420287284 6 0.82693759053913851 6 0.91820442226750998 6 0.92156804693058314 6 0.92456275287100143 6 0.97766681271460343 6 1 8
8 0 0.84885459442810152
7 0 0  7 92 16  35.185317525977318 -2.833333333333333 69.922029484352592  35.215001794030677 -2.8734517251696046 69.890889853063015  35.245949347177351 -2.9150722486986358 69.853984914062067  35.277441806036208 -2.9571745307639854 69.811208246712553  35.30872898126519 -2.9987150218470005 69.762942428007236  35.339258281758845 -3.0389569198749329 69.709995135734033  35.368692595146008 -3.0774699301424366 69.653124896631169  35.43247841365514 -3.160305860083132 69.516756217521177  35.466027440463243 -3.2034132963473692 69.435325079338497  35.497205407563989 -3.2430206399501769 69.34971211064817  35.525891685806421 -3.2790339967367443 69.260889897308985  35.552063071345252 -3.3114890090170008 69.169646697924435  35.57574530560197 -3.340478200229847 69.076544433353874  35.617303678628758 -3.3906393080664672 68.891408527518877  35.635366623274379 -3.4120709973719205 68.799594353831679  35.651203837607596 -3.4304964655911636 68.706860668093967  35.664837509757128 -3.4459898398532141 68.613551810175622  35.676286689268302 -3.4586186580094003 68.519978508994527  35.685567601208234 -3.4684445459165247 68.426422009150741  35.694453836172208 -3.4772711172767585 68.310047153027824  35.696088377540313 -3.4788574768992384 68.286926341517869  35.697593495576456 -3.4802784386028613 68.263779148958605  35.69896835565924 -3.481533535291149 68.240609612932815  35.700212100181574 -3.4826222746899225 68.217421747420246  35.701323848550636 -3.4835441393472988 68.194219542797484  35.703390742295312 -3.4851371971031129 68.145204892678933  35.70431457400521 -3.485768944862214 68.119390031676502  35.705072952019506 -3.4861930849629492 68.093567823507811  35.7056645825025 -3.4864088136599634 68.067743733407539  35.706088118081091 -3.4864152684105951 68.041923251167916  35.706342157844759 -3.4862115278748784 68.016111891138749  35.706487394149704 -3.4854862707627361 67.971020309887436  35.706453900664982 -3.4850577855064468 67.951733643637667  35.706324156726694 -3.4845107442888201 67.932457515955662  35.706097530954693 -3.4838447122847946 67.913194276697766  35.705773370753363 -3.4830592317021187 67.893946303099128  35.705351002311616 -3.4821538217813437 67.874715999773514  35.704732108134728 -3.4809358615946726 67.851908165626114  35.704630997106996 -3.4807394813711596 67.848310497871594  35.704526385598136 -3.4805388229295153 67.844712668154173  35.704418267509361 -3.4803338819954583 67.841114736880883  35.704306638716503 -3.4801246579828349 67.837516827114086  35.704191493221835 -3.4799111467602901 67.833918999524045  35.702259192678653 -3.4763646195560693 67.775337124366061  35.699626457077073 -3.4720402529549284 67.720493568858359  35.696155364450306 -3.4667049110753245 67.665848134287401  35.691825092931786 -3.460341694789772 67.611463624427287  35.68661307994774 -3.4529319575740178 67.557408354699646  35.680494855325612 -3.4444551346985941 67.503756533516139  35.660822196342281 -3.417763853354153 67.355415021500292  35.645220135032183 -3.3971587703790069 67.261857044303937  35.626480870993973 -3.3729358290520581 67.170286247108137  35.604424746650935 -3.3449370599125694 67.081270112226207  35.578876851183217 -3.3130169268706529 66.995565243987485  35.549686488689744 -3.2770624486777242 66.914108618930911  35.504193474181314 -3.2217379656261089 66.808924108150038  35.491080271484165 -3.205857402783467 66.780643344242222  35.477426407695873 -3.1893891127328753 66.753219393524475  35.463235631028873 -3.1723406557430978 66.726728319700243  35.448521120288838 -3.1547304380820269 66.701258451310011  35.433309478838787 -3.1365920097765381 66.67690568662286  35.40660765745892 -3.1048633211243337 66.637459786249806  35.395349060392434 -3.091516498293438 66.621761985968377  35.383884810924947 -3.0779567803660091 66.606703547061613  35.372240906154488 -3.0642148810496788 66.592326072335609  35.360456943939162 -3.0503370648694799 66.578676431353969  35.348588003160991 -3.0363871126439537 66.565800448997337  35.332418486411783 -3.0174177519261058 66.549382750076788  35.328129178409256 -3.0123890922083825 66.545135016149203  35.32384225510544 -3.0073665162730694 66.540995494006495  35.319561735666255 -3.0023546429655972 66.536966114559362  35.315292003300193 -2.997358501511846 66.533048637863018  35.311037805258266 -2.9923835315181382 66.529244653117175  35.299706622470218 -2.9791402543702796 66.519370779901436  35.292666228067787 -2.9709199444730641 66.513508054797484  35.285707992587909 -2.9628032055808666 66.5079749317687  35.278858183969426 -2.9548200153073929 66.502774909632038  35.272143048227591 -2.9470002219842026 66.4979073258081  35.265587442552935 -2.9393719900661415 66.493367224522544  35.250147187605471 -2.9214178397395787 66.48313957977156  35.241441696580573 -2.9113057077451523 66.477774808812839  35.23316692421141 -2.9017028515187189 66.47302590516324  35.225356864740426 -2.8926466007746763 66.468841643377473  35.218017949259206 -2.8841424938918383 66.465157139887936  35.211137417191438 -2.8761741588286829 66.461906413359458  35.199578372960538 -2.862794499029524 66.456756807949191  35.194738189638066 -2.8571945021404423 66.454716375773572  35.190157633306512 -2.851896972255211 66.45288398003099  35.185820484802598 -2.8468826710408952 66.451233284176837  35.181709135051449 -2.8421308617806824 66.449741238072079  35.177805909816151 -2.8376208182067826 66.4483880324469  35.17409439444765 -2.8333333333333357 66.447157053364393 
 0 8 0.12364202243268693 6 0.28012581615202603 6 0.42980918071006202 6 0.46685975901541149 6 0.50804354198037838 6 0.53884733797877649 6 0.54461618736705286 6 0.63277786358611843 6 0.79059241133931035 6 0.85088457024895892 6 0.89337570626153229 6 0.90871078335701438 6 0.93442032412875287 6 0.97098968569462729 6 1 8
8 0.27304556520891143 1
7 0 0  8 149 22  35.174094394447671 -2.8333333333333375 66.447157053364393  35.160332736294066 -2.8174360819412421 66.442592821512307  35.148022935699174 -2.8032307684308804 66.439298761203233  35.136793923219983 -2.7902813957876207 66.43684435551171  35.126366465654087 -2.7782625966593013 66.435003723654347  35.116515826338045 -2.7669133764259315 66.433639173766167  35.107048171541948 -2.7560090481933059 66.432661018266003  35.097780386032106 -2.7453379948277941 66.43202331997179  35.080326797772543 -2.7252464755676393 66.431443205292851  35.072149924658056 -2.7158357484112408 66.431428607000939  35.063844181861512 -2.7062782082137997 66.43166536357559  35.055270807712297 -2.6964139337346498 66.43216782118202  35.046271017714545 -2.6860598700455269 66.432980035782037  35.036653102201207 -2.6749951022588787 66.434174657929063  35.026163938889709 -2.6629278528598199 66.435878238486197  35.004644004349089 -2.6381659468321477 66.440426613559822  34.99402752025641 -2.6259486462680321 66.443026977080365  34.982338906377827 -2.6124949029023861 66.446316136494502  34.969309104911957 -2.5974933734949146 66.450518373767579  34.954666748257608 -2.5806273279135157 66.45594645641539  34.938092097417389 -2.5615234726990637 66.463043183970626  34.919451108093021 -2.5400111966835932 66.472439392353465  34.896864100674044 -2.5138946418565924 66.485754257668404  34.894678193824291 -2.5113666875987533 66.487060751174226  34.892472831572007 -2.5088157430746136 66.48839723973073  34.890248385237079 -2.5062422103782325 66.489764104840404  34.888005260060297 -2.5036465301929813 66.491161697462275  34.885743895203305 -2.5010291817915475 66.492590338011837  34.883464763748663 -2.4983906830359319 66.494050316361154  34.867741887518925 -2.4801844739560273 66.5042628474785  34.853715781237142 -2.4639222223075614 66.514069747729508  34.83920613032447 -2.4470731708852411 66.5250060277952  34.824345376053529 -2.4297839917317883 66.537081427974456  34.809264807653619 -2.412200224306547 66.550272744395627  34.79408219227814 -2.3944524569289323 66.564530322342478  34.778894551785136 -2.3766481588382411 66.579790292172405  34.743182877555014 -2.3346519763734035 66.61806194171443  34.722728466149874 -2.3104940172738355 66.641867808469897  34.702571615665789 -2.2865682958200058 66.667283432498451  34.682828954169636 -2.2630014808504311 66.694161809636796  34.663580688371489 -2.2398805922800387 66.722355978258435  34.644876450031489 -2.2172593702754457 66.75173477988524  34.626741274646463 -2.1951643211187486 66.782194049306185  34.580663706432937 -2.1385791361417636 66.864771454769013  34.553706522845566 -2.1050111963012559 66.918467025955891  34.528360046852299 -2.0729475584793606 66.974379698963318  34.50464040648199 -2.0424100080316139 67.032173181931171  34.482538857518456 -2.0134003809762753 67.091554988234478  34.462028613503172 -1.9859061934199862 67.152281739666279  34.443070793958405 -1.9599049138126279 67.214162171041721  34.421074378255582 -1.9289767744521051 67.293446884836555  34.416630921361893 -1.9226846142164389 67.309900973148856  34.41228962385162 -1.9164923205114881 67.326419327620769  34.408049808676807 -1.9103996093081099 67.342999030481181  34.403910791182454 -1.9044062063127809 67.359637266262311  34.399871879106506 -1.8985118469675892 67.376331321799768  34.395932372579836 -1.8927162764502392 67.393078586232491  34.389149145747403 -1.8826547940584781 67.422745362707957  34.386264653045075 -1.8783481710026328 67.435643937580707  34.383437773155002 -1.8740992775245122 67.448571124121088  34.380668190944263 -1.8699080123755383 67.461525808742294  34.377955589011435 -1.8657742760405536 67.47450691577059  34.375299647686475 -1.8616979707378223 67.487513407445533  34.372700045030697 -1.8576790004190296 67.500544283919837  34.362473639747428 -1.8417510527176633 67.553028671374364  34.355301969599175 -1.8303071087549914 67.592671771330174  34.348632611785298 -1.8193831349952516 67.632501107453365  34.342456900143056 -1.8089772970125306 67.672491210725227  34.336766336953914 -1.7990882298410091 67.712617918781945  34.331552592943481 -1.7897150379749669 67.752858375914471  34.326807507281529 -1.7808572953687822 67.793191033068609  34.318251332587458 -1.7641974435270322 67.873880905918526  34.314435151758516 -1.7563874434889553 67.914259975974147  34.311067555298052 -1.7490861060554845 67.954713050726596  34.308141779214296 -1.7422948343017584 67.995220581150079  34.305651285320877 -1.7360153736452655 68.035763276478164  34.303589761236879 -1.7302498118458463 68.076322104203854  34.30195112038669 -1.725000579005693 68.116878290079526  34.300074230426929 -1.7177332022423342 68.179156145703416  34.299538946576256 -1.7153452852745492 68.200892799762045  34.299122747504171 -1.7131071122487229 68.222620379297368  34.298824748926506 -1.711019111597945 68.244335963011963  34.298644085218953 -1.7090817246056638 68.266036609306397  34.298579909417022 -1.7072954054056908 68.287719356279212  34.298631393216041 -1.7056606209821961 68.309381221726937  34.29883422828906 -1.7038524642129824 68.335767555003869  34.298876261170285 -1.7035343744750562 68.340515063098039  34.29892385167615 -1.7032233595984674 68.345265165015888  34.298976977645815 -1.7029196273406593 68.350015022164484  34.299035643458488 -1.7026231491566255 68.354765244854988  34.299099859010568 -1.7023338475900289 68.359517157640383  34.299169609631903 -1.7020518644386426 68.364268885923593  34.300445333858882 -1.6973971103536722 68.444793961898341  34.303054109302551 -1.6948674824734531 68.520712589682034  34.307068967952162 -1.6942503595367731 68.596653940718525  34.312490494481068 -1.6956121284228873 68.67248416462057  34.31932239015736 -1.6990219626165775 68.748057880570855  34.327572295548109 -1.7045511413529755 68.823216829025043  34.337253166050019 -1.7122731816634782 68.89778834264817  34.360558312566219 -1.7331908056602463 69.052279979827105  34.37445913084337 -1.7468240055038036 69.131999453692657  34.390116807892127 -1.7632646496789883 69.210534258831274  34.407564661480443 -1.7826152425181472 69.28759128696646  34.426834544742327 -1.8049671509468017 69.362790295706986  34.447948540080205 -1.8303841120546347 69.435669271834669  34.470907976556909 -1.8588826231510673 69.505696982968018  34.504774772390469 -1.9019842609984292 69.596743525175214  34.514111761513021 -1.9139645486291006 69.620725553150464  34.523687878780471 -1.9263458291159627 69.64420801525857  34.533498768048204 -1.9391213992629563 69.667157583295236  34.543538340169057 -1.9522817458687729 69.68953920588001  34.553798536770493 -1.965814190836177 69.711316927215819  34.564269094031687 -1.9797025362813401 69.732454705848212  34.590359351738293 -2.0144892847432492 69.782498049337264  34.606196962214177 -2.0357570214339615 69.810672541158837  34.622408198996084 -2.0576647385419813 69.837326592569795  34.638941387626375 -2.0801314296141662 69.862353906015343  34.655735297437019 -2.1030608472408172 69.885665233082719  34.672720468968123 -2.1263439042255032 69.9071953687681  34.689821689450106 -2.1498628916014484 69.926907909633996  34.718201410376139 -2.1889963044430045 69.95652936749859  34.729460936631419 -2.2045490944728092 69.967480232934619  34.740719190414886 -2.2201230335408928 69.977649133739504  34.751957847896932 -2.235689093038387 69.987043103530212  34.763161357939929 -2.2512222574266811 69.99567574521285  34.774317033919566 -2.2667017158735483 70.003565528229572  34.785415145545947 -2.282111053889273 70.010734085805254  34.802058704432511 -2.3052309949818666 70.020494160120904  34.807651932946548 -2.3130025533474292 70.023603388503574  34.813227936757691 -2.3207517269772677 70.026535413680463  34.818786171928899 -2.3284774406488564 70.029293456640403  34.824326310055618 -2.3361789369993331 70.031880743022768  34.82984823826569 -2.3438557765255119 70.03430050311762  34.835352059219332 -2.3515078375838749 70.03655597186571  34.858951453710993 -2.3843191426751376 70.045565545578526  34.876866133043663 -2.4092283622283945 70.050722147333218  34.894598761069162 -2.4338771359988196 70.054237713005946  34.912183087462374 -2.4583053846657479 70.05621137036583  34.92966326454885 -2.4825686845652779 70.056716329999901  34.947088937276618 -2.5067308021678194 70.055795827593641  34.96451213822202 -2.5308588671072885 70.053462534561234  35.006522141064679 -2.5889490447404846 70.044420096111466  35.031142985544108 -2.6229234587285717 70.036326704160246  35.05598875323426 -2.6571242515727977 70.025383835588258  35.081163535580636 -2.6916801470208869 70.011455297953219  35.106721826854958 -2.7266491105569552 69.994341118272317  35.132658688135542 -2.7620056011729401 69.97382561800687  35.158903531721037 -2.797634731076208 69.949738576712207  35.185317525977311 -2.8333333333333326 69.922029484352606 
 0 9 0.078341393751173966 7 0.14754237150411886 7 0.20517771851598551 7 0.21129129844536043 7 0.24703605513793792 7 0.29572476642621282 7 0.37479874792331341 7 0.39539990398877356 7 0.41118231598836563 7 0.45885255986963047 7 0.50638198310677285 7 0.53187657928983911 7 0.53747124691215475 7 0.62666794649481283 7 0.72420599784453299 7 0.76001733383592962 7 0.81178650278358211 7 0.84573500446253624 7 0.86299468045193528 7 0.91998134638738627 7 1 9
8 0.14778027045674441 0.50771008208085366
7 0 0  7 194 33  36.378522899895643 -2.25 64.718864721541806  36.379340231240121 -2.2134833101745328 64.70313309262869  36.379113998306892 -2.1767027955593687 64.689489858807519  36.377839861803082 -2.139764605038871 64.67798074294457  36.37552017161655 -2.1027413029729041 64.668618966017632  36.37215651356918 -2.0656765709248273 64.661402222505288  36.367742256170189 -2.0285899093894799 64.656329655776403  36.357395906652968 -1.9586187064116793 64.650840761443462  36.351695825226081 -1.925744078524944 64.64995877700045  36.345140750067998 -1.8928545521724749 64.650780770306767  36.337707254479405 -1.8599494796936016 64.653330173812094  36.329365961297789 -1.8270376399454547 64.657640544381877  36.320084916112904 -1.7941444087929415 64.663750145420153  36.300120112641785 -1.7302191031249723 64.6792249301417  36.289535861014677 -1.6991800280548717 64.688401535007003  36.278057921476133 -1.6682515690494235 64.699253816986328  36.265667236730685 -1.6375043348670537 64.711803028274318  36.252353813426225 -1.6070283618873458 64.726053719071587  36.238122559268056 -1.5769317976347792 64.741983256794455  36.209341910262339 -1.5206162379798642 64.775378163424108  36.194953654418065 -1.4942966530123432 64.792548953378628  36.179851977843711 -1.4684711048108432 64.811001587544865  36.164060983776494 -1.4432242553981953 64.830677588322956  36.147610271476537 -1.4186339244481707 64.851504969161823  36.130533954256165 -1.394769860324526 64.873401075604747  36.103018586467279 -1.3588226009540532 64.909032076772164  36.09298405617016 -1.3461967968331816 64.922093800891105  36.082772257518009 -1.3338250094426372 64.935445278026052  36.072389244695167 -1.321716118851799 64.94907119951904  36.061840955170368 -1.3098779745142173 64.962956268719537  36.051133209696602 -1.2983173952676166 64.977085200984476  36.035083644977803 -1.2816535457719411 64.998300700542089  36.029860484091806 -1.2763315881100938 65.005210865354087  36.024602841469921 -1.2710749360476377 65.012171576148347  36.01931131645479 -1.265884188504973 65.019181208185955  36.013986495914978 -1.2607599036236148 65.026238153954907  36.00862895424487 -1.2557025987661932 65.033340823170136  36.000424875567901 -1.2481071671384396 65.044219547744447  35.997602714751551 -1.2455208902754873 65.047962184144737  35.994772699328308 -1.242953815107799 65.05171552890063  35.991934758364259 -1.2404058444070161 65.055479558581311  35.989088821579038 -1.237876888536215 65.059254249398762  35.986234819345846 -1.2353668654499068 65.063039577207931  35.980510507628757 -1.2303845043224311 65.070631508684173  35.977640437148409 -1.227912363998733 65.074437795435131  35.974761621117125 -1.2254585562029103 65.078255388642759  35.971874966178014 -1.2230238241510316 65.082082970635483  35.968980241022116 -1.2206079710390727 65.085920732504903  35.966076309074317 -1.2182100532376674 65.08977006554278  35.932328038849725 -1.1906385996906506 65.134496703829058  35.900563748840632 -1.1675447177234346 65.176510326146982  35.867939945201719 -1.1466056000147338 65.219442501640557  35.834521928805501 -1.1278683378154482 65.263073585476462  35.800371827863302 -1.1113748247354103 65.307193987661606  35.765548451026369 -1.0971655403299938 65.351606400605974  35.696725720770758 -1.0740916826450224 65.438062089004902  35.662802568465224 -1.0649669549095147 65.480084500854062  35.628387918019399 -1.0579441800107279 65.522038934270284  35.593541964169951 -1.0530645868093678 65.563762941061981  35.558337850090972 -1.0503699399432405 65.605091261716098  35.522864655543877 -1.0498968762741732 65.64585913430507  35.453977016717793 -1.0533269294936007 65.72327636786143  35.420583088817367 -1.0569397188129579 65.760019923086944  35.387140923704088 -1.0625291510916886 65.796000268748173  35.353757962899742 -1.0701045321993958 65.831086991440245  35.320555824303383 -1.0796573309336626 65.865161387982496  35.287669359425053 -1.0911535778771073 65.898122588725315  35.208953800484061 -1.1236185751650085 65.975253632797802  35.163575644309425 -1.1465475166472723 66.018216653192113  35.119563607162782 -1.1731142719723615 66.058525098875123  35.077326457178067 -1.2030031522475242 66.096115996153088  35.037204568765738 -1.2358034313567838 66.13109824104184  34.999452472109333 -1.2710444217607895 66.163699914038617  34.958779317293065 -1.3139988833701195 66.198902163552603  34.953365090657584 -1.3198275792161176 66.203589902652908  34.94798626846778 -1.3257303988765847 66.208250284909667  34.942644713427853 -1.3317060531605864 66.212883273164053  34.937341786541459 -1.3377537283240446 66.217489305087611  34.932078135213835 -1.3438733082615724 66.22206947244085  34.91041236599105 -1.3695527389943349 66.240963434626266  34.894373564276677 -1.3897439120785293 66.255050257816563  34.878776773030914 -1.4106132113220118 66.268904283722406  34.863658145461891 -1.4321326460464212 66.282549988666872  34.849051855095453 -1.4542705129113396 66.296015142059716  34.834989706622849 -1.4769918319303981 66.309329427891612  34.779564747711312 -1.5725937952530245 66.363540746101023  34.743165249711041 -1.6502086764509736 66.40339702888879  34.713178321894063 -1.731971637432892 66.442989758396024  34.690227864179981 -1.8164909133439289 66.483285120965817  34.674584509222122 -1.9023517653159299 66.524782963895504  34.666326418699441 -1.9883262262651196 66.567250759564217  34.664845291703301 -2.1150824826550503 66.630858024608543  34.666111011156048 -2.1566076782516195 66.651857653536013  34.669116076696682 -2.1977774517912603 66.672813537722959  34.673837208944576 -2.2384761045385821 66.693599682422857  34.680240055115711 -2.2785936503965858 66.7140604861127  34.688277057420038 -2.3180259725504189 66.734018961943192  34.701535595517328 -2.3713581054608803 66.760604317324351  34.705412513873107 -2.3859277740923708 66.767823710387603  34.709512577604819 -2.4003783412356592 66.77493251484988  34.713831852506303 -2.4147041876000825 66.781920031172874  34.718365969086534 -2.428899719374265 66.788775483808791  34.723110122569665 -2.4429593682261226 66.795488021200356  34.741533073560468 -2.4947713281868622 66.819903517814922  34.756527062590266 -2.5316230916293501 66.836623518330825  34.772932707896047 -2.5673122086511455 66.851985553671639  34.79061392295268 -2.6017280795890647 66.865778287675923  34.809411730878274 -2.6347813198392576 66.877830453187329  34.829152284106286 -2.6664079703636268 66.888027545537355  34.870412424741737 -2.727091317526122 66.904702838659276  34.891960193323037 -2.7561261842207352 66.911138411968494  34.914118232781306 -2.7836270127481995 66.915560944577138  34.936724514716346 -2.8096107898743834 66.917984164070376  34.959648310940437 -2.8341276868562031 66.918466002668509  34.982789622151273 -2.8572416697494489 66.917086297182195  35.008670731406205 -2.8814550711447029 66.913579802480569  35.011289160627001 -2.8838864777420197 66.913203109962154  35.013925928080759 -2.8863165582997192 66.91280164037201  35.016579532756374 -2.8887437189394212 66.91237523745626  35.019249689908939 -2.8911675016385625 66.911923575807691  35.021937905622607 -2.8935891219503422 66.911446083290443  35.033210745161149 -2.9036662256958685 66.909347707757846  35.041952270005993 -2.9112947303272914 66.907491178106525  35.050870104160715 -2.9188888292894246 66.905360590027499  35.059966034180256 -2.9264438361550944 66.90294351714526  35.06924119106661 -2.9339544254706853 66.900227463813238  35.078696050268846 -2.9414146327561399 66.897199865113663  35.096389635353475 -2.9550106849027613 66.891044311164961  35.104574307314024 -2.9611636272590096 66.888013929097724  35.112884288739352 -2.9672727621527684 66.88474953576808  35.121318849077056 -2.9733338452540576 66.881244100591502  35.129876686047645 -2.9793423073238596 66.877490967286462  35.138555925644567 -2.9852932542141151 66.873483853874546  35.164856570179943 -3.0028950636247682 66.860728485198976  35.182831063801082 -3.0143614152878997 66.851211351495976  35.201255605284295 -3.0255382641560273 66.840621498864238  35.220099516384408 -3.0363803568115668 66.828924231162915  35.239322851981278 -3.0468412552524256 66.816098745411566  35.258875813736765 -3.0568751480239933 66.8021427683843  35.303291933931398 -3.0783041871589272 66.768385094318262  35.328309333346276 -3.0894501609880867 66.747978707670768  35.353633474309284 -3.0997916022727141 66.725896309545348  35.379149387436946 -3.1092639785088285 66.702214687614145  35.404747903592451 -3.1178216809016597 66.677039616298245  35.430329535828776 -3.125436500012956 66.650496332128355  35.471245676766578 -3.136131149159366 66.605890786200121  35.486646559071467 -3.1398155253823634 66.588606726345731  35.501993262358624 -3.1431471521855916 66.570896970447023  35.517270246598194 -3.14612530065317 66.552789824504558  35.532464177618259 -3.1487505908450362 66.534312759614863  35.54756392710491 -3.151024991796942 66.515492411970499  35.580802178865625 -3.1552955953962232 66.473075748431128  35.598890417964924 -3.1571241722287864 66.449326653062556  35.616809768855184 -3.1584434660977494 66.425152742992168  35.634547541564935 -3.1592599399936674 66.400596151577844  35.652093877196158 -3.159580605818046 66.375695699297793  35.669441747924338 -3.1594130243833471 66.350486893750357  35.73350701234822 -3.1569923639495228 66.255258437485949  35.778881523425198 -3.1516213600449912 66.183482460965891  35.822652381600157 -3.1428100848733229 66.110276931052169  35.864792338992913 -3.1306889212060303 66.036152230451293  35.905293111631522 -3.1153613223225767 65.961534804826215  35.944156726742307 -3.0968956913909191 65.886776813945787  36.033614731415739 -3.0450300117078308 65.707516617565304  36.082540532427721 -3.0086633844244854 65.603340950252374  36.128245544550097 -2.9662682889665488 65.500353027121221  36.170588000521661 -2.9178018810353987 65.399455616142333  36.209301216786145 -2.8632606252192336 65.30178014861842  36.244015428410385 -2.8027424944593 65.208665103423954  36.275425429273739 -2.7341076066203702 65.118355377439784  36.276536318258437 -2.7316593383332983 65.115152265076347  36.277641627925647 -2.7292023695119378 65.111956099859952  36.278741352670941 -2.7267366496171692 65.108766896134341  36.279835486483975 -2.7242621261344153 65.105584668127662  36.280924022948668 -2.7217787445736459 65.102409429952303  36.282971113014604 -2.7170675052763853 65.096420449400142  36.283930368006779 -2.7148425518523127 65.093606600601049  36.284884666840718 -2.7126116956565345 65.090799816472398  36.285833979048491 -2.7103749893087214 65.088000196239975  36.286778297073063 -2.7081324305888339 65.085207771090822  36.287717636268283 -2.7058839624371207 65.082422504173024  36.305221394042519 -2.6636514264051496 65.030379198803544  36.320241469493787 -2.621768663573925 64.983319029932332  36.333591367007649 -2.5781298650585756 64.938857832078995  36.345154570300082 -2.5329520474220795 64.897402260643204  36.354838465004484 -2.4865294963570399 64.859325417287337  36.362591966971152 -2.4392291839201237 64.824922057685498  36.37087287742964 -2.3713885153482406 64.781514167022095  36.37298450831657 -2.3512182644775597 64.769340745597674  36.374757133982008 -2.330990476568084 64.757855582088936  36.376193043329728 -2.3107315640660029 64.747065173319712  36.377295827756292 -2.2904657925197709 64.736971834637444  36.378070381150927 -2.2702152805801088 64.727573699913222  36.378522899895643 -2.25 64.718864721541806 
 0 8 0.040447309474676847 6 0.076266675212770391 6 0.11020290782696418 6 0.14084909824890218 6 0.15794000916212769 6 0.16610359406070818 6 0.1703664301439429 6 0.17462932267037765 6 0.21977375187183118 6 0.2622943949603862 6 0.30197401861284379 6 0.35862523189882023 6 0.36738970895194595 6 0.39498364407054426 6 0.48077077827864179 6 0.52291841218097335 6 0.53893070956012412 6 0.58252581521517799 6 0.62664955113142184 6 0.63158335810100485 6 0.64720934482061665 6 0.6602805544274809 6 0.68628340466916549 6 0.7185454266523762 6 0.73809253830581678 6 0.76186922420287284 6 0.82693759053913851 6 0.91820442226750998 6 0.92156804693058314 6 0.92456275287100143 6 0.97766681271460343 6 1 8
8 0.30485808539153664 0.47919536187288159
7 0 0  8 380 55  37.591060457663637 -2.25 64.417414316459457  37.591717465407648 -2.2340907943542261 64.410941605709056  37.592178823550242 -2.2180725024433499 64.40471784522245  37.592440992386244 -2.2019495041684269 64.398749711372275  37.592500488593728 -2.1857266946107643 64.393043768253222  37.592353895174071 -2.1694093614001915 64.387606393493897  37.591997871391911 -2.1530030620833287 64.382443704068734  37.591429162715073 -2.1365135014918542 64.377561482109641  37.589887061780367 -2.1039495763061296 64.36852693569918  37.588928596665426 -2.0878874179084779 64.364357211927583  37.58776629414583 -2.0717575490664153 64.360458269458761  37.586397036963596 -2.0555627919707882 64.3568342971747  37.584818000939244 -2.0393111138730542 64.353490578476126  37.583027263151187 -2.0230158299406775 64.350432668671743  37.581024379519278 -2.0066954717564043 64.34766553287642  37.577864488592326 -1.9833948639200549 64.34413553985982  37.576880842587023 -1.9764251915096296 64.34313350643869  37.575859525937346 -1.9694608533934075 64.342185880727271  37.574801018245864 -1.9625059826901556 64.34129321533716  37.573707067983257 -1.9555722396771844 64.340456848310367  37.572581163616647 -1.9486793541865082 64.339678443699384  37.57142900473815 -1.9418556680010157 64.338959532147143  37.569409805499035 -1.9302637031063383 64.337823144150249  37.568551980999935 -1.925449296548617 64.337377502342747  37.567689433608564 -1.9207134566343931 64.336964725356296  37.566828226521594 -1.9160845412465815 64.33658598225216  37.565976679311383 -1.9115993454464386 64.33624220614935  37.565144831330841 -1.9072993278092099 64.335933569362325  37.564343241431594 -1.9032249847430853 64.335659239368439  37.563079071837286 -1.8968941235853136 64.335258105263605  37.562593648779831 -1.8944893124232307 64.335112775273586  37.562127498693883 -1.8922030644031944 64.334980883836025  37.561682260371889 -1.8900394771569893 64.33486157684284  37.561258730997416 -1.8879986328543263 64.334753803102544  37.560857029614397 -1.8860776102069714 64.33465642956611  37.560476760596408 -1.8842714964728717 64.334568356552978  37.559133454234434 -1.8779316069769196 64.334270533161728  37.558309358297194 -1.874126563394076 64.334115696807515  37.55761618507767 -1.8709716087105865 64.334000457572387  37.557026393610499 -1.8683145280781976 64.333911375078145  37.556517413324713 -1.8660405618153642 64.333840749692143  37.556072830782909 -1.8640683009561492 64.333783650824671  37.555680956026585 -1.8623394683341996 64.33373645874191  37.554987646037205 -1.8592967031446015 64.333658176212396  37.554685830801255 -1.857980362027146 64.333626796115979  37.554416956765905 -1.8568135208442909 64.333600745623215  37.554174876676463 -1.8557671330813712 64.333578653636224  37.553955146971909 -1.8548205361852388 64.333559638886499  37.553754512679589 -1.853958841035287 64.333543136879769  37.553570392309879 -1.8531703214144766 64.333528726840754  37.553156940457747 -1.8514037532034322 64.3334977010811  37.552942577739358 -1.8504917200075348 64.333482879168116  37.552751239393025 -1.8496803994314341 64.333470545045827  37.552578541983713 -1.8489501155856924 64.333460061207262  37.552421361945562 -1.8482869874733254 64.33345101909778  37.552277443683487 -1.8476810953104554 64.33344315770141  37.552145007674739 -1.8471246468469626 64.333436282126783  37.55189236880063 -1.8460648657716581 64.333423723297955  37.551773474230963 -1.8455671865053691 64.333418158844609  37.551663929447827 -1.8451094774046204 64.333413302349015  37.551562379452328 -1.8446858405588651 64.333409016942028  37.551467775856835 -1.8442917345905234 64.333405203880275  37.551379293081318 -1.8439236006148318 64.333401791056559  37.551296244549789 -1.8435784881996951 64.333398721510378  37.551045577553268 -1.8425379480838797 64.33338981944982  37.550887472056253 -1.8418834451527697 64.33338479009069  37.550741022008474 -1.8412786210850249 64.33338059448225  37.550604169472216 -1.84071459399723 64.333377049461347  37.550475325287834 -1.840184554865562 64.333374029736291  37.550353235402483 -1.8396831708216108 64.333371449542796  37.550236847198754 -1.8392059884482015 64.333369244299817  37.549994937581076 -1.8382156888690619 64.33336514914086  37.54987104390252 -1.8377094944369674 64.333363370628277  37.549752192643126 -1.8372247746488977 64.333361946563684  37.549637178053409 -1.8367564859284735 64.333360821657749  37.54952489077899 -1.8363000202529756 64.333359955495993  37.549414317860546 -1.8358512051533435 64.333359322538598  37.54930454273385 -1.8354063037141763 64.333358912120616  37.549081708751118 -1.8345046146719151 64.333358537916652  37.548968564848202 -1.834047502201273 64.333358580181979  37.548854228053713 -1.8335862981359983 64.333358857609298  37.548737639402205 -1.8331167479541999 64.333359378196675  37.548617647869698 -1.8326342629565082 64.333360162143194  37.548492891813346 -1.8321334615846789 64.333361248413382  37.54836168041107 -1.8316077107402038 64.333362701301454  37.54811566633785 -1.8306239722955908 64.333366074036121  37.548004525349825 -1.8301801641958293 64.333367794825079  37.54788739810985 -1.8297131551423638 64.333369834606401  37.54776316646133 -1.8292185991911007 64.333372248947896  37.547630460642637 -1.828691193299578 64.333375112603605  37.547487471811543 -1.8281239785114276 64.333378538375698  37.547331764569584 -1.8275076411408424 64.333382695976553  37.547027805647133 -1.8263075307309178 64.333391792354988  37.546886115113558 -1.8257489988026665 64.333396321643193  37.546733259637548 -1.8251475903362444 64.333401571938566  37.546567406509574 -1.8244963472529885 64.333407687200776  37.546386235286214 -1.8237864941224979 64.333414860686403  37.546186524517658 -1.8230059510535177 64.333423393469317  37.545963738475315 -1.8221378465848235 64.333433752961227  37.545637967742955 -1.8208731192883532 64.333450394207347  37.545561801029976 -1.8205777011894857 64.333454374920436  37.545482957347723 -1.8202721981701928 64.333458590840081  37.545401256426487 -1.819955946876604 64.333463062828329  37.545316494119483 -1.8196281987102911 64.333467815340285  37.545228442402781 -1.8192881198282693 64.333472876424381  37.54513684937541 -1.8189347911429974 64.333478277722108  37.544942068417569 -1.8181843666222524 64.333490071165457  37.544838493488271 -1.8177858232236341 64.333496500605051  37.544730530934089 -1.8173709351974281 64.333503374353398  37.544617710312224 -1.816937977165207 64.333510748640748  37.544499577207745 -1.8164852982082123 64.333518682765714  37.544375761171239 -1.8160115849884977 64.333527235413371  37.544245808660847 -1.8155152310822114 64.333536478887297  37.543912623761138 -1.8142449940752212 64.333560931384454  37.543699412754819 -1.8134339117345608 64.333577141952688  37.543466013800199 -1.8125484041672029 64.333595642713675  37.543209162972168 -1.8115767040303081 64.333616888339165  37.542924703367376 -1.8105039144641821 64.333641486337356  37.542606821881385 -1.8093094855824188 64.333670374971177  37.542247285985795 -1.8079646909620417 64.333705001176412  37.541521101904337 -1.8052639248101707 64.333779827598846  37.541177151431292 -1.80398898338313 64.333816617621608  37.54079703472722 -1.8025857428616769 64.333859098094322  37.540374267134275 -1.8010319205558498 64.333908517445039  37.539900635325033 -1.7992996413765865 64.333966566025467  37.539365158931801 -1.7973525911357358 64.334035799151991  37.538753052175721 -1.7951431698460667 64.334120060147114  37.537421526703326 -1.7903810083456155 64.334317176940402  37.536724457694561 -1.787903594165442 64.334425278561511  37.535940017647718 -1.7851364077190006 64.334553426435605  37.535053739698078 -1.7820354929705895 64.334706191848881  37.534049817255223 -1.7785571737347403 64.334889910041056  37.532914433011101 -1.7746703739260159 64.335112295102363  37.531642750639548 -1.7703780169344618 64.335380258908259  37.529005160093149 -1.7616114083157313 64.3359778826769  37.527661062847997 -1.7571960508372924 64.336298421706417  37.526225799912694 -1.7525424613621952 64.336659455313608  37.524711083196067 -1.7477005308252858 64.337061575350532  37.523129414651066 -1.7427194277108793 64.337504130909608  37.521492089652682 -1.7376407596957288 64.337985634273835  37.519807603157595 -1.7324944806495306 64.338504503295781  37.516942628314744 -1.7238737943992553 64.339426176231655  37.515786534565301 -1.7204288954978901 64.339808113865018  37.514613642923514 -1.7169680220621661 64.340205660416458  37.513425193722419 -1.7134955334064337 64.340618552860604  37.512222202101839 -1.7100149723860925 64.341046557835952  37.511005458008171 -1.7065290653975878 64.341489471645076  37.509775526194559 -1.7030397223784115 64.34194712025446  37.504623004374935 -1.6885634332623798 64.343905041944595  37.500591513025718 -1.6775717876404526 64.345533357363891  37.496445041340685 -1.6665990618913287 64.347302068462994  37.492189258465125 -1.6556642279187059 64.349208105514577  37.487828380569248 -1.6447798417941126 64.351248225526788  37.483364761529536 -1.6339524740659968 64.35341964851483  37.47879842724474 -1.6231829961637481 64.355720670669982  37.471575159719627 -1.6066143731062736 64.359478639375837  37.468993110561165 -1.6007797804581652 64.360844239505099  37.466380511399358 -1.5949633757569557 64.362247728207251  37.463737461687707 -1.5891655689121162 64.363688775144325  37.461064055044595 -1.5833867489379783 64.365167046247834  37.458360379253222 -1.5776272839537324 64.366682203718682  37.455626516261646 -1.5718875211834302 64.368233906027129  37.443080439193103 -1.54592483563293 64.37544162572668  37.432921947619874 -1.5259343421903333 64.381514419591497  37.422389599017322 -1.506209108619718 64.388025410046751  37.41148733068502 -1.4867643523945726 64.394958119308882  37.400219750647523 -1.46761568837916 64.402294752385771  37.388591619445847 -1.4487779775495071 64.410016534630429  37.37660754874026 -1.4302650425265704 64.418104005733198  37.357653240174585 -1.4023385686689174 64.431062130484975  37.35093349068574 -1.3926844277195274 64.435686447748566  37.34411344281289 -1.3831299934792716 64.440407067625614  37.337193883415019 -1.3736774071761557 64.445220776600351  37.330175611655086 -1.3643287848603189 64.450124301959391  37.32305943900009 -1.3550862174040368 64.455114311791647  37.315846189221084 -1.3459517705017185 64.460187414988368  37.304724628711938 -1.332221110250764 64.468027439268809  37.300886382501055 -1.3275446991081379 64.470736380734124  37.297022078061978 -1.3228985409921958 64.473466497114629  37.293131834607649 -1.3182829243993737 64.476217296184998  37.289215772262558 -1.3136981365723788 64.478988282019131  37.285274012062715 -1.3091444635001916 64.48177895499019  37.281306675955605 -1.3046221899180628 64.484588811770493  37.272993548038627 -1.2952726234110956 64.49047791852621  37.268643533681839 -1.29045087247932 64.493560270274529  37.264263533209025 -1.2856662148228037 64.496664088783504  37.259854486178483 -1.2809198380247575 64.4997881728073  37.255416069649492 -1.2762115806322161 64.502932211978177  37.25094792937427 -1.2715412575268552 64.506095914380268  37.246450953589616 -1.2669100168142011 64.509278104105647  37.213314968966102 -1.2332895082494078 64.53270801194607  37.183551367597431 -1.205828189689748 64.553655465115668  37.152667854974105 -1.180016396624358 64.575157894756927  37.120706396879399 -1.1559444104113248 64.597041730420031  37.087718865585096 -1.1337083781023991 64.619122279794652  37.05376949509683 -1.1134077260829109 64.641205469621994  37.018938080097492 -1.0951418167827465 64.663091755213131  36.964048265069259 -1.0702724676274447 64.696213606985395  36.944544943076991 -1.062163758985849 64.70772806029251  36.924831014521914 -1.0546950827893158 64.719093396646315  36.904925948677445 -1.0478815356060205 64.730277084483802  36.884851762653788 -1.0417373533453944 64.741246806237868  36.864633161871005 -1.0362753142869261 64.751971042047188  36.84429768053235 -1.0315061421089633 64.76241965346631  36.818861188033956 -1.0264389450661724 64.775055550197948  36.813843525999985 -1.0254826569245066 64.777527243930763  36.808813125292048 -1.0245671809915884 64.779984160017861  36.803783855029771 -1.0236953688547712 64.782419194334793  36.798742402819649 -1.0228646109452719 64.78483877461646  36.793699693046591 -1.022077151570963 64.787237283297387  36.788650212881244 -1.0213319239205947 64.789617293259042  36.767915393805268 -1.0184499200973707 64.799300403556657  36.752190311159296 -1.016681441552808 64.806433379034431  36.73643455480881 -1.0153277626351951 64.813364775874632  36.720661585154318 -1.0143914098263525 64.82008442281986  36.704885254049174 -1.0138737519384808 64.826583396329085  36.689119804799702 -1.0137750001141617 64.832854020577557  36.673379872165093 -1.0140942078263548 64.838889867456899  36.620959049747277 -1.0165484713951094 64.858242629557168  36.584444201135341 -1.0205427784014118 64.870493298950237  36.548344512299614 -1.0267849195394017 64.88136546236548  36.512844983388817 -1.0352027464519962 64.890846981248984  36.478104403197321 -1.0456894608984666 64.898978515496822  36.44425404556894 -1.0581131302359872 64.905843473944671  36.411397697929637 -1.0723254922672072 64.911555280731974  36.359267872223022 -1.098312026110899 64.919241927134877  36.339358779764048 -1.109124324460171 64.921822311668279  36.319903256765535 -1.1205676648408307 64.924017357929017  36.30091407198811 -1.1326025169635938 64.925863459773069  36.282399749867231 -1.1451897443439212 64.927398193591699  36.264365069620787 -1.1582912487352293 64.928659353778755  36.24681156435674 -1.1718706145620916 64.929683988198434  36.227599409417827 -1.1876502784952956 64.930610579867604  36.225468173559136 -1.1894138591157155 64.93071058600988  36.223335389414899 -1.1911918677656468 64.930807928104869  36.221201989952441 -1.192983625702551 64.930902598244842  36.21906989858482 -1.1947876608045214 64.930994537939554  36.216938370814525 -1.1966046893454285 64.931083819557273  36.214805543231755 -1.1984363216311014 64.931170575856271  36.176726782370352 -1.231381713802183 64.932673840359598  36.142029160235438 -1.265281073407835 64.933318823239361  36.108792490730828 -1.3018111776611176 64.933459252859137  36.077176601054916 -1.3407673943240999 64.933412481834026  36.047295492770175 -1.3819270191088029 64.933508893573403  36.019224360569318 -1.4250651153546174 64.934067283136855  35.993009115373439 -1.4699660258476257 64.935380314153392  35.941186840101558 -1.5689312978979295 64.940342550551506  35.916104681915002 -1.6234212728043895 64.944272466979612  35.893481603901186 -1.6795918794200742 64.949877853744084  35.873341929702008 -1.7371382653876093 64.957480432044861  35.855697345943199 -1.7957603853350832 64.967335882541349  35.84055429485079 -1.8551609849047228 64.979625452962892  35.827916053443673 -1.9150405115485551 64.994448882415711  35.80940458933145 -2.0247006926240023 65.026169396669417  35.802735616880533 -2.0744406603340111 65.042261717602429  35.797771157167155 -2.1241341383421881 65.060103658106343  35.794505294809042 -2.1736202728355809 65.079666732142314  35.792929014976608 -2.2227511035183265 65.100888635905662  35.793031594545553 -2.2713905940628014 65.123675969020439  35.794801993249436 -2.3194136625607715 65.147906955734143  35.801093662614655 -2.4062065901049805 65.194756328590259  35.805113667923109 -2.4452003556632764 65.21698443818687  35.810284476687748 -2.4836243828627915 65.240035217998155  35.81660130541907 -2.5214232287415506 65.263815073523489  35.824060718261038 -2.5585473830489982 65.288220882146135  35.832660974044011 -2.5949525181327529 65.313140782613885  35.84240237333762 -2.6305987388253658 65.338454964519784  35.867549622365075 -2.7111123161611301 65.397553657643343  35.883768743862319 -2.7553894228351123 65.43151482481781  35.901954365554253 -2.798222044153905 65.465647034820094  35.922118208057526 -2.8395302088023628 65.499638132393386  35.944265716143093 -2.8792167557141615 65.533129390873384  35.968385736733893 -2.9171719130843194 65.565718810109175  35.994438475803676 -2.953278783029381 65.596975052942014  36.041446092839578 -3.0107946498729095 65.646650668329499  36.06141367406898 -3.0332435277549323 65.666005830131013  36.082211206412673 -3.0547202943772569 65.684381481416338  36.103790071594347 -3.0751776387476788 65.701628693325617  36.126085467644842 -3.0945701927963016 65.717604744489407  36.149015572033029 -3.1128577141259646 65.732182233148365  36.172480704796712 -3.1300082687626758 65.745258189273585  36.198172749917646 -3.147213692028505 65.757635263206822  36.199978233005019 -3.1484145498849321 65.758494899581251  36.201791098250922 -3.1496121642078885 65.759347959646902  36.203610813605735 -3.1508061479174367 65.760194113028376  36.205435106269618 -3.151994929451662 65.761032167332687  36.207264683530795 -3.1531789449210534 65.761862380195524  36.209101725827566 -3.1543596430867513 65.762685751179305  36.214434583001562 -3.1577633797889151 65.765046007386971  36.217948635997189 -3.1599768911580366 65.76656429916018  36.221484342918131 -3.1621746356073825 65.76805465729467  36.225041729838935 -3.1643564080917308 65.769516566588123  36.228620817011418 -3.1665220001832841 65.770949508183421  36.232221618864529 -3.1686712000716648 65.772352959568735  36.235844144004432 -3.1708037925639214 65.773726394577494  36.2408281681722 -3.1736974000916542 65.775562983691842  36.2421708873377 -3.1744729717963538 65.776052558005887  36.243516526781271 -3.1752462493692453 65.776537971957083  36.244865084385168 -3.1760172210514424 65.777019198932848  36.246216581843697 -3.1767858881545536 65.77749622008119  36.247571064663113 -3.1775522650606853 65.777969024310806  36.248928602161612 -3.1783163792224403 65.778437608291114  36.259960584279796 -3.1844935097977367 65.782202480153515  36.269785910256374 -3.1897937176123401 65.785288400595817  36.279765530901443 -3.1949746071882061 65.788149571894991  36.289899232055348 -3.2000317365417326 65.790775829853473  36.300186319896383 -3.2049605091242301 65.793157011960446  36.310625620940897 -3.2097561738219276 65.795282957391692  36.321215482043243 -3.2144138249559671 65.797143507009665  36.341176768398611 -3.2228059271134128 65.800089848348776  36.35050914495433 -3.226577969277665 65.80124814478188  36.359949505862041 -3.2302412999506536 65.802196941618888  36.369496064966242 -3.2337926813055007 65.802930054493615  36.379146644156734 -3.2372288665129654 65.803441565717407  36.388898673368715 -3.2405465997414376 65.803725824279226  36.398749190582677 -3.2437426161569434 65.80377744584564  36.427912779754365 -3.2527478308361131 65.803231742357426  36.447487667004168 -3.2582159919836928 65.801984832196311  36.467392641808708 -3.2631942024803675 65.799814705709593  36.487596604215199 -3.2676599649544018 65.796691942916311  36.508063925527473 -3.2715929167586637 65.792595293717099  36.528754157750193 -3.2749755391814381 65.787513391189123  36.549621743033185 -3.2777938666572521 65.781446464880787  36.597167677504629 -3.2828767673710835 65.765506290785964  36.623932787852269 -3.2847983160855994 65.755046925097957  36.650804795427767 -3.2857823101182753 65.743056283538451  36.677684988477829 -3.2858221319316083 65.729588871483543  36.704482671246581 -3.2849229079820903 65.714721754501269  36.731115632995362 -3.2830993382487454 65.698548939663141  36.757510617022568 -3.2803735257616662 65.681175756855751  36.799002956132334 -3.2746478272994524 65.651817397210323  36.814298734971679 -3.2722179279069361 65.640540909959427  36.829479341739756 -3.2694884904720514 65.628905547960429  36.844534566140503 -3.2664653331329432 65.616933182772385  36.859455685948653 -3.2631545447962274 65.60464548866814  36.874235380914897 -3.2595623202863706 65.592063643409787  36.888867646670981 -3.2556947954950615 65.579208029024144  36.9204585471822 -3.2466694784103365 65.550606151044718  36.937356194509441 -3.2414048183574797 65.534759166321692  36.954033336793223 -3.2357739879284719 65.518589165289157  36.970484026004172 -3.229786534699044 65.502126519987243  36.98670367990686 -3.223451468264213 65.485399787616274  37.002689082059781 -3.2167772602382771 65.46843571053661  37.018438381815422 -3.2097718442548153 65.451259216268724  37.07585511578457 -3.1826440135527503 65.386983157794546  37.116008042879848 -3.1604920913059078 65.338716045192967  37.154422475026657 -3.1361185963154457 65.289515638038068  37.191108627344093 -3.109630112649973 65.239751972072412  37.226076988615233 -3.0811130771201607 65.189747387973071  37.259338747355187 -3.0506353295421742 65.139782456404504  37.290903985981743 -3.0182441975018155 65.090102000582263  37.355507503522638 -2.9441049635348011 64.983745638050166  37.387926280149728 -2.901721052841411 64.927287071077927  37.418038279482388 -2.8568590372487432 64.871896294779546  37.445805438726865 -2.8095719179672858 64.817932668313688  37.471157990037945 -2.7599278653410226 64.76576993870475  37.494004204443549 -2.7080223989251864 64.715794954960813  37.514239215438884 -2.6539909260092336 64.668399288254179  37.538248933990722 -2.577261792297838 64.607482128579406  37.544370242006494 -2.5562373965531799 64.591408868846941  37.550110752266669 -2.5349589366920191 64.575764564922508  37.555464627838582 -2.5134384559439411 64.56056922757773  37.560426288887946 -2.4916895554271306 64.545842292400081  37.564990412678988 -2.4697273941483715 64.531602619792793  37.569151933574325 -2.4475686890030453 64.517868494975033  37.57473522585083 -2.4143483605682068 64.498220745814749  37.576467635558807 -2.4034234307535738 64.491908404003397  37.578103364133106 -2.3924553529153454 64.48572041620308  37.579641082762031 -2.3814511614378322 64.479661601406193  37.581081113438472 -2.3704086541943816 64.473731124680128  37.582422459013287 -2.3593336128948335 64.46793278936984  37.583665063073376 -2.3482267991716412 64.462267238076478  37.585918450957379 -2.3262823133156725 64.451367685385449  37.586934987149434 -2.3154461317562487 64.446125808900746  37.587857821250601 -2.3045853557578364 64.441012319990477  37.58868672353443 -2.2937024348512591 64.436028579891769  37.589421522494355 -2.2827998673456342 64.431175835101854  37.590062104843724 -2.271880200328368 64.426455217378077  37.590608415515781 -2.2609460296651598 64.421867743738034  37.591060457663637 -2.25 64.417414316459457 
 0 9 0.01520513931851363 7 0.029886898499209329 7 0.036163245319186452 7 0.040718414201663819 7 0.043719198253855861 7 0.051928521428966909 7 0.0599722502980779 7 0.071487318384163931 7 0.083691172381540585 7 0.11058317771912293 7 0.14194573875974806 7 0.17423377881537935 7 0.19876240378063734 7 0.21766236719320803 7 0.22318303299535427 7 0.22893286979059627 7 0.23716352130435595 7 0.24341827990100884 7 0.24892035651627942 7 0.25383494976803589 7 0.25707268452132676 7 0.26725839165502652 7 0.27282098949442757 7 0.2925078163328238 7 0.30307077586212217 7 0.30857960500333609 7 0.3145403515941893 7 0.35221908071548857 7 0.37261216369735228 7 0.37761973212810845 7 0.39315858685966287 7 0.42950453592460491 7 0.45276932018774063 7 0.4556834407100302 7 0.50485734392711556 7 0.56041945913907443 7 0.60632462036814927 7 0.64466795773773444 7 0.69490598862452879 7 0.72930206026263134 7 0.73190929608488708 7 0.73685686006169293 7 0.73867578347033347 7 0.75160403776175877 7 0.76270797741615748 7 0.78416409897351869 7 0.81130054939556351 7 0.82731541028849798 7 0.8462397727081562 7 0.89735998613606305 7 0.9567902699803712 7 0.97883375556566443 7 0.98957415172769492 7 1 9
8 0.097803937110274089 0.29184799947982171
7 0 0  8 233 34  38.681532053144913 -1.8333333333333333 64.638532671118952  38.672022065530946 -1.792800464518681 64.632917176817003  38.661051895552959 -1.7519872682883706 64.628605388340532  38.648538873509601 -1.710917866586305 64.625616839216136  38.634389026158672 -1.6696298198568735 64.623967688781207  38.618495815303781 -1.628183467380437 64.623667455599076  38.600743750524195 -1.5866720047287788 64.624710568705567  38.58101687604762 -1.5452322983405251 64.627062736686881  38.53326650219423 -1.4550608330698926 64.63490129751284  38.504382596480411 -1.4064452903797298 64.640897586325607  38.472383357717099 -1.3585210644832255 64.648493452632636  38.437111178448042 -1.3116988028824659 64.657460612671812  38.398456833146142 -1.2665030887240885 64.667441127273563  38.356390046692852 -1.2235611608124013 64.677908331650713  38.310986803044642 -1.1835749704179697 64.688167558961112  38.247626649444484 -1.1362043016697783 64.700267043216925  38.232515104318097 -1.1254695841883524 64.703004599428567  38.217120870286109 -1.1151032364333244 64.705626939329903  38.201452892513636 -1.1051276832138077 64.708110742209882  38.185522188112216 -1.0955657464808475 64.710432157230343  38.169341980314144 -1.0864402713941723 64.712567263120292  38.152927832646725 -1.0777737523889437 64.714492527870021  38.110860703714906 -1.0570670902901433 64.718774406835223  38.084915168025965 -1.0456692150948839 64.720820210907647  38.058530140779979 -1.0354749600473236 64.722240656250264  38.031786516030408 -1.0265581668269044 64.72296048042648  38.004775876652857 -1.0189819984403066 64.722916160299718  37.97759925385413 -1.0127950452598398 64.722060889378085  37.950365886681176 -1.0080274310618373 64.720369555158669  37.901525327850322 -1.0020234051144727 64.715829668925423  37.879890757306029 -1.0002664703304118 64.713284484979965  37.858345940463515 -0.99942062585305458 64.710207573863173  37.836944099730864 -0.99948081978774583 64.706608220226613  37.815733874184737 -1.0004336231128699 64.702504343478836  37.794759184397222 -1.0022584155877343 64.697921257118225  37.774059097262857 -1.004928571660457 64.69289042806588  37.742939836290788 -1.0102455696926069 64.684585137879793  37.732297030991361 -1.0123039229336801 64.681607936522312  37.721743928852959 -1.0145830744919648 64.678521942913449  37.711284738325581 -1.0170781943916152 64.675332631327663  37.700923222383459 -1.0197842542880418 64.672045639326313  37.690662698524982 -1.0226960274679118 64.66866676775777  37.680506038772727 -1.0258080888491485 64.66520198075726  37.638329894505318 -1.0396847807674803 64.650327139429777  37.60729851842833 -1.0522420726615924 64.638183409992521  37.577430685613692 -1.0666082594182189 64.625419159338222  37.548765784650975 -1.0825970450087052 64.612232727780651  37.521321222401696 -1.1000211298013145 64.598814876522269  37.49509842693309 -1.1186969893369114 64.585339979720445  37.470087079532036 -1.1384475706998085 64.571961386142149  37.444417862680048 -1.1607068989431144 64.557789748070135  37.442574416370817 -1.162317166838208 64.556769408398338  37.440737784145256 -1.1639331392518113 64.555750302063771  37.438908270202788 -1.1655544633520056 64.554732663425952  37.437085935668399 -1.1671810043921891 64.553716590532105  37.435270598592673 -1.16881284571108 64.552702045117215  37.433461833951704 -1.1704502887327146 64.551688852604073  37.403726758658742 -1.1975580877872658 64.534995153410577  37.376990425278798 -1.2246988932309562 64.519438412752137  37.351582802842096 -1.2532457018071912 64.504283238461724  37.32764317420655 -1.2828497900133193 64.48981414372598  37.305309118801574 -1.3130532520012113 64.47630440701721  37.284686657328209 -1.3433185188908656 64.46396285583576  37.265822727098332 -1.3730994295648398 64.452892590256567  37.246862269363056 -1.405037161438514 64.442055098476985  37.245040614839077 -1.4081286971001268 64.441017201654688  37.243239014400203 -1.4112089282835858 64.439994126737574  37.2414574182284 -1.4142773366362007 64.438985865343284  37.239695765715105 -1.4173334229314201 64.437992396276854  37.237953985461147 -1.420376707068836 64.437013685530673  37.236231995276789 -1.4234067280741818 64.436049686284477  37.232806102111162 -1.4294771124373649 64.434139108603233  37.231102567457036 -1.4325173710223578 64.433192830662335  37.22941932449325 -1.4355427641145166 64.432261618704473  37.227756017359532 -1.4385533200698564 64.431345264573707  37.226112427684598 -1.4415488147180306 64.430443628324326  37.224488655289129 -1.4445284367712106 64.42955673648521  37.222884759968366 -1.4474914552640326 64.428684588600561  37.207550071895888 -1.4760093516963388 64.420383824146882  37.194728746390808 -1.5013402872922168 64.413740571666324  37.182794469702998 -1.5263104958606029 64.407890833858076  37.171683886151783 -1.5508489884460153 64.402799730226803  37.161322175322617 -1.5749333494674498 64.398417806019012  37.151630920734583 -1.5985850984010528 64.394692258187419  37.142533374365271 -1.6218620507671175 64.391575161829422  37.128844981286413 -1.6585489937980518 64.387510790761098  37.123918045503963 -1.6721469564928075 64.386195616155121  37.119160761214523 -1.6856600576926293 64.385075053068164  37.114558354273754 -1.699109785269761 64.384142357311717  37.110096903728042 -1.7125203778246634 64.383392411889432  37.105763420678599 -1.7259185787289222 64.382821978163889  37.101545927145693 -1.7393333901681596 64.38242994702334  37.085672223263145 -1.7912978830288062 64.381610202151393  37.074793997911996 -1.830113744850784 64.382474015302634  37.064506326840011 -1.8700674971764542 64.384824875284238  37.054642739098377 -1.9120134926863457 64.388868241605891  37.045137494935624 -1.9567871326771367 64.394983912070515  37.036041510656418 -2.0053064789400317 64.403810901992017  37.02766150885649 -2.0580279621144082 64.41629607459673  37.018828545785226 -2.1269705057269692 64.436845015643982  37.017303147066826 -2.139477197171471 64.440725623257975  37.015835865783593 -2.1521613277472276 64.444820656117429  37.014431174317565 -2.1650174774174857 64.449136908529624  37.013093573998631 -2.1780388661104473 64.453680424908882  37.011827595104478 -2.1912173537192676 64.458456499776531  37.010637796860564 -2.2045434401020589 64.46346967776104  37.007265725613649 -2.2454779403864449 64.47944500955046  37.0053377481483 -2.2735245296153348 64.491169502317419  37.003783714636228 -2.302050111052131 64.503927053113841  37.002637801704999 -2.33094956342347 64.517730180370208  37.001929112026822 -2.3601134436787969 64.53257539885719  37.001681303327693 -2.3894328647700922 64.54844451881057  37.001912217396509 -2.4188043734316098 64.565305945055925  37.002699537086578 -2.4508193608459452 64.584746103486395  37.002769646731004 -2.4535025948774827 64.586383593923514  37.002843922561361 -2.4561871591805922 64.588030072391177  37.0029224006188 -2.4588736960632858 64.589685957721414  37.003005088608639 -2.4615617007007971 64.591350971533657  37.003091986057086 -2.4642503608211599 64.593024647136502  37.003183104468249 -2.4669393963907837 64.594706838429317  37.003947579539734 -2.4885026542036419 64.608262666296014  37.004825737701459 -2.5074142875690248 64.620559598909239  37.005918158602441 -2.5263263599534653 64.633273411471762  37.00722855366611 -2.5452044417719866 64.646386816999708  37.008759440512655 -2.564018084245105 64.659881480248288  37.010512434368536 -2.5827407903465862 64.673738641263228  37.012488539476095 -2.6013499857512099 64.687939738931888  37.015407526569327 -2.6258666000326589 64.707215597682961  37.016150519984294 -2.6318920294863544 64.711998973968775  37.01691744016199 -2.6379026022668719 64.71681652151311  37.017708302948648 -2.6438976742223472 64.721667601279051  37.01852312062281 -2.6498766329257912 64.726551577071845  37.019361901895209 -2.65583889767509 64.731467815538792  37.020224651908912 -2.6617839194930037 64.736415686169352  37.021881039964036 -2.6728560089308901 64.745716195038099  37.022668866531276 -2.6779880761927544 64.750061720583403  37.02347440185833 -2.6831041523222017 64.754428266723281  37.024298633282832 -2.6882102962773402 64.758820842773616  37.025140526963291 -2.6932993645898047 64.763233283296628  37.026000838428203 -2.6983760394914915 64.76766938689741  37.026879189471209 -2.7034374845955829 64.772126616124041  37.034450741942813 -2.746060233386618 64.809951295815679  37.042130944071111 -2.7828110564172146 64.844475149650762  37.050819581300473 -2.8186399247390721 64.880027648637466  37.060519065503364 -2.8534753505538828 64.916458645449879  37.07123343447789 -2.8872645944220405 64.953619846776974  37.082970585630378 -2.9199682745630229 64.991366118589838  37.095744277046549 -2.9515562535888131 65.029555370368385  37.130171031939078 -3.0273423411791316 65.125360680404526  37.153085315424079 -3.0700951978516051 65.183270936357019  37.178399400085205 -3.1102405863533051 65.241367804087233  37.206205402966184 -3.1476839718491743 65.299144505123351  37.236585929220077 -3.1822792837699905 65.355976577726111  37.269592164574526 -3.2138440056091762 65.41110331305137  37.305207231641283 -3.2421790181434069 65.463645934541063  37.345822506210126 -3.2687667978826505 65.515971187503141  37.348371468860819 -3.2704130838270262 65.519225437239683  37.350948575626688 -3.2720553116752913 65.522485946645446  37.353525443024715 -3.2736747419048675 65.525715756501555  37.356132008685719 -3.2752908113000752 65.528953038214354  37.358744796306546 -3.2768879887136881 65.532167144280635  37.361377644383388 -3.2784751680061293 65.535375494981835  37.382605127211441 -3.2910912057676183 65.560994735495584  37.401959450983242 -3.3014933199933414 65.582839126372946  37.422123303565868 -3.3112209806824136 65.604008797404376  37.443129517449286 -3.3202321144796594 65.624388741458077  37.465006474393157 -3.3284775718194481 65.643846222078665  37.487776184447334 -3.3359022348342058 65.662233191624878  37.511452364972328 -3.3424461252629398 65.67938870940776  37.546868434015899 -3.3505119124758926 65.702080128048451  37.557873687488346 -3.3527949706495495 65.708746526122638  37.569054164062173 -3.3548889747154886 65.715125270693264  37.580408730649538 -3.3567882366468682 65.721201075662051  37.5919352370897 -3.3584870925552246 65.726958652190305  37.603630516149067 -3.3599799026904797 65.732382708698964  37.615490383521198 -3.3612610514409389 65.73745795086856  37.648584970011207 -3.3641906371784187 65.750430240981004  37.67015390581323 -3.3653889370757626 65.75757445027611  37.692181837662424 -3.3658905699204067 65.763519879014027  37.714625290051657 -3.3656690959412949 65.768192149031407  37.737430769208117 -3.3647030590408975 65.771529333249148  37.76053361276437 -3.3629781331348729 65.773486954409435  37.783856839429326 -3.3604892684917185 65.774042983812947  37.824208510360251 -3.3549037754967377 65.772597531049016  37.841179053247856 -3.3521709162994227 65.771267327022031  37.858189383061884 -3.3490463539422777 65.769213632242227  37.875208453742417 -3.3455345982381552 65.766444874091817  37.892206483488962 -3.3416423335090126 65.762975721620677  37.909155020819256 -3.3373781767439601 65.758826304099202  37.926027010628147 -3.3327524357573077 65.754021429571026  37.951062475005727 -3.3253244923160463 65.745912653590665  37.959303580309005 -3.3227870269792499 65.743083092499418  37.967517297824884 -3.3201658452095701 65.740104551329978  37.975700925609914 -3.3174623455781118 65.736980571677222  37.983851938108629 -3.3146779513537377 65.733714805532955  37.991967986153512 -3.3118141105030698 65.730311015285849  38.000046896965003 -3.3088722956904904 65.726773073721489  38.022774093630822 -3.3003400450968519 65.7164038736273  38.037330810124331 -3.2945708197402985 65.709268200959727  38.051744803752882 -3.2885552594700198 65.701721816899507  38.066005941527791 -3.2823022638229551 65.693788948811388  38.080105857068212 -3.2758205443126207 65.685493773872324  38.094037830318477 -3.2691184681303054 65.676860012398706  38.10779666726539 -3.262203901846259 65.667910521173667  38.13772717021542 -3.246513996368682 65.647540506507752  38.15381850542326 -3.2376466886776778 65.63598809710922  38.169646690300638 -3.2284948814977783 65.624047855061221  38.185207321433943 -3.2190702900938435 65.611755691606433  38.200497486974299 -3.209383595535686 65.599145232747873  38.215515766637587 -3.1994444446980714 65.586247819248754  38.230262231704479 -3.1892614502607155 65.573092506632548  38.255446271510628 -3.1711351308638265 65.549804174405011  38.26600580848195 -3.1632988944770641 65.539775938826125  38.276417437351071 -3.1553365635886426 65.529632163157231  38.286681648442112 -3.1472510110023348 65.519383120429282  38.296799040986542 -3.1390449002850525 65.509038551993456  38.306770323123231 -3.130720685766835 65.498607667521028  38.316596311898394 -3.1222806125408571 65.48809914500346  38.35219853822715 -3.0908252428473704 65.449200466456645  38.377080695004395 -3.0671113648231705 65.420386213490772  38.400945670545703 -3.0426204383373645 65.391230411398354  38.423810653874568 -3.017384235894069 65.361869035922581  38.445689519034204 -2.9914312866496569 65.332423790420634  38.466593588031948 -2.9647872165074531 65.303003897277563  38.486532393783932 -2.9374750882124174 65.273707889320335  38.554478351305214 -2.8373946267715517 65.169607132027735  38.597048352692433 -2.7610056026927365 65.096049095349386  38.633373160086677 -2.6807084724621775 65.025479769226479  38.663336815112828 -2.5970355794292437 64.959300374781023  38.686784794984945 -2.5107916985151153 64.898846387372302  38.703620132895125 -2.423172990027171 64.845244209377213  38.714045869604263 -2.3357080869732503 64.799078412407638  38.718597444296236 -2.2500000000000009 64.760367905636684 
 0 9 0.056205692633426473 7 0.1230854162453197 7 0.14350807997289056 7 0.17474628698092884 7 0.1996535708366618 7 0.21275719861247713 7 0.25464272823553774 7 0.25789536169928079 7 0.30828935289861414 7 0.31371107185100161 7 0.31920065037967948 7 0.36682551000414204 7 0.395213814926412 7 0.47640330448502521 7 0.49407771215344243 7 0.53014337050363891 7 0.53344437259623789 7 0.5565995487047507 7 0.56416832180898502 7 0.57073797161371975 7 0.61965146599857346 7 0.69248313056693367 7 0.69734478280563039 7 0.73146641521719724 7 0.7464965241699969 7 0.77285148287487759 7 0.79184079775138527 7 0.80120034733934908 7 0.81829879758223778 7 0.83888010828391402 7 0.85410390657458313 7 0.89486273013479456 7 1 9
8 0 0.82485995143781887
7 0 0  6 67 14  39.573673343506144 -1.8333333333333333 65.562935328980643  39.562332292737629 -1.7762586365480464 65.54318444932467  39.547947875606887 -1.7189044612662638 65.525460753276676  39.530389063556406 -1.6615825374410462 65.509704507697947  39.509539541609364 -1.6046591061709914 65.49571867223257  39.485318248606539 -1.5485699762628502 65.483132087447501  39.444259199026767 -1.467198742010619 65.465635014941185  39.430014788281795 -1.4408831598432634 65.460101341466142  39.414962692067192 -1.4149481974391183 65.454694476932133  39.399104578488505 -1.3894595950992614 65.449336487563329  39.382447776898204 -1.3644894702788075 65.443938671423581  39.356525668202224 -1.3282673059834542 65.435709720672918  39.347860593043769 -1.3165594724098353 65.432985098528974  39.33901168363937 -1.3050019225547502 65.430216301536376  39.329981172210587 -1.2936041892082588 65.427391562724594  39.320771891981508 -1.2823762322617829 65.424498738600974  39.302187702617509 -1.2604984846924703 65.418610500992529  39.292819739175393 -1.2498416689338534 65.415618351718564  39.283286558162104 -1.2393677388929085 65.412537000442228  39.273592136924293 -1.2290867946019 65.409354594377461  39.26374125884535 -1.2190092886647033 65.406059288838833  39.240550229697526 -1.1961394165517183 65.398129160342421  39.22709865334744 -1.183505034617824 65.393402664179575  39.213397586288679 -1.1712679488776041 65.388432119463857  39.199462681123187 -1.1594531330761357 65.383191883315789  39.18531244106142 -1.1480854662810911 65.377658309265371  39.143406762685821 -1.1162541896062526 65.360572220407491  39.115123943485067 -1.0970558418618228 65.348171753435366  39.086281006261821 -1.0797757098146477 65.334462513219748  39.057065689277245 -1.0645642414916032 65.319346209016075  39.027681280749022 -1.0515258899352988 65.302796330854264  38.9730885073933 -1.0313929136195865 65.269470166203533  38.94786231147765 -1.0237199340910883 65.253043217414302  38.9227869802979 -1.0177126759764545 65.235640751763626  38.89796961126013 -1.0133595685891015 65.217336592143766  38.873496140400832 -1.0106214995295388 65.198228559093323  38.83580647499344 -1.008776772164883 65.167215153725778  38.822311019250996 -1.0086102460961672 65.15577958239335  38.808957833081735 -1.0089337925991477 65.144141062394894  38.795756031610182 -1.0097361021668465 65.132319685828293  38.782712621943865 -1.0110049528428808 65.120335716238372  38.724667283658853 -1.0187665481023851 65.065688143610998  38.68153565817294 -1.0303806405201337 65.021439082979256  38.640602891607145 -1.0470120073341829 64.976286909704484  38.601862700433173 -1.0680957366113635 64.93105349227659  38.565260944776924 -1.0931281198097302 64.88642702303774  38.513376748019347 -1.1359781246939846 64.821181119176444  38.496567992401722 -1.1511662209103692 64.799690837186972  38.480270492422754 -1.1671731943870276 64.778577115017995  38.464478139700581 -1.1839375189025489 64.757912727651544  38.449186431097097 -1.2013946205270187 64.73776648269326  38.432045575458531 -1.2223453990129114 64.715099717723874  38.42971241547221 -1.2252281005246317 64.712012478157334  38.427379764369505 -1.2281410868494778 64.70892427029105  38.425061483439698 -1.2310673529472174 64.705853681067538  38.422747527554009 -1.234019106309137 64.702787684381548  38.404667038568263 -1.2573278350771482 64.678823944295218  38.389272378370613 -1.27863768765263 64.658378330748747  38.374276304194233 -1.3008740195581445 64.638501161104799  38.359705338235308 -1.3239676733371639 64.619311480523962  38.345592320153948 -1.3478177633399659 64.600931116352299  38.313652521777108 -1.4051965693531174 64.559987364323973  38.296218337845033 -1.4392375786278027 64.538161229620627  38.279784252903823 -1.4740238056470012 64.518299193300535  38.264478953400278 -1.5090131274596048 64.500681155489616  38.250393922276558 -1.5435320713792799 64.48540219953145  38.237560411418762 -1.5769790903567404 64.47237652915112 
 0 7 0.15361424056516304 5 0.22837166329228786 5 0.26471488614697736 5 0.3003415094304146 5 0.34732224534111494 5 0.43759265340709796 5 0.51525602805034765 5 0.55923521053344616 5 0.71345220476164239 5 0.79078173921538131 5 0.80304917995818237 5 0.88702700176865046 5 1 7
8 0.59000000000000341 6.3599999999999994
7 0 0  1 2 2  29.852674414405989 -1.7349351572897473 115.13333333333334  25.044341081072659 -1.7349351572897473 115.13333333333334 
 0.59000000000000341 2 6.3599999999999994 2
8 4.4e-16 4.1638443774953933
7 0 0  1 2 2  25.044341081072659 -1.7349351572897473 115.13333333333334  25.044341081072659 1.7349351572897476 115.13333333333334 
 -4.4e-16 2 4.1638443774953933 2
8 0.59000000000000341 6.3599999999999994
7 0 0  1 2 2  29.852674414405989 1.7349351572897473 115.13333333333334  25.044341081072659 1.7349351572897473 115.13333333333334 
 0.59000000000000341 2 6.3599999999999994 2
8 0 4.7491972914558538
7 1 0  2 5 3  25.044341081072659 1.7349351572897473 115.13333333333334  1 25.54223068172579 6.1961969903205283 110.83333333333334  0.374165738677394 25.54223068172579 -5.6000000000000003e-16 110.83333333333334  1 25.54223068172579 -6.1961969903205301 110.83333333333334  0.374165738677394 25.044341081072659 -1.7349351572897465 115.13333333333334  1
 0 3 2.3745986457279269 2 4.7491972914558538 3
8 0.34335238790913436 1
7 0 0  7 74 13  38.15659503965859 -1.3221761488365005 65.774045527063919  38.167487987906156 -1.3098450288351013 65.723757536473997  38.178454401206885 -1.2986693030684546 65.67313038977899  38.189480435199975 -1.2886257174062563 65.622228000353587  38.200553236306511 -1.2796931189525811 65.571109707564972  38.211660911806739 -1.2718522679135134 65.519830414913002  38.222792499917112 -1.2650856494647731 65.468440728170577  38.243328380961188 -1.2545677929421735 65.373635523075663  38.252750142601954 -1.2504985314596686 65.330139359322544  38.262197536401835 -1.2471661121578095 65.286524863071335  38.271664985922229 -1.244568014503679 65.242817778306843  38.281147026673949 -1.2427025864454684 65.199043332192005  38.290638306117287 -1.2415690444124778 65.155226235067872  38.311297666883881 -1.2406953331130328 65.059850977955506  38.322467080890618 -1.2412350539712664 65.008286665549036  38.333633374341943 -1.2427868168713065 64.956736759385677  38.344787869242424 -1.2453524654268453 64.905241321985173  38.355921660941412 -1.2489355058837746 64.853841462235252  38.367025618133113 -1.2535411071201887 64.802579335391727  38.379796901500633 -1.2600451870872758 64.743619890876957  38.381503051814981 -1.2609390461890968 64.735743339092636  38.383209204488594 -1.2618579473357083 64.727866776417159  38.384914774360659 -1.2628016742395813 64.719992904281753  38.386620243635832 -1.2637705553737499 64.712119496558699  38.388325226299244 -1.2647644781904983 64.704248335309629  38.402649941326963 -1.2733285867786601 64.638117374421526  38.415247170148163 -1.2822526408385271 64.579961463824901  38.427806703598215 -1.2925828702847162 64.521979576314308  38.440311501394206 -1.3043489510985395 64.464250379443044  38.452742258376539 -1.3175830068076311 64.406862996711979  38.465077356926145 -1.3323195002428114 64.349917227238947  38.492329727075287 -1.3686300274704024 64.224104921657016  38.507178808144658 -1.3909885276214702 64.155553191481289  38.521802296693579 -1.4157451284563825 64.088042923569873  38.53614365918267 -1.4429686093574896 64.021835108614169  38.55012810860795 -1.4727061016202414 63.957275005589707  38.563665374889695 -1.5049634025512186 63.894779352079084  38.582078471717153 -1.554178160541509 63.809774115760611  38.587405526415701 -1.5691007384079532 63.78518142786163  38.592628033075655 -1.5844429453142597 63.761071392653285  38.597737214041267 -1.6001944411747064 63.73748453274343  38.602723677833836 -1.616340156470881 63.714464204492664  38.607577720493069 -1.6328595861944237 63.692055206852949  38.6194332996375 -1.6752971854797616 63.637323169308885  38.626251695162665 -1.7016711543481222 63.605845611331233  38.63270828259558 -1.7287464586830235 63.576038363496423  38.63876842216164 -1.7563920577175867 63.548061342533423  38.644403562854883 -1.7844477903454941 63.522046355982944  38.649594340655433 -1.8127304375140916 63.498082799078453  38.657715054336805 -1.8612586202533488 63.460593006240892  38.660868151534864 -1.8814959664621915 63.446036531848399  38.663788959866601 -1.9016886223170202 63.432552433828057  38.666479300799381 -1.9217777849026194 63.420132303259429  38.66894455205653 -1.9417153047187394 63.408751313539852  38.671192473358481 -1.9614642674057863 63.398373641424925  38.674267850291514 -1.990920739195347 63.384175967594629  38.675249953541062 -2.0007872112744094 63.379642025281768  38.67617960546071 -2.0105961075329488 63.375350227879927  38.677058103307367 -2.0203453911215461 63.371294586519859  38.677886778046748 -2.0300338725161233 63.367468956713431  38.678666994353328 -2.0396612095179414 63.363867038353767  38.681249316490579 -2.073356946656618 63.351945583446764  38.682798552002694 -2.0970964145049136 63.344793438858865  38.684070458067943 -2.1204590818323195 63.338921603356937  38.685085241895827 -2.1434802454743003 63.334236789069102  38.685859715849531 -2.1662121887817936 63.330661380647904  38.686406296311375 -2.1887186423350489 63.32813805707228  38.686813413980829 -2.2166554423800116 63.326258572375821  38.686881032095364 -2.2222317230562219 63.325946409035808  38.686934970803399 -2.2277991104893866 63.325697397548609  38.686975326002461 -2.2333586226582991 63.325511095197371  38.687002175575778 -2.2389112717172557 63.325387142429108  38.687015579392359 -2.244458063996055 63.325325262854683  38.687015579306966 -2.25 63.325325263248914 
 0 8 0.11200071369054694 6 0.2063654112997205 6 0.3173148101952572 6 0.33442653612181389 6 0.46111313295638556 6 0.61706097202968402 6 0.68217739040816083 6 0.7808996898265691 6 0.85137433688817099 6 0.88716553179284485 6 0.97743779463807212 6 1 8
8 0 0.94654257787193041
7 0 0  8 79 12  38.687015579306966 -2.2499999999999996 63.325325263248914  38.687015569853145 -2.2743078818391136 63.325325306892921  38.686763004229554 -2.2986999249569546 63.326491292208964  38.686254677872839 -2.3232650624527698 63.328838013267543  38.685481581837948 -2.3480869587923148 63.332407060438527  38.684428668314396 -2.3732419372636344 63.337267902899292  38.68307527584286 -2.3987945742373631 63.343515925594978  38.681396214231974 -2.4247909602315745 63.351267420650998  38.678719815379239 -2.459628207935562 63.363623186717454  38.678040744527387 -2.4680523376909957 63.366758160631917  38.677325420464456 -2.4765223199851798 63.370060499808467  38.67657298436508 -2.4850380322826178 63.373534169069039  38.675782594734066 -2.4935989265745877 63.377183053230077  38.674953427406265 -2.5022040293791421 63.38101095710239  38.674084675546681 -2.5108519417411119 63.385021605491275  38.671409876417357 -2.5364163076178645 63.397369986332649  38.669491841133627 -2.5534475007518629 63.406224718596597  38.667416065096852 -2.5706192424788927 63.415807671111587  38.665177748987119 -2.5879107464032054 63.426141000243931  38.66277308656214 -2.6052958161934598 63.437242277754031  38.660199678352114 -2.6227430458876801 63.449122580947297  38.657456945354632 -2.6402160201982099 63.461784582825246  38.650409341924288 -2.6824897630029061 63.494320293721096  38.645931510848449 -2.7072860312585525 63.514992486582763  38.641117978293494 -2.7319402466856326 63.537214466741446  38.635979314699235 -2.7563357968614488 63.560937435087503  38.630531000853267 -2.7803659999816732 63.586089923577369  38.624792411539183 -2.8039371541943319 63.612582487286176  38.618785514133577 -2.826970166124692 63.640313712418354  38.608412786067419 -2.8641835185717506 63.68820007334898  38.604185254990391 -2.8787063386019258 63.707716740296135  38.599856775798209 -2.8929524048843023 63.727699440657744  38.595433433554433 -2.9069079944127529 63.748120082349438  38.590921197330033 -2.9205622094427235 63.768951108774431  38.586325806024725 -2.9339067119616624 63.790166025936124  38.58165265418836 -2.9469354581594533 63.811739929550889  38.565499999161872 -2.9901897445650469 63.886309692071663  38.553677729042619 -3.0188742477757406 63.94088795637596  38.541503735084099 -3.0456600325596179 63.997089976225126  38.529036586213039 -3.0705422959376789 64.054645364432346  38.51632761699053 -3.0935403321412993 64.113317131721075  38.5034195725489 -3.1146894910476193 64.172907942460412  38.490345834158269 -3.1340341048322613 64.233263689887011  38.465036384947211 -3.1677157604845037 64.350106376993821  38.452828177804165 -3.1823326782523282 64.406466344192381  38.440527024657641 -3.1955056751719919 64.463255402546253  38.428152542098616 -3.2072662371315888 64.520382990811626  38.415722575803635 -3.2176437846812154 64.577766723284029  38.403253233693682 -3.2266656608360478 64.63533223671854  38.390758919092896 -3.2343571188794136 64.693013037250338  38.36858449296389 -3.2456764092719785 64.795382690274266  38.358887233335253 -3.2498415414863908 64.840150708066076  38.349166412551213 -3.2532409670902336 64.885027497435047  38.339427744699023 -3.2558781197878592 64.929986678932906  38.329676830403344 -3.2577556067068376 64.97500239691847  38.319919156826273 -3.2588752083979586 65.020049319557785  38.310160097667378 -3.259237878835227 65.065102638824044  38.292145198420933 -3.2585100270767065 65.148269570603503  38.283888366142818 -3.2576337505354735 65.186387763627664  38.275637634684806 -3.2562149768014823 65.2244777918267  38.267396276498111 -3.2542533426743971 65.262524547720631  38.259167618129737 -3.2517480607442435 65.300512674092928  38.250955040222486 -3.2486979193914021 65.33842656399051  38.242761977514903 -3.2451012827866097 65.376250360723745  38.233354532629818 -3.2403282851398716 65.419680430261025  38.232117769166273 -3.2396879472320257 65.425390027699081  38.230880360550856 -3.2390344078505762 65.431102603524934  38.229644179965611 -3.2383685890710052 65.436809510065629  38.228407238506627 -3.237689456055826 65.442519929235203  38.227171140236948 -3.2369977937737229 65.44822645576221  38.225934984700558 -3.2362931183491268 65.453933246667248  38.216111527566234 -3.230589624690742 65.499283863295801  38.207535587244443 -3.2249812943305147 65.538875238963769  38.19897577516992 -3.2187434129610581 65.578392157549246  38.190436830247904 -3.2118683158512393 65.617812741593724  38.181923789015428 -3.2043478271730841 65.657113739602707  38.173441991467797 -3.196173224962124 65.696270499147204  38.164997086885066 -3.1873352060777371 65.735256939965325  38.15659503965859 -3.1778238511635006 65.774045527063933 
 0 9 0.11309760273669885 7 0.14891187578025111 7 0.21846976201024643 7 0.31734791114199584 7 0.38251298392580019 7 0.53913349059470861 7 0.68245968630708798 7 0.79325430697380184 7 0.88706411267650276 7 0.90127196190548753 7 1 9
8 4.7123889803846897 6.4484598130766209
7 1 0  2 5 3  39.028138657958209 -2.2500000000000004 63.166666666666664  1 39.903138657958209 -2.2500000000000004 63.166666666666664  0.70710678118654757 39.642615029709475 -2.2500000000000004 65.416666666666671  1 39.622615836316633 -2.2500000000000004 65.589388755009921  0.96918264882961636 39.592598770606507 -2.2500000000000004 65.760087093417482  0.94485031726471314
 4.7123889803846897 3 6.2831853071795862 2 6.4484598130766262 3
8 4.7123889803846897 5.592417444516772
7 1 0  2 3 2  38.105330844105985 -2.2500000000000004 62.5  1 38.520009011680727 -2.2500000000000004 62.5  0.83590847195763773 38.687015579306966 -2.2500000000000004 63.325325263248914  0.8556793746288176
 4.7123889803846897 3 5.592417444516772 3
8 0.39113822420318128 1
7 0 0  7 74 13  37.101257319802464 -1.5931971674140326 65.803779906471902  37.111218009917138 -1.5557074588253672 65.736566815853593  37.121639648100434 -1.5214732737147982 65.666243323851774  37.132427626723647 -1.4904857437757348 65.593447827110097  37.143499112273545 -1.4626835035397907 65.518739272483771  37.154786653417091 -1.4379694071034148 65.442572810420202  37.166240293336259 -1.4162303012264152 65.365285541272087  37.188996346402817 -1.3791730912877971 65.211731456236436  37.200282473055495 -1.3636611621483885 65.135574538923635  37.211652385557592 -1.3507339104435225 65.058852248547169  37.223075352725893 -1.3403149863762085 64.981771954052022  37.234523980070797 -1.3323402767859658 64.904518508926088  37.245974096939385 -1.3267563346416948 64.827255012740338  37.25980916154986 -1.3228377954286061 64.73389828337011  37.262214887212053 -1.3222600522856478 64.717664844213317  37.264621607086283 -1.3217855072018627 64.701424696278011  37.267029108248387 -1.3214141059964737 64.685179276341373  37.269437178408729 -1.3211458122117472 64.668930016898457  37.27184560591234 -1.3209806071129895 64.65267834616229  37.277092036469398 -1.3208453010417185 64.617276299878839  37.279930095220742 -1.3209152215565156 64.598125548491197  37.282768011279806 -1.3211282497861765 64.578975759967591  37.285605438536628 -1.3214844183161969 64.559829269800758  37.288442029484358 -1.3219837937643319 64.540688422909298  37.291277435219314 -1.3226264767805953 64.521555573637798  37.294803488625021 -1.3236046162312463 64.497762348032722  37.295495537562964 -1.3238051745479782 64.493092516178692  37.296188005392047 -1.3240144415324804 64.488419857718327  37.296880175438048 -1.3242322300264295 64.483749208646685  37.297572703063082 -1.3244587331075983 64.479076146692861  37.29826514310119 -1.3246938391495386 64.474403675759774  37.309217794975737 -1.3285492205524114 64.400496991134546  37.319490097060772 -1.3340600166891312 64.331181194442507  37.329758979086172 -1.3415044680095491 64.261888475747341  37.340006661543399 -1.3509231768403731 64.192738808234523  37.350213137599717 -1.3623635715269484 64.123867194704687  37.360356105921234 -1.3758805952928099 64.055424120872829  37.381878455977152 -1.4093941555623974 63.910194859849817  37.393225225744288 -1.4300252279839913 63.833628732824025  37.404420420309151 -1.4535291334576759 63.758085410210974  37.415416860666788 -1.4800104848847964 63.68388324813882  37.426151415925546 -1.5095593413544817 63.611448243430672  37.436546865003272 -1.5422329177515939 63.541301471184909  37.45063155305494 -1.5928258541906881 63.446260324090524  37.454674115356553 -1.6081428715715353 63.418981781822865  37.458636196776823 -1.6239888572309047 63.392246311240712  37.462510353296736 -1.6403583283982988 63.366104143354228  37.46628858731728 -1.6572414213500484 63.340609244639673  37.469962562580093 -1.6746231487224628 63.315817866790738  37.475433374978159 -1.702058994544529 63.278901728929227  37.477310526518728 -1.7117726442028791 63.266235020583835  37.479153941754397 -1.7216203518902748 63.253795959248166  37.480962304634026 -1.7315983488330438 63.241593425417705  37.482734315010731 -1.7417023513935979 63.229636192268629  37.484468688641911 -1.7519275610704326 63.217932925657855  37.489707973080534 -1.7838832820014243 63.1825791002004  37.49308225316458 -1.8060064140071406 63.159810015884986  37.496274949689841 -1.8285862488711839 63.138266227412629  37.499275740885139 -1.8515648879836208 63.11801738438912  37.502076233230262 -1.8748793843713596 63.099120124901816  37.504670163726416 -1.8984627813008368 63.081616710631586  37.509791791726698 -1.9495670929604267 63.047056811374098  37.512252847272364 -1.9771596119180102 63.030450015308347  37.514430606790739 -2.0049156447572094 63.015754854012435  37.5163245768126 -2.0327447514761925 63.00297465733496  37.517938276630048 -2.0605718919317275 62.992085677674773  37.519277582513865 -2.0883362027033772 62.983048262927547  37.52109936956149 -2.1353534458862033 62.970755145030061  37.521718427601485 -2.1546639652561357 62.966577843692377  37.522208631754914 -2.1739062338163158 62.963270027084654  37.522572538436073 -2.193068664553941 62.960814444945591  37.522812737288305 -2.2121425279670075 62.959193622790167  37.522931713702341 -2.2311212983367352 62.958390789612501  37.522931711334721 -2.25 62.9583908055886 
 0 8 0.15906301372171511 6 0.31236442234196382 6 0.34461274438638412 6 0.38260872223781778 6 0.39188937905096399 6 0.52938215705741354 6 0.68619347544049947 6 0.75094791436342057 6 0.78566945302302726 6 0.85824328303130459 6 0.94161859425846828 6 1 8
8 0 0.82941125399464422
7 0 0  6 62 13  37.522931711334735 -2.2499999999999938 62.958390805588628  37.522931714216689 -2.2721743662323264 62.958390786141642  37.522762881800624 -2.2944907308410429 62.959530039381129  37.522421208471144 -2.3169402117166409 62.961835594537533  37.521902107092686 -2.3395102088402093 62.965338404843735  37.5212009090667 -2.3621820364262254 62.970069973231197  37.519058578134185 -2.4170876267189119 62.984526068285255  37.517431107262752 -2.4493992330724508 62.995507972741578  37.51541958616675 -2.4817798421997583 63.009081384638883  37.513014315383209 -2.5141160727432736 63.025311754349858  37.510212957686349 -2.5462605567143552 63.044214853087396  37.504254669862547 -2.6056566771028491 63.084420394553092  37.50119089749905 -2.6330085041480213 63.105094224090266  37.497841735561437 -2.6599624624177713 63.127693815305079  37.49421935421455 -2.6864045506789243 63.152137045936733  37.490340583469177 -2.7122311503192504 63.17831034985403  37.484272162374971 -2.7492836841263508 63.21925905242572  37.482264828836335 -2.7610564018491575 63.232804207377988  37.480206362686125 -2.7726617399089344 63.246694396742079  37.478098942689286 -2.7840918440607316 63.260914918572162  37.475944784408924 -2.7953400072644037 63.275450822614758  37.469584559148863 -2.8273361894372093 63.318368571469193  37.465263582084773 -2.8475996840055764 63.347525810538485  37.46079817185872 -2.8671538998079265 63.377657660713368  37.456203014186222 -2.8859755163421781 63.408665025212386  37.451491747790861 -2.9040525028113846 63.440455872183335  37.43502343647598 -2.9633144313349522 63.551581315099313  37.422768092266523 -3.000838512592225 63.634278352294757  37.410065642511604 -3.033967360904533 63.719992383816063  37.397046140011199 -3.0628302917792394 63.807845834860721  37.383802479811663 -3.0876155435286519 63.897211865012054  37.357954154397802 -3.1278542680987482 64.071632092765029  37.345381047547718 -3.1438455533542342 64.156473339741098  37.332720588604957 -3.1566027960927023 64.241904024201176  37.320017145215033 -3.1662334324084123 64.327624760606469  37.307308722487079 -3.1728237326446833 64.41337909676183  37.291262780420006 -3.1774022068094547 64.521654461801546  37.287896012615356 -3.1781541602502767 64.544372854497126  37.284527584417184 -3.1786983466848757 64.567102451253945  37.281158149533617 -3.1790349329346639 64.589838840957427  37.277788363368906 -3.1791639991411462 64.612577601047875  37.271677759813144 -3.1790217325232359 64.653810943898634  37.26893685966926 -3.1788205856823595 64.672306085061081  37.26619648344569 -3.1784821093991704 64.690797690895891  37.263456975217686 -3.1780062657084716 64.709283439640245  37.260718680408488 -3.1773929792141167 64.727761000434896  37.257178453806922 -3.1764216930110587 64.751649864423428  37.256375215081732 -3.1761894282189891 64.757069986583787  37.255571432576772 -3.1759451067487707 64.76249377808044  37.254767932787502 -3.175688934171029 64.767915661858282  37.253964136832344 -3.1754207338941458 64.773339544114364  37.240496758498487 -3.1707264996335423 64.864215187260342  37.227816087338681 -3.1633382484935892 64.949782260420378  37.215150368667267 -3.1529062222117661 65.035248436660183  37.202537850339503 -3.1393432329681024 65.120355625773868  37.190023289522067 -3.1225404136960164 65.204801813797943  37.164169277372487 -3.0803516486909972 65.379260414703765  37.15086803165142 -3.0543394189509554 65.469015022436253  37.137810059692271 -3.0241413773793315 65.557128059031527  37.125092864906037 -2.9895569251525238 65.642941587585895  37.112853757993989 -2.9504491146206067 65.725529058182858  37.101257319802471 -2.9068028325859903 65.803779906471931 
 0 7 0.05877809690615407 5 0.14187857076410251 5 0.21415325051233963 5 0.24847912720110002 5 0.31345090611814796 5 0.47067073898541667 5 0.61641685190188578 5 0.6550845573014461 5 0.68654044889201127 5 0.6957757458084477 5 0.84127510580573783 5 1 7
8 0.46766376684304611 1
7 0 0  7 98 17  36.024860243678269 -2.25 66.412798035340458  36.024860240983308 -2.2269580345947393 66.412798102427814  36.024908168871157 -2.2038102671255104 66.411605005579432  36.025004789440565 -2.1805543851862033 66.409199773427446  36.025151178498682 -2.1571904298191127 66.405555625277159  36.02534861565757 -2.133723286566235 66.400640706999582  36.025598474430659 -2.1101651765205705 66.394420826924019  36.026248835286999 -2.059557892610326 66.378231015047106  36.026665709601886 -2.032486333912491 66.367853519740521  36.027154594128376 -2.0053617552488419 66.35568343226366  36.027717216859095 -1.978240160856044 66.341677736688723  36.028354638704641 -1.9511957544916947 66.325810023149344  36.02906671727343 -1.9243214186835076 66.308083836282563  36.030485051473271 -1.8762655912808688 66.272776416332462  36.031166078172689 -1.8549804217264396 66.255823221750063  36.031893721615987 -1.8339311520435269 66.23770956938985  36.032666558274805 -1.8131730581278436 66.218470895973709  36.033482719038844 -1.7927582444884869 66.198153730353866  36.03433993802868 -1.7727346636939123 66.176814478387683  36.035670161329485 -1.7436406352221756 66.143700454404922  36.03611379221789 -1.7342379346173518 66.132656892118121  36.036566206279851 -1.7249416558348045 66.12139468517212  36.037027112346493 -1.7157559897711903 66.109921081803918  36.037496215873894 -1.7066846963884639 66.098243414267088  36.037973218943087 -1.6977311047138781 66.086369098831895  36.039372856879744 -1.6722194585281667 66.051527095858575  36.040314986983049 -1.6559709512609382 66.028074102052145  36.041282222416818 -1.6401718952076825 66.003996146621006  36.042272603462706 -1.6248364058401448 65.979342013975696  36.043284247744069 -1.6099740532332472 65.954158563216282  36.044315399132707 -1.5955905053659045 65.928489510666211  36.049580318918395 -1.5258200756353986 65.797426793645315  36.054073996139195 -1.4778767293575921 65.685563067325333  36.05876013543525 -1.4376719252882664 65.568908270399007  36.063567585529022 -1.404913105210293 65.44923361305473  36.068443438872549 -1.3791911299052171 65.327856153764671  36.073353691698458 -1.360115114102171 65.20562236809532  36.080080651736402 -1.3428065869036188 65.038164230887119  36.08188393180658 -1.3390234644949972 64.9932741290108  36.083691571854196 -1.3360772089302846 64.948275491675176  36.08550227595024 -1.3339639287375324 64.903200579196124  36.087314779408302 -1.3326810535790661 64.85808087414901  36.089127848784649 -1.3322273342514843 64.812947081368677  36.092465869463368 -1.3329189249082742 64.729851786960481  36.093990987746899 -1.3338225402729762 64.691886128573401  36.095514914513608 -1.3353137464887952 64.653950131309188  36.097036913585676 -1.3373932761784184 64.616062121271455  36.098556234822496 -1.3400625368781904 64.578240772146444  36.100072114120834 -1.3433236110381133 64.540505105202953  36.101746973750913 -1.3475955162206323 64.498811848195587  36.101910115545692 -1.3480186811309141 64.494750664406638  36.102073279862125 -1.3484489688118342 64.490688919973692  36.102236421248158 -1.3488862751789996 64.486627746359531  36.102399527344545 -1.349330580506136 64.482567451231148  36.102562637103802 -1.3497819958526671 64.478507064921985  36.105302274574633 -1.3574837505063739 64.410307672490632  36.107873905901464 -1.3664895731649105 64.346290554928657  36.110436703618042 -1.3772954993501381 64.282493337575957  36.112986051105793 -1.3899440954602733 64.219030944609855  36.115516614032053 -1.4044832809141161 64.156036166681574  36.118022331271838 -1.4209666967307464 64.093659886908142  36.123111467283962 -1.4589949601779302 63.966973057822322  36.12568988005156 -1.4807657693741492 63.902787125902982  36.128224831754004 -1.5048419629050176 63.83968309561071  36.130705893501805 -1.5312961644042953 63.77792057937075  36.133119508786898 -1.5601827083475814 63.717837047240216  36.135449482375243 -1.5915221884675286 63.65983565661903  36.138627664770688 -1.6396855715537602 63.580719309762436  36.139559110925632 -1.6545229412279703 63.557532277709718  36.140470298253319 -1.6697937821623297 63.534849560451924  36.141359542125443 -1.6854899795431963 63.512713094424278  36.142225038893741 -1.7015988949556982 63.491167778893534  36.143064922087511 -1.718102624566779 63.470260077003182  36.145105472315059 -1.7604877392027962 63.419463470800601  36.146271073063964 -1.7868513750689885 63.390447491956579  36.147367141137927 -1.8139761712789337 63.363162430519978  36.148387060345712 -1.8417414819198268 63.337772987193866  36.149325299468018 -1.8699980253993524 63.314416853845145  36.150177989259525 -1.898571127824382 63.293190349852409  36.151452562599502 -1.9463590235541239 63.261461652781712  36.151923291435416 -1.9655120234294396 63.249743525492846  36.15235504355654 -1.9846716777489419 63.238995668283451  36.152747944387301 -2.0037898268233327 63.2292149588908  36.153102601967333 -2.0228248363929486 63.220386261029745  36.153419966181026 -2.0417417677167244 63.212485928674674  36.153840387223731 -2.0698036213000925 63.20202014260461  36.153970734437252 -2.0790592165236714 63.198775333442079  36.154092378691729 -2.0882762177807197 63.195747172111815  36.154205475981108 -2.0974520066833739 63.192931775365594  36.154310189229058 -2.1065844620070768 63.190325087449423  36.154406688289001 -2.1156719596905806 63.187922880103422  36.154676093174039 -2.1432071412967852 63.18121642727025  36.154823385867473 -2.1615074657876194 63.177549784399503  36.154938522493062 -2.1796052525339005 63.174683621268734  36.155022970162854 -2.1974981776639582 63.172581416201609  36.15507810789704 -2.2151894446764619 63.171208840445679  36.155105165888571 -2.2326865419078916 63.170535270091676  36.155105164767733 -2.25 63.170535297992878 
 0 8 0.056098390006133488 6 0.12015830599435466 6 0.17186339079487054 6 0.19694978920290893 6 0.24431854239715622 6 0.43467542716404256 6 0.50409289165678761 6 0.56252397112781161 6 0.56883225237968271 6 0.66849864978471163 6 0.77384460427809132 6 0.81877265334991189 6 0.88669334351924767 6 0.93188179911211133 6 0.95424899841110478 6 1 8
8 0 0.69575782738398995
7 0 0  8 114 17  36.155105164767761 -2.2499999999999996 63.170535297992878  36.155105165802148 -2.2652716046845773 63.170535272242248  36.155084543290954 -2.2806831651154957 63.17104864043413  36.155042644029969 -2.2962414295194482 63.172091663160536  36.154978706306906 -2.3119515738102794 63.173683302168385  36.154891883792089 -2.32781671515386 63.175844625636302  36.154781269428995 -2.3438374255329579 63.178598213451252  36.154645919324892 -2.3600112453121125 63.181967562485283  36.154406685669969 -2.3842564686750394 63.187922945300677  36.15432244223183 -2.3922153097836003 63.190020066309813  36.154232035485748 -2.4002079945408523 63.192270614135722  36.154135358177861 -2.40823354693 63.194677258712076  36.154032306641632 -2.4162907405047855 63.197242580669943  36.153922780797885 -2.4243780983894885 63.199969071337918  36.153806684154894 -2.4324938932789304 63.20285913274197  36.153439593383794 -2.4568418662047531 63.211997337275605  36.15316885751276 -2.473153345123654 63.218736923118328  36.152871030454257 -2.4895535932039645 63.226150905682026  36.152545523387175 -2.5060223740988636 63.234253942833242  36.152191893636804 -2.522536267084639 63.243057054331757  36.151809893901337 -2.5390687280394082 63.2525663964053  36.151399521478453 -2.5555901504218421 63.262782036324531  36.150292307201902 -2.597201000442301 63.290344566679437  36.149557922731269 -2.6222439048641388 63.308626027362124  36.148759006718436 -2.6470753249618655 63.328513909338575  36.14789770413698 -2.6715833377222329 63.349954816531593  36.146977051457149 -2.6956678630227464 63.372873160317674  36.14600077890649 -2.7192423088130928 63.397176081967466  36.144973075829625 -2.7422344101275438 63.422759293683086  36.143180561621001 -2.7795135685645485 63.467381394692055  36.142441728297278 -2.7941571747952505 63.485773603268285  36.141683027030936 -2.8085016061612005 63.504660396120293  36.140905662566887 -2.8225345226494865 63.524011782830918  36.140110814370871 -2.8362464257850952 63.543798402272316  36.139299614460469 -2.8496303657225046 63.563992074471251  36.138473125236096 -2.8626816483372681 63.58456635247456  36.135681388386928 -2.9049024365954765 63.654062685097834  36.133654193514246 -2.9325887012290406 63.704526828667142  36.131562170402205 -2.9584390820576902 63.756604779385803  36.129415681992697 -2.9824606967966352 63.810038566500552  36.127223835058302 -3.0046792861953726 63.864601489813914  36.124994298799152 -3.0251334651961717 63.920102635456608  36.122733123439907 -3.0438689740925549 63.976391391659902  36.118161742870313 -3.0779540062703732 64.090189432727612  36.115852669553441 -3.093305120328723 64.147670540708958  36.113522276606481 -3.1070301832914278 64.205682370668086  36.111175062644101 -3.1191692189597582 64.264112935968484  36.108815092009564 -3.1297585711681264 64.32286106054481  36.106445999619162 -3.1388311114445759 64.381836258306848  36.104070995806715 -3.1464164466712528 64.440958612543312  36.100350148630525 -3.1559991584320182 64.533583830093349  36.099004132154029 -3.1589973904771802 64.567091002803721  36.097655331224949 -3.161537644778091 64.600667490515406  36.096304247871444 -3.163621384638367 64.634300795948846  36.094951376663424 -3.165249714767516 64.66797860748629  36.09359720471263 -3.1664233812809446 64.701688799171947  36.092242211672556 -3.1671427716999538 64.735419430711914  36.089315828604491 -3.1677152513795188 64.808267590144141  36.087744337885638 -3.1674122620082596 64.847387624593495  36.086173128352797 -3.1664989770027545 64.886500659315061  36.084602945805678 -3.1649747903421233 64.925588128682449  36.083034551072714 -3.1628384598198163 64.964631092950199  36.081468720011067 -3.1600881070436135 65.003610238253799  36.079906243506599 -3.1567212174356225 65.04250587660961  36.078100577577409 -3.1521018541528454 65.087455371064948  36.077853309980021 -3.1514533993119356 65.093610747491525  36.077605963037165 -3.1507888231748877 65.099768099117043  36.077358789137236 -3.1501087319362679 65.105921143071129  36.077111516842209 -3.1494123912192813 65.112076636452073  36.076864372372164 -3.1487003393270285 65.118228947790001  36.076617229438938 -3.147972212249377 65.124381220884828  36.072291563472717 -3.1349455173782061 65.23206254510923  36.068230888535858 -3.1183184430414941 65.333147293182193  36.064197134001034 -3.0972017997320043 65.433561895997926  36.060207264419049 -3.0713937022405586 65.53288404510306  36.056286391551076 -3.0406813200791083 65.630488618788291  36.052467512915896 -3.0048759763372064 65.725554190586891  36.048790791419428 -2.9638374944775348 65.817080961873316  36.044384039086516 -2.9052860446236823 65.926780816286424  36.043479232914848 -2.8927225356528985 65.949304683708533  36.042588952394958 -2.879798839408795 65.971466955613735  36.041714280280701 -2.8665181784317761 65.993240678379266  36.040856368625846 -2.8528856673405949 66.01459717325956  36.040016420173416 -2.8389085556209688 66.035506499672067  36.039195669744991 -2.8245964704141864 66.055937918483153  36.03797149170326 -2.8022104496479971 66.08641209601987  36.037553352727656 -2.7943687418239782 66.096821073262987  36.037141137916677 -2.7864383748354351 66.107082576822677  36.036735034672084 -2.778421404236374 66.117191941598435  36.036335228583859 -2.770320102133029 66.127144547590063  36.035941903430292 -2.7621369571838645 66.136935819897687  36.035555241177939 -2.753874674599575 66.146561228721652  36.034403943632391 -2.7285992664828038 66.175221149586662  36.033660633933486 -2.7113467815431362 66.193724791179122  36.032947056769601 -2.6938045864296716 66.211488283447082  36.032264609478453 -2.6760009609000157 66.228476841647691  36.031614505924303 -2.6579662535434974 66.244660248351281  36.03099775957125 -2.6397325359608566 66.260013274804649  36.030415166556764 -2.6213332569439394 66.274516102294172  36.029179088515782 -2.5795267036294125 66.305286513448294  36.028545508228405 -2.5560375882101081 66.321058596840871  36.02796773670876 -2.5324057499425314 66.335441400049206  36.027446089809558 -2.5086918261935205 66.348427060366319  36.026980211792889 -2.4849470630143728 66.360024433384581  36.026569276692427 -2.4612134860035044 66.370254080364731  36.02621218967591 -2.4375240711691175 66.379143255604689  36.025640641930416 -2.3931731779359064 66.393371126774412  36.025414058455333 -2.3724951725334948 66.399011601289772  36.025227183261741 -2.3518828632371753 66.403663594408783  36.0250791527858 -2.3313452350179498 66.407348603330064  36.024969136520497 -2.3108872409781696 66.410087302348003  36.024896378916047 -2.290510749164429 66.411898499804124  36.024860241280138 -2.2702154893804534 66.41279809503834  36.024860243678269 -2.2499999999999996 66.412798035340458 
 0 9 0.046120597565840478 7 0.068513424167745599 7 0.11308233686717092 7 0.18106198120646111 7 0.22646101707087912 7 0.33180068773911875 7 0.43687574708167681 7 0.49620259107057468 7 0.56497115038354806 7 0.57588671301605865 7 0.75606729197566536 7 0.80350046049207469 7 0.82862302889100015 7 0.87965127545739075 7 0.94374858564056452 7 1 9
8 4.7123889803846897 5.5267766204271265
7 1 0  2 3 2  36.967611247244733 -2.2500000000000004 62.250000000000007  1 37.345821002935324 -2.2500000000000004 62.250000000000007  0.84814796598065523 37.522931711334735 -2.2500000000000004 62.958390805588635  0.85375290777814461
 4.7123889803846897 3 5.5267766204271265 3
8 0.42345257598954578 0.90804033390236727
7 0 0  8 170 25  35.584265847581619 -2.25 67.145331554564905  35.571949392789911 -2.2223971287985118 67.15756949296987  35.558579395448071 -2.1955043149779074 67.169185025938248  35.544244954410537 -2.1694909658758172 67.180071514737605  35.529063953927064 -2.1445138462907338 67.190131242469675  35.513170886703584 -2.1206980453133029 67.199288918017061  35.496703739189705 -2.0981269498020931 67.20749794608713  35.479789939093251 -2.0768412245038443 67.214739463352785  35.440583781463062 -2.0314199965661683 67.228993578539502  35.418073630378743 -2.0080747230471143 67.235411694895788  35.395209992933232 -1.9868236411328759 67.24026808367212  35.372126400260299 -1.9675666540709869 67.243622182238937  35.348854504420935 -1.9501541712772501 67.245543414479073  35.325353045127621 -1.9344503247671849 67.246071519007799  35.301554764015073 -1.9203751247845657 67.245197914864448  35.256110178092719 -1.8969189353524571 67.240836188162433  35.234546810541559 -1.8871800003170613 67.237671381580299  35.212662426315262 -1.8786722712799064 67.233355854922507  35.190420908032387 -1.871419492721208 67.227836691643574  35.167814481984919 -1.8654853631977117 67.221047293848869  35.144877610825752 -1.8609642224181049 67.212922673765718  35.121691707058282 -1.8579616825966836 67.203419483804211  35.095105222802744 -1.8563689932460201 67.191012203668024  35.091827277786912 -1.8562044937633491 67.189456445206901  35.088547167813047 -1.8560719537864943 67.187873508372107  35.085265241174774 -1.8559716133265518 67.186263408406148  35.081981858926845 -1.855903704256485 67.184626177246102  35.078697394885175 -1.8558684503111198 67.182961863523602  35.075412235626764 -1.8558660670871496 67.181270532564824  35.070843459486078 -1.8559087554075404 67.178881097004407  35.069565135831418 -1.8559257209550803 67.178208477526894  35.06827273576522 -1.855947896098548 67.177524387199867  35.066979723524796 -1.8559752527812372 67.176835791351607  35.065683790993681 -1.8560078863024447 67.176141426098297  35.064378513207892 -1.8560459273251504 67.17543787716572  35.063071975486999 -1.8560893942881393 67.1747293003301  35.051178140104909 -1.8565334928991339 67.168239854528508  35.040290561380296 -1.8572884091144679 67.162018572567305  35.029112592175281 -1.8584449172506043 67.155325429124133  35.017668273184903 -1.8600467057521872 67.148140127889903  35.005989299338673 -1.8621369799862757 67.140447787611393  34.994114583732014 -1.8647560558799074 67.13224079748629  34.982089821557814 -1.8679389535576612 67.123520672558342  34.953287743406989 -1.8769055113036541 67.101613375048828  34.936416352499982 -1.8832185348001922 67.087974526815501  34.919487370757622 -1.8907241858292676 67.073414072708914  34.902641672601497 -1.8994688942726472 67.057991677899821  34.886015021063884 -1.9094706826730616 67.041790981155657  34.869730332080614 -1.9207200002185103 67.024913304003931  34.853893699447227 -1.9331841035712192 67.00747005233579  34.819043115777696 -1.9642337016234921 66.966704462731443  34.800369228300461 -1.9835572389763945 66.943095895774036  34.782749026772599 -2.0046929474291288 66.918973237948251  34.76631471831584 -2.0275088572649365 66.894566092265109  34.751160836468166 -2.051848381058643 66.870094809211324  34.737350411701684 -2.0775404341323496 66.84576189213395  34.724920684398121 -2.1044049726293177 66.821748535175004  34.707256131978887 -2.1489956902344201 66.78406960193476  34.701129804068607 -2.1660908191369819 66.770098720156298  34.69551309041136 -2.1834972566753263 66.7563395277962  34.690407329999623 -2.2011702072258288 66.742826365063038  34.685811269233923 -2.2190623117834436 66.729591700836849  34.681720844198743 -2.237123800965493 66.716665800508181  34.678128962938288 -2.2553026480154572 66.70407639381726  34.67471905068826 -2.275344669484713 66.690641802485999  34.674417523993448 -2.2771454330764493 66.689438639335208  34.674120559870111 -2.2789478617992152 66.688238285595588  34.673828060309255 -2.280752511552635 66.687040370040918  34.673539977070718 -2.2825596449187064 66.685844717864015  34.67325631168319 -2.2843692311618038 66.684651350676845  34.672977115444247 -2.2861809462286793 66.683460486510384  34.668712647092541 -2.3143370868497741 66.665013853180326  34.665667092993232 -2.3411152136023863 66.648292398877345  34.663570787171174 -2.3682259787017013 66.632178989147945  34.662420568307617 -2.3955551210100481 66.616739457706743  34.662203514658742 -2.4229788223825754 66.602032518828565  34.662895304998223 -2.4503658374931665 66.588107626436667  34.664458579559692 -2.4775796236603389 66.575002833190652  34.669141524627989 -2.5304495629642458 66.550907204897342  34.672205670820389 -2.5561289024907752 66.539858247420952  34.675987282253715 -2.5813915375969985 66.52961932238523  34.680427350948861 -2.6061098393244451 66.520201645915535  34.685454571397827 -2.6301632393351126 66.511601650265575  34.690987807927321 -2.6534452938735429 66.503800524086785  34.696940776278453 -2.675870073767769 66.496765747724865  34.708511119538201 -2.7154452130948283 66.485152943537045  34.714031412451746 -2.7328695757187189 66.480361063491713  34.719738576048883 -2.7496134141568507 66.476053657121739  34.725585102323905 -2.7656586501371727 66.472199389990692  34.73152836508693 -2.7810037026780989 66.468763230842853  34.737531767691038 -2.7956605094670488 66.465708762935733  34.743565890759342 -2.8096515482389841 66.46300049537227  34.75276798284979 -2.8299862057248273 66.459354878753189  34.755928884565144 -2.8367919344426564 66.458189235112911  34.759089356391947 -2.8434287041854538 66.457104463784589  34.762246865679309 -2.8499014441611155 66.4560960181864  34.765399335791685 -2.8562153529084187 66.455159584882537  34.768545146108941 -2.8623758982970187 66.454291083583058  34.771683132026297 -2.868388817527451 66.453486667143991  34.782405117741327 -2.888504761919743 66.450937797735847  34.789946316086315 -2.9019132745253002 66.449489215116969  34.797425549437833 -2.9145701843236256 66.448345367706551  34.804843670983146 -2.9265581082038867 66.447464624110552  34.812208596666743 -2.9379528873564404 66.446814063011146  34.81953206934093 -2.9488210324805015 66.446368092246132  34.826827608048596 -2.9592194774116489 66.44610695150152  34.840215012989759 -2.9775634509703592 66.445938106967219  34.8463103142522 -2.9856330475254369 66.445980104534144  34.852403809756787 -2.9934349677577941 66.446132072198239  34.858503450689646 -3.0009930328744856 66.446387015541106  34.864616675552377 -3.0083268702209187 66.446739578925076  34.870750209822589 -3.0154524351355634 66.447185659571559  34.876909865614373 -3.0223825328046643 66.447722021639763  34.883754889342029 -3.0298404976456368 66.448411878354207  34.884411137015469 -3.0305530657737996 66.448478959474556  34.885073665293739 -3.0312699956735911 66.448547629292406  34.885738834423634 -3.0319872808762871 66.448617535195766  34.886407531357797 -3.0327058460666829 66.448688781075262  34.887081576869946 -3.0334276324745373 66.448761565220281  34.887758592830856 -3.0341500055454138 66.448835663024923  34.889159062916605 -3.0356389722058781 66.448990977292567  34.889882545872872 -3.0364052927378542 66.449072313017624  34.890610627764644 -3.0371735732450684 66.449155276283534  34.891343357843894 -3.0379438140825448 66.449239890463517  34.892080785802932 -3.0387160148845309 66.449326179351388  34.892822961774435 -3.039490174564496 66.449414167161621  34.893569936331396 -3.0402662913151337 66.449503878529214  34.901490278137068 -3.0484631011615804 66.450467405704885  34.909099077963468 -3.0560591052006005 66.451498312717334  34.917193240433441 -3.0638304837460106 66.452710042940396  34.925820243638405 -3.0717689461448878 66.454127651475744  34.935028984695712 -3.0798547085489725 66.455780204374179  34.944865821159198 -3.0880521249903699 66.457700025300511  34.95536763243912 -3.0963060430547666 66.459920249623238  34.967487339390502 -3.1052274719389485 66.462684000361932  34.96842733476818 -3.1059157561288999 66.462899574269542  34.969372633986829 -3.1066042305215986 66.463117594010754  34.970323118164103 -3.1072927504146226 66.46333804896328  34.971278602989734 -3.1079811223580114 66.463560913699638  34.972239174403221 -3.108669351561542 66.463786224429086  34.973205059872285 -3.1093575469548269 66.464014049705369  34.981433634676058 -3.1151875298920664 66.465965779593489  34.988980929803859 -3.1203189762896506 66.467827009408325  34.996826037515909 -3.1254212353773205 66.469836901290392  35.004975210041096 -3.1304723039435376 66.472004259305848  35.013432341272079 -3.1354471472892316 66.474337495225782  35.022198473060506 -3.1403180832361404 66.476844288610749  35.031271301512206 -3.1450551661351485 66.479531246895306  35.070882184044223 -3.1643736154447493 66.491669291800463  35.104257960867457 -3.177401909225007 66.502867382945936  35.140566015703108 -3.1876512913184407 66.516170327148131  35.179280961858616 -3.1939234465022324 66.531629525604544  35.219522239932758 -3.1951960982372807 66.549074037219199  35.260365575179293 -3.1909617155708179 66.568244579123856  35.300903800523052 -3.181064542918608 66.588872333368585  35.35912961978174 -3.1583622171080283 66.621088064455947  35.377678421370923 -3.1497865704950656 66.631760583179243  35.395890614993142 -3.1399837892480664 66.642675843011077  35.413686755885394 -3.1289882600945123 66.65380686360615  35.430995418572316 -3.1168470352886652 66.665128539014091  35.447753413652691 -3.1036171647105797 66.676617544611972  35.463906004586072 -3.0893630279651094 66.688252244036974  35.503706423854233 -3.0503117407427744 66.718447926037612  35.526405583807765 -3.0241216387026268 66.73719260143109  35.547327679477505 -2.995848564753318 66.756170001599244  35.566349359299409 -2.9657821704198537 66.775315099396778  35.583393169453643 -2.9342175475718029 66.794568649976185  35.598420418687923 -2.9014421374952879 66.813872920970624  35.611424583518563 -2.8677285558245864 66.83316896411668  35.622425253809183 -2.8333333333333326 66.85239542831701 
 0 9 0.069140161852394008 7 0.15706523264899541 7 0.23452009944356322 7 0.24540333159173533 7 0.24965440035930661 7 0.28392356188370116 7 0.33107332305411535 7 0.39132535993605 7 0.42754659922086719 7 0.43112054955723689 7 0.48304357970745015 7 0.53316810974130568 7 0.57527452475620355 7 0.59727885518390411 7 0.6506646519693835 7 0.69542400611842825 7 0.70015661427728526 7 0.70514889158060279 7 0.75274929604072705 7 0.75673053949569158 7 0.78648857217224133 7 0.88248487793450037 7 0.92825365074847599 7 1 9
8 4.7123889803846897 5.2779613838878046
7 1 0  2 3 2  35.733401417698758 -2.2500000000000004 62.833333333333329  1 35.982436442071759 -2.2500000000000004 62.833333333333329  0.89454245664548349 36.15510516476774 -2.2500000000000004 63.170535297992863  0.86502585514973385
 4.7123889803846897 3 5.2779613838878046 3
8 7.2508978515549156 7.8539816339744828
7 1 0  2 3 2  35.185317525977311 -2.8333333333333335 69.92202948435262  0.86144456083527698 34.87267488526561 -2.8333333333333335 70.25  0.88754802437851432 34.541305013471458 -2.8333333333333335 70.25  1
 7.2508978515549156 3 7.8539816339744828 3
8 -2.081922188747694 -1.9827253970229968
7 0 0  2 3 2  25.044341081072666 -1.7349351572897473 115.13333333333334  24.953762010577908 -1.6936031607377888 115.03089285627766  24.867498736916989 -1.6522711641858308 114.93333333333335 
 -2.0819221887476966 3 -1.9827253970229968 3
8 0.099196791724700306 4.0646475857706932
7 0 0  1 2 2  24.867498736916982 -1.6522711641858299 114.93333333333335  24.867498736916982 1.652271164185831 114.93333333333335 
 0.099196791724700306 2 4.0646475857706932 2
8 -2.0819221887476962 -1.9827253970229965
7 0 0  2 3 2  25.044341081072659 1.7349351572897469 115.13333333333334  24.953762010577908 1.6936031607377888 115.03089285627766  24.867498736916982 1.6522711641858305 114.93333333333335 
 -2.0819221887476962 3 -1.9827253970229965 3
8 0.034474975409883868 4.7147223160459699
7 1 0  2 5 3  24.867498736916989 1.6522711641858305 114.93333333333332  1 25.319073025881458 5.4288909680391573 111.03333333333335  0.39009474880274692 25.319073025881458 -5.6000000000000003e-16 111.03333333333335  1 25.319073025881458 -5.428890968039159 111.03333333333335  0.39009474880274692 24.867498736916982 -1.6522711641858299 114.93333333333335  1
 0.034474975409883868 3 2.3745986457279269 2 4.7147223160459699 3
Polygon3D 0
PolygonOnTriangulations 0
Surfaces 25
9 1 0 0 0 12 4 13 7 2 3 30.747489659001594 7.3999999999999999e-16 107.33333333333333  1 21.987422875044903 0.33646537007612382 105.44337052503765  1.0000000000000033 35.939935502822735 -0.49058384353122286 101.41801591758187  0.99999999999999445 25.608565499927572 0.27241742083183901 81.801665449356065  1.0000000000000082 36.104787489079783 -1.0776308372174279 79.581277989855053  0.99999999999999512 30.693211129579399 -0.79617113534947648 71.232277818870443  1.0000000000000018 33.800954036739896 -1.2500000000000013 70.166666666666615  1 
30.747489659001619 0.7853981633974576 107.33333333333313  1 21.987422875044658 1.4714097534053965 105.443370525034  1.0000000000000033 35.939935502822365 -0.064487470829074717 101.41801591758473  0.99999999999999445 25.608565499927295 1.5918422409788211 81.801665449350381  1.0000000000000082 36.10478748907974 -0.78463559109785008 79.581277989857554  0.99999999999999512 30.693211129579179 0.062875343972754821 71.232277818869136  1.0000000000000018 33.800954036739576 -0.75912614787660426 70.166666666665989  1 
30.734503455167129 1.5707964841179483 107.44548806887103  1 22.238287166414999 2.6063543640757145 105.47226586596435  1.0000000000000033 35.928852439070909 0.36160898722424356 101.35699336031185  0.99999999999999445 25.858435220803912 2.9112673254199728 81.882155958443491  1.0000000000000082 36.100120711373798 -0.49164028628842638 79.515429169647703  0.99999999999999512 30.829658978531569 0.9219219953706248 71.246696563683955  1.0000000000000018 33.866377632470723 -0.26825219742626349 70.166666666667766  1 
30.708531124026734 2.3385769951637716 107.6697968790112  1 22.740014270787174 3.7158402519362599 105.53005637752902  1.0000000000000033 35.906686376892473 0.77814738269603867 101.23494860537602  0.99999999999999445 26.358173190039281 4.2010954787184414 82.043136502279296  1.0000000000000082 36.090787183474106 -0.20521736058845097 79.383731917281338  0.99999999999999512 31.102553872334866 1.7616987807568056 71.275533968339687  1.0000000000000018 33.997224438385381 0.21161062197735653 70.166666666666643  1 
30.66992856032871 3.0711238643822432 108.00318609558403  1 23.485729100962942 4.7744115518085168 105.61595016548566  1.0000000000000033 35.873741054323759 1.1755707258549981 101.05355401277482  0.99999999999999445 27.100931577248264 5.4317330918581694 82.282401189906395  1.0000000000000082 36.076914801229265 0.068061544613416181 79.18799085939844  0.99999999999999512 31.508156375399039 2.5629379970779422 71.318394878436862  1.0000000000000018 34.191701481385891 0.66945241523888621 70.166666666665918  1 
30.619407870204299 3.7514228063865005 108.43950564764941  1 24.46167536585747 5.7574816673189435 105.72836273682444  1.0000000000000033 35.830624217695451 1.5446483797764421 100.81615579032812  0.99999999999999445 28.07300862919973 6.5745971206172484 82.595536276919333  1.0000000000000082 36.058759470146775 0.32184919683443919 78.931816854792643  0.99999999999999512 32.038984289608436 3.3070298962586713 71.374488633626243  1.0000000000000018 34.446221220090905 1.0946392539915581 70.1666666666666  1 
30.55802151023223 4.363667289616961 108.96966604371637  1 25.647521968164522 6.6422092740924032 105.86495229156823  1.0000000000000033 35.77823408510487 1.8768049414659758 100.52769946275792  0.99999999999999445 29.254153852766983 7.6031334793960861 82.976018473887748  1.0000000000000082 36.036699405516757 0.55024891994241076 78.620546568831202  0.99999999999999512 32.683979307385435 3.9766857374800155 71.442646678175549  1.0000000000000018 34.755481451130287 1.4772920560106091 70.166666666667226  1 
30.487130775056031 4.8938276856839291 109.58191052694673  1 27.016971752807116 7.4083207724654301 106.0226898403838  1.0000000000000033 35.717732452216666 2.1644290183256176 100.19458179400365  0.99999999999999445 30.61817434993662 8.4937731801612024 83.415410265092319  1.0000000000000082 36.011223807999897 0.74802691710058367 78.26108268434794  0.99999999999999512 33.428838116671351 4.5565603067651423 71.521357549584906  1.0000000000000018 35.112624066347898 1.8086423035524588 70.166666666666785  1 
30.40836013120504 5.3301472377492294 110.26220946895104  1 28.538643674955242 8.0388269896064148 106.19796081548267  1.0000000000000033 35.650505718495367 2.4011423022857579 99.824436200491974  0.99999999999999445 32.133813488413772 9.2267655314802255 83.903642954603399  1.0000000000000082 35.982916452825535 0.91079729332752257 77.861662343285317  0.99999999999999512 34.256492221820729 5.0337943932821752 71.608817582319759  1.0000000000000018 35.509465115850062 2.0813420235932596 70.166666666666075  1 
30.323539789768997 5.6635364543221494 110.99475633816971  1 30.177182166960897 8.5205931006642359 106.38669285098304  1.0000000000000033 35.578115875929029 2.5820135374124114 99.425862898470115  0.99999999999999445 33.76585587036822 9.786840697957059 84.429372609706647  1.0000000000000082 35.952435052482265 1.0351691853383669 77.431565951423224  0.99999999999999512 35.147711340485316 5.398446166214808 71.702994670074347  1.0000000000000018 35.936784122894345 2.2897102839513419 70.166666666666544  1 
30.234639805575064 5.8878452644623804 111.76253684921561  1 31.894530194267446 8.8447319082965237 106.58450241752715  1.0000000000000033 35.502244265991401 2.7037061702957113 99.008119234025202  0.99999999999999445 35.476395341249372 10.163666905694635 84.98038852451289  1.0000000000000082 35.920487574282376 1.1188482898951051 76.98078301666952  0.99999999999999512 36.081795832734898 5.6437888504891243 71.801701436298856  1.0000000000000018 36.384656087671488 2.4299032902890021 70.166666666667567  1 
30.143699885515325 6.0000000000000036 112.54793516993551  1 33.651285200854147 9.0068017896562651 106.78685100432321  1.0000000000000033 35.424631674657789 2.7645526660240187 98.580789850399853  0.99999999999999445 37.22618555945575 10.352080564729617 85.544048278758439  1.0000000000000082 35.887807016010868 1.1606879654556992 76.519656229953057  0.99999999999999512 37.037314214706669 5.7664605540821796 71.902673168869896  1.0000000000000018 36.842805108091191 2.4999999999999938 70.166666666666103  1 
30.052759983671642 5.9999999999999973 113.33333333333334  1 35.408039855544558 9.0068017896564072 106.98919955058606  1.0000000000000033 35.347019098873957 2.7645526660238087 98.153460552385027  0.99999999999999445 38.975975427159831 10.352080564729876 86.107707920087108  1.0000000000000082 35.855126464287601 1.1606879654555688 76.058529535613658  0.99999999999999512 37.9928324052783 5.7664605540822498 72.003644881212438  1.0000000000000018 37.300954036739931 2.5000000000000009 70.166666666666671  1 

0 13
1 13

0 5
0.72829883356193692 2
1 5

9 0 0 0 0 1 1 2 2 2 2 35.059287370073271 6.2274906811313064 70.166666666666586  35.059287370073271 -6.0700772336805286 70.166666666666586  
29.366786425927874 6.2274906811313064 119.32968197711925  29.366786425927874 -6.0700772336805286 119.32968197711925  

24.199999999999896 2
83.195618372543109 2

-57.472988817357567 2
-42.715907319583366 2

9 0 0 0 0 1 1 2 2 2 2 35.05928736219817 2.4999999975781368 70.166666666666572  35.059287371543164 -5.3674076142094913 70.166666666666657  
41.429266415291224 2.5000000051444835 70.1666666666666  41.429266424636239 -5.3674076066431446 70.166666666666671  

1.5099999958950787 2
9.1539748596067625 2

-4.4999999953001675 2
4.9408891388449856 2

9 1 0 0 0 12 4 13 7 2 3 30.052759983671642 5.9999999999999973 113.33333333333334  1 35.408039855544558 9.0068017896564072 106.98919955058606  1.0000000000000033 35.347019098873957 2.7645526660238087 98.153460552385027  0.99999999999999445 38.975975427159831 10.352080564729876 86.107707920087108  1.0000000000000082 35.855126464287601 1.1606879654555688 76.058529535613658  0.99999999999999512 37.9928324052783 5.7664605540822498 72.003644881212438  1.0000000000000018 37.300954036739931 2.5000000000000009 70.166666666666671  1 
29.779940278141424 6.0000000000001465 115.68952782352891  1 40.678303819628631 9.0068017896568442 107.59624518939147  1.0000000000000033 35.114181371510995 2.7645526660232029 96.871472658328244  0.99999999999999445 44.225345030296261 10.352080564730423 87.798686844102434  1.0000000000000082 35.757084809106551 1.160687965455341 74.675149452585558  0.99999999999999512 40.859386977005471 5.7664605540824256 72.30656001825443  1.0000000000000018 38.675400822688182 2.4999999999999241 70.16666666667183  1 
29.507120694776972 4.9906073161614879 118.0457212585907  1 45.948565423584121 7.548172764932108 108.20329055632128  1.0000000000000033 34.881343748489556 2.2169341697532854 95.589485338255727  0.99999999999999445 49.474712282574274 8.6563575258941547 89.489665010910883  1.0000000000000082 35.659043197908318 0.78413086153749845 73.291769988966195  0.99999999999999512 43.725940264996645 4.6624151517423771 72.609475019612759  1.0000000000000018 40.049846993137585 1.8691295726016877 70.16666666664635  1 
29.289376374699525 2.9718357920110501 119.92625978592797  1 50.154896639096478 4.6309347201573567 108.68778906292341  1.0000000000000033 34.695510058094378 1.1217046876246988 94.566298315352938  0.99999999999999445 53.664367179388051 5.2649347045759383 90.83927813858017  1.0000000000000082 35.580793668377588 0.031021818064976621 72.187659290777503  0.99999999999999512 46.013810105794164 2.4543394887236909 72.851239266266731  1.0000000000000018 41.146827800757336 0.6073973700049119 70.16666666671297  1 
29.181789788651407 0.19267021925752001 120.8554262503615  1 52.233227843925363 0.61488463991043452 108.92717781120818  1.0000000000000033 34.603690385439691 -0.38605586601837116 94.060745753760543  0.99999999999999445 55.734458682108077 0.59609257215951073 91.506116515175592  1.0000000000000082 35.542130893564554 -1.0057546081318303 71.642122669330263  0.99999999999999512 47.144237320901361 -0.58543385426424999 72.970694000469706  1.0000000000000018 41.68884157167173 -1.1295811129602857 70.166666666593073  1 
29.222430654933135 -2.8485201742295936 120.50443333008621  1 51.448137586620085 -3.7798059980180754 108.83674863732064  1.0000000000000033 34.638375294663369 -2.0359708464333162 94.251718391335615  0.99999999999999445 54.952480975491582 -4.5129365483100017 91.254218111172221  1.0000000000000082 35.556735768146858 -2.1402802148518392 71.84819929781375  0.99999999999999512 46.717218089959502 -3.9118025959149656 72.92556993771737  1.0000000000000018 41.48409570150406 -3.030325108898885 70.166666666754253  1 
29.415460663298681 -5.5040054542746999 118.83733878749226  1 47.719231365149483 -7.6171311205414529 108.40724144855285  1.0000000000000033 34.803116579238754 -3.4766320273553353 95.1587721293144  0.99999999999999445 51.23835828425748 -8.9740027327016687 90.057788127898775  1.0000000000000082 35.626103857809156 -3.13091732026703 72.826991750920556  0.99999999999999512 44.689024957441013 -6.8162979041848306 72.711246300800312  1.0000000000000018 40.511623885021756 -4.690003408915592 70.166666666584405  1 
29.722934734362248 -7.1710999966561291 116.18185350767517  1 41.779522892545657 -10.026176208180246 107.72308707811652  1.0000000000000033 35.065530041965246 -4.3810687456654023 96.603601916503465  0.99999999999999445 45.322198237286997 -11.774627968769625 88.152016061293295  1.0000000000000082 35.736599052809673 -3.7528321636105706 74.386092862473475  0.99999999999999512 41.458352150339032 -8.6397191497098618 72.369853987805456  1.0000000000000018 38.962590805074392 -5.7319374979156654 70.166666666729768  1 
30.075068936823698 -7.5220929170950148 113.14066311399058  1 34.977080985890872 -10.53338065833815 106.93956034773851  1.0000000000000033 35.366058654849667 -4.5714903906483446 98.258290985070516  0.99999999999999445 38.546725126194914 -12.36427636938728 85.969433562525026  1.0000000000000082 35.86314350538305 -3.8837711725179647 76.171650988217138  0.99999999999999512 37.758429133062734 -9.0236253601087046 71.978874970962437  1.0000000000000018 37.188563075486336 -5.9513080731802388 70.166666666627165  1 
30.396863736153417 -6.5929264525579017 110.36149754137081  1 28.7607282067775 -9.190683018802142 106.2235412128112  1.0000000000000033 35.640694130486381 -4.0673964436194714 99.770414299116936  0.99999999999999445 32.355017549499657 -10.803328874891912 83.974899397182327  1.0000000000000082 35.978785058982893 -3.5371427111157261 77.803367859515959  0.99999999999999512 34.377286442879679 -8.0073291459600497 71.62158217381176  1.0000000000000018 35.567383158075742 -5.370579032851091 70.166666666686169  1 
30.630613817082924 -4.7123879252721901 108.3427260171524  1 24.24520164043965 -6.4731994052001331 105.70342860986409  1.0000000000000033 35.840187922856359 -3.0471615073221554 100.86881286723705  0.99999999999999445 27.857393130186683 -7.6441297275153799 82.526080077134537  1.0000000000000082 36.062786487176119 -2.8356019203231044 78.988638570344676  0.99999999999999512 31.921241847938944 -5.9504488572292891 71.362046530402438  1.0000000000000018 34.38976643564294 -4.1952424532941244 70.166666666659523  1 
30.747489659001175 -2.3561944901921543 107.33333333333771  1 21.987422875060386 -3.0683677799125957 105.44337052502995  1.0000000000000033 35.93993550279982 -1.7688729616371524 101.4180159176054  0.99999999999999445 25.608565499966659 -3.6858570396103705 81.801665449332688  1.0000000000000082 36.104787489059035 -1.9566165755757337 79.581277989873143  0.99999999999999512 30.69321112959322 -3.373310573316378 71.232277818872319  1.0000000000000018 33.800954036740372 -2.7226215563703393 70.166666666668277  1 
30.747489659001594 7.3999999999999999e-16 107.33333333333334  1 21.987422875047152 0.33646537007613253 105.44337052503575  1.0000000000000033 35.939935502818699 -0.49058384353123163 101.41801591758556  0.99999999999999445 25.608565499933015 0.27241742083184806 81.801665449351304  1.0000000000000082 36.104787489076401 -1.0776308372174346 79.581277989858179  0.99999999999999512 30.693211129580749 -0.79617113534947648 71.232277818869321  1.0000000000000018 33.800954036739931 -1.2499999999999998 70.166666666666686  1 

1 13
2 13

0 5
0.72829883356193692 2
1 5

9 1 1 1 0 2 2 6 5 4 3 37.559718998866273 -1.8333333333333335 64.333333333333343  1 40.393052332199609 -1.8333333333333335 64.333333333333343  0.70710678118654757 39.987793354923802 -1.8333333333333335 67.833333333333343  1 39.582534377647995 -1.8333333333333335 71.333333333333343  0.70710678118654757 36.74920104431466 -1.8333333333333335 71.333333333333343  1 
37.559718998866273 -1.8333333333333333 64.333333333333343  0.5 40.393052332199609 1.4864307145070133 64.333333333333343  0.35355339059327379 39.987793354923802 1.4864307145070133 67.833333333333343  0.5 39.582534377647995 1.4864307145070133 71.333333333333343  0.35355339059327379 36.74920104431466 -1.8333333333333333 71.333333333333343  0.5 
37.559718998866273 -1.8333333333333335 64.333333333333343  1 36.143052332199609 -0.17345130941315939 64.333333333333343  0.70710678118654757 35.737793354923802 -0.17345130941315939 67.833333333333343  1 35.332534377647988 -0.17345130941315939 71.333333333333343  0.70710678118654757 36.74920104431466 -1.8333333333333335 71.333333333333343  1 
37.559718998866273 -1.8333333333333335 64.333333333333343  0.5 31.893052332199613 -1.8333333333333333 64.333333333333343  0.35355339059327379 31.487793354923806 -1.8333333333333333 67.833333333333343  0.5 31.082534377647995 -1.8333333333333333 71.333333333333343  0.35355339059327379 36.74920104431466 -1.8333333333333335 71.333333333333343  0.5 
37.559718998866273 -1.8333333333333335 64.333333333333343  1 36.143052332199609 -3.493215357253507 64.333333333333343  0.70710678118654757 35.737793354923802 -3.493215357253507 67.833333333333343  1 35.332534377647988 -3.493215357253507 71.333333333333343  0.70710678118654757 36.74920104431466 -1.8333333333333335 71.333333333333343  1 
37.559718998866273 -1.8333333333333339 64.333333333333343  0.5 40.393052332199602 -5.1530973811736827 64.333333333333343  0.35355339059327379 39.987793354923795 -5.1530973811736827 67.833333333333343  0.5 39.582534377647988 -5.1530973811736827 71.333333333333343  0.35355339059327379 36.74920104431466 -1.8333333333333339 71.333333333333343  0.5 

0 2
2.0943951023931953 2
4.1887902047863905 2
6.2831853071795862 2

-1.5707963267948966 3
0 2
1.5707963267948966 3

9 0 0 0 0 1 1 2 2 2 2 29.852674414405989 1.7349351572897476 115.13333333333334  29.852674414405989 -1.7349351572897476 115.13333333333334  
25.044341081072659 1.7349351572897476 115.13333333333334  25.044341081072659 -1.7349351572897476 115.13333333333334  

1.5900000000000034 2
7.3599999999999994 2

-6.0819221887476971 2
-1.9180778112523029 2

9 0 1 0 0 2 1 5 2 3 2 29.852674414405989 1.7349351572897473 115.13333333333334  1 25.044341081072659 1.7349351572897473 115.13333333333334  1 
30.35056401505912 6.1961969903205274 110.83333333333334  0.374165738677394 25.54223068172579 6.1961969903205274 110.83333333333334  0.374165738677394 
30.35056401505912 -7.9999999999999998e-16 110.83333333333334  1 25.54223068172579 -7.9999999999999998e-16 110.83333333333334  1 
30.35056401505912 -6.196196990320531 110.83333333333334  0.374165738677394 25.54223068172579 -6.196196990320531 110.83333333333334  0.374165738677394 
29.852674414405989 -1.7349351572897469 115.13333333333334  1 25.044341081072659 -1.7349351572897469 115.13333333333334  1 

0.76699400786186656 3
3.1415926535897936 2
5.51619129931772 3

0.59000000000000341 2
6.3599999999999994 2

9 1 1 1 0 2 2 6 5 4 3 39.028138657958209 -2.2500000000000004 63.166666666666664  1 39.903138657958209 -2.2500000000000004 63.166666666666664  0.70710678118654757 39.642615029709475 -2.2500000000000004 65.416666666666671  1 39.382091401460741 -2.2500000000000004 67.666666666666671  0.70710678118654757 38.507091401460741 -2.2500000000000004 67.666666666666671  1 
39.028138657958209 -2.2500000000000004 63.166666666666664  0.5 39.903138657958209 -0.084936490538904216 63.166666666666664  0.35355339059327379 39.642615029709475 -0.084936490538904216 65.416666666666671  0.5 39.382091401460741 -0.084936490538904216 67.666666666666671  0.35355339059327379 38.507091401460741 -2.2500000000000004 67.666666666666671  0.5 
39.028138657958209 -2.2500000000000004 63.166666666666664  1 38.590638657958209 -1.1674682452694518 63.166666666666664  0.70710678118654757 38.330115029709475 -1.1674682452694518 65.416666666666671  1 38.069591401460741 -1.1674682452694518 67.666666666666671  0.70710678118654757 38.507091401460741 -2.2500000000000004 67.666666666666671  1 
39.028138657958209 -2.2500000000000004 63.166666666666664  0.5 37.278138657958202 -2.25 63.166666666666664  0.35355339059327379 37.017615029709475 -2.25 65.416666666666671  0.5 36.757091401460741 -2.25 67.666666666666671  0.35355339059327379 38.507091401460741 -2.2500000000000004 67.666666666666671  0.5 
39.028138657958209 -2.2500000000000004 63.166666666666664  1 38.590638657958209 -3.3325317547305482 63.166666666666664  0.70710678118654757 38.330115029709475 -3.3325317547305482 65.416666666666671  1 38.069591401460741 -3.3325317547305482 67.666666666666671  0.70710678118654757 38.507091401460741 -2.2500000000000004 67.666666666666671  1 
39.028138657958209 -2.2500000000000004 63.166666666666664  0.5 39.903138657958209 -4.4150635094610982 63.166666666666664  0.35355339059327379 39.642615029709475 -4.4150635094610982 65.416666666666671  0.5 39.382091401460741 -4.4150635094610982 67.666666666666671  0.35355339059327379 38.507091401460741 -2.2500000000000004 67.666666666666671  0.5 

0 2
2.0943951023931953 2
4.1887902047863905 2
6.2831853071795862 2

-1.5707963267948966 3
0 2
1.5707963267948966 3

9 1 1 1 0 2 2 6 5 4 3 38.105330844105985 -2.2500000000000004 62.5  1 38.980330844105985 -2.2500000000000004 62.5  0.70710678118654757 38.719807215857244 -2.2500000000000004 64.75  1 38.45928358760851 -2.2500000000000004 67.000000000000014  0.70710678118654757 37.584283587608518 -2.2500000000000004 67.000000000000014  1 
38.105330844105985 -2.2500000000000004 62.5  0.5 38.980330844105985 -0.084936490538904216 62.5  0.35355339059327379 38.719807215857244 -0.084936490538904216 64.75  0.5 38.45928358760851 -0.084936490538904216 67.000000000000014  0.35355339059327379 37.584283587608518 -2.2500000000000004 67.000000000000014  0.5 
38.105330844105985 -2.2500000000000004 62.5  1 37.667830844105985 -1.1674682452694518 62.5  0.70710678118654757 37.407307215857251 -1.1674682452694518 64.75  1 37.146783587608525 -1.1674682452694518 67.000000000000014  0.70710678118654757 37.584283587608518 -2.2500000000000004 67.000000000000014  1 
38.105330844105985 -2.2500000000000004 62.5  0.5 36.355330844105985 -2.25 62.5  0.35355339059327379 36.094807215857251 -2.25 64.75  0.5 35.834283587608518 -2.25 67.000000000000014  0.35355339059327379 37.584283587608518 -2.2500000000000004 67.000000000000014  0.5 
38.105330844105985 -2.2500000000000004 62.5  1 37.667830844105985 -3.3325317547305482 62.5  0.70710678118654757 37.407307215857251 -3.3325317547305482 64.75  1 37.146783587608525 -3.3325317547305482 67.000000000000014  0.70710678118654757 37.584283587608518 -2.2500000000000004 67.000000000000014  1 
38.105330844105985 -2.2500000000000004 62.5  0.5 38.980330844105985 -4.4150635094610982 62.5  0.35355339059327379 38.719807215857244 -4.4150635094610982 64.75  0.5 38.45928358760851 -4.4150635094610982 67.000000000000014  0.35355339059327379 37.584283587608518 -2.2500000000000004 67.000000000000014  0.5 

0 2
2.0943951023931953 2
4.1887902047863905 2
6.2831853071795862 2

-1.5707963267948966 3
0 2
1.5707963267948966 3

9 1 1 1 0 2 2 6 5 4 3 36.967611247244733 -2.2500000000000004 62.250000000000007  1 37.842611247244726 -2.2500000000000004 62.250000000000007  0.70710678118654757 37.582087618995992 -2.2500000000000004 64.500000000000014  1 37.321563990747265 -2.2500000000000004 66.750000000000014  0.70710678118654757 36.446563990747265 -2.2500000000000004 66.750000000000014  1 
36.967611247244733 -2.2500000000000004 62.250000000000007  0.5 37.842611247244726 -0.084936490538904216 62.250000000000007  0.35355339059327379 37.582087618995992 -0.084936490538904216 64.500000000000014  0.5 37.321563990747265 -0.084936490538904216 66.750000000000014  0.35355339059327379 36.446563990747265 -2.2500000000000004 66.750000000000014  0.5 
36.967611247244733 -2.2500000000000004 62.250000000000007  1 36.530111247244733 -1.1674682452694518 62.250000000000007  0.70710678118654757 36.269587618996006 -1.1674682452694518 64.500000000000014  1 36.009063990747265 -1.1674682452694518 66.750000000000014  0.70710678118654757 36.446563990747265 -2.2500000000000004 66.750000000000014  1 
36.967611247244733 -2.2500000000000004 62.250000000000007  0.5 35.217611247244733 -2.25 62.250000000000007  0.35355339059327379 34.957087618995999 -2.25 64.500000000000014  0.5 34.696563990747265 -2.25 66.750000000000014  0.35355339059327379 36.446563990747265 -2.2500000000000004 66.750000000000014  0.5 
36.967611247244733 -2.2500000000000004 62.250000000000007  1 36.530111247244733 -3.3325317547305482 62.250000000000007  0.70710678118654757 36.269587618996006 -3.3325317547305482 64.500000000000014  1 36.009063990747265 -3.3325317547305482 66.750000000000014  0.70710678118654757 36.446563990747265 -2.2500000000000004 66.750000000000014  1 
36.967611247244733 -2.2500000000000004 62.250000000000007  0.5 37.842611247244726 -4.4150635094610982 62.250000000000007  0.35355339059327379 37.582087618995992 -4.4150635094610982 64.500000000000014  0.5 37.321563990747265 -4.4150635094610982 66.750000000000014  0.35355339059327379 36.446563990747265 -2.2500000000000004 66.750000000000014  0.5 

0 2
2.0943951023931953 2
4.1887902047863905 2
6.2831853071795862 2

-1.5707963267948966 3
0 2
1.5707963267948966 3

9 1 1 1 0 2 2 6 5 4 3 35.733401417698758 -2.2500000000000004 62.833333333333329  1 36.608401417698758 -2.2500000000000004 62.833333333333329  0.70710678118654757 36.347877789450031 -2.2500000000000004 65.083333333333329  1 36.08735416120129 -2.2500000000000004 67.333333333333329  0.70710678118654757 35.212354161201297 -2.2500000000000004 67.333333333333329  1 
35.733401417698758 -2.2500000000000004 62.833333333333329  0.5 36.608401417698758 -0.084936490538904216 62.833333333333329  0.35355339059327379 36.347877789450031 -0.084936490538904216 65.083333333333329  0.5 36.08735416120129 -0.084936490538904216 67.333333333333329  0.35355339059327379 35.212354161201297 -2.2500000000000004 67.333333333333329  0.5 
35.733401417698758 -2.2500000000000004 62.833333333333329  1 35.295901417698758 -1.1674682452694518 62.833333333333329  0.70710678118654757 35.035377789450024 -1.1674682452694518 65.083333333333329  1 34.774854161201297 -1.1674682452694518 67.333333333333329  0.70710678118654757 35.212354161201297 -2.2500000000000004 67.333333333333329  1 
35.733401417698758 -2.2500000000000004 62.833333333333329  0.5 33.983401417698758 -2.25 62.833333333333329  0.35355339059327379 33.722877789450024 -2.25 65.083333333333329  0.5 33.462354161201297 -2.25 67.333333333333329  0.35355339059327379 35.212354161201297 -2.2500000000000004 67.333333333333329  0.5 
35.733401417698758 -2.2500000000000004 62.833333333333329  1 35.295901417698758 -3.3325317547305482 62.833333333333329  0.70710678118654757 35.035377789450024 -3.3325317547305482 65.083333333333329  1 34.774854161201297 -3.3325317547305482 67.333333333333329  0.70710678118654757 35.212354161201297 -2.2500000000000004 67.333333333333329  1 
35.733401417698758 -2.2500000000000004 62.833333333333329  0.5 36.608401417698758 -4.4150635094610982 62.833333333333329  0.35355339059327379 36.347877789450031 -4.4150635094610982 65.083333333333329  0.5 36.08735416120129 -4.4150635094610982 67.333333333333329  0.35355339059327379 35.212354161201297 -2.2500000000000004 67.333333333333329  0.5 

0 2
2.0943951023931953 2
4.1887902047863905 2
6.2831853071795862 2

-1.5707963267948966 3
0 2
1.5707963267948966 3

9 1 1 1 0 2 2 6 5 4 3 34.98516008382115 -2.8333333333333335 66.416666666666671  1 36.068493417154485 -2.8333333333333335 66.416666666666671  0.70710678118654757 35.846565881979636 -2.8333333333333335 68.333333333333343  1 35.624638346804787 -2.8333333333333335 70.25  0.70710678118654757 34.541305013471458 -2.8333333333333335 70.25  1 
34.98516008382115 -2.8333333333333335 66.416666666666671  0.5 36.068493417154485 -0.66826982387223732 66.416666666666671  0.35355339059327379 35.846565881979636 -0.66826982387223732 68.333333333333343  0.5 35.624638346804787 -0.66826982387223732 70.25  0.35355339059327379 34.541305013471458 -2.8333333333333335 70.25  0.5 
34.98516008382115 -2.8333333333333335 66.416666666666671  1 34.443493417154485 -1.7508015786027851 66.416666666666671  0.70710678118654757 34.221565881979636 -1.7508015786027851 68.333333333333343  1 33.999638346804794 -1.7508015786027851 70.25  0.70710678118654757 34.541305013471458 -2.8333333333333335 70.25  1 
34.98516008382115 -2.8333333333333335 66.416666666666671  0.5 32.818493417154485 -2.833333333333333 66.416666666666671  0.35355339059327379 32.596565881979636 -2.833333333333333 68.333333333333343  0.5 32.374638346804787 -2.833333333333333 70.25  0.35355339059327379 34.541305013471458 -2.8333333333333335 70.25  0.5 
34.98516008382115 -2.8333333333333335 66.416666666666671  1 34.443493417154485 -3.9158650880638812 66.416666666666671  0.70710678118654757 34.221565881979636 -3.9158650880638812 68.333333333333343  1 33.999638346804794 -3.9158650880638812 70.25  0.70710678118654757 34.541305013471458 -2.8333333333333335 70.25  1 
34.98516008382115 -2.8333333333333335 66.416666666666671  0.5 36.068493417154485 -4.9983968427944303 66.416666666666671  0.35355339059327379 35.846565881979636 -4.9983968427944303 68.333333333333343  0.5 35.624638346804787 -4.9983968427944303 70.25  0.35355339059327379 34.541305013471458 -2.8333333333333335 70.25  0.5 

0 2
2.0943951023931953 2
4.1887902047863905 2
6.2831853071795862 2

-1.5707963267948966 3
0 2
1.5707963267948966 3

9 0 0 0 0 1 1 2 2 2 2 24.867498736916989 -1.7349351572897473 114.93333333333332  25.044341081072666 -1.7349351572897473 115.13333333333334  
24.867498736916989 1.7349351572897476 114.93333333333332  25.044341081072666 1.7349351572897476 115.13333333333334  

-4.4e-16 2
4.1638443774953933 2

-0.16970562748477169 2
0.1697056274847748 2

9 0 1 0 0 2 1 5 2 3 2 25.044341081072666 1.7349351572897487 115.13333333333334  1 24.861014593280576 1.5961403447065678 114.98933333333333  1 
25.54223068172579 6.1961969903205327 110.83333333333334  0.374165738677394 25.319073025881458 5.7005012310948873 111.03333333333335  0.374165738677394 
25.54223068172579 -7.3999999999999999e-16 110.83333333333334  1 25.319073025881458 -5.6000000000000003e-16 111.03333333333335  1 
25.54223068172579 -6.1961969903205345 110.83333333333334  0.374165738677394 25.319073025881458 -5.7005012310948882 111.03333333333335  0.374165738677394 
25.044341081072666 -1.7349351572897476 115.13333333333334  1 24.861014593280576 -1.596140344706567 114.98933333333333  1 

0 3
2.3745986457279269 2
4.7491972914558538 3

-3.1400000000000001e-15 2
0.33941125496954283 2

9 1 1 1 0 2 2 6 5 4 3 6.0000000000000001e-17 0 -2.7000000000000002  1 1.05 0 -2.6999999999999997  0.70710678118654757 1.05 0 0  1 1.05 0 2.6999999999999997  0.70710678118654757 6.0000000000000001e-17 0 2.7000000000000002  1 
6.0000000000000001e-17 1.6000000000000001e-16 -2.7000000000000002  0.5 1.05 2.5980762113533151 -2.6999999999999997  0.35355339059327379 1.05 2.5980762113533151 0  0.5 1.05 2.5980762113533151 2.6999999999999997  0.35355339059327379 6.0000000000000001e-17 1.6000000000000001e-16 2.7000000000000002  0.5 
-3.0000000000000001e-17 8.0000000000000006e-17 -2.7000000000000002  1 -0.5249999999999998 1.299038105676658 -2.6999999999999997  0.70710678118654757 -0.5249999999999998 1.299038105676658 0  1 -0.5249999999999998 1.299038105676658 2.6999999999999997  0.70710678118654757 -3.0000000000000001e-17 8.0000000000000006e-17 2.7000000000000002  1 
-1.2999999999999999e-16 0 -2.7000000000000002  0.5 -2.0999999999999996 3.7e-16 -2.6999999999999997  0.35355339059327379 -2.0999999999999996 3.7e-16 0  0.5 -2.0999999999999996 3.7e-16 2.6999999999999997  0.35355339059327379 -1.2999999999999999e-16 0 2.7000000000000002  0.5 
-3.0000000000000001e-17 -8.0000000000000006e-17 -2.7000000000000002  1 -0.52500000000000047 -1.2990381056766576 -2.6999999999999997  0.70710678118654757 -0.52500000000000047 -1.2990381056766576 0  1 -0.52500000000000047 -1.2990381056766576 2.6999999999999997  0.70710678118654757 -3.0000000000000001e-17 -8.0000000000000006e-17 2.7000000000000002  1 
6.0000000000000001e-17 -1.6000000000000001e-16 -2.7000000000000002  0.5 1.0499999999999985 -2.5980762113533165 -2.6999999999999997  0.35355339059327379 1.0499999999999985 -2.5980762113533165 0  0.5 1.0499999999999985 -2.5980762113533165 2.6999999999999997  0.35355339059327379 6.0000000000000001e-17 -1.6000000000000001e-16 2.7000000000000002  0.5 

0 2
2.0943951023931953 2
4.1887902047863905 2
6.2831853071795862 2

-1.5707963267948966 3
0 2
1.5707963267948966 3

9 1 1 1 0 2 2 6 5 4 3 46.833766389549851 -2.7000000000000002 75.799999999999997  1 47.883766389549848 -2.7000000000000002 75.799999999999997  0.70710678118654757 47.571138035651366 -2.7000000000000002 78.5  1 47.258509681752884 -2.7000000000000002 81.200000000000003  0.70710678118654757 46.208509681752886 -2.7000000000000002 81.200000000000003  1 
46.833766389549851 -2.7000000000000002 75.799999999999997  0.5 47.883766389549848 -0.10192378864668505 75.799999999999997  0.35355339059327379 47.571138035651366 -0.10192378864668505 78.5  0.5 47.258509681752884 -0.10192378864668505 81.200000000000003  0.35355339059327379 46.208509681752886 -2.7000000000000002 81.200000000000003  0.5 
46.833766389549851 -2.7000000000000002 75.799999999999997  1 46.308766389549845 -1.4009618943233422 75.799999999999997  0.70710678118654757 45.99613803565137 -1.4009618943233422 78.5  1 45.683509681752888 -1.4009618943233422 81.200000000000003  0.70710678118654757 46.208509681752886 -2.7000000000000002 81.200000000000003  1 
46.833766389549851 -2.7000000000000002 75.799999999999997  0.5 44.733766389549842 -2.6999999999999997 75.799999999999997  0.35355339059327379 44.421138035651367 -2.6999999999999997 78.5  0.5 44.108509681752885 -2.6999999999999997 81.200000000000003  0.35355339059327379 46.208509681752886 -2.7000000000000002 81.200000000000003  0.5 
46.833766389549851 -2.7000000000000002 75.799999999999997  1 46.308766389549845 -3.9990381056766577 75.799999999999997  0.70710678118654757 45.99613803565137 -3.9990381056766577 78.5  1 45.683509681752888 -3.9990381056766577 81.200000000000003  0.70710678118654757 46.208509681752886 -2.7000000000000002 81.200000000000003  1 
46.833766389549851 -2.7000000000000002 75.799999999999997  0.5 47.883766389549848 -5.2980762113533171 75.799999999999997  0.35355339059327379 47.571138035651366 -5.2980762113533171 78.5  0.5 47.258509681752884 -5.2980762113533171 81.200000000000003  0.35355339059327379 46.208509681752886 -2.7000000000000002 81.200000000000003  0.5 

0 2
2.0943951023931953 2
4.1887902047863905 2
6.2831853071795862 2

-1.5707963267948966 3
0 2
1.5707963267948966 3

9 1 1 1 0 2 2 6 5 4 3 6.0000000000000001e-17 0 -2.7000000000000002  1 1.05 0 -2.6999999999999997  0.70710678118654757 1.05 0 0  1 1.05 0 2.6999999999999997  0.70710678118654757 6.0000000000000001e-17 0 2.7000000000000002  1 
6.0000000000000001e-17 1.6000000000000001e-16 -2.7000000000000002  0.5 1.05 2.5980762113533151 -2.6999999999999997  0.35355339059327379 1.05 2.5980762113533151 0  0.5 1.05 2.5980762113533151 2.6999999999999997  0.35355339059327379 6.0000000000000001e-17 1.6000000000000001e-16 2.7000000000000002  0.5 
-3.0000000000000001e-17 8.0000000000000006e-17 -2.7000000000000002  1 -0.5249999999999998 1.299038105676658 -2.6999999999999997  0.70710678118654757 -0.5249999999999998 1.299038105676658 0  1 -0.5249999999999998 1.299038105676658 2.6999999999999997  0.70710678118654757 -3.0000000000000001e-17 8.0000000000000006e-17 2.7000000000000002  1 
-1.2999999999999999e-16 0 -2.7000000000000002  0.5 -2.0999999999999996 3.7e-16 -2.6999999999999997  0.35355339059327379 -2.0999999999999996 3.7e-16 0  0.5 -2.0999999999999996 3.7e-16 2.6999999999999997  0.35355339059327379 -1.2999999999999999e-16 0 2.7000000000000002  0.5 
-3.0000000000000001e-17 -8.0000000000000006e-17 -2.7000000000000002  1 -0.52500000000000047 -1.2990381056766576 -2.6999999999999997  0.70710678118654757 -0.52500000000000047 -1.2990381056766576 0  1 -0.52500000000000047 -1.2990381056766576 2.6999999999999997  0.70710678118654757 -3.0000000000000001e-17 -8.0000000000000006e-17 2.7000000000000002  1 
6.0000000000000001e-17 -1.6000000000000001e-16 -2.7000000000000002  0.5 1.0499999999999985 -2.5980762113533165 -2.6999999999999997  0.35355339059327379 1.0499999999999985 -2.5980762113533165 0  0.5 1.0499999999999985 -2.5980762113533165 2.6999999999999997  0.35355339059327379 6.0000000000000001e-17 -1.6000000000000001e-16 2.7000000000000002  0.5 

0 2
2.0943951023931953 2
4.1887902047863905 2
6.2831853071795862 2

-1.5707963267948966 3
0 2
1.5707963267948966 3

9 1 1 1 0 2 2 6 5 4 3 45.72639701292718 -2.7000000000000002 75  1 46.776397012927177 -2.7000000000000002 75  0.70710678118654757 46.463768659028695 -2.7000000000000002 77.700000000000003  1 46.151140305130212 -2.7000000000000002 80.400000000000006  0.70710678118654757 45.101140305130215 -2.7000000000000002 80.400000000000006  1 
45.72639701292718 -2.7000000000000002 75  0.5 46.776397012927177 -0.10192378864668505 75  0.35355339059327379 46.463768659028695 -0.10192378864668505 77.700000000000003  0.5 46.151140305130212 -0.10192378864668505 80.400000000000006  0.35355339059327379 45.101140305130215 -2.7000000000000002 80.400000000000006  0.5 
45.72639701292718 -2.7000000000000002 75  1 45.201397012927181 -1.4009618943233422 75  0.70710678118654757 44.888768659028699 -1.4009618943233422 77.700000000000003  1 44.576140305130224 -1.4009618943233422 80.400000000000006  0.70710678118654757 45.101140305130215 -2.7000000000000002 80.400000000000006  1 
45.72639701292718 -2.7000000000000002 75  0.5 43.626397012927178 -2.6999999999999997 75  0.35355339059327379 43.313768659028696 -2.6999999999999997 77.700000000000003  0.5 43.001140305130221 -2.6999999999999997 80.400000000000006  0.35355339059327379 45.101140305130215 -2.7000000000000002 80.400000000000006  0.5 
45.72639701292718 -2.7000000000000002 75  1 45.201397012927181 -3.9990381056766577 75  0.70710678118654757 44.888768659028699 -3.9990381056766577 77.700000000000003  1 44.576140305130224 -3.9990381056766577 80.400000000000006  0.70710678118654757 45.101140305130215 -2.7000000000000002 80.400000000000006  1 
45.72639701292718 -2.7000000000000002 75  0.5 46.776397012927177 -5.2980762113533171 75  0.35355339059327379 46.463768659028695 -5.2980762113533171 77.700000000000003  0.5 46.151140305130212 -5.2980762113533171 80.400000000000006  0.35355339059327379 45.101140305130215 -2.7000000000000002 80.400000000000006  0.5 

0 2
2.0943951023931953 2
4.1887902047863905 2
6.2831853071795862 2

-1.5707963267948966 3
0 2
1.5707963267948966 3

9 1 1 1 0 2 2 6 5 4 3 6.0000000000000001e-17 0 -2.7000000000000002  1 1.05 0 -2.6999999999999997  0.70710678118654757 1.05 0 0  1 1.05 0 2.6999999999999997  0.70710678118654757 6.0000000000000001e-17 0 2.7000000000000002  1 
6.0000000000000001e-17 1.6000000000000001e-16 -2.7000000000000002  0.5 1.05 2.5980762113533151 -2.6999999999999997  0.35355339059327379 1.05 2.5980762113533151 0  0.5 1.05 2.5980762113533151 2.6999999999999997  0.35355339059327379 6.0000000000000001e-17 1.6000000000000001e-16 2.7000000000000002  0.5 
-3.0000000000000001e-17 8.0000000000000006e-17 -2.7000000000000002  1 -0.5249999999999998 1.299038105676658 -2.6999999999999997  0.70710678118654757 -0.5249999999999998 1.299038105676658 0  1 -0.5249999999999998 1.299038105676658 2.6999999999999997  0.70710678118654757 -3.0000000000000001e-17 8.0000000000000006e-17 2.7000000000000002  1 
-1.2999999999999999e-16 0 -2.7000000000000002  0.5 -2.0999999999999996 3.7e-16 -2.6999999999999997  0.35355339059327379 -2.0999999999999996 3.7e-16 0  0.5 -2.0999999999999996 3.7e-16 2.6999999999999997  0.35355339059327379 -1.2999999999999999e-16 0 2.7000000000000002  0.5 
-3.0000000000000001e-17 -8.0000000000000006e-17 -2.7000000000000002  1 -0.52500000000000047 -1.2990381056766576 -2.6999999999999997  0.70710678118654757 -0.52500000000000047 -1.2990381056766576 0  1 -0.52500000000000047 -1.2990381056766576 2.6999999999999997  0.70710678118654757 -3.0000000000000001e-17 -8.0000000000000006e-17 2.7000000000000002  1 
6.0000000000000001e-17 -1.6000000000000001e-16 -2.7000000000000002  0.5 1.0499999999999985 -2.5980762113533165 -2.6999999999999997  0.35355339059327379 1.0499999999999985 -2.5980762113533165 0  0.5 1.0499999999999985 -2.5980762113533165 2.6999999999999997  0.35355339059327379 6.0000000000000001e-17 -1.6000000000000001e-16 2.7000000000000002  0.5 

0 2
2.0943951023931953 2
4.1887902047863905 2
6.2831853071795862 2

-1.5707963267948966 3
0 2
1.5707963267948966 3

9 1 1 1 0 2 2 6 5 4 3 44.361133496693675 -2.7000000000000002 74.700000000000003  1 45.411133496693672 -2.7000000000000002 74.700000000000003  0.70710678118654757 45.09850514279519 -2.7000000000000002 77.400000000000006  1 44.785876788896715 -2.7000000000000002 80.100000000000009  0.70710678118654757 43.735876788896718 -2.7000000000000002 80.100000000000009  1 
44.361133496693675 -2.7000000000000002 74.700000000000003  0.5 45.411133496693672 -0.10192378864668505 74.700000000000003  0.35355339059327379 45.09850514279519 -0.10192378864668505 77.400000000000006  0.5 44.785876788896715 -0.10192378864668505 80.100000000000009  0.35355339059327379 43.735876788896718 -2.7000000000000002 80.100000000000009  0.5 
44.361133496693675 -2.7000000000000002 74.700000000000003  1 43.836133496693677 -1.4009618943233422 74.700000000000003  0.70710678118654757 43.523505142795202 -1.4009618943233422 77.400000000000006  1 43.210876788896719 -1.4009618943233422 80.100000000000009  0.70710678118654757 43.735876788896718 -2.7000000000000002 80.100000000000009  1 
44.361133496693675 -2.7000000000000002 74.700000000000003  0.5 42.261133496693674 -2.6999999999999997 74.700000000000003  0.35355339059327379 41.948505142795199 -2.6999999999999997 77.400000000000006  0.5 41.635876788896717 -2.6999999999999997 80.100000000000009  0.35355339059327379 43.735876788896718 -2.7000000000000002 80.100000000000009  0.5 
44.361133496693675 -2.7000000000000002 74.700000000000003  1 43.836133496693677 -3.9990381056766577 74.700000000000003  0.70710678118654757 43.523505142795202 -3.9990381056766577 77.400000000000006  1 43.210876788896719 -3.9990381056766577 80.100000000000009  0.70710678118654757 43.735876788896718 -2.7000000000000002 80.100000000000009  1 
44.361133496693675 -2.7000000000000002 74.700000000000003  0.5 45.411133496693672 -5.2980762113533171 74.700000000000003  0.35355339059327379 45.09850514279519 -5.2980762113533171 77.400000000000006  0.5 44.785876788896715 -5.2980762113533171 80.100000000000009  0.35355339059327379 43.735876788896718 -2.7000000000000002 80.100000000000009  0.5 

0 2
2.0943951023931953 2
4.1887902047863905 2
6.2831853071795862 2

-1.5707963267948966 3
0 2
1.5707963267948966 3

9 1 1 1 0 2 2 6 5 4 3 6.0000000000000001e-17 0 -2.7000000000000002  1 1.05 0 -2.6999999999999997  0.70710678118654757 1.05 0 0  1 1.05 0 2.6999999999999997  0.70710678118654757 6.0000000000000001e-17 0 2.7000000000000002  1 
6.0000000000000001e-17 1.6000000000000001e-16 -2.7000000000000002  0.5 1.05 2.5980762113533151 -2.6999999999999997  0.35355339059327379 1.05 2.5980762113533151 0  0.5 1.05 2.5980762113533151 2.6999999999999997  0.35355339059327379 6.0000000000000001e-17 1.6000000000000001e-16 2.7000000000000002  0.5 
-3.0000000000000001e-17 8.0000000000000006e-17 -2.7000000000000002  1 -0.5249999999999998 1.299038105676658 -2.6999999999999997  0.70710678118654757 -0.5249999999999998 1.299038105676658 0  1 -0.5249999999999998 1.299038105676658 2.6999999999999997  0.70710678118654757 -3.0000000000000001e-17 8.0000000000000006e-17 2.7000000000000002  1 
-1.2999999999999999e-16 0 -2.7000000000000002  0.5 -2.0999999999999996 3.7e-16 -2.6999999999999997  0.35355339059327379 -2.0999999999999996 3.7e-16 0  0.5 -2.0999999999999996 3.7e-16 2.6999999999999997  0.35355339059327379 -1.2999999999999999e-16 0 2.7000000000000002  0.5 
-3.0000000000000001e-17 -8.0000000000000006e-17 -2.7000000000000002  1 -0.52500000000000047 -1.2990381056766576 -2.6999999999999997  0.70710678118654757 -0.52500000000000047 -1.2990381056766576 0  1 -0.52500000000000047 -1.2990381056766576 2.6999999999999997  0.70710678118654757 -3.0000000000000001e-17 -8.0000000000000006e-17 2.7000000000000002  1 
6.0000000000000001e-17 -1.6000000000000001e-16 -2.7000000000000002  0.5 1.0499999999999985 -2.5980762113533165 -2.6999999999999997  0.35355339059327379 1.0499999999999985 -2.5980762113533165 0  0.5 1.0499999999999985 -2.5980762113533165 2.6999999999999997  0.35355339059327379 6.0000000000000001e-17 -1.6000000000000001e-16 2.7000000000000002  0.5 

0 2
2.0943951023931953 2
4.1887902047863905 2
6.2831853071795862 2

-1.5707963267948966 3
0 2
1.5707963267948966 3

9 1 1 1 0 2 2 6 5 4 3 42.88008170123851 -2.7000000000000002 75.399999999999991  1 43.930081701238507 -2.7000000000000002 75.399999999999991  0.70710678118654757 43.617453347340032 -2.7000000000000002 78.099999999999994  1 43.304824993441549 -2.7000000000000002 80.799999999999997  0.70710678118654757 42.254824993441552 -2.7000000000000002 80.799999999999997  1 
42.88008170123851 -2.7000000000000002 75.399999999999991  0.5 43.930081701238507 -0.10192378864668505 75.399999999999991  0.35355339059327379 43.617453347340032 -0.10192378864668505 78.099999999999994  0.5 43.304824993441549 -0.10192378864668505 80.799999999999997  0.35355339059327379 42.254824993441552 -2.7000000000000002 80.799999999999997  0.5 
42.88008170123851 -2.7000000000000002 75.399999999999991  1 42.355081701238511 -1.4009618943233422 75.399999999999991  0.70710678118654757 42.042453347340029 -1.4009618943233422 78.099999999999994  1 41.729824993441554 -1.4009618943233422 80.799999999999997  0.70710678118654757 42.254824993441552 -2.7000000000000002 80.799999999999997  1 
42.88008170123851 -2.7000000000000002 75.399999999999991  0.5 40.780081701238508 -2.6999999999999997 75.399999999999991  0.35355339059327379 40.467453347340026 -2.6999999999999997 78.099999999999994  0.5 40.154824993441551 -2.6999999999999997 80.799999999999997  0.35355339059327379 42.254824993441552 -2.7000000000000002 80.799999999999997  0.5 
42.88008170123851 -2.7000000000000002 75.399999999999991  1 42.355081701238511 -3.9990381056766577 75.399999999999991  0.70710678118654757 42.042453347340029 -3.9990381056766577 78.099999999999994  1 41.729824993441554 -3.9990381056766577 80.799999999999997  0.70710678118654757 42.254824993441552 -2.7000000000000002 80.799999999999997  1 
42.88008170123851 -2.7000000000000002 75.399999999999991  0.5 43.930081701238507 -5.2980762113533171 75.399999999999991  0.35355339059327379 43.617453347340032 -5.2980762113533171 78.099999999999994  0.5 43.304824993441549 -5.2980762113533171 80.799999999999997  0.35355339059327379 42.254824993441552 -2.7000000000000002 80.799999999999997  0.5 

0 2
2.0943951023931953 2
4.1887902047863905 2
6.2831853071795862 2

-1.5707963267948966 3
0 2
1.5707963267948966 3

9 1 1 1 0 2 2 6 5 4 3 8.0000000000000006e-17 0 -2.2999999999999998  1 1.3 0 -2.2999999999999994  0.70710678118654757 1.3 0 0  1 1.3 0 2.2999999999999994  0.70710678118654757 8.0000000000000006e-17 0 2.2999999999999998  1 
8.0000000000000006e-17 1.6000000000000001e-16 -2.2999999999999998  0.5 1.3 2.5980762113533151 -2.2999999999999994  0.35355339059327379 1.3 2.5980762113533151 0  0.5 1.3 2.5980762113533151 2.2999999999999994  0.35355339059327379 8.0000000000000006e-17 1.6000000000000001e-16 2.2999999999999998  0.5 
-4.0000000000000003e-17 8.0000000000000006e-17 -2.2999999999999998  1 -0.64999999999999969 1.299038105676658 -2.2999999999999994  0.70710678118654757 -0.64999999999999969 1.299038105676658 0  1 -0.64999999999999969 1.299038105676658 2.2999999999999994  0.70710678118654757 -4.0000000000000003e-17 8.0000000000000006e-17 2.2999999999999998  1 
-1.6000000000000001e-16 0 -2.2999999999999998  0.5 -2.5999999999999996 3.7e-16 -2.2999999999999994  0.35355339059327379 -2.5999999999999996 3.7e-16 0  0.5 -2.5999999999999996 3.7e-16 2.2999999999999994  0.35355339059327379 -1.6000000000000001e-16 0 2.2999999999999998  0.5 
-4.0000000000000003e-17 -8.0000000000000006e-17 -2.2999999999999998  1 -0.65000000000000058 -1.2990381056766576 -2.2999999999999994  0.70710678118654757 -0.65000000000000058 -1.2990381056766576 0  1 -0.65000000000000058 -1.2990381056766576 2.2999999999999994  0.70710678118654757 -4.0000000000000003e-17 -8.0000000000000006e-17 2.2999999999999998  1 
8.0000000000000006e-17 -1.6000000000000001e-16 -2.2999999999999998  0.5 1.299999999999998 -2.5980762113533165 -2.2999999999999994  0.35355339059327379 1.299999999999998 -2.5980762113533165 0  0.5 1.299999999999998 -2.5980762113533165 2.2999999999999994  0.35355339059327379 8.0000000000000006e-17 -1.6000000000000001e-16 2.2999999999999998  0.5 

0 2
2.0943951023931953 2
4.1887902047863905 2
6.2831853071795862 2

-1.5707963267948966 3
0 2
1.5707963267948966 3

9 1 1 1 0 2 2 6 5 4 3 41.98219210058538 -3.3999999999999999 79.700000000000003  1 43.282192100585377 -3.3999999999999999 79.700000000000003  0.70710678118654757 43.01587905837556 -3.3999999999999999 82  1 42.749566016165744 -3.3999999999999999 84.299999999999997  0.70710678118654757 41.449566016165747 -3.3999999999999999 84.299999999999997  1 
41.98219210058538 -3.3999999999999999 79.700000000000003  0.5 43.282192100585377 -0.80192378864668479 79.700000000000003  0.35355339059327379 43.01587905837556 -0.80192378864668479 82  0.5 42.749566016165744 -0.80192378864668479 84.299999999999997  0.35355339059327379 41.449566016165747 -3.3999999999999999 84.299999999999997  0.5 
41.98219210058538 -3.3999999999999999 79.700000000000003  1 41.332192100585381 -2.1009618943233419 79.700000000000003  0.70710678118654757 41.065879058375565 -2.1009618943233419 82  1 40.799566016165748 -2.1009618943233419 84.299999999999997  0.70710678118654757 41.449566016165747 -3.3999999999999999 84.299999999999997  1 
41.98219210058538 -3.3999999999999999 79.700000000000003  0.5 39.382192100585378 -3.3999999999999995 79.700000000000003  0.35355339059327379 39.115879058375562 -3.3999999999999995 82  0.5 38.849566016165745 -3.3999999999999995 84.299999999999997  0.35355339059327379 41.449566016165747 -3.3999999999999999 84.299999999999997  0.5 
41.98219210058538 -3.3999999999999999 79.700000000000003  1 41.332192100585381 -4.6990381056766575 79.700000000000003  0.70710678118654757 41.065879058375565 -4.6990381056766575 82  1 40.799566016165748 -4.6990381056766575 84.299999999999997  0.70710678118654757 41.449566016165747 -3.3999999999999999 84.299999999999997  1 
41.98219210058538 -3.3999999999999999 79.700000000000003  0.5 43.282192100585377 -5.9980762113533164 79.700000000000003  0.35355339059327379 43.01587905837556 -5.9980762113533164 82  0.5 42.749566016165744 -5.9980762113533164 84.299999999999997  0.35355339059327379 41.449566016165747 -3.3999999999999999 84.299999999999997  0.5 

0 2
2.0943951023931953 2
4.1887902047863905 2
6.2831853071795862 2

-1.5707963267948966 3
0 2
1.5707963267948966 3

9 0 0 0 0 1 1 2 2 2 2 25.319073025881458 -2.3000000000000003 111.03333333333335  25.319073025881458 2.2999999999999998 111.03333333333335  
24.867498736916982 -2.3000000000000003 114.93333333333335  24.867498736916982 2.2999999999999998 114.93333333333335  

-2.7599999999999998 2
1.9200000000000008 2

-2.7600000000000002 2
2.7599999999999998 2

Triangulations 0

TShapes 115
Ve
4.1666675e-06
30.0624195685413 6.00541593956173 113.321879224634
0 0

0101101
*
Ve
4.166666674e-06
35.0592873700733 1.62991759903771 70.1666666666667
0 0

0101101
*
Ed
 4.166666667e-06 1 1 0
1  1 0 0 1
2  1 1 0 0 1
2  2 2 0 0 1
0

0101000
+115 0 -114 0 *
Ve
1e-07
37.3009540367399 2.5 70.1666666666667
0 0

0101101
*
Ed
 8.3333333e-08 1 1 0
1  2 0 0.557474034414274 1
2  3 1 0 0.557474034414274 1
2  4 3 0 0.557474034414274 1
0

0101000
+114 0 -112 0 *
Ed
 8.3333333e-08 1 1 0
1  3 0 0.000328642095475 1
2  5 1 0 0.000328642095475 1
2  6 4 0 0.000328642095475 1
4 G1 1 0 4 0
0

0101000
+115 0 -112 0 *
Wi

0101100
-113 0 -111 0 +110 0 *
Fa
0  8.3333333e-08 1 0

0101000
+109 0 *
Ve
4.166666703e-06
35.0592873700733 -4.12991758821388 70.1666666666666
0 0

0101101
*
Ed
 4.166666667e-06 1 1 0
1  4 0 0 1
2  7 2 0 0 1
2  8 4 0 0 1
0

0101000
+107 0 -115 0 *
Ve
1.1597126079e-05
35.0592873700733 -1.11447342140741 70.1666666666666
0 0

0101101
*
Ed
 1.25e-07 1 1 0
1  5 0 -27.7059011188451 -24.412631894311
2  9 2 0 -27.7059011188451 -24.412631894311
2  10 3 0 -27.7059011188451 -24.412631894311
0

0101000
+114 0 -105 0 *
Ve
4.1666675e-06
35.0592873700733 -2.55219324525926 70.1666666666666
0 0

0101101
*
Ed
 1.25e-07 1 1 0
1  6 0 -22.6873681056888 -20.7940988941432
2  11 2 0 -22.6873681056888 -20.7940988941432
2  12 3 0 -22.6873681056888 -20.7940988941432
0

0101000
+103 0 -107 0 *
Ed
 4.166666667e-06 1 1 0
1  7 0 0 1
2  13 2 0 0 1
2  14 5 0 0 1
0

0101000
+105 0 -103 0 *
Wi

0101100
-113 0 -106 0 -104 0 -102 0 -101 0 *
Ve
1.25000024e-07
29.852674414406 1.73493515728975 115.133333333333
0 0

0101101
*
Ve
1.25000024e-07
29.852674414406 -1.73493515728975 115.133333333333
0 0

0101101
*
Ed
 1.25e-07 1 1 0
1  8 0 -29.0819221887477 -24.9180778112523
2  15 2 0 -29.0819221887477 -24.9180778112523
2  16 6 0 -29.0819221887477 -24.9180778112523
0

0101000
+99 0 -98 0 *
Ed
 8.3333333e-08 1 1 0
1  9 0 0.766994007861867 5.51619129931772
2  17 2 0 0.766994007861867 5.51619129931772
2  18 7 0 0.766994007861867 5.51619129931772
0

0101000
+99 0 -98 0 *
Wi

0101100
-97 0 +96 0 *
Fa
0  8.3333333e-08 2 0

0101000
+100 0 +95 0 *
Ve
1.1597126079e-05
38.9961293488231 -1.83333333333333 70.1666666666666
0 0

0101101
*
Ed
 1.1597125245e-05 1 1 0
1  10 0 0 1
2  19 3 0 0 1
2  20 5 0 0 1
0

0101000
+105 0 -93 0 *
Ed
 4.166666667e-06 1 1 0
1  11 0 0 1
2  21 3 0 0 1
2  22 5 0 0 1
0

0101000
+93 0 -103 0 *
Ed
 8.3333333e-08 1 1 0
1  12 0 1 1.81417532273705
2  23 3 0 1 1.81417532273705
2  24 4 0 1 1.81417532273705
0

0101000
+112 0 -107 0 *
Wi

0101100
-104 0 -92 0 -91 0 -102 0 +90 0 +111 0 *
Fa
0  8.3333333e-08 3 0

0101000
+89 0 *
Wi

0101100
-110 0 -90 0 -106 0 *
Fa
0  8.3333333e-08 4 0

0101000
+87 0 *
Ve
4.1666675e-06
39.5736733435061 -1.83333333333333 65.5629353289806
0 0

0101101
*
Ed
 3.5e-07 1 1 0
1  13 3 5.57323811195269 7.01579088493211
3  25 26CN 5 3 5.57323811195269 7.01579088493211
0

0101000
+85 3 -93 3 *
Ve
4.431231205e-06
39.5925987706065 -2.25 65.7600870934175
0 0

0101101
*
Ed
 4.166666667e-06 1 1 0
1  14 0 0 1
2  27 5 0 0 1
2  28 8 0 0 1
0

0101000
+83 0 -85 0 *
Ve
6.856914098e-06
38.1932908028046 -3.21358123200753 65.6046372536393
0 0

0101101
*
Ed
 4.431230371e-06 1 1 0
1  15 0 0.346753558678947 1
2  29 5 0 0.346753558678947 1
2  30 8 0 0.346753558678947 1
0

0101000
+81 0 -83 0 *
Ve
6.508943434e-06
37.1837219969461 -3.11189945703007 65.2473218892802
0 0

0101101
*
Ed
 4.166666667e-06 1 1 0
1  16 0 0.647967671331302 0.829988605964126
2  31 5 0 0.647967671331302 0.829988605964126
2  32 9 0 0.647967671331302 0.829988605964126
0

0101000
+79 0 -81 0 *
Ve
4.3916675e-06
36.0551427428902 -3.02515365279312 65.6589580644762
0 0

0101101
*
Ed
 4.166666667e-06 1 1 0
1  17 0 0.702057080940799 0.870792340797654
2  33 5 0 0.702057080940799 0.870792340797654
2  34 10 0 0.702057080940799 0.870792340797654
0

0101000
+77 0 -79 0 *
Ve
4.3916675e-06
35.4213270546581 -3.12235528256008 66.6592491035384
0 0

0101101
*
Ed
 4.166666667e-06 1 1 0
1  18 0 0.71231863139051 0.84611077772018
2  35 5 0 0.71231863139051 0.84611077772018
2  36 11 0 0.71231863139051 0.84611077772018
0

0101000
+75 0 -77 0 *
Ve
4.1666675e-06
35.1853175259773 -2.83333333333333 69.9220294843526
0 0

0101101
*
Ed
 4.166666667e-06 1 1 0
1  19 0 0 0.848854594428102
2  37 5 0 0 0.848854594428102
2  38 12 0 0 0.848854594428102
0

0101000
+73 0 -75 0 *
Ve
4.3916675e-06
34.6780071471623 -2.2570767338393 66.7030324813645
0 0

0101101
*
Ed
 4.166666667e-06 1 1 0
1  20 0 0.273045565208911 1
2  39 5 0 0.273045565208911 1
2  40 12 0 0.273045565208911 1
0

0101000
+71 0 -73 0 *
Ve
5.034318779e-06
36.084284821798 -1.33602227644344 64.9335073201297
0 0

0101101
*
Ed
 4.166666667e-06 1 1 0
1  21 0 0.147780270456744 0.507710082080854
2  41 5 0 0.147780270456744 0.507710082080854
2  42 11 0 0.147780270456744 0.507710082080854
0

0101000
+69 0 -71 0 *
Ve
4.3916675e-06
37.2985653311543 -1.32480069179193 64.4723780563207
0 0

0101101
*
Ed
 4.166666667e-06 1 1 0
1  22 0 0.304858085391537 0.479195361872882
2  43 5 0 0.304858085391537 0.479195361872882
2  44 10 0 0.304858085391537 0.479195361872882
0

0101000
+67 0 -69 0 *
Ve
4.3916675e-06
38.3962514202439 -1.26964882063353 64.6676565560844
0 0

0101101
*
Ed
 4.166666667e-06 1 1 0
1  23 0 0.097803937110274 0.291847999479822
2  45 5 0 0.097803937110274 0.291847999479822
2  46 9 0 0.097803937110274 0.291847999479822
0

0101000
+65 0 -67 0 *
Ed
 4.166666667e-06 1 1 0
1  24 0 0 0.824859951437819
2  47 5 0 0 0.824859951437819
2  48 8 0 0 0.824859951437819
0

0101000
+85 0 -65 0 *
Wi

0101100
-101 0 +91 0 +84 2 +82 0 +80 0 +78 0 +76 0 +74 0 +72 0 +70 0 
+68 0 +66 0 +64 0 +63 0 -84 2 +92 0 *
Fa
0  3.5e-07 5 0

0101000
+62 0 *
Ve
1e-07
25.0443410810727 -1.73493515728975 115.133333333333
0 0

0101101
*
Ed
 8.3333333e-08 1 1 0
1  25 5 0.590000000000003 6.36
2  49 6 5 0.590000000000003 6.36
2  50 7 5 0.590000000000003 6.36
0

0101000
+98 5 -60 5 *
Ve
1e-07
25.0443410810727 1.73493515728975 115.133333333333
0 0

0101101
*
Ed
 8.3333333e-08 1 1 0
1  26 5 0 4.16384437749539
2  51 6 5 0 4.16384437749539
2  52 13 5 0 4.16384437749539
0

0101000
+60 5 -58 5 *
Ed
 8.3333333e-08 1 1 0
1  27 5 0.590000000000003 6.36
2  53 6 5 0.590000000000003 6.36
2  54 7 5 0.590000000000003 6.36
0

0101000
+99 5 -58 5 *
Wi

0101100
-59 4 -57 4 +56 4 -97 0 *
Fa
0  8.3333333e-08 6 0

0101000
+55 0 *
Ed
 8.3333333e-08 1 1 0
1  28 5 0 4.74919729145585
2  55 7 5 0 4.74919729145585
2  56 14 5 0 4.74919729145585
0

0101000
+58 5 -60 5 *
Wi

0101100
+96 0 -56 4 -53 4 +59 4 *
Fa
0  8.3333333e-08 7 0

0101000
+52 0 *
Ve
6.856914098e-06
38.687015579307 -2.25 63.3253252632489
0 0

0101101
*
Ed
 4.166666667e-06 1 1 0
1  29 0 0.343352387909134 1
2  57 8 0 0.343352387909134 1
2  58 9 0 0.343352387909134 1
0

0101000
+65 0 -50 0 *
Ed
 6.856913264e-06 1 1 0
1  30 0 0 0.94654257787193
2  59 8 0 0 0.94654257787193
2  60 9 0 0 0.94654257787193
0

0101000
+50 0 -81 0 *
Ve
2.25e-07
39.0281386579582 -2.25 63.1666666666667
0 0

0101101
*
Ed
 2.25e-07 1 1 0
1  31 7 4.71238898038469 6.44845981307662
3  61 62CN 8 7 4.71238898038469 6.44845981307662
0

0101000
+47 7 -83 7 *
Ed
 1e-07 1 1 1
2  63 15 0 0 6.28318530717959
2  64 16 7 0 6.28318530717959
2  65 8 7 0 6.28318530717959
0

0101000
+47 7 -47 7 *
Wi

0101100
-82 0 -63 0 -49 0 -48 0 -80 0 +46 6 +45 6 -46 6 *
Fa
0  2.25e-07 8 0

0101000
+44 0 *
Ve
2.25e-07
38.105330844106 -2.25 62.5
0 0

0101101
*
Ed
 2.25e-07 1 1 0
1  32 9 4.71238898038469 5.59241744451677
3  66 67CN 9 9 4.71238898038469 5.59241744451677
0

0101000
+42 9 -50 9 *
Ed
 1e-07 1 1 1
2  68 17 0 0 6.28318530717959
2  69 18 9 0 6.28318530717959
2  70 9 9 0 6.28318530717959
0

0101000
+42 9 -42 9 *
Ve
6.508943434e-06
37.5229317113347 -2.25 62.9583908055886
0 0

0101101
*
Ed
 4.166666667e-06 1 1 0
1  33 0 0.391138224203181 1
2  71 9 0 0.391138224203181 1
2  72 10 0 0.391138224203181 1
0

0101000
+67 0 -39 0 *
Ed
 6.508942601e-06 1 1 0
1  34 0 0 0.829411253994644
2  73 9 0 0 0.829411253994644
2  74 10 0 0 0.829411253994644
0

0101000
+39 0 -79 0 *
Wi

0101100
+48 0 +41 8 +40 8 -41 8 +49 0 -64 0 -38 0 -37 0 -78 0 *
Fa
0  2.25e-07 9 0

0101000
+36 0 *
Ve
5.034318779e-06
36.1551051647677 -2.25 63.1705352979929
0 0

0101101
*
Ed
 5.034317946e-06 1 1 0
1  35 0 0.467663766843046 1
2  75 10 0 0.467663766843046 1
2  76 11 0 0.467663766843046 1
0

0101000
+69 0 -34 0 *
Ed
 4.166666667e-06 1 1 0
1  36 0 0 0.69575782738399
2  77 10 0 0 0.69575782738399
2  78 11 0 0 0.69575782738399
0

0101000
+34 0 -77 0 *
Ve
2.25e-07
36.9676112472447 -2.25 62.25
0 0

0101101
*
Ed
 2.25e-07 1 1 0
1  37 11 4.71238898038469 5.52677662042713
3  79 80CN 10 11 4.71238898038469 5.52677662042713
0

0101000
+31 11 -39 11 *
Ed
 1e-07 1 1 1
2  81 19 0 0 6.28318530717959
2  82 20 11 0 6.28318530717959
2  83 10 11 0 6.28318530717959
0

0101000
+31 11 -31 11 *
Wi

0101100
-66 0 -33 0 -32 0 -76 0 +37 0 +30 10 +29 10 -30 10 +38 0 *
Fa
0  2.25e-07 10 0

0101000
+28 0 *
Ed
 4.166666667e-06 1 1 0
1  38 0 0.423452575989546 0.908040333902367
2  84 11 0 0.423452575989546 0.908040333902367
2  85 12 0 0.423452575989546 0.908040333902367
0

0101000
+71 0 -75 0 *
Ve
2.25e-07
35.7334014176988 -2.25 62.8333333333333
0 0

0101101
*
Ed
 2.25e-07 1 1 0
1  39 13 4.71238898038469 5.2779613838878
3  86 87CN 11 13 4.71238898038469 5.2779613838878
0

0101000
+25 13 -34 13 *
Ed
 1e-07 1 1 1
2  88 21 0 0 6.28318530717959
2  89 22 13 0 6.28318530717959
2  90 11 13 0 6.28318530717959
0

0101000
+25 13 -25 13 *
Wi

0101100
-68 0 -26 0 -74 0 +32 0 +24 12 +23 12 -24 12 +33 0 *
Fa
0  2.25e-07 11 0

0101000
+22 0 *
Ve
1.91666667e-07
34.5413050134715 -2.83333333333333 70.25
0 0

0101101
*
Ed
 1.91666667e-07 1 1 0
1  40 15 7.25089785155492 7.85398163397448
3  91 92CN 12 15 7.25089785155492 7.85398163397448
0

0101000
+73 15 -20 15 *
Ed
 1e-07 1 1 1
2  93 23 0 0 6.28318530717959
2  94 24 15 0 6.28318530717959
2  95 12 15 0 6.28318530717959
0

0101000
+20 15 -20 15 *
Wi

0101100
-72 0 +26 0 -70 0 -19 14 -18 14 +19 14 *
Fa
0  1.91666667e-07 12 0

0101000
+17 0 *
Ve
1e-07
24.867498736917 -1.65227116418583 114.933333333333
0 0

0101101
*
Ed
 8.3333333e-08 1 1 0
1  41 5 -2.08192218874769 -1.982725397023
2  96 13 5 -2.08192218874769 -1.982725397023
2  97 14 5 -2.08192218874769 -1.982725397023
0

0101000
+60 5 -15 5 *
Ve
1e-07
24.867498736917 1.65227116418583 114.933333333333
0 0

0101101
*
Ed
 8.3333333e-08 1 1 0
1  42 5 0.0991967917247 4.06464758577069
2  98 13 5 0.0991967917247 4.06464758577069
2  99 25 5 0.0991967917247 4.06464758577069
0

0101000
+15 5 -13 5 *
Ed
 8.3333333e-08 1 1 0
1  43 5 -2.0819221887477 -1.982725397023
2  100 13 5 -2.0819221887477 -1.982725397023
2  101 14 5 -2.0819221887477 -1.982725397023
0

0101000
+58 5 -13 5 *
Wi

0101100
+14 0 -57 0 +12 0 -11 0 *
Fa
0  8.3333333e-08 13 5

0101000
+10 0 *
Ed
 8.3333333e-08 1 1 0
1  44 5 0.034474975409884 4.71472231604597
2  102 14 5 0.034474975409884 4.71472231604597
2  103 25 5 0.034474975409884 4.71472231604597
0

0101000
+13 5 -15 5 *
Wi

0101100
-11 0 +53 0 -8 0 +14 0 *
Fa
0  8.3333333e-08 14 5

0101000
+7 0 *
Wi

0101100
+8 0 +12 0 *
Fa
0  8.3333333e-08 25 5

0101000
+5 0 *
Sh

0101100
+108 0 -94 0 +88 0 +86 0 +61 0 +54 0 +51 0 +43 0 +35 0 +27 0 
+21 0 +16 0 -9 4 +6 4 +4 4 *
So

0100000
+3 0 *
Co

0100000
+2 0 *

+1 1 